{
    "train_loss": [
        0.5031529835097865,
        0.47061912681414114,
        0.444243541863411,
        0.41362373592102364,
        0.3973311453241192,
        0.38117345493950255,
        0.36363906362285353,
        0.3519141036489783,
        0.336191171720692,
        0.33040630654112935,
        0.31871214566845874,
        0.3073311878802025,
        0.2924159585613094,
        0.2722177625927207,
        0.2655710290828252,
        0.25238482654094696,
        0.24884507553354246,
        0.23179576532345383,
        0.22040285814774635,
        0.21550507734627483,
        0.21474130339410208
    ],
    "val_loss": [
        0.49247420189985586,
        0.5195088128545391,
        0.5301026799785558,
        0.5597960561958711,
        0.5855676634098167,
        0.5994682245290102,
        0.6365936789939652,
        0.6423513942690038,
        0.6664600229975003,
        0.6447501569541533,
        0.6683329815295205,
        0.6861739505582781,
        0.7136637141455465,
        0.6991613347138932,
        0.7102266834742987,
        0.6960914277318698,
        0.7003663555899663,
        0.7079709946219601,
        0.705027173259365,
        0.6938434941555137,
        0.6893470082710038
    ],
    "val_accuracy": [
        0.548689138576779,
        0.5299625468164794,
        0.5009363295880149,
        0.4616104868913858,
        0.4794007490636704,
        0.40262172284644193,
        0.351123595505618,
        0.300561797752809,
        0.3136704119850187,
        0.37359550561797755,
        0.3146067415730337,
        0.3099250936329588,
        0.2696629213483146,
        0.29868913857677903,
        0.2808988764044944,
        0.30430711610486894,
        0.299625468164794,
        0.29681647940074907,
        0.29681647940074907,
        0.3080524344569288,
        0.31273408239700373
    ]
}