{
    "train_loss": [
        0.5100858535012628,
        0.48783417937592566,
        0.45407408679652417,
        0.42431319893425345,
        0.40498621239621413,
        0.3786429069363154,
        0.35986572599563843,
        0.3367099798578992,
        0.31836301715582865,
        0.3027028611773609,
        0.286046444478198,
        0.27644027250572145,
        0.2703002037910315,
        0.2514517942172849,
        0.2478428502750193,
        0.23673782184019557,
        0.23116350301310548,
        0.22521106989528888,
        0.2273750943887947,
        0.22119046229487047,
        0.21258127420312828,
        0.20637642124142402,
        0.20501261621586278
    ],
    "val_loss": [
        0.45352420789092335,
        0.5179811529259184,
        0.4432371890366967,
        0.49582333306768045,
        0.49480272318000224,
        0.46911642088818906,
        0.49117322644191,
        0.5091050320596837,
        0.49155594920044515,
        0.46546004512416783,
        0.48545050576551635,
        0.5100735732868537,
        0.4891689624359359,
        0.4753433950801394,
        0.47846669047626095,
        0.4490414406381436,
        0.48372588517950543,
        0.45658266989152824,
        0.47828660949842255,
        0.4651748836040497,
        0.4740757844341335,
        0.4986208067901099,
        0.47261825937833357
    ],
    "val_accuracy": [
        0.6554307116104869,
        0.45224719101123595,
        0.5945692883895131,
        0.5299625468164794,
        0.5327715355805244,
        0.5711610486891385,
        0.5383895131086143,
        0.5074906367041199,
        0.5159176029962547,
        0.5692883895131086,
        0.5234082397003745,
        0.5093632958801498,
        0.5196629213483146,
        0.5346441947565543,
        0.5440074906367042,
        0.5664794007490637,
        0.5355805243445693,
        0.5561797752808989,
        0.5365168539325843,
        0.549625468164794,
        0.5299625468164794,
        0.5121722846441947,
        0.5430711610486891
    ]
}