{
    "train_loss": [
        0.4925599093111152,
        0.4770984009035632,
        0.4552499607332751,
        0.42968236693204975,
        0.40693632054787415,
        0.3870440392285331,
        0.37247455648632133,
        0.34929001337697363,
        0.32684335074363613,
        0.30269910611658013,
        0.2882617947637525,
        0.27336309595495206,
        0.2499611795298819,
        0.24021924621401688,
        0.24525390861508173,
        0.2266645981874476,
        0.22486894566597593,
        0.21887704043879977,
        0.20754296090613064,
        0.20834226692174998,
        0.20617312817778596,
        0.19488327643778333,
        0.20202716047533303,
        0.18915253176361832,
        0.17755618443887713,
        0.18605455881955787,
        0.1822952003751555,
        0.182149560461378,
        0.1782132898274268,
        0.17047302281627288,
        0.16745372585013,
        0.1590855472171918,
        0.16365576115970173,
        0.1647210966469322,
        0.1609965497906455,
        0.1625635134589532,
        0.15681046335042542,
        0.15039966075131908,
        0.1553213836816259,
        0.1492051819546355,
        0.14482586558621663,
        0.14327362053987816,
        0.14680204930930182,
        0.140668968252169,
        0.14688410726176876,
        0.14272929043469265,
        0.1496356620819459,
        0.14280366703756472
    ],
    "val_loss": [
        0.6000465937514803,
        0.5523519809566327,
        0.39396376885584933,
        0.3557306245636584,
        0.4015993197907263,
        0.3697811725424297,
        0.3995964342533653,
        0.37635105870552915,
        0.38555331795073267,
        0.33572671451230546,
        0.33549478316484993,
        0.30676483001504373,
        0.3298276239144268,
        0.32768453718788587,
        0.34248386834984396,
        0.31408098529079065,
        0.35686921161502155,
        0.32624838220428176,
        0.34297125397333456,
        0.3415371295231492,
        0.32559234471018633,
        0.3289044593919569,
        0.33445699027836767,
        0.35953929405937446,
        0.3328868475144924,
        0.30043449842218145,
        0.3401953404519095,
        0.29496821872333984,
        0.32642937950623124,
        0.3088039548845211,
        0.3335927667012855,
        0.33542194197982994,
        0.33385568901674073,
        0.3289353900880956,
        0.31875009623481265,
        0.3378881539649038,
        0.3264171813628567,
        0.36490272541544333,
        0.3290274127650617,
        0.31269888533974316,
        0.33187882753728487,
        0.31510733335570834,
        0.3215453111941912,
        0.325470696384115,
        0.33218771044109296,
        0.3301874071554239,
        0.34236291740367664,
        0.3473986876961678
    ],
    "val_accuracy": [
        0.2649812734082397,
        0.3960674157303371,
        0.7031835205992509,
        0.7219101123595506,
        0.6554307116104869,
        0.6919475655430711,
        0.6573033707865169,
        0.6704119850187266,
        0.6760299625468165,
        0.7050561797752809,
        0.6919475655430711,
        0.7097378277153558,
        0.6872659176029963,
        0.6928838951310862,
        0.6722846441947565,
        0.6928838951310862,
        0.6479400749063671,
        0.6910112359550562,
        0.6779026217228464,
        0.6666666666666666,
        0.6853932584269663,
        0.6853932584269663,
        0.6741573033707865,
        0.649812734082397,
        0.6713483146067416,
        0.7088014981273408,
        0.6666666666666666,
        0.7088014981273408,
        0.6807116104868914,
        0.700374531835206,
        0.6779026217228464,
        0.6722846441947565,
        0.6713483146067416,
        0.6825842696629213,
        0.6872659176029963,
        0.6713483146067416,
        0.6853932584269663,
        0.6451310861423221,
        0.6807116104868914,
        0.6956928838951311,
        0.6769662921348315,
        0.6919475655430711,
        0.6872659176029963,
        0.6844569288389513,
        0.6769662921348315,
        0.6750936329588015,
        0.6713483146067416,
        0.6591760299625468
    ]
}