{
    "train_loss": [
        0.5032600265215424,
        0.47693319969317494,
        0.45314303668690664,
        0.43461182114540364,
        0.42497027957556294,
        0.40360939290885833,
        0.3972405281429197,
        0.3824050822386555,
        0.3714322032151269,
        0.3540439179130629,
        0.3447707186580873,
        0.3360843006156239,
        0.335294381368394,
        0.3233567825427242,
        0.31502682730263354,
        0.3058683845744121,
        0.29329865422172874,
        0.2889762325029747,
        0.28235804841068446,
        0.2734147981174436,
        0.2667937656937569,
        0.2624982354030305
    ],
    "val_loss": [
        0.5204269681403886,
        0.5057079876536754,
        0.5534688114230313,
        0.6050319226820078,
        0.5756709998223319,
        0.5813292829848048,
        0.5639593583434376,
        0.5436916355766467,
        0.5925223311381553,
        0.5669401768428176,
        0.5656579955300288,
        0.5243973925487319,
        0.5753651376980454,
        0.5272142279948762,
        0.5728172352954523,
        0.5634056507651486,
        0.5179473475288989,
        0.5401595951016269,
        0.6145626773585134,
        0.5673101513243434,
        0.5793520198829138,
        0.5579206307432545
    ],
    "val_accuracy": [
        0.43726591760299627,
        0.5131086142322098,
        0.40823970037453183,
        0.34269662921348315,
        0.4044943820224719,
        0.37265917602996257,
        0.4597378277153558,
        0.47752808988764045,
        0.3960674157303371,
        0.4419475655430712,
        0.4353932584269663,
        0.48782771535580527,
        0.4353932584269663,
        0.4887640449438202,
        0.42228464419475653,
        0.44288389513108617,
        0.48782771535580527,
        0.47284644194756553,
        0.3913857677902622,
        0.4353932584269663,
        0.43164794007490637,
        0.45318352059925093
    ]
}