{
    "0": {
        "precision": 0.9853372434017595,
        "recall": 0.6363636363636364,
        "f1-score": 0.7733026467203682,
        "support": 528.0
    },
    "1": {
        "precision": 0.0051813471502590676,
        "recall": 0.16666666666666666,
        "f1-score": 0.010050251256281407,
        "support": 6.0
    },
    "accuracy": 0.6310861423220974,
    "macro avg": {
        "precision": 0.4952592952760093,
        "recall": 0.4015151515151515,
        "f1-score": 0.3916764489883248,
        "support": 534.0
    },
    "weighted avg": {
        "precision": 0.974324255803428,
        "recall": 0.6310861423220974,
        "f1-score": 0.7647267771084122,
        "support": 534.0
    }
}