{
    "0": {
        "precision": 0.5085714285714286,
        "recall": 0.9888888888888889,
        "f1-score": 0.6716981132075471,
        "support": 270.0
    },
    "1": {
        "precision": 0.6666666666666666,
        "recall": 0.022727272727272728,
        "f1-score": 0.04395604395604396,
        "support": 264.0
    },
    "accuracy": 0.5112359550561798,
    "macro avg": {
        "precision": 0.5876190476190476,
        "recall": 0.5058080808080808,
        "f1-score": 0.3578270785817955,
        "support": 534.0
    },
    "weighted avg": {
        "precision": 0.5867308721241306,
        "recall": 0.5112359550561798,
        "f1-score": 0.3613537194202871,
        "support": 534.0
    }
}