{
    "0": {
        "precision": 0.33766233766233766,
        "recall": 0.49056603773584906,
        "f1-score": 0.4,
        "support": 159.0
    },
    "1": {
        "precision": 0.7326732673267327,
        "recall": 0.592,
        "f1-score": 0.6548672566371682,
        "support": 375.0
    },
    "accuracy": 0.5617977528089888,
    "macro avg": {
        "precision": 0.5351678024945352,
        "recall": 0.5412830188679245,
        "f1-score": 0.5274336283185841,
        "support": 534.0
    },
    "weighted avg": {
        "precision": 0.6150576534378959,
        "recall": 0.5617977528089888,
        "f1-score": 0.5789798150541912,
        "support": 534.0
    }
}