{
    "0": {
        "precision": 0.8239700374531835,
        "recall": 0.5057471264367817,
        "f1-score": 0.6267806267806267,
        "support": 435.0
    },
    "1": {
        "precision": 0.1947565543071161,
        "recall": 0.5252525252525253,
        "f1-score": 0.28415300546448086,
        "support": 99.0
    },
    "accuracy": 0.5093632958801498,
    "macro avg": {
        "precision": 0.5093632958801498,
        "recall": 0.5154998258446535,
        "f1-score": 0.4554668161225538,
        "support": 534.0
    },
    "weighted avg": {
        "precision": 0.7073180995665531,
        "recall": 0.50936329588015,
        "f1-score": 0.5632597756377458,
        "support": 534.0
    }
}