{
    "train_loss": [
        0.50504999254087,
        0.47739663735182597,
        0.4637600955638019,
        0.45556780229313204,
        0.4324759249434327,
        0.4211767544650068,
        0.40498520027507434,
        0.391093098605522,
        0.37367476161682245,
        0.3647366917946122,
        0.34898224841765685,
        0.3418972013574658,
        0.331890883770856,
        0.3191919537505718,
        0.31073106050190297,
        0.3049226671156257,
        0.2974400157579268,
        0.28166159791777834,
        0.2790617947701854,
        0.2622408669705343,
        0.25278650487613197,
        0.24102995420495668,
        0.22921353936044855,
        0.22760401041519762,
        0.22335633637402394,
        0.20807777085539067,
        0.1955284086818045,
        0.1971550252326209,
        0.181782129361774,
        0.1712828843732073,
        0.17494919634602887,
        0.17476579337145645,
        0.16299556224898556,
        0.16045027263838835,
        0.15926185291674402,
        0.1531171127777509,
        0.15042397201136506,
        0.14000548582260658,
        0.14909171374194852,
        0.14730255400780776,
        0.1381112461194697,
        0.14188447785610803,
        0.14053961017517128,
        0.13611979497540178,
        0.13056619822828455,
        0.13429409062320535,
        0.13275076200564703,
        0.13132421609315306,
        0.12175487428715434,
        0.12485872466832099,
        0.11737081390626804,
        0.12411072052958788,
        0.11213075754825365,
        0.11644240662060452,
        0.10255770702291318,
        0.11251756760545752,
        0.10384536650727945,
        0.10457459663633596,
        0.10074449777415004,
        0.10615672366787689,
        0.09641747446166295,
        0.09836771625630332,
        0.09547570943738325,
        0.09495331938237403,
        0.09430792819087704,
        0.09838148679659524,
        0.09211812897895773,
        0.09379601566064538
    ],
    "val_loss": [
        0.421190953713197,
        0.4272910269407126,
        0.45493756532669066,
        0.42664116621017456,
        0.42186105663959794,
        0.4501020105985495,
        0.4528408564054049,
        0.42305900408671454,
        0.3966371265741495,
        0.40440326837392954,
        0.404467833500642,
        0.4164571491571573,
        0.4113216161727905,
        0.37693333534094003,
        0.3877314381874525,
        0.38965784357144284,
        0.40977592789209805,
        0.38787711216853216,
        0.37937715374506437,
        0.39970875886770396,
        0.3671026410964819,
        0.3736173159801043,
        0.35910939665941094,
        0.3594211651728703,
        0.36982069451075333,
        0.35445094933876625,
        0.3637365624308586,
        0.3598079394835692,
        0.3639273176399561,
        0.34709901064634324,
        0.36613637260519544,
        0.38477252727517713,
        0.361927117063449,
        0.36565819245118364,
        0.36030531296363244,
        0.37446354249349006,
        0.3599466594365927,
        0.3497682032390283,
        0.3745827813847707,
        0.37423082613028014,
        0.36675237716677095,
        0.3767802197486162,
        0.36250013795036534,
        0.3572647870160066,
        0.36053308638242576,
        0.36992675891289345,
        0.3611686585041193,
        0.3447554203753288,
        0.35784855083777356,
        0.36821730096752825,
        0.37853261914390784,
        0.36159285742502945,
        0.35819500946941285,
        0.36048141282338364,
        0.3511531498569709,
        0.35849729773516836,
        0.3689964099285694,
        0.35901257527562286,
        0.35568273219351587,
        0.36324544847011564,
        0.37236636450084354,
        0.3649621518328786,
        0.35593948794099,
        0.36746881160025413,
        0.36358866278941815,
        0.361600973457098,
        0.36171879229637294,
        0.35929145821585107
    ],
    "val_accuracy": [
        0.6169590643274854,
        0.6237816764132553,
        0.5838206627680312,
        0.6159844054580896,
        0.6335282651072125,
        0.5916179337231969,
        0.5818713450292398,
        0.6471734892787524,
        0.6588693957115009,
        0.6578947368421053,
        0.6617933723196882,
        0.6481481481481481,
        0.6393762183235867,
        0.6647173489278753,
        0.6598440545808967,
        0.6491228070175439,
        0.6306042884990254,
        0.6559454191033138,
        0.645224171539961,
        0.6354775828460039,
        0.6734892787524367,
        0.652046783625731,
        0.6676413255360624,
        0.6569200779727096,
        0.6481481481481481,
        0.6647173489278753,
        0.6481481481481481,
        0.6559454191033138,
        0.6481481481481481,
        0.6617933723196882,
        0.6393762183235867,
        0.6286549707602339,
        0.6500974658869396,
        0.645224171539961,
        0.6510721247563352,
        0.631578947368421,
        0.6510721247563352,
        0.6598440545808967,
        0.6384015594541911,
        0.6296296296296297,
        0.6384015594541911,
        0.6286549707602339,
        0.645224171539961,
        0.6510721247563352,
        0.6539961013645225,
        0.6403508771929824,
        0.6510721247563352,
        0.6617933723196882,
        0.6432748538011696,
        0.6364522417153996,
        0.6257309941520468,
        0.6461988304093568,
        0.6481481481481481,
        0.6423001949317739,
        0.6530214424951267,
        0.6510721247563352,
        0.6364522417153996,
        0.6442495126705653,
        0.6471734892787524,
        0.6432748538011696,
        0.6306042884990254,
        0.6403508771929824,
        0.6461988304093568,
        0.6364522417153996,
        0.645224171539961,
        0.6423001949317739,
        0.6432748538011696,
        0.6461988304093568
    ]
}