{
    "train_loss": [
        0.592561549194201,
        0.5407041400846657,
        0.5290941187347082,
        0.5163115498944678,
        0.5074344283822477,
        0.5071741649935897,
        0.49968669708444935,
        0.5011100197002321,
        0.5002064457225425,
        0.5015157933670786,
        0.5041301271536027,
        0.4983690607055934,
        0.49850335886998354,
        0.4999169092515597,
        0.4964949472831134,
        0.49778305600106365,
        0.4967212771854138,
        0.49691887922980227,
        0.49673745223487525,
        0.49085209716279754,
        0.4949193046463028,
        0.49310779073851985,
        0.49152032963653447,
        0.49004955703945197,
        0.49061256641254913,
        0.4901707185860467,
        0.4857037067998837,
        0.48744442356358814,
        0.4849018649525633,
        0.48328799776337705,
        0.4808407950494987,
        0.4850978837266184,
        0.48541261217683146,
        0.483261317717303,
        0.48103633230233706,
        0.48250560547373383,
        0.47961413743219583,
        0.47647159132367267,
        0.4791718791065141,
        0.4731758688896719,
        0.4779350973065569,
        0.47609653729352597,
        0.48135667061524684,
        0.4702159350770864,
        0.4731635296742902,
        0.47408544654227897,
        0.47040760323902947,
        0.46998108463811966,
        0.4719770392640869,
        0.4658717092690159,
        0.47223669032919385,
        0.4653260425055191,
        0.4661309097276924,
        0.4658357847064792,
        0.4664392471898984,
        0.4586526354544289,
        0.4609393941747182,
        0.46277276864220446,
        0.4605462797615523,
        0.4609948750329158,
        0.4575474355333212,
        0.4548800725248333,
        0.4568154510322863,
        0.45622591618704655
    ],
    "val_loss": [
        0.4937550526857376,
        0.5173049114147822,
        0.4978710363308589,
        0.5197928623358409,
        0.5000117403268814,
        0.5115983738501867,
        0.49225039800008136,
        0.49087122559547425,
        0.5069819283485413,
        0.4863639928897222,
        0.5030542506774267,
        0.4882498017946879,
        0.49808105170726774,
        0.4940683784087499,
        0.4879233171542486,
        0.49751767615477244,
        0.49618078887462613,
        0.4932527416944504,
        0.49145348330338795,
        0.5061326096455256,
        0.5077399931351344,
        0.5070957467953364,
        0.4972836261987686,
        0.4981411683559418,
        0.5109198778867722,
        0.5048575468858083,
        0.5005932108561197,
        0.48421324173609415,
        0.4826113361120224,
        0.510047494371732,
        0.49285584628582,
        0.50452041943868,
        0.4847151976823807,
        0.5156389305988948,
        0.48987375378608705,
        0.5079615050554276,
        0.4848781863848368,
        0.4985691144069036,
        0.5075995020071665,
        0.4930243251721064,
        0.4909042833248774,
        0.49610529839992523,
        0.503484078447024,
        0.46958617587884266,
        0.4956249996026357,
        0.48202323337395986,
        0.4906312042474747,
        0.48480975965658824,
        0.486769656141599,
        0.48268843670686085,
        0.49503408511479696,
        0.49184608578681943,
        0.48326324224472045,
        0.4964571088552475,
        0.4811535628636678,
        0.4748219295342763,
        0.48811441044012704,
        0.4820203693707784,
        0.4736959852774938,
        0.4757112689812978,
        0.47573763648668926,
        0.4916813172896703,
        0.47453610062599183,
        0.4699744268258413
    ],
    "val_accuracy": [
        0.5726817042606517,
        0.424812030075188,
        0.5680868838763575,
        0.4252297410192147,
        0.49164578111946533,
        0.4273182957393484,
        0.5735171261487051,
        0.5735171261487051,
        0.424812030075188,
        0.5730994152046783,
        0.4398496240601504,
        0.5743525480367586,
        0.5300751879699248,
        0.5626566416040101,
        0.5710108604845447,
        0.5054302422723476,
        0.518796992481203,
        0.5597326649958229,
        0.5647451963241437,
        0.4569757727652464,
        0.4523809523809524,
        0.4640768588137009,
        0.5050125313283208,
        0.5071010860484545,
        0.4569757727652464,
        0.48078529657477026,
        0.4979114452798663,
        0.5538847117794486,
        0.5509607351712615,
        0.46867167919799496,
        0.5279866332497911,
        0.4849624060150376,
        0.5430242272347535,
        0.454469507101086,
        0.5279866332497911,
        0.47702589807852963,
        0.5409356725146199,
        0.5,
        0.47451963241436923,
        0.5112781954887218,
        0.5116959064327485,
        0.5016708437761069,
        0.4791144527986633,
        0.5580618212197159,
        0.5,
        0.5380116959064327,
        0.5162907268170426,
        0.5338345864661654,
        0.5225563909774437,
        0.5384294068504595,
        0.5075187969924813,
        0.5146198830409356,
        0.5325814536340853,
        0.5029239766081871,
        0.5396825396825397,
        0.5601503759398496,
        0.518796992481203,
        0.5346700083542189,
        0.5530492898913951,
        0.5513784461152882,
        0.5509607351712615,
        0.5192147034252298,
        0.5509607351712615,
        0.5505430242272348
    ]
}