{
    "0": {
        "precision": 0.4444444444444444,
        "recall": 0.0031446540880503146,
        "f1-score": 0.00624512099921936,
        "support": 1272.0
    },
    "1": {
        "precision": 0.5749245725779417,
        "recall": 0.997093023255814,
        "f1-score": 0.7293217095470976,
        "support": 1720.0
    },
    "accuracy": 0.5745320855614974,
    "macro avg": {
        "precision": 0.5096845085111931,
        "recall": 0.5001188386719322,
        "f1-score": 0.3677834152731585,
        "support": 2992.0
    },
    "weighted avg": {
        "precision": 0.5194530742538078,
        "recall": 0.5745320855614974,
        "f1-score": 0.421917491421128,
        "support": 2992.0
    }
}