{
    "0": {
        "precision": 0.0,
        "recall": 0.0,
        "f1-score": 0.0,
        "support": 1272.0
    },
    "1": {
        "precision": 0.5748663101604278,
        "recall": 1.0,
        "f1-score": 0.7300509337860781,
        "support": 1720.0
    },
    "accuracy": 0.5748663101604278,
    "macro avg": {
        "precision": 0.2874331550802139,
        "recall": 0.5,
        "f1-score": 0.36502546689303905,
        "support": 2992.0
    },
    "weighted avg": {
        "precision": 0.33047127455746517,
        "recall": 0.5748663101604278,
        "f1-score": 0.4196816865347775,
        "support": 2992.0
    }
}