{
    "0": {
        "precision": 0.47845303867403316,
        "recall": 0.34040880503144655,
        "f1-score": 0.39779513091410196,
        "support": 1272.0
    },
    "1": {
        "precision": 0.5979875419262098,
        "recall": 0.7255813953488373,
        "f1-score": 0.6556343577620173,
        "support": 1720.0
    },
    "accuracy": 0.5618315508021391,
    "macro avg": {
        "precision": 0.5382202903001215,
        "recall": 0.5329951001901418,
        "f1-score": 0.5267147443380596,
        "support": 2992.0
    },
    "weighted avg": {
        "precision": 0.5471693974954716,
        "recall": 0.5618315508021391,
        "f1-score": 0.5460182158667806,
        "support": 2992.0
    }
}