{
    "train_loss": [
        0.5267782680899183,
        0.5050678111682428,
        0.5030422796712858,
        0.5035749522882087,
        0.5004356387619661,
        0.4965585037926647,
        0.49676672871981825,
        0.4915544034164643,
        0.4813703129224688,
        0.48021925593090947,
        0.4755445921532462,
        0.4719871366135428,
        0.46408977413845953,
        0.4635823228091837,
        0.4593640369789623,
        0.457894250109931,
        0.45297354858055294,
        0.4447433077007811,
        0.449466644937747,
        0.4442858818535493,
        0.44269174640980835,
        0.4416295747333598,
        0.43376178471284493,
        0.4346434145887321,
        0.43024188859440454,
        0.4246844828407341,
        0.4274880157452877,
        0.42658525329326913,
        0.4239664306985998,
        0.41706932401545693,
        0.4251853744560313,
        0.4230737929032228,
        0.41516075423944776,
        0.4190716011501918,
        0.42088923106126697,
        0.41638007695986845,
        0.4142654195010105,
        0.4138451851416971,
        0.41365422695596643,
        0.4208761861669683,
        0.4192173496585026
    ],
    "val_loss": [
        0.49045278030363,
        0.49296732382340863,
        0.4889235276390206,
        0.4845536168326031,
        0.47260666638612747,
        0.4785203285176646,
        0.43981917067007587,
        0.4268397840417244,
        0.41845588419925084,
        0.42392758694900706,
        0.4252600978043946,
        0.4100186897611076,
        0.44696615246886556,
        0.4261902448805896,
        0.4184740645472299,
        0.41588796624405816,
        0.40142603997479787,
        0.4024965780871836,
        0.3965582199902697,
        0.4119353896768933,
        0.38173300049013714,
        0.38661380361934955,
        0.39924335420470347,
        0.42153881735761056,
        0.40827497171068733,
        0.426039821383628,
        0.40816705157472327,
        0.4359447720714591,
        0.3939763762226159,
        0.4113753287290985,
        0.3967805673706938,
        0.4035623040558262,
        0.41085492116822436,
        0.4051277268339287,
        0.39067316791889345,
        0.4057950320314955,
        0.4060218137773601,
        0.41562979359349067,
        0.4037098156880926,
        0.4018255920699713,
        0.4101922351189635
    ],
    "val_accuracy": [
        0.6139914772727273,
        0.5980113636363636,
        0.6196732954545454,
        0.6189630681818182,
        0.6196732954545454,
        0.5703125,
        0.6065340909090909,
        0.6178977272727273,
        0.6079545454545454,
        0.6040482954545454,
        0.5905539772727273,
        0.6090198863636364,
        0.5596590909090909,
        0.5884232954545454,
        0.5990767045454546,
        0.5905539772727273,
        0.6068892045454546,
        0.6122159090909091,
        0.6225142045454546,
        0.59375,
        0.6296164772727273,
        0.6239346590909091,
        0.6221590909090909,
        0.5859375,
        0.6019176136363636,
        0.5859375,
        0.6040482954545454,
        0.5713778409090909,
        0.6200284090909091,
        0.61328125,
        0.625,
        0.6065340909090909,
        0.6072443181818182,
        0.6147017045454546,
        0.6196732954545454,
        0.6065340909090909,
        0.6168323863636364,
        0.5852272727272727,
        0.6104403409090909,
        0.60546875,
        0.6036931818181818
    ]
}