{
    "train_loss": [
        0.5147033504236525,
        0.50293592548816,
        0.502114059044936,
        0.5018179500214407,
        0.49649781980247143,
        0.491532767988811,
        0.4885419158177955,
        0.48059122746235855,
        0.47384728505232626,
        0.4672459120505324,
        0.4662254765211979,
        0.45925599659714744,
        0.4545022162321572,
        0.4505788040773891,
        0.44043539951894883,
        0.44221956434650955,
        0.4385335331765291,
        0.4398457963332952,
        0.42949828419172875,
        0.42816371965074096,
        0.4250244111101204,
        0.4223775515210963,
        0.4249587862012542,
        0.4222357960504906,
        0.4194576550031377,
        0.4198667869250351,
        0.41972144271168754,
        0.4153165505868252,
        0.41396497618929246,
        0.4135774453388196,
        0.41166079373003167,
        0.4121356379484462,
        0.4167814536907963,
        0.41307635744598425,
        0.40915518876548124,
        0.40877115002302367,
        0.4064839516566178,
        0.4036009010589011,
        0.40489835733565216,
        0.4062127408580245,
        0.4006825071350436,
        0.4047066066031144,
        0.40876136981995304,
        0.4009935836368632,
        0.3990028998840635,
        0.40085765947805385,
        0.39651126638751166,
        0.4055784845185057
    ],
    "val_loss": [
        0.4724322222173214,
        0.473238013854081,
        0.4698648664423011,
        0.4699444723400203,
        0.4642804339528084,
        0.46208887902850454,
        0.45493267324160447,
        0.47036176987669687,
        0.4143795655532317,
        0.42288012336939573,
        0.409714681096375,
        0.41103311060843145,
        0.40928400434892287,
        0.4109347659078511,
        0.40577086797830736,
        0.4178665482693098,
        0.3939668713560836,
        0.4044451039199802,
        0.4013393387113782,
        0.4176196792924946,
        0.3964220683344386,
        0.4061934834092178,
        0.4041461865840988,
        0.404519528827884,
        0.4309155090966008,
        0.44328756240958517,
        0.4451336840336973,
        0.3773116841488941,
        0.4166756382381374,
        0.41565643598071556,
        0.41009935905987566,
        0.3923048396933485,
        0.4067750287411565,
        0.4196657820774073,
        0.3983270288021727,
        0.3919267619706013,
        0.4365597683089701,
        0.41646206768398936,
        0.45025668796998536,
        0.44878102631562133,
        0.3981823004697534,
        0.4161694075234912,
        0.43865666060115804,
        0.41880257563157514,
        0.44611320623450657,
        0.4095396025698971,
        0.4037995291450484,
        0.3908203507519581
    ],
    "val_accuracy": [
        0.6200284090909091,
        0.6203835227272727,
        0.6193181818181818,
        0.6207386363636364,
        0.6147017045454546,
        0.6029829545454546,
        0.5941051136363636,
        0.5475852272727273,
        0.6161221590909091,
        0.6171875,
        0.6061789772727273,
        0.6065340909090909,
        0.6004971590909091,
        0.6065340909090909,
        0.6047585227272727,
        0.5916193181818182,
        0.6193181818181818,
        0.6051136363636364,
        0.6033380681818182,
        0.5930397727272727,
        0.6154119318181818,
        0.6097301136363636,
        0.6129261363636364,
        0.6022727272727273,
        0.5809659090909091,
        0.5607244318181818,
        0.5575284090909091,
        0.6338778409090909,
        0.5948153409090909,
        0.6015625,
        0.6065340909090909,
        0.6178977272727273,
        0.6040482954545454,
        0.5838068181818182,
        0.6147017045454546,
        0.6171875,
        0.5625,
        0.5887784090909091,
        0.5500710227272727,
        0.5539772727272727,
        0.6125710227272727,
        0.5877130681818182,
        0.5635653409090909,
        0.5870028409090909,
        0.5582386363636364,
        0.6015625,
        0.6072443181818182,
        0.6214488636363636
    ]
}