{
    "0": {
        "precision": 0.49545136459062283,
        "recall": 0.5299401197604791,
        "f1-score": 0.512115732368897,
        "support": 1336.0
    },
    "1": {
        "precision": 0.6996652319464371,
        "recall": 0.6698717948717948,
        "f1-score": 0.6844444444444444,
        "support": 2184.0
    },
    "accuracy": 0.6167613636363637,
    "macro avg": {
        "precision": 0.59755829826853,
        "recall": 0.5999059573161369,
        "f1-score": 0.5982800884066707,
        "support": 3520.0
    },
    "weighted avg": {
        "precision": 0.6221567868363895,
        "recall": 0.6167613636363637,
        "f1-score": 0.619037865088498,
        "support": 3520.0
    }
}