{
    "0": {
        "precision": 0.5052316890881914,
        "recall": 0.5059880239520959,
        "f1-score": 0.5056095736724009,
        "support": 1336.0
    },
    "1": {
        "precision": 0.6975252062328139,
        "recall": 0.6968864468864469,
        "f1-score": 0.6972056802565277,
        "support": 2184.0
    },
    "accuracy": 0.6244318181818181,
    "macro avg": {
        "precision": 0.6013784476605026,
        "recall": 0.6014372354192714,
        "f1-score": 0.6014076269644644,
        "support": 3520.0
    },
    "weighted avg": {
        "precision": 0.624541075862014,
        "recall": 0.6244318181818181,
        "f1-score": 0.624486248893916,
        "support": 3520.0
    }
}