{
    "train_loss": [
        0.5015561241641169,
        0.48831130348996576,
        0.47356445195750324,
        0.46057188929029147,
        0.4459517447910742,
        0.4358324768044762,
        0.4206271522474748,
        0.4059877126097187,
        0.386919799336377,
        0.36461617788389594,
        0.3511861860444654,
        0.33916678407230766,
        0.33716354016957617,
        0.328420554611837,
        0.3182316293281489,
        0.31493121912854083,
        0.312705787495701,
        0.3058432649662193,
        0.3101747071542143,
        0.30342639107231506,
        0.3024856641432565
    ],
    "val_loss": [
        0.48410525357022005,
        0.4875935291542726,
        0.4877012024907505,
        0.4948663697523229,
        0.4904884215663461,
        0.4873146576039931,
        0.49156951553681316,
        0.495221011428272,
        0.4911623740897459,
        0.4947411183048697,
        0.5012758423300351,
        0.495890931522145,
        0.49454531529370477,
        0.4980491310358047,
        0.49173842317917765,
        0.492859411239624,
        0.4914886558757109,
        0.4928031244698693,
        0.5062257447663475,
        0.4935623680844026,
        0.5015934022033915
    ],
    "val_accuracy": [
        0.5426470588235294,
        0.5176470588235295,
        0.5308823529411765,
        0.5051470588235294,
        0.5235294117647059,
        0.5257352941176471,
        0.525,
        0.5044117647058823,
        0.5125,
        0.5161764705882353,
        0.5,
        0.5095588235294117,
        0.5044117647058823,
        0.5066176470588235,
        0.5110294117647058,
        0.5169117647058824,
        0.5147058823529411,
        0.5066176470588235,
        0.49558823529411766,
        0.5095588235294117,
        0.5007352941176471
    ]
}