{
    "train_loss": [
        0.5084998146457882,
        0.48997473364191174,
        0.47706578907645225,
        0.4630768159724659,
        0.45083658825580486,
        0.43652636366172537,
        0.42248652348656107,
        0.40033743366537594,
        0.38107864812856856,
        0.36490124808380986,
        0.3577851702188855,
        0.3487191284600609,
        0.3475657079722399,
        0.33261148866260887,
        0.3299484043708776,
        0.32445140066140293,
        0.32995688724632605,
        0.3260366581124157,
        0.32311387505623135,
        0.3218196641494926,
        0.3118820563266169,
        0.31440911026981544,
        0.3159530087869917,
        0.31041203658551264,
        0.3030452292407395,
        0.3091266294313592,
        0.30365760070226955,
        0.30608462904576095,
        0.3009382915379482,
        0.3057703056450846,
        0.2974277728184689
    ],
    "val_loss": [
        0.5028479113298304,
        0.5089815062635085,
        0.4884122326093562,
        0.4804367843796225,
        0.47603457289583545,
        0.4760223658645854,
        0.4873522607719197,
        0.4723364721326267,
        0.47134686059811537,
        0.47238499066408945,
        0.4550870132796905,
        0.4736254502745236,
        0.47064011622877683,
        0.4666116921340718,
        0.4630141375695958,
        0.4658436431604273,
        0.4673670214765212,
        0.4618579547194874,
        0.4782625203623491,
        0.4634424255174749,
        0.46214246364200817,
        0.4600208531407749,
        0.46499863442252665,
        0.47337238087373623,
        0.47422315548448,
        0.46704062100719,
        0.47535015204373526,
        0.46438338441007276,
        0.46554922952371486,
        0.47606019114746767,
        0.45813824148739085
    ],
    "val_accuracy": [
        0.4889705882352941,
        0.4904411764705882,
        0.5183823529411765,
        0.5389705882352941,
        0.5448529411764705,
        0.5308823529411765,
        0.5448529411764705,
        0.5404411764705882,
        0.5397058823529411,
        0.5419117647058823,
        0.549264705882353,
        0.5441176470588235,
        0.5455882352941176,
        0.5411764705882353,
        0.5455882352941176,
        0.5397058823529411,
        0.538235294117647,
        0.5441176470588235,
        0.5279411764705882,
        0.549264705882353,
        0.5448529411764705,
        0.55,
        0.5433823529411764,
        0.5330882352941176,
        0.5352941176470588,
        0.538235294117647,
        0.5279411764705882,
        0.5397058823529411,
        0.5389705882352941,
        0.5316176470588235,
        0.5485294117647059
    ]
}