{
    "train_loss": [
        0.5040038958540317,
        0.48850304220368806,
        0.4761412821330919,
        0.46423185523471283,
        0.4503888663268319,
        0.43859905082389117,
        0.4236536554408041,
        0.412223993133154,
        0.39417804740728013,
        0.37199253547921307,
        0.35834838628277,
        0.34587298502743324,
        0.33933224337383017,
        0.3353357912903393,
        0.3372933334751667,
        0.32794618565061395,
        0.3256014235204975,
        0.31825099041764887,
        0.3205554621727135,
        0.3104637524387204,
        0.30562608788479145,
        0.3115904844831035,
        0.30880564274945316,
        0.31048835998982643
    ],
    "val_loss": [
        0.4982893575640286,
        0.48701786469010744,
        0.46975597178234774,
        0.46140364128000594,
        0.4767926079385421,
        0.47533891762004177,
        0.4810909348375657,
        0.48022628636921155,
        0.4947896561201881,
        0.49249472951187806,
        0.4839338260538438,
        0.4951505185926662,
        0.501913465997752,
        0.49137466374565575,
        0.49135816307628855,
        0.49511987111147715,
        0.4779649327783024,
        0.4813131199163549,
        0.46467513056362375,
        0.47908635034280667,
        0.5062105992261101,
        0.500035797848421,
        0.49780397835899803,
        0.5034635764711043
    ],
    "val_accuracy": [
        0.49558823529411766,
        0.5279411764705882,
        0.5588235294117647,
        0.5654411764705882,
        0.5345588235294118,
        0.5470588235294118,
        0.538235294117647,
        0.5330882352941176,
        0.5213235294117647,
        0.5147058823529411,
        0.5154411764705882,
        0.5147058823529411,
        0.5147058823529411,
        0.5139705882352941,
        0.5176470588235295,
        0.5066176470588235,
        0.5294117647058824,
        0.5213235294117647,
        0.5367647058823529,
        0.5286764705882353,
        0.4985294117647059,
        0.5029411764705882,
        0.5066176470588235,
        0.5
    ]
}