{
    "train_loss": [
        0.5016526558540219,
        0.48741076958392643,
        0.4750870541660461,
        0.4592898025637316,
        0.4482954626562179,
        0.4368296584122119,
        0.4242564715660258,
        0.4133644955030334,
        0.3976876643041797,
        0.3811382779433934,
        0.36280755146292576,
        0.3506927231564974,
        0.33698078943864845,
        0.3290718854437012,
        0.3201853004700544,
        0.31450149918069864,
        0.3107702946841225,
        0.3064091530983353,
        0.3029200136456562,
        0.30077807527891215,
        0.3004872578323051,
        0.2916128066774494
    ],
    "val_loss": [
        0.5129603638368494,
        0.4996628589489881,
        0.5358211285927716,
        0.5757130721036126,
        0.5519432092414183,
        0.5777033521848567,
        0.5492267917184269,
        0.5963444124249851,
        0.5394816507311428,
        0.5380864960305831,
        0.5550009247134714,
        0.5292726394008188,
        0.5316267606090097,
        0.5298955082893372,
        0.5287075067267698,
        0.5328621869578081,
        0.5172932100646636,
        0.5254394862581702,
        0.5155677574522355,
        0.5295537468265085,
        0.5197752326726913,
        0.5259720788282507
    ],
    "val_accuracy": [
        0.48455882352941176,
        0.49926470588235294,
        0.48676470588235293,
        0.4676470588235294,
        0.4727941176470588,
        0.4772058823529412,
        0.47941176470588237,
        0.46544117647058825,
        0.4801470588235294,
        0.4676470588235294,
        0.4713235294117647,
        0.4772058823529412,
        0.47573529411764703,
        0.4801470588235294,
        0.4764705882352941,
        0.47941176470588237,
        0.48970588235294116,
        0.4808823529411765,
        0.4948529411764706,
        0.4838235294117647,
        0.4963235294117647,
        0.4786764705882353
    ]
}