{
    "train_loss": [
        0.508783827662632,
        0.4883589789250858,
        0.47487313776921375,
        0.4603316592055141,
        0.4452331232975405,
        0.4334061507755657,
        0.4234791683773555,
        0.4112520241671776,
        0.39148134927802103,
        0.37332266376467815,
        0.3631239950943846,
        0.3496062923453369,
        0.34210893034197115,
        0.3319520301645445,
        0.3275273925684997,
        0.32003053320261765,
        0.32152096031456573,
        0.31857472155986166,
        0.3100926360215331,
        0.3060237356939416,
        0.3085346104118568,
        0.30162134611571756,
        0.29610594896986525,
        0.30022499686750126,
        0.2920068703627693,
        0.29666729983418894,
        0.2914958675193409,
        0.2989775039706548,
        0.29706066063358005,
        0.2913594605859774
    ],
    "val_loss": [
        0.49066729370285483,
        0.5018172562122345,
        0.5013948181096245,
        0.497380027700873,
        0.4937657619223875,
        0.5014910750529346,
        0.5394295061335844,
        0.5067046722945046,
        0.49293015003204343,
        0.479879528985304,
        0.4881421110209297,
        0.4950287145726821,
        0.4915459881810581,
        0.49680260963299694,
        0.4913914252729977,
        0.49995481652372026,
        0.49981076436884264,
        0.4894114944864722,
        0.48971621867488413,
        0.49166422644082236,
        0.5109384638421676,
        0.4940535682089188,
        0.4815356251071481,
        0.5048205068882774,
        0.5006480457151637,
        0.5009172541253707,
        0.5181371906224419,
        0.5008003157727858,
        0.5063696110949797,
        0.512006040005123
    ],
    "val_accuracy": [
        0.5279411764705882,
        0.5036764705882353,
        0.49926470588235294,
        0.49926470588235294,
        0.5088235294117647,
        0.5080882352941176,
        0.4852941176470588,
        0.5147058823529411,
        0.5169117647058824,
        0.5316176470588235,
        0.5198529411764706,
        0.5110294117647058,
        0.5161764705882353,
        0.5176470588235295,
        0.5117647058823529,
        0.5058823529411764,
        0.5058823529411764,
        0.5183823529411765,
        0.5154411764705882,
        0.5176470588235295,
        0.4948529411764706,
        0.5139705882352941,
        0.5227941176470589,
        0.4963235294117647,
        0.5044117647058823,
        0.5022058823529412,
        0.4875,
        0.5073529411764706,
        0.5022058823529412,
        0.49411764705882355
    ]
}