{
    "0": {
        "precision": 0.4714285714285714,
        "recall": 0.43137254901960786,
        "f1-score": 0.45051194539249145,
        "support": 306.0
    },
    "1": {
        "precision": 0.565,
        "recall": 0.6042780748663101,
        "f1-score": 0.5839793281653747,
        "support": 374.0
    },
    "accuracy": 0.5264705882352941,
    "macro avg": {
        "precision": 0.5182142857142857,
        "recall": 0.517825311942959,
        "f1-score": 0.5172456367789331,
        "support": 680.0
    },
    "weighted avg": {
        "precision": 0.522892857142857,
        "recall": 0.5264705882352941,
        "f1-score": 0.5239190059175772,
        "support": 680.0
    }
}