{
    "0": {
        "precision": 0.45454545454545453,
        "recall": 0.09803921568627451,
        "f1-score": 0.16129032258064516,
        "support": 306.0
    },
    "1": {
        "precision": 0.5504885993485342,
        "recall": 0.9037433155080213,
        "f1-score": 0.6842105263157895,
        "support": 374.0
    },
    "accuracy": 0.5411764705882353,
    "macro avg": {
        "precision": 0.5025170269469944,
        "recall": 0.5008912655971479,
        "f1-score": 0.4227504244482173,
        "support": 680.0
    },
    "weighted avg": {
        "precision": 0.5073141841871484,
        "recall": 0.5411764705882353,
        "f1-score": 0.44889643463497453,
        "support": 680.0
    }
}