{
    "0": {
        "precision": 0.4590443686006826,
        "recall": 0.8790849673202614,
        "f1-score": 0.6031390134529148,
        "support": 306.0
    },
    "1": {
        "precision": 0.6063829787234043,
        "recall": 0.15240641711229946,
        "f1-score": 0.24358974358974358,
        "support": 374.0
    },
    "accuracy": 0.47941176470588237,
    "macro avg": {
        "precision": 0.5327136736620435,
        "recall": 0.5157456922162804,
        "f1-score": 0.4233643785213292,
        "support": 680.0
    },
    "weighted avg": {
        "precision": 0.5400806041681795,
        "recall": 0.47941176470588237,
        "f1-score": 0.40538691502817065,
        "support": 680.0
    }
}