{
    "0": {
        "precision": 0.4574468085106383,
        "recall": 0.14052287581699346,
        "f1-score": 0.215,
        "support": 306.0
    },
    "1": {
        "precision": 0.5511945392491467,
        "recall": 0.8636363636363636,
        "f1-score": 0.6729166666666667,
        "support": 374.0
    },
    "accuracy": 0.538235294117647,
    "macro avg": {
        "precision": 0.5043206738798925,
        "recall": 0.5020796197266786,
        "f1-score": 0.44395833333333334,
        "support": 680.0
    },
    "weighted avg": {
        "precision": 0.5090080604168179,
        "recall": 0.538235294117647,
        "f1-score": 0.4668541666666666,
        "support": 680.0
    }
}