{
    "0": {
        "precision": 0.47540983606557374,
        "recall": 0.3790849673202614,
        "f1-score": 0.4218181818181818,
        "support": 306.0
    },
    "1": {
        "precision": 0.5642201834862385,
        "recall": 0.6577540106951871,
        "f1-score": 0.6074074074074074,
        "support": 374.0
    },
    "accuracy": 0.5323529411764706,
    "macro avg": {
        "precision": 0.5198150097759061,
        "recall": 0.5184194890077243,
        "f1-score": 0.5146127946127946,
        "support": 680.0
    },
    "weighted avg": {
        "precision": 0.5242555271469393,
        "recall": 0.5323529411764706,
        "f1-score": 0.5238922558922559,
        "support": 680.0
    }
}