{
    "0": {
        "precision": 0.45566502463054187,
        "recall": 0.6045751633986928,
        "f1-score": 0.5196629213483146,
        "support": 306.0
    },
    "1": {
        "precision": 0.5583941605839416,
        "recall": 0.4090909090909091,
        "f1-score": 0.4722222222222222,
        "support": 374.0
    },
    "accuracy": 0.4970588235294118,
    "macro avg": {
        "precision": 0.5070295926072418,
        "recall": 0.5068330362448009,
        "f1-score": 0.4959425717852684,
        "support": 680.0
    },
    "weighted avg": {
        "precision": 0.5121660494049118,
        "recall": 0.4970588235294118,
        "f1-score": 0.4935705368289638,
        "support": 680.0
    }
}