{
    "0": {
        "precision": 0.4444444444444444,
        "recall": 0.27450980392156865,
        "f1-score": 0.3393939393939394,
        "support": 306.0
    },
    "1": {
        "precision": 0.5478615071283096,
        "recall": 0.7192513368983957,
        "f1-score": 0.6219653179190752,
        "support": 374.0
    },
    "accuracy": 0.5191176470588236,
    "macro avg": {
        "precision": 0.496152975786377,
        "recall": 0.4968805704099822,
        "f1-score": 0.48067962865650726,
        "support": 680.0
    },
    "weighted avg": {
        "precision": 0.5013238289205703,
        "recall": 0.5191176470588236,
        "f1-score": 0.49480819758276406,
        "support": 680.0
    }
}