{
    "0": {
        "precision": 0.42857142857142855,
        "recall": 0.5490196078431373,
        "f1-score": 0.4813753581661891,
        "support": 306.0
    },
    "1": {
        "precision": 0.5208333333333334,
        "recall": 0.40106951871657753,
        "f1-score": 0.45317220543806647,
        "support": 374.0
    },
    "accuracy": 0.4676470588235294,
    "macro avg": {
        "precision": 0.47470238095238093,
        "recall": 0.47504456327985745,
        "f1-score": 0.46727378180212775,
        "support": 680.0
    },
    "weighted avg": {
        "precision": 0.47931547619047626,
        "recall": 0.4676470588235294,
        "f1-score": 0.4658636241657217,
        "support": 680.0
    }
}