{
    "0": {
        "precision": 0.45,
        "recall": 0.14705882352941177,
        "f1-score": 0.22167487684729065,
        "support": 306.0
    },
    "1": {
        "precision": 0.55,
        "recall": 0.8529411764705882,
        "f1-score": 0.6687631027253669,
        "support": 374.0
    },
    "accuracy": 0.5352941176470588,
    "macro avg": {
        "precision": 0.5,
        "recall": 0.5,
        "f1-score": 0.4452189897863288,
        "support": 680.0
    },
    "weighted avg": {
        "precision": 0.505,
        "recall": 0.5352941176470588,
        "f1-score": 0.4675734010802326,
        "support": 680.0
    }
}