{
    "0": {
        "precision": 0.44140625,
        "recall": 0.369281045751634,
        "f1-score": 0.40213523131672596,
        "support": 306.0
    },
    "1": {
        "precision": 0.5448113207547169,
        "recall": 0.6176470588235294,
        "f1-score": 0.5789473684210527,
        "support": 374.0
    },
    "accuracy": 0.5058823529411764,
    "macro avg": {
        "precision": 0.49310878537735847,
        "recall": 0.4934640522875817,
        "f1-score": 0.4905412998688893,
        "support": 680.0
    },
    "weighted avg": {
        "precision": 0.4982790389150943,
        "recall": 0.5058823529411764,
        "f1-score": 0.4993819067241057,
        "support": 680.0
    }
}