{
    "train_loss": [
        0.6103774423697101,
        0.5681828767506044,
        0.5472841061540504,
        0.5255232654623131,
        0.514925899123078,
        0.5048430782200685,
        0.5006866195975844,
        0.48089218195249783,
        0.47258022071710276,
        0.4731342307667234,
        0.46074654195290893,
        0.4534674831735554,
        0.44616241419493263,
        0.44420307563312017,
        0.43840542502367674,
        0.43402706742731495,
        0.42494874925755743,
        0.4217119721779183,
        0.41929254380624686,
        0.4172843244315973,
        0.4086387145207889,
        0.410462417931699,
        0.40634221550244004,
        0.402131514039947,
        0.3990492827411908,
        0.3940216727666001,
        0.3926120011219338,
        0.39080922817116354,
        0.3900106287936666,
        0.38454992496478024,
        0.3837032512163938,
        0.3837377796533392,
        0.38378034448668136,
        0.3768269546441178,
        0.37842011679686716,
        0.3754571825821898,
        0.3783063655580158,
        0.37324181249115007,
        0.3760609824154804,
        0.37180584474508444,
        0.37174640873919673,
        0.3700754914377163,
        0.3625977536413207,
        0.36558436171443603,
        0.3677040262898402,
        0.3646873033313609,
        0.3622729331254959,
        0.36542145440827556,
        0.3619607179912169,
        0.3600879706887167,
        0.36077404756154585,
        0.3589762589935936,
        0.3588322490286916,
        0.36003911542469885,
        0.3561548383267068,
        0.35705541079836106,
        0.3583160518710293,
        0.35554277552152747,
        0.3540558570356511,
        0.3562971813910043,
        0.3520260388726619,
        0.3514392685645552,
        0.35184376536687806,
        0.35180613721039755,
        0.35187563127768573,
        0.35279429370342796,
        0.3515383998738296,
        0.35004228603706433,
        0.34624704929874905,
        0.34987441761724986,
        0.3504732155532979,
        0.34592701313989377,
        0.34753106295395253,
        0.34882020094056626,
        0.34581422324834477,
        0.34479402828572403,
        0.34354696739743007,
        0.3449282832443714
    ],
    "val_loss": [
        0.4647987484931946,
        0.4932387982731435,
        0.47765087858954475,
        0.4320387804686134,
        0.46807529365838463,
        0.4655451427644758,
        0.39814256554219263,
        0.4181622320146703,
        0.44232022095082413,
        0.43285788751360194,
        0.3868937843771123,
        0.38018956024255324,
        0.38950123671275466,
        0.38010295158001917,
        0.40841346267443984,
        0.3975727451381399,
        0.35444275389856367,
        0.4067779334623422,
        0.3992323599644561,
        0.38765908822194856,
        0.38362289942912203,
        0.3779043103776761,
        0.3478777682158484,
        0.3990471896840565,
        0.36338590174468594,
        0.3353558164923938,
        0.32668369341252457,
        0.37851510452690407,
        0.3326723929216613,
        0.3528412460391201,
        0.3603525746669342,
        0.33531238205397307,
        0.3576163504995517,
        0.3350470229538519,
        0.3202447083903782,
        0.3168858901333453,
        0.31338834451205694,
        0.3196085560232846,
        0.3218103828492449,
        0.3176331338820173,
        0.3059808289381995,
        0.31608657605612456,
        0.30831044467527474,
        0.3273973597297028,
        0.3152774345518938,
        0.3241285299187276,
        0.3045718559800689,
        0.30659918164584177,
        0.317316181846519,
        0.3094694668899721,
        0.3056343717139159,
        0.3049558925984511,
        0.30352646579493336,
        0.3095905638452786,
        0.3232675890869169,
        0.31151223549647117,
        0.3138760501769052,
        0.29361911963171033,
        0.30189969012541557,
        0.31783667340207455,
        0.31684958145244796,
        0.3046903930493255,
        0.3131221303744103,
        0.3181571291008992,
        0.3259641981836575,
        0.30260046949582314,
        0.31883130689610295,
        0.30473006672378794,
        0.29808800745366226,
        0.30631436774534965,
        0.30612839825117766,
        0.3284930005224783,
        0.30010350459991997,
        0.2958623606767227,
        0.3129651796684336,
        0.3090492046591061,
        0.31856421092108117,
        0.31441912722231735
    ],
    "val_accuracy": [
        0.7350187265917603,
        0.6217228464419475,
        0.7275280898876404,
        0.7359550561797753,
        0.6966292134831461,
        0.704119850187266,
        0.7237827715355806,
        0.7134831460674157,
        0.7144194756554307,
        0.7172284644194756,
        0.7088014981273408,
        0.7172284644194756,
        0.7162921348314607,
        0.7153558052434457,
        0.7181647940074907,
        0.7162921348314607,
        0.7153558052434457,
        0.7191011235955056,
        0.7191011235955056,
        0.7200374531835206,
        0.7200374531835206,
        0.7191011235955056,
        0.7162921348314607,
        0.7191011235955056,
        0.7191011235955056,
        0.7191011235955056,
        0.7162921348314607,
        0.7191011235955056,
        0.7191011235955056,
        0.7191011235955056,
        0.7191011235955056,
        0.7181647940074907,
        0.7191011235955056,
        0.7191011235955056,
        0.7191011235955056,
        0.7191011235955056,
        0.7191011235955056,
        0.7181647940074907,
        0.7181647940074907,
        0.7191011235955056,
        0.7191011235955056,
        0.7181647940074907,
        0.7181647940074907,
        0.7191011235955056,
        0.7191011235955056,
        0.7162921348314607,
        0.7181647940074907,
        0.7181647940074907,
        0.7191011235955056,
        0.7172284644194756,
        0.7172284644194756,
        0.7172284644194756,
        0.7172284644194756,
        0.7172284644194756,
        0.7172284644194756,
        0.7153558052434457,
        0.7172284644194756,
        0.7181647940074907,
        0.7162921348314607,
        0.7172284644194756,
        0.7181647940074907,
        0.7153558052434457,
        0.7181647940074907,
        0.7181647940074907,
        0.7162921348314607,
        0.7144194756554307,
        0.7172284644194756,
        0.7172284644194756,
        0.7144194756554307,
        0.7172284644194756,
        0.7134831460674157,
        0.7144194756554307,
        0.7134831460674157,
        0.7134831460674157,
        0.7125468164794008,
        0.7134831460674157,
        0.7144194756554307,
        0.7125468164794008
    ]
}