{
    "train_loss": [
        0.638072004827721,
        0.5607774125342547,
        0.5453517077127433,
        0.525335033899521,
        0.5082619192689286,
        0.49045103899670833,
        0.4782987854045456,
        0.4656550542942221,
        0.461664309145504,
        0.45266520111392644,
        0.4408562509845401,
        0.43969497591628076,
        0.43139061405945617,
        0.43009615006288554,
        0.4228317327024531,
        0.4188811617644496,
        0.4094554786860201,
        0.4064755342066041,
        0.40169514919712335,
        0.40053778299404874,
        0.39671218265389013,
        0.3902321757740994
    ],
    "val_loss": [
        0.51270667874991,
        0.505817478717263,
        0.5364190856022621,
        0.5653925880567351,
        0.5387963643714563,
        0.524831773629829,
        0.508606521940943,
        0.5830304440277726,
        0.5578341101532551,
        0.5419272046480605,
        0.5455791714476116,
        0.5449810535160463,
        0.5094453336587593,
        0.5857753820383726,
        0.5359572545805974,
        0.5573267055981195,
        0.5647598776354719,
        0.5380622393159724,
        0.5542591863603734,
        0.5255364126233912,
        0.5460845490000141,
        0.5295069475672138
    ],
    "val_accuracy": [
        0.3604868913857678,
        0.40823970037453183,
        0.301498127340824,
        0.301498127340824,
        0.350187265917603,
        0.3970037453183521,
        0.4597378277153558,
        0.3211610486891386,
        0.3651685393258427,
        0.40168539325842695,
        0.40074906367041196,
        0.3960674157303371,
        0.46348314606741575,
        0.37453183520599254,
        0.43726591760299627,
        0.4204119850187266,
        0.41947565543071164,
        0.4353932584269663,
        0.43820224719101125,
        0.449438202247191,
        0.43352059925093633,
        0.4447565543071161
    ]
}