{
    "0": {
        "precision": 0.2948207171314741,
        "recall": 0.3915343915343915,
        "f1-score": 0.33636363636363636,
        "support": 189.0
    },
    "1": {
        "precision": 0.5936395759717314,
        "recall": 0.48695652173913045,
        "f1-score": 0.535031847133758,
        "support": 345.0
    },
    "accuracy": 0.45318352059925093,
    "macro avg": {
        "precision": 0.44423014655160276,
        "recall": 0.43924545663676096,
        "f1-score": 0.43569774174869713,
        "support": 534.0
    },
    "weighted avg": {
        "precision": 0.48787784503388754,
        "recall": 0.45318352059925093,
        "f1-score": 0.4647166938836587,
        "support": 534.0
    }
}