{
    "train_loss": [
        0.5006781735632679,
        0.4804426732924905,
        0.4622952625302985,
        0.44617286548756135,
        0.42977397300229214,
        0.40469928699554786,
        0.3857946745534935,
        0.35818714726679396,
        0.3386938471015137,
        0.3203876510114953,
        0.3001513166002708,
        0.2809254203987594,
        0.26031579690994605,
        0.2398556833072464,
        0.23268297364806184,
        0.21070048177596365,
        0.19359872097721195,
        0.17444577782165885,
        0.1627845956326121,
        0.15686073161587857,
        0.14041127680551888,
        0.12678862235481195,
        0.11348202951473765,
        0.10543923200209541,
        0.09920734057184494,
        0.09164679818371735,
        0.08735113230598444,
        0.07454812981483369,
        0.07951000886830953,
        0.06589938547499109,
        0.06272172959207899,
        0.06162998937808051,
        0.060241413411527577,
        0.057474135799278125,
        0.045401236453637625,
        0.05168377124141939,
        0.048496045520768895,
        0.046709691707303026,
        0.042696703459588016,
        0.041741727840266016,
        0.041279670301050245,
        0.0389898266200677,
        0.037057499224227845,
        0.038239541463553905,
        0.04060912031016432,
        0.03583367483524403,
        0.03463470741719155,
        0.03334743598254748,
        0.03042978442799632,
        0.032539256450046995,
        0.0336013823231258,
        0.029693697034243016,
        0.03226912614640475,
        0.02564776813574504,
        0.026290783819069366,
        0.02447667266841572,
        0.0320337781940799,
        0.027812165390736984,
        0.028373003562930786,
        0.027972771925390653,
        0.029262337746965413
    ],
    "val_loss": [
        0.5082280514155619,
        0.49439224706598994,
        0.5019014287277086,
        0.4902776402129224,
        0.5097801821118981,
        0.517197340021472,
        0.4973589954291575,
        0.502038579368027,
        0.493978498779105,
        0.5182554635423176,
        0.5064813060873359,
        0.506011035668074,
        0.49985543880942307,
        0.5071644134070041,
        0.5028068600498008,
        0.4897453083089117,
        0.5029306081096097,
        0.4962155330463274,
        0.5010137948587802,
        0.49643784355835097,
        0.5029918158195428,
        0.4974054685358465,
        0.49664184592179295,
        0.4976642334602288,
        0.4985876019008061,
        0.4930028553897812,
        0.4881211301455131,
        0.49134567816405605,
        0.5005556505019143,
        0.49151918794629135,
        0.5032886849528939,
        0.4968174223363752,
        0.5050680282905963,
        0.4916292612369244,
        0.48417608854333327,
        0.4825746052892956,
        0.49132774743808094,
        0.4886543695214232,
        0.48458310168170365,
        0.49600822377134357,
        0.4782100508551626,
        0.49218827944535476,
        0.4889182899830609,
        0.4900854288120947,
        0.5028568231142484,
        0.4871733450501628,
        0.4818280268702987,
        0.48046222959573454,
        0.48269049726294344,
        0.4907314761503208,
        0.49540479789824177,
        0.48680485467586293,
        0.49396897050050587,
        0.493181063578679,
        0.49287585050043975,
        0.4914258023690895,
        0.4913151672429587,
        0.4973615376201607,
        0.4944275985279027,
        0.4959918216488065,
        0.4838128567800014
    ],
    "val_accuracy": [
        0.5072409951726699,
        0.5038989974006683,
        0.506498329001114,
        0.5284069810620127,
        0.5105829929446714,
        0.5243223171184552,
        0.5146676568882287,
        0.5276643148904567,
        0.5246936502042332,
        0.5076123282584478,
        0.5191236539175641,
        0.5347196435202377,
        0.5243223171184552,
        0.5109543260304493,
        0.5150389899740067,
        0.5336056442629038,
        0.5168956554028964,
        0.5209803193464537,
        0.5280356479762347,
        0.5198663200891199,
        0.5098403267731155,
        0.5116969922020052,
        0.5135536576308949,
        0.5154103230597846,
        0.5027849981433345,
        0.5183809877460082,
        0.5220943186037876,
        0.506498329001114,
        0.5053843297437802,
        0.5172669884886744,
        0.5079836613442258,
        0.5128109914593391,
        0.500556999628667,
        0.5128109914593391,
        0.5154103230597846,
        0.5232083178611214,
        0.5165243223171184,
        0.5232083178611214,
        0.5213516524322317,
        0.5098403267731155,
        0.5272929818046788,
        0.5094689936873376,
        0.5154103230597846,
        0.5183809877460082,
        0.4987003341997772,
        0.5161529892313406,
        0.5276643148904567,
        0.519494987003342,
        0.5191236539175641,
        0.5094689936873376,
        0.5083549944300038,
        0.5176383215744523,
        0.5031563312291125,
        0.5180096546602302,
        0.5102116598588934,
        0.5131823245451169,
        0.5161529892313406,
        0.5083549944300038,
        0.5105829929446714,
        0.5087263275157816,
        0.5157816561455626
    ]
}