{
    "train_loss": [
        0.5022516858459699,
        0.47557776133612834,
        0.4610535744983371,
        0.4434214921280889,
        0.42071255522199197,
        0.3980683360064384,
        0.3753319271720282,
        0.3556064649973765,
        0.33435262314753955,
        0.30899592877024473,
        0.2940185393142228,
        0.2714200944593637,
        0.2512093183427754,
        0.23478033020354733,
        0.21906009669056034,
        0.20257112470888855,
        0.18706266425623752,
        0.17553842742696846,
        0.1611071201170435,
        0.15639703666219618,
        0.14474472619666912,
        0.13775298180113923,
        0.13488536994203482,
        0.12886975088184424,
        0.11780074098617724,
        0.1169607735580147,
        0.11031448993794989,
        0.10411204080475439,
        0.09829150167210858,
        0.09372762970552587,
        0.0885879898978637,
        0.09021650066617692,
        0.08582909769646012,
        0.08573975207486956,
        0.08123680063255943,
        0.07842339270997166,
        0.07546449270062518,
        0.07449150663975737,
        0.06748237371407818,
        0.06768958399459572,
        0.061963865063199314,
        0.06491268378230605,
        0.06323223926016305,
        0.05958850195096566,
        0.05540653853723318,
        0.0513803156111205,
        0.05296687856500987,
        0.0546501178737029,
        0.04967273480747596,
        0.05163920543313322,
        0.047509230916747955,
        0.04607570244202224,
        0.04964131679349017,
        0.04068126512211886,
        0.04227649671403636,
        0.040393353568039615,
        0.03663589099956916,
        0.03843003194594737,
        0.0448002097750138,
        0.04250950003596078,
        0.03801929177255323,
        0.03619351499889156,
        0.03871791223801746,
        0.036711783753246956,
        0.03386148677511823,
        0.03242616666536225,
        0.036611134536785654,
        0.0340600326500538,
        0.028387271623947833,
        0.033161840338886965,
        0.028572051949098263,
        0.03060384134826536,
        0.029293001776948425
    ],
    "val_loss": [
        0.501372970420228,
        0.506593663311569,
        0.5401755641903397,
        0.49007252475919105,
        0.49029735612446035,
        0.4945936114830378,
        0.48584634241973157,
        0.49232147854460767,
        0.4892402384760817,
        0.4963975079666228,
        0.520752193130685,
        0.49335435085748075,
        0.49363418602379117,
        0.4963353304467963,
        0.49511016861221496,
        0.4911985968697001,
        0.4832114329528526,
        0.48540974121827346,
        0.49745793843410424,
        0.4919144202618909,
        0.4942209381147249,
        0.49440451548297026,
        0.484557224448616,
        0.48264060888064686,
        0.4953186585176626,
        0.4937738395301548,
        0.4873569824639157,
        0.48702354905520673,
        0.4815254987344234,
        0.4913523712101773,
        0.48964262070387776,
        0.4875306008306481,
        0.48938560750357496,
        0.4876431587356082,
        0.48958239100388523,
        0.4848447278935528,
        0.4803220821026514,
        0.4856754867635535,
        0.48211767140930223,
        0.4879580829623183,
        0.4748839017378508,
        0.4793478023018357,
        0.47697239391197116,
        0.48187284815240894,
        0.49230339673496565,
        0.4898198035341748,
        0.48480248583491736,
        0.4878525009169381,
        0.4808384364349602,
        0.4736232696729299,
        0.47884704393042615,
        0.48519633604577306,
        0.4723553346282632,
        0.47867568189928517,
        0.48706149737510457,
        0.4746750564088483,
        0.4775032656785299,
        0.47959825281913465,
        0.4806932177416672,
        0.4781948946107774,
        0.4793655548751707,
        0.4859884763963124,
        0.4740725037085234,
        0.480542700936103,
        0.4787006579207245,
        0.4785492992436392,
        0.48485228145968984,
        0.4773188428236888,
        0.48300624995894686,
        0.47915500993206656,
        0.47336994120355186,
        0.48298935213032557,
        0.47740377754678387
    ],
    "val_accuracy": [
        0.500185666542889,
        0.5165243223171184,
        0.5102116598588934,
        0.532120311919792,
        0.5246936502042332,
        0.53249164500557,
        0.5291496472335685,
        0.5295209803193465,
        0.5376903082064612,
        0.5284069810620127,
        0.525807649461567,
        0.5358336427775715,
        0.5154103230597846,
        0.5250649832900112,
        0.5313776457482362,
        0.532862978091348,
        0.5332343111771258,
        0.5317489788340141,
        0.5150389899740067,
        0.5243223171184552,
        0.5180096546602302,
        0.5246936502042332,
        0.53249164500557,
        0.5313776457482362,
        0.5228369847753435,
        0.5265503156331229,
        0.5287783141477905,
        0.5265503156331229,
        0.532862978091348,
        0.5243223171184552,
        0.5272929818046788,
        0.5284069810620127,
        0.5243223171184552,
        0.5313776457482362,
        0.519494987003342,
        0.5154103230597846,
        0.5343483104344597,
        0.5191236539175641,
        0.5284069810620127,
        0.5291496472335685,
        0.5302636464909023,
        0.526178982547345,
        0.5310063126624582,
        0.5380616412922391,
        0.5187523208317861,
        0.5269216487189009,
        0.5206089862606759,
        0.5220943186037876,
        0.5217229855180097,
        0.5302636464909023,
        0.5272929818046788,
        0.5191236539175641,
        0.5317489788340141,
        0.5269216487189009,
        0.5276643148904567,
        0.532862978091348,
        0.5298923134051244,
        0.5246936502042332,
        0.5224656516895655,
        0.5332343111771258,
        0.5336056442629038,
        0.5228369847753435,
        0.5347196435202377,
        0.5295209803193465,
        0.5232083178611214,
        0.5313776457482362,
        0.5250649832900112,
        0.532862978091348,
        0.5302636464909023,
        0.5332343111771258,
        0.5410323059784626,
        0.5206089862606759,
        0.5265503156331229
    ]
}