{
    "0": {
        "precision": 0.5401750198886237,
        "recall": 0.5052083333333334,
        "f1-score": 0.5221068819684737,
        "support": 1344.0
    },
    "1": {
        "precision": 0.536908077994429,
        "recall": 0.5715344699777613,
        "f1-score": 0.5536804308797127,
        "support": 1349.0
    },
    "accuracy": 0.5384329743780171,
    "macro avg": {
        "precision": 0.5385415489415264,
        "recall": 0.5383714016555473,
        "f1-score": 0.5378936564240933,
        "support": 2693.0
    },
    "weighted avg": {
        "precision": 0.5385385161324898,
        "recall": 0.5384329743780171,
        "f1-score": 0.5379229671824586,
        "support": 2693.0
    }
}