{
    "0": {
        "precision": 0.5256410256410257,
        "recall": 0.2729289940828402,
        "f1-score": 0.3592989289191821,
        "support": 1352.0
    },
    "1": {
        "precision": 0.5062782521346058,
        "recall": 0.7516778523489933,
        "f1-score": 0.6050420168067226,
        "support": 1341.0
    },
    "accuracy": 0.5113256591162273,
    "macro avg": {
        "precision": 0.5159596388878157,
        "recall": 0.5123034232159167,
        "f1-score": 0.48217047286295234,
        "support": 2693.0
    },
    "weighted avg": {
        "precision": 0.5159991840992102,
        "recall": 0.5113256591162273,
        "f1-score": 0.481668583897716,
        "support": 2693.0
    }
}