{
    "0": {
        "precision": 0.5177533892834086,
        "recall": 0.5945144551519644,
        "f1-score": 0.5534851621808143,
        "support": 1349.0
    },
    "1": {
        "precision": 0.5218531468531469,
        "recall": 0.44419642857142855,
        "f1-score": 0.47990353697749194,
        "support": 1344.0
    },
    "accuracy": 0.519494987003342,
    "macro avg": {
        "precision": 0.5198032680682778,
        "recall": 0.5193554418616965,
        "f1-score": 0.5166943495791532,
        "support": 2693.0
    },
    "weighted avg": {
        "precision": 0.5197994621292045,
        "recall": 0.519494987003342,
        "f1-score": 0.5167626578090114,
        "support": 2693.0
    }
}