{
    "train_loss": [
        0.5033926635537997,
        0.47720791366283255,
        0.4512730089597183,
        0.421867350024162,
        0.3906034214034824,
        0.3586843422254418,
        0.33051877592386,
        0.3043809077416611,
        0.27964468875733933,
        0.2579240052232353,
        0.23776937519559765,
        0.22465382367925774,
        0.2074815622798287,
        0.19623433570792476,
        0.1877221919430217,
        0.17470405510820375,
        0.1689694754982201,
        0.16146006592835235,
        0.15026524417231432,
        0.14779780355125371,
        0.13695318374487728,
        0.1309370480450147,
        0.12240758498595787,
        0.11339239321999472,
        0.10547980780040125,
        0.09938709502624772,
        0.09474922443675522,
        0.09039656745067032,
        0.08230669802921538,
        0.0754128219744209,
        0.0731095354012813,
        0.06855706745150066,
        0.06604622620489854,
        0.0582593317088293,
        0.055298628177180294,
        0.05138225089251479
    ],
    "val_loss": [
        0.5485990107059479,
        0.49862895101308824,
        0.49073939919471743,
        0.5671123161911964,
        0.48379881590604784,
        0.5208401671051979,
        0.48340326726436617,
        0.4893303632736206,
        0.52066157579422,
        0.4961746172606945,
        0.5002131101489067,
        0.4991811189055443,
        0.5504855567216873,
        0.49796848118305204,
        0.5100103947520256,
        0.4753840202093124,
        0.5081962266564369,
        0.4801238572597504,
        0.4941360005736351,
        0.49779384940862653,
        0.49702350825071334,
        0.48231876015663144,
        0.49418331772089,
        0.48761011362075807,
        0.49240468442440033,
        0.4962141738831997,
        0.4895181119441986,
        0.4872879284620285,
        0.48854547783732416,
        0.4898465391993523,
        0.5130633208155632,
        0.5091224637627602,
        0.5145057135820389,
        0.5176374816894531,
        0.5015559303760528,
        0.4862252253293991
    ],
    "val_accuracy": [
        0.429375,
        0.5175,
        0.53125,
        0.46,
        0.54375,
        0.51125,
        0.554375,
        0.549375,
        0.51625,
        0.5425,
        0.53375,
        0.533125,
        0.473125,
        0.541875,
        0.516875,
        0.560625,
        0.51375,
        0.5475,
        0.5175,
        0.52,
        0.515625,
        0.53875,
        0.52,
        0.53875,
        0.510625,
        0.515,
        0.516875,
        0.524375,
        0.514375,
        0.529375,
        0.478125,
        0.488125,
        0.48,
        0.48875,
        0.50875,
        0.51625
    ]
}