{
    "train_loss": [
        0.5018496610740624,
        0.4806751415576085,
        0.4596437366660869,
        0.4324950471446656,
        0.4036762333373622,
        0.36855388456715804,
        0.339783533411746,
        0.30851764097293416,
        0.28443036552998097,
        0.2617148396715817,
        0.24425857204316867,
        0.22489548906093776,
        0.2078966103162211,
        0.19693400539310263,
        0.18037717825373506,
        0.16549386238070704,
        0.15275137040690326,
        0.13926989684748178,
        0.12374684035243226,
        0.11316614970564842,
        0.10291056024224156,
        0.08984136776445378,
        0.0843868372238029,
        0.07871188426685363,
        0.07141743356933689,
        0.06128516970525062,
        0.0652342963926863,
        0.0538276038731974,
        0.04934268213098518,
        0.05174012345810522,
        0.04559085792792721,
        0.04399783627618805,
        0.04343270246253008,
        0.041851201273344164,
        0.039804225388711485,
        0.03642427960715008,
        0.03372116760456805,
        0.03580225318886967,
        0.03552533180042548,
        0.03255813033550535,
        0.029708710816080248,
        0.030049263424180118,
        0.03177527489606291,
        0.029240082161579427,
        0.029913333522981162,
        0.029472616180722222,
        0.0299986611975652,
        0.026118872387537566,
        0.028185686816940878,
        0.024750371316636884,
        0.024067250574883625,
        0.02613208470186034,
        0.024136927776444373,
        0.02181929757468181,
        0.025577843248023476,
        0.024073946751345245,
        0.024361699178704236,
        0.021314676882731406,
        0.021980535739797656,
        0.023235044158570986
    ],
    "val_loss": [
        0.5123408037424088,
        0.47173878669738767,
        0.5466337004303932,
        0.5831235706806183,
        0.5178937864303589,
        0.5462880197167397,
        0.5635543447732926,
        0.5141132396459579,
        0.48980806410312655,
        0.5001846197247505,
        0.49953244924545287,
        0.4893410870432854,
        0.5160486856102944,
        0.47789293706417085,
        0.48699720814824105,
        0.4766065192222595,
        0.4850136387348175,
        0.474726754873991,
        0.4923321795463562,
        0.47842210382223127,
        0.4622235123813152,
        0.47605984151363373,
        0.4732033459842205,
        0.4646387179195881,
        0.4566964338719845,
        0.4749304176867008,
        0.45572413846850396,
        0.4552020509541035,
        0.46400292083621025,
        0.4573422388732433,
        0.46037485629320146,
        0.4631174276769161,
        0.47380020439624787,
        0.48958524882793425,
        0.44910199761390684,
        0.46239287555217745,
        0.4570332582294941,
        0.4572720991075039,
        0.4557434479892254,
        0.44720181927084923,
        0.45432605043053625,
        0.45846433609724047,
        0.46766618013381955,
        0.4497637166082859,
        0.4532298104465008,
        0.4929162771999836,
        0.4613861399888992,
        0.45440693870186805,
        0.4812321558594704,
        0.4572488796710968,
        0.45272986456751824,
        0.4683271040022373,
        0.45563975393772127,
        0.4504316829144955,
        0.4553127719461918,
        0.46171125635504723,
        0.4503665353357792,
        0.47291569828987123,
        0.47730860829353333,
        0.45526534438133237
    ],
    "val_accuracy": [
        0.465625,
        0.5575,
        0.46,
        0.455,
        0.49875,
        0.48,
        0.4675,
        0.51,
        0.554375,
        0.535625,
        0.5375,
        0.553125,
        0.525,
        0.56,
        0.56125,
        0.55125,
        0.5425,
        0.55,
        0.531875,
        0.545625,
        0.553125,
        0.54125,
        0.53875,
        0.55,
        0.561875,
        0.533125,
        0.5625,
        0.55125,
        0.554375,
        0.54625,
        0.545625,
        0.54625,
        0.53,
        0.515625,
        0.5625,
        0.546875,
        0.546875,
        0.55375,
        0.554375,
        0.560625,
        0.5575,
        0.544375,
        0.535,
        0.555625,
        0.555,
        0.514375,
        0.5425,
        0.55375,
        0.525625,
        0.548125,
        0.544375,
        0.54125,
        0.55875,
        0.5525,
        0.546875,
        0.54375,
        0.555625,
        0.536875,
        0.533125,
        0.54375
    ]
}