{
    "train_loss": [
        0.5016011285531049,
        0.47796678487764727,
        0.45611889391104776,
        0.42945615690902317,
        0.39899804771389114,
        0.36724297414616786,
        0.33818179538639465,
        0.30707364713791574,
        0.2844376517920801,
        0.2613582419840121,
        0.24367439710894728,
        0.22574223198070384,
        0.21065898361329985,
        0.19785083045648172,
        0.18744390704991795,
        0.1704526128026076,
        0.1594661653392238,
        0.1468734306255632,
        0.13611485881933777,
        0.12620636755784992,
        0.11501403533770602,
        0.10566196486464527,
        0.09500363657693608,
        0.08737514027864626,
        0.08107771028045306,
        0.07534917857783782,
        0.06685976784833071,
        0.06141163058588189,
        0.05416064433947132,
        0.051526150116374216,
        0.04784396118115597,
        0.05264419864628021,
        0.045201759611367076,
        0.04460693496546828,
        0.03844774820804965,
        0.03579046298625261,
        0.03608597824603577,
        0.03461435431208793,
        0.03269823208119314,
        0.03418613569626566,
        0.0323436134748419,
        0.0300604113784508,
        0.030161990348415654,
        0.029495896604995585,
        0.02894887773638204,
        0.029121903893952764,
        0.026876587257028954,
        0.02726455584530359,
        0.024233664139888554,
        0.025875242150937307,
        0.02521787261841634,
        0.02636957852086882,
        0.024553845918940213,
        0.02131052188158017,
        0.02190561016841727,
        0.025017465390426357,
        0.024910099902374687,
        0.02017829796624379,
        0.020700305406382253,
        0.020867387475422813,
        0.022613198316591508,
        0.020253945074025725,
        0.02171525984223342,
        0.019943986806700394,
        0.020218165576951302,
        0.020338813903958232
    ],
    "val_loss": [
        0.522280181646347,
        0.48751741021871564,
        0.5134924119710922,
        0.5584958177804947,
        0.490407809317112,
        0.5162541702389717,
        0.5024674415588379,
        0.49455151468515396,
        0.5080271402001381,
        0.5033056679368019,
        0.5038069123029709,
        0.5263968896865845,
        0.4975623834133148,
        0.5068290948867797,
        0.5012474849820137,
        0.5163909783959388,
        0.49822689771652223,
        0.48416650980710985,
        0.499220612347126,
        0.4968698063492775,
        0.4914899954199791,
        0.49961715310811994,
        0.5060549020767212,
        0.4962917611002922,
        0.49734190821647645,
        0.4813994261622429,
        0.49719248041510583,
        0.5036326277256012,
        0.4952583882212639,
        0.4977564984560013,
        0.5065770617127419,
        0.5086134257912636,
        0.49648674443364144,
        0.48387869238853454,
        0.4971899411082268,
        0.519853130877018,
        0.4911578167974949,
        0.4970197835564613,
        0.475438838750124,
        0.5003526036441326,
        0.4895945639908314,
        0.5112027353048325,
        0.5191570183634758,
        0.5058081331849098,
        0.4839795684814453,
        0.45906187891960143,
        0.4842763787508011,
        0.4867575219273567,
        0.48552622318267824,
        0.4849320527911186,
        0.47899656772613525,
        0.4876233358681202,
        0.4899228286743164,
        0.49024836137890815,
        0.49059980928897856,
        0.482430080473423,
        0.4665353897213936,
        0.49191978871822356,
        0.4885495498776436,
        0.4886162731051445,
        0.4793777352571487,
        0.48532837122678757,
        0.4952893167734146,
        0.4857496139407158,
        0.48742730021476743,
        0.508409812450409
    ],
    "val_accuracy": [
        0.44625,
        0.541875,
        0.5025,
        0.456875,
        0.5375,
        0.496875,
        0.51,
        0.526875,
        0.50125,
        0.505,
        0.52375,
        0.511875,
        0.528125,
        0.498125,
        0.51625,
        0.505625,
        0.51625,
        0.5375,
        0.51875,
        0.519375,
        0.526875,
        0.515625,
        0.500625,
        0.515,
        0.51375,
        0.525,
        0.523125,
        0.5125,
        0.51125,
        0.51625,
        0.49125,
        0.499375,
        0.515625,
        0.515625,
        0.505,
        0.494375,
        0.50375,
        0.50125,
        0.52625,
        0.499375,
        0.513125,
        0.49,
        0.4875,
        0.493125,
        0.523125,
        0.5525,
        0.52625,
        0.5175,
        0.519375,
        0.52,
        0.519375,
        0.51625,
        0.5175,
        0.519375,
        0.51375,
        0.52375,
        0.545625,
        0.515625,
        0.520625,
        0.515,
        0.52875,
        0.518125,
        0.503125,
        0.516875,
        0.520625,
        0.5
    ]
}