{
    "train_loss": [
        0.5008392987201119,
        0.47313248270218916,
        0.4485649311785946,
        0.4160487048401691,
        0.38464734998374883,
        0.35620074223099957,
        0.3262499143083644,
        0.29634504180659754,
        0.27515312177267404,
        0.25155106851701986,
        0.23482556736078297,
        0.2198772963394623,
        0.1986639649044759,
        0.19363237724704022,
        0.1793634691137341,
        0.1697469450035455,
        0.16014379265690498,
        0.14763386941302825,
        0.1390667292934907,
        0.1255225441372483,
        0.11625911614461111,
        0.11144000034096956,
        0.10181095395790468,
        0.09304602643115317,
        0.08624683976828093,
        0.07819755799090951,
        0.07944758049913193,
        0.07119996291769687,
        0.0650845115271277,
        0.05738451315717089,
        0.056670527580184954,
        0.05162755898568816,
        0.04822168005330691,
        0.04986647995175001,
        0.043583564249346826,
        0.04238524447923692,
        0.039167054509283,
        0.03839836334740503,
        0.0355486061151997,
        0.03537806922150315,
        0.03710375232207082
    ],
    "val_loss": [
        0.5123996841907501,
        0.49998377352952955,
        0.5042312833666801,
        0.5012848940491677,
        0.532970883846283,
        0.5081992211937905,
        0.5051710158586502,
        0.5016020521521568,
        0.5073233094811439,
        0.5158883795142174,
        0.5813075852394104,
        0.49901054322719574,
        0.5751441290974617,
        0.50827731102705,
        0.5189196744561195,
        0.5090817058086395,
        0.5291080787777901,
        0.5192892634868622,
        0.5157756528258324,
        0.517019005715847,
        0.49066548645496366,
        0.5220408409833908,
        0.5136167114973068,
        0.5314499020576477,
        0.5215191251039505,
        0.5136641046404838,
        0.524722028374672,
        0.5160962292551994,
        0.5125644218921661,
        0.5213895517587662,
        0.5005101704597473,
        0.5251063111424447,
        0.5229683926701546,
        0.5183004468679429,
        0.5221922996640206,
        0.5197405990958214,
        0.5195265221595764,
        0.5180837234854698,
        0.5244826543331146,
        0.49507649809122084,
        0.5031076869368554
    ],
    "val_accuracy": [
        0.47875,
        0.518125,
        0.50625,
        0.521875,
        0.45875,
        0.514375,
        0.531875,
        0.525,
        0.523125,
        0.524375,
        0.465625,
        0.518125,
        0.45125,
        0.518125,
        0.509375,
        0.50125,
        0.49125,
        0.5,
        0.495,
        0.48875,
        0.536875,
        0.488125,
        0.491875,
        0.479375,
        0.476875,
        0.4975,
        0.479375,
        0.491875,
        0.49625,
        0.49,
        0.51,
        0.47875,
        0.485,
        0.483125,
        0.489375,
        0.476875,
        0.49125,
        0.49,
        0.478125,
        0.5225,
        0.51
    ]
}