{
    "train_loss": [
        0.5058998887491698,
        0.47923410971566,
        0.4585738408904855,
        0.43041117017221925,
        0.39891159480972455,
        0.3696303005413254,
        0.33657505075530253,
        0.30652414249385346,
        0.28264832384146676,
        0.2582356836462375,
        0.24096466591673912,
        0.22404019779866874,
        0.20814586589389508,
        0.1890765569532419,
        0.17868754815420893,
        0.1608365727404114,
        0.1471287140548967,
        0.1306723854688946,
        0.11829437497579078,
        0.10701766751688158,
        0.09756704190248015,
        0.08406436899308078,
        0.07843110243338022,
        0.07320934980139505,
        0.06346540317391183,
        0.058747128002566866,
        0.05495489505350147,
        0.05387449932588947,
        0.04581864035946529,
        0.04235821386849932,
        0.04300239673091818,
        0.04486066506400999,
        0.03552539553723787,
        0.03545203315679648,
        0.035500050331050956,
        0.036170509115949566,
        0.03533238533303363,
        0.029783000061887843,
        0.028395804928126975,
        0.03523839633141893,
        0.03219433823637295,
        0.029855282147331994,
        0.028961130108979372,
        0.026626669771227025,
        0.026507663704215152,
        0.0234945643201037,
        0.02612738166175008,
        0.026395735025433548,
        0.025096600319115942
    ],
    "val_loss": [
        0.5058077126741409,
        0.49058059841394425,
        0.4824226629734039,
        0.469619562625885,
        0.5149793493747711,
        0.5082505217194557,
        0.4902505394816399,
        0.48562672376632693,
        0.49333499193191527,
        0.4887229266762734,
        0.4931275796890259,
        0.4953733217716217,
        0.4906508332490921,
        0.47992381662130357,
        0.49221525579690933,
        0.4907847049832344,
        0.49548799127340315,
        0.4804419775307178,
        0.4820277351140976,
        0.4787207642197609,
        0.4916651505231857,
        0.4690074361860752,
        0.47654951870441437,
        0.4490418665111065,
        0.47134290635585785,
        0.4920805136859417,
        0.47972001910209655,
        0.4899921768903732,
        0.4486557897925377,
        0.47011939957737925,
        0.49033359318971637,
        0.4634194917976856,
        0.46259178698062897,
        0.4740337812900543,
        0.46339181751012803,
        0.4728128007054329,
        0.48197010785341265,
        0.4656081077456474,
        0.4811728362739086,
        0.47494671419262885,
        0.4609219327569008,
        0.48954563155770303,
        0.4739930073916912,
        0.46600243747234343,
        0.464127711802721,
        0.4742380040884018,
        0.45883259907364843,
        0.47653023481369017,
        0.4923536343872547
    ],
    "val_accuracy": [
        0.48375,
        0.523125,
        0.544375,
        0.57125,
        0.51125,
        0.521875,
        0.54375,
        0.543125,
        0.54375,
        0.540625,
        0.541875,
        0.523125,
        0.53875,
        0.550625,
        0.525625,
        0.52,
        0.51625,
        0.548125,
        0.54875,
        0.53875,
        0.529375,
        0.54375,
        0.5325,
        0.561875,
        0.541875,
        0.509375,
        0.535,
        0.520625,
        0.561875,
        0.545,
        0.519375,
        0.5425,
        0.545625,
        0.5375,
        0.550625,
        0.539375,
        0.521875,
        0.541875,
        0.531875,
        0.531875,
        0.539375,
        0.523125,
        0.535,
        0.541875,
        0.54,
        0.5275,
        0.555625,
        0.52875,
        0.52125
    ]
}