{
    "train_loss": [
        0.5025472489028874,
        0.4753754027556665,
        0.45057676444844447,
        0.4216507234158787,
        0.39299916315565603,
        0.3574535271318832,
        0.32755585308048396,
        0.3008758133221971,
        0.27389504581616064,
        0.2525121120938865,
        0.23328654470825844,
        0.21417280537362146,
        0.19871225258759637,
        0.18345402578574302,
        0.17079002096658885,
        0.1579140026933781,
        0.14608983182818583,
        0.12786825551734407,
        0.11808994340498259,
        0.10523206361172961,
        0.09716819859533986,
        0.08506966446120624,
        0.09120087772792224,
        0.07294332748509501,
        0.06637797795125458,
        0.05969733689533602,
        0.05950743107973497,
        0.04976182219245019,
        0.04741776463031621,
        0.05049898262403094,
        0.04399445430619993,
        0.04191478228629889,
        0.04061856076563939,
        0.04195788803183022,
        0.036244304832255485,
        0.03676256132750117,
        0.034514700560507795,
        0.03625724523899947,
        0.03439232943196882,
        0.031479649651463666,
        0.032741528530005774,
        0.0301421473205025,
        0.02635550589270724,
        0.030225841776873586,
        0.027973051019828988,
        0.025419708137921437,
        0.026452224114955875,
        0.028492760212889108,
        0.026228219925974596,
        0.027111888807243897,
        0.02640021265551245,
        0.02409344868006019,
        0.024000899697939802,
        0.020528450260736453
    ],
    "val_loss": [
        0.5097876361012459,
        0.5238476556539535,
        0.49508800357580185,
        0.542792229950428,
        0.5089130538702011,
        0.5144328585267067,
        0.48790439069271085,
        0.5127139621973038,
        0.50323457300663,
        0.514627055823803,
        0.49686825782060623,
        0.5108195999264717,
        0.4964761224389076,
        0.5056516233086586,
        0.5076814979314804,
        0.48885690748691557,
        0.5155974161624909,
        0.47874495074152945,
        0.5236317688226699,
        0.48842434972524645,
        0.4810120311379433,
        0.5009765401482582,
        0.4804435616731644,
        0.48807922035455703,
        0.5033905804157257,
        0.5304192450642585,
        0.5150704205036163,
        0.5173600998520851,
        0.489756381213665,
        0.5235641278326512,
        0.5042332816123962,
        0.4747412785887718,
        0.5014706221222878,
        0.46769756376743316,
        0.4875023639202118,
        0.5198531015217305,
        0.4753352764248848,
        0.4861747485399246,
        0.49868588119745255,
        0.49894637018442156,
        0.4950812619924545,
        0.5044105695188046,
        0.48503566682338717,
        0.5023085656762123,
        0.5039579939842224,
        0.5272996789216995,
        0.512755638062954,
        0.48185978680849073,
        0.514651108533144,
        0.48726528629660604,
        0.5027709445357322,
        0.4812855225801468,
        0.5010155138373374,
        0.47698335513472556
    ],
    "val_accuracy": [
        0.469375,
        0.464375,
        0.525,
        0.485625,
        0.50125,
        0.4925,
        0.546875,
        0.508125,
        0.52,
        0.508125,
        0.5325,
        0.515625,
        0.531875,
        0.518125,
        0.516875,
        0.539375,
        0.50125,
        0.5575,
        0.496875,
        0.52625,
        0.525,
        0.51125,
        0.52625,
        0.521875,
        0.505625,
        0.475,
        0.50375,
        0.493125,
        0.513125,
        0.479375,
        0.49625,
        0.54,
        0.50625,
        0.54375,
        0.515625,
        0.485625,
        0.53625,
        0.5225,
        0.50375,
        0.504375,
        0.505625,
        0.504375,
        0.516875,
        0.500625,
        0.491875,
        0.475,
        0.49125,
        0.51875,
        0.491875,
        0.52375,
        0.50375,
        0.52125,
        0.50375,
        0.525
    ]
}