{
    "train_loss": [
        0.5025960836965259,
        0.48142155894253513,
        0.46090980873692156,
        0.43703728383130364,
        0.4054903222045096,
        0.3745752553649173,
        0.34423011183591173,
        0.31367428835001915,
        0.2876343698342248,
        0.2636559200611445,
        0.24230655045755725,
        0.22434588921911056,
        0.20669380564353254,
        0.19407315063520825,
        0.1764543544371972,
        0.16624665334083066,
        0.15203683211993757,
        0.1432018312625587,
        0.12843808317833608,
        0.1208983993498922,
        0.11445359933641877,
        0.1015582430259426,
        0.09351141338633133,
        0.09237714459206725,
        0.0793801770697689,
        0.07629769951529285,
        0.07196471234091954,
        0.06273039201007105,
        0.05704014814495671,
        0.05776727455437626,
        0.05584476982464663,
        0.049203681477142665,
        0.04766395642182393,
        0.04446555465796391,
        0.04167152436261093,
        0.041034957050521036,
        0.03948134306984225,
        0.04067187985787998,
        0.038908602076232215,
        0.03256801104445084,
        0.0343465031756291,
        0.0345913459809663,
        0.02978513831224311,
        0.029382658134546536,
        0.032279848965982176,
        0.029571808836570398,
        0.027659481438568397,
        0.029462757294462755,
        0.026714117652367763,
        0.027930507925108518,
        0.029374741208001896,
        0.024858768923337212,
        0.023852528289587487,
        0.024149276098895743,
        0.026079717988383468,
        0.025236595412232166,
        0.02335406162275813,
        0.023776589861683694,
        0.02253546645417625,
        0.02263614023450098,
        0.022089522311205763,
        0.020864975142481708,
        0.019789008184515934,
        0.02110896378497381,
        0.022357588093889196,
        0.02070535784979157,
        0.02025758196648192,
        0.019500251797760958,
        0.01870519369448729,
        0.020245347946587177,
        0.018625282367234958,
        0.017673985656848787,
        0.017213793103191263
    ],
    "val_loss": [
        0.5492320144176484,
        0.4859493404626846,
        0.502102989256382,
        0.5090123674273491,
        0.4882952082157135,
        0.4908840921521187,
        0.5434163817763329,
        0.5164435270428658,
        0.5101069450378418,
        0.5031047496199608,
        0.511705778837204,
        0.4923244380950928,
        0.5011520048975945,
        0.5480178147554398,
        0.5286038494110108,
        0.5126639452576637,
        0.5158430695533752,
        0.49948189079761507,
        0.4920261925458908,
        0.4811606554687023,
        0.48213952615857125,
        0.5274139669537544,
        0.49490532130002973,
        0.5000183889269829,
        0.4923136729001999,
        0.5139240270853043,
        0.5277260500192642,
        0.49562111020088195,
        0.513575631082058,
        0.5244578176736832,
        0.5015699523687362,
        0.46399146765470506,
        0.46225112065672874,
        0.48518615901470186,
        0.48514888644218446,
        0.4856978124380112,
        0.5077696779370308,
        0.4988416261970997,
        0.4578412301838398,
        0.4744530791044235,
        0.48860990032553675,
        0.4827523189783096,
        0.49150893330574036,
        0.5046759396791458,
        0.4627710658311844,
        0.4620552062988281,
        0.48779672354459763,
        0.49425179839134215,
        0.47609830141067505,
        0.4706788805127144,
        0.47711946815252304,
        0.5047876390814782,
        0.4558191293478012,
        0.5006185972690582,
        0.4619725885987282,
        0.4642136439681053,
        0.4731056678295136,
        0.4669542422890663,
        0.48661957651376725,
        0.49858892619609835,
        0.4737094309926033,
        0.4888526180386543,
        0.4868334178626537,
        0.4796227836608887,
        0.4878071939945221,
        0.4601819360256195,
        0.4682617796957493,
        0.4765461255609989,
        0.4949041660130024,
        0.45876865208148954,
        0.460126046538353,
        0.456382594704628,
        0.4581920903921127
    ],
    "val_accuracy": [
        0.421875,
        0.53875,
        0.508125,
        0.4975,
        0.533125,
        0.5425,
        0.481875,
        0.5025,
        0.5125,
        0.5175,
        0.501875,
        0.54375,
        0.525625,
        0.469375,
        0.485,
        0.5175,
        0.495625,
        0.53,
        0.523125,
        0.54875,
        0.5325,
        0.490625,
        0.5225,
        0.50625,
        0.523125,
        0.500625,
        0.48125,
        0.518125,
        0.505625,
        0.486875,
        0.505625,
        0.550625,
        0.553125,
        0.521875,
        0.523125,
        0.525625,
        0.501875,
        0.52125,
        0.5525,
        0.541875,
        0.52125,
        0.52125,
        0.519375,
        0.50875,
        0.54625,
        0.545625,
        0.5225,
        0.5075,
        0.5275,
        0.535,
        0.53,
        0.51375,
        0.553125,
        0.5075,
        0.544375,
        0.53625,
        0.536875,
        0.550625,
        0.518125,
        0.509375,
        0.52625,
        0.520625,
        0.519375,
        0.525625,
        0.521875,
        0.543125,
        0.530625,
        0.529375,
        0.51625,
        0.54625,
        0.545,
        0.55625,
        0.541875
    ]
}