{
    "train_loss": [
        0.5043648651035706,
        0.48053343756364125,
        0.4553902186268922,
        0.42553666204509166,
        0.39177745560386984,
        0.3600373263701354,
        0.32635154265283356,
        0.29803025648735537,
        0.2709061881656399,
        0.24804868501159225,
        0.2302514763438318,
        0.21262849460697114,
        0.20365989253404412,
        0.1862107068115827,
        0.17640213686788436,
        0.1684752631434562,
        0.15551462379459402,
        0.142805738439138,
        0.13478193696274762,
        0.12700420107212987,
        0.11674836646802354
    ],
    "val_loss": [
        0.45692161977291107,
        0.5061458122730255,
        0.5263529020547867,
        0.5150992688536644,
        0.4695688137412071,
        0.5330383712053299,
        0.5571430748701096,
        0.4881878173351288,
        0.5022724172472954,
        0.5008582943677902,
        0.5064145901799202,
        0.5413780412077904,
        0.4908728662133217,
        0.5317973655462265,
        0.49817577719688416,
        0.5205102974176407,
        0.5001128032803536,
        0.5440382662415505,
        0.48808678060770033,
        0.48788076639175415,
        0.5211082920432091
    ],
    "val_accuracy": [
        0.571875,
        0.49,
        0.4775,
        0.5125,
        0.568125,
        0.489375,
        0.478125,
        0.541875,
        0.5225,
        0.524375,
        0.524375,
        0.488125,
        0.529375,
        0.484375,
        0.52875,
        0.50375,
        0.513125,
        0.459375,
        0.521875,
        0.521875,
        0.48875
    ]
}