{
    "0": {
        "precision": 0.44680851063829785,
        "recall": 0.061764705882352944,
        "f1-score": 0.10852713178294573,
        "support": 340.0
    },
    "1": {
        "precision": 0.5763612217795485,
        "recall": 0.9434782608695652,
        "f1-score": 0.7155812036273702,
        "support": 460.0
    },
    "accuracy": 0.56875,
    "macro avg": {
        "precision": 0.5115848662089232,
        "recall": 0.502621483375959,
        "f1-score": 0.41205416770515796,
        "support": 800.0
    },
    "weighted avg": {
        "precision": 0.521301319544517,
        "recall": 0.56875,
        "f1-score": 0.4575832230934898,
        "support": 800.0
    }
}