{
    "0": {
        "precision": 0.43636363636363634,
        "recall": 0.49411764705882355,
        "f1-score": 0.463448275862069,
        "support": 340.0
    },
    "1": {
        "precision": 0.5855421686746988,
        "recall": 0.5282608695652173,
        "f1-score": 0.5554285714285714,
        "support": 460.0
    },
    "accuracy": 0.51375,
    "macro avg": {
        "precision": 0.5109529025191676,
        "recall": 0.5111892583120204,
        "f1-score": 0.5094384236453202,
        "support": 800.0
    },
    "weighted avg": {
        "precision": 0.5221412924424972,
        "recall": 0.51375,
        "f1-score": 0.516336945812808,
        "support": 800.0
    }
}