{
    "0": {
        "precision": 0.5051020408163265,
        "recall": 0.2911764705882353,
        "f1-score": 0.3694029850746269,
        "support": 340.0
    },
    "1": {
        "precision": 0.6009933774834437,
        "recall": 0.7891304347826087,
        "f1-score": 0.6823308270676691,
        "support": 460.0
    },
    "accuracy": 0.5775,
    "macro avg": {
        "precision": 0.5530477091498851,
        "recall": 0.540153452685422,
        "f1-score": 0.525866906071148,
        "support": 800.0
    },
    "weighted avg": {
        "precision": 0.560239559399919,
        "recall": 0.5775,
        "f1-score": 0.5493364942206261,
        "support": 800.0
    }
}