{
    "0": {
        "precision": 0.42857142857142855,
        "recall": 0.35294117647058826,
        "f1-score": 0.3870967741935484,
        "support": 340.0
    },
    "1": {
        "precision": 0.5769230769230769,
        "recall": 0.6521739130434783,
        "f1-score": 0.6122448979591837,
        "support": 460.0
    },
    "accuracy": 0.525,
    "macro avg": {
        "precision": 0.5027472527472527,
        "recall": 0.5025575447570333,
        "f1-score": 0.49967083607636603,
        "support": 800.0
    },
    "weighted avg": {
        "precision": 0.5138736263736263,
        "recall": 0.525,
        "f1-score": 0.5165569453587886,
        "support": 800.0
    }
}