{
    "0": {
        "precision": 0.39285714285714285,
        "recall": 0.2911764705882353,
        "f1-score": 0.3344594594594595,
        "support": 340.0
    },
    "1": {
        "precision": 0.5602189781021898,
        "recall": 0.6673913043478261,
        "f1-score": 0.6091269841269841,
        "support": 460.0
    },
    "accuracy": 0.5075,
    "macro avg": {
        "precision": 0.4765380604796663,
        "recall": 0.47928388746803074,
        "f1-score": 0.4717932217932218,
        "support": 800.0
    },
    "weighted avg": {
        "precision": 0.4890901981230449,
        "recall": 0.5075,
        "f1-score": 0.49239328614328615,
        "support": 800.0
    }
}