{
    "train_loss": [
        0.5348946725975317,
        0.5041459227411524,
        0.49952183405984235,
        0.4914774661498632,
        0.4806151124912601,
        0.4749501834967235,
        0.4743842394027009,
        0.46645901816544816,
        0.4637498372272912,
        0.45930218810691953,
        0.4584175719784011,
        0.4544571283491611,
        0.4541472906723139,
        0.45090944241236036,
        0.4490142050234866,
        0.44700299429309315,
        0.44374903963499374,
        0.4434764943845787,
        0.4427646304071406,
        0.44006613937490385,
        0.441088073971078,
        0.4380671241381997,
        0.436644160501077,
        0.43587526688166817,
        0.4346799389965501,
        0.4341421371032049,
        0.4337053630746342,
        0.43258800107706197,
        0.42938794827753335,
        0.4305827871854966,
        0.43129354012505383,
        0.42976017045299275,
        0.4273777064192715,
        0.4287456476898325,
        0.4264318906968805,
        0.42632438614393997,
        0.42364674968613597,
        0.42663250411725157,
        0.42419889060406735,
        0.42395896009336387,
        0.42440734071169295,
        0.4207004757560961,
        0.4205161158742802,
        0.4213137782961815,
        0.42319744930333053,
        0.42063617085607274,
        0.41811783073233244,
        0.4191446578155798,
        0.4182000188969909,
        0.4177140602428369,
        0.41846525678225716,
        0.41838638133057043,
        0.4161878584857009,
        0.4170480099653577,
        0.4160918952129884,
        0.4176816435539339,
        0.41663580724418986,
        0.41410797126990545
    ],
    "val_loss": [
        0.5017183116078376,
        0.4990105649828911,
        0.49227922171354294,
        0.4884572532773018,
        0.48641552954912187,
        0.47585285663604737,
        0.47287008970975875,
        0.47362706929445264,
        0.4734128013253212,
        0.46616302102804186,
        0.464693900346756,
        0.4615502858161926,
        0.4582497555017471,
        0.455273334980011,
        0.45574276298284533,
        0.4553168725967407,
        0.45723907321691515,
        0.4573403149843216,
        0.45535901576280596,
        0.4547585606575012,
        0.454566185772419,
        0.45823820173740387,
        0.4563948303461075,
        0.45497980386018755,
        0.45415499806404114,
        0.4560440403223038,
        0.4586983293294907,
        0.4573909041285515,
        0.4547898745536804,
        0.4565127757191658,
        0.4593476474285126,
        0.4583659522235394,
        0.45818777441978453,
        0.45893471091985705,
        0.45448541313409807,
        0.4593524026870728,
        0.46076522916555407,
        0.4502652484178543,
        0.4536288642883301,
        0.4555144575238228,
        0.4633287912607193,
        0.46616388246417045,
        0.46883452966809275,
        0.4519478765130043,
        0.4608389216661453,
        0.46257879987359046,
        0.4533198645710945,
        0.46116342648863795,
        0.46361462816596033,
        0.46445720791816714,
        0.4516895531117916,
        0.46035452008247374,
        0.45516629189252855,
        0.45068416446447374,
        0.4582634662091732,
        0.4569724574685097,
        0.4578994706273079,
        0.4683571897447109
    ],
    "val_accuracy": [
        0.513125,
        0.525,
        0.540625,
        0.549375,
        0.56,
        0.5675,
        0.568125,
        0.5525,
        0.566875,
        0.556875,
        0.5675,
        0.570625,
        0.5825,
        0.56875,
        0.581875,
        0.575625,
        0.56125,
        0.5375,
        0.53625,
        0.535,
        0.550625,
        0.535625,
        0.535625,
        0.538125,
        0.555625,
        0.539375,
        0.534375,
        0.530625,
        0.544375,
        0.539375,
        0.539375,
        0.55125,
        0.554375,
        0.554375,
        0.546875,
        0.54375,
        0.543125,
        0.565,
        0.56625,
        0.579375,
        0.55125,
        0.56625,
        0.5575,
        0.565,
        0.5625,
        0.56625,
        0.570625,
        0.576875,
        0.57,
        0.59625,
        0.59875,
        0.591875,
        0.599375,
        0.6,
        0.595625,
        0.605,
        0.615,
        0.60125
    ]
}