{
    "train_loss": [
        0.5573833244436831,
        0.5123556023286342,
        0.49861498048329944,
        0.4903210016242931,
        0.4815706425669602,
        0.47406467415752385,
        0.471211416785923,
        0.46223679128188866,
        0.460485107814934,
        0.4542962252482837,
        0.45225523462407236,
        0.4479667334919618,
        0.44814306707019164,
        0.44297083383248803,
        0.4449449526268776,
        0.4397604607732893,
        0.44119736146438177,
        0.43944947862258593,
        0.43825581233463035,
        0.43695058532899156,
        0.4340189191380497,
        0.43503339826449816,
        0.4282289845091707,
        0.43022702361619314,
        0.4276527876298913,
        0.4278138208790719,
        0.4291829166178473,
        0.42756599464929645,
        0.4263625546395342,
        0.4239964497604272,
        0.42508026547348166,
        0.4220577157695681,
        0.4235603694598113,
        0.4231085961420051,
        0.42322064877254545,
        0.4207174518359702,
        0.4191268529759319,
        0.41683648808110685,
        0.4155089795414909,
        0.4160620486622848,
        0.4167430859010007,
        0.415606289011144
    ],
    "val_loss": [
        0.5235745611786843,
        0.5144367033243179,
        0.5078848898410797,
        0.5019567799568176,
        0.4952693337202072,
        0.487153040766716,
        0.48244415879249575,
        0.47569126933813094,
        0.4723149663209915,
        0.4731390905380249,
        0.46941119253635405,
        0.46421593755483626,
        0.46463303208351137,
        0.46230644911527635,
        0.46267224609851837,
        0.4678091314435005,
        0.4627850702404976,
        0.464955567419529,
        0.46379613935947417,
        0.45971578389406204,
        0.4556387734413147,
        0.4539324051141739,
        0.4618132171034813,
        0.4589755153656006,
        0.4618655741214752,
        0.46455191433429716,
        0.4653840234875679,
        0.46324567586183546,
        0.4547491890192032,
        0.4571273726224899,
        0.4593526610732079,
        0.45687190145254136,
        0.4588779905438423,
        0.46156180202960967,
        0.46257381021976474,
        0.45865030974149706,
        0.4627415242791176,
        0.46805049866437914,
        0.4664169439673424,
        0.4662667927145958,
        0.4678515326976776,
        0.4660548096895218
    ],
    "val_accuracy": [
        0.468125,
        0.481875,
        0.51125,
        0.53625,
        0.559375,
        0.56875,
        0.569375,
        0.575,
        0.575625,
        0.5775,
        0.57625,
        0.575625,
        0.576875,
        0.576875,
        0.576875,
        0.574375,
        0.575,
        0.574375,
        0.57375,
        0.575,
        0.575,
        0.575625,
        0.575625,
        0.575625,
        0.575625,
        0.57625,
        0.575625,
        0.57625,
        0.5775,
        0.576875,
        0.57625,
        0.5775,
        0.575,
        0.575625,
        0.5775,
        0.57625,
        0.5775,
        0.574375,
        0.575625,
        0.575625,
        0.57375,
        0.5725
    ]
}