{
    "train_loss": [
        0.5253370387272702,
        0.5104833955566088,
        0.5031641400522656,
        0.49687040684123834,
        0.49059451789491704,
        0.48329346001976065,
        0.480701163618101,
        0.4751950812836488,
        0.46812695587674774,
        0.46642276764743856,
        0.4621445575522052,
        0.4578582179215219,
        0.45425789381066956,
        0.45093908636934227,
        0.4483181747918328,
        0.44590735133323406,
        0.44475034007595643,
        0.4426090242755082,
        0.44449296010037265,
        0.4415502071587576,
        0.4391254831312431,
        0.439032119512558,
        0.43542192661099965,
        0.43569383699860836,
        0.4344468283570475,
        0.4356743068330818,
        0.4340525708678696,
        0.43382555428478453,
        0.43068693329890567
    ],
    "val_loss": [
        0.49726149886846543,
        0.48756270557641984,
        0.4941879200935364,
        0.4855218327045441,
        0.48649338096380235,
        0.4565730193257332,
        0.44170424580574036,
        0.4342234325408936,
        0.4142548820376396,
        0.41731597900390627,
        0.4289554500579834,
        0.43084501594305036,
        0.4331038552522659,
        0.43565248131752016,
        0.4275102910399437,
        0.42954464584589,
        0.4359240698814392,
        0.4288203951716423,
        0.4257398024201393,
        0.43025094747543335,
        0.4283378481864929,
        0.4313292643427849,
        0.43126668214797975,
        0.4301379445195198,
        0.4259305074810982,
        0.41935465693473817,
        0.42796881288290023,
        0.4152440184354782,
        0.4158378803730011
    ],
    "val_accuracy": [
        0.51375,
        0.561875,
        0.5425,
        0.586875,
        0.583125,
        0.67125,
        0.678125,
        0.6775,
        0.69625,
        0.688125,
        0.6775,
        0.671875,
        0.67125,
        0.67,
        0.68125,
        0.674375,
        0.663125,
        0.679375,
        0.674375,
        0.67125,
        0.67875,
        0.6775,
        0.665625,
        0.6675,
        0.68375,
        0.67375,
        0.665,
        0.681875,
        0.6825
    ]
}