{
    "0": {
        "precision": 0.4444444444444444,
        "recall": 0.07142857142857142,
        "f1-score": 0.12307692307692308,
        "support": 280.0
    },
    "1": {
        "precision": 0.6556291390728477,
        "recall": 0.9519230769230769,
        "f1-score": 0.7764705882352941,
        "support": 520.0
    },
    "accuracy": 0.64375,
    "macro avg": {
        "precision": 0.5500367917586461,
        "recall": 0.5116758241758241,
        "f1-score": 0.4497737556561086,
        "support": 800.0
    },
    "weighted avg": {
        "precision": 0.5817144959529066,
        "recall": 0.64375,
        "f1-score": 0.5477828054298642,
        "support": 800.0
    }
}