{
    "0": {
        "precision": 0.30844155844155846,
        "recall": 0.3958333333333333,
        "f1-score": 0.3467153284671533,
        "support": 240.0
    },
    "1": {
        "precision": 0.7052845528455285,
        "recall": 0.6196428571428572,
        "f1-score": 0.6596958174904943,
        "support": 560.0
    },
    "accuracy": 0.5525,
    "macro avg": {
        "precision": 0.5068630556435435,
        "recall": 0.5077380952380952,
        "f1-score": 0.5032055729788238,
        "support": 800.0
    },
    "weighted avg": {
        "precision": 0.5862316545243376,
        "recall": 0.5525,
        "f1-score": 0.565801670783492,
        "support": 800.0
    }
}