{
    "0": {
        "precision": 0.4818181818181818,
        "recall": 0.17666666666666667,
        "f1-score": 0.25853658536585367,
        "support": 300.0
    },
    "1": {
        "precision": 0.6420289855072464,
        "recall": 0.886,
        "f1-score": 0.7445378151260504,
        "support": 500.0
    },
    "accuracy": 0.62,
    "macro avg": {
        "precision": 0.5619235836627141,
        "recall": 0.5313333333333333,
        "f1-score": 0.501537200245952,
        "support": 800.0
    },
    "weighted avg": {
        "precision": 0.5819499341238472,
        "recall": 0.62,
        "f1-score": 0.5622873539659766,
        "support": 800.0
    }
}