{
    "0": {
        "precision": 1.0,
        "recall": 0.020967741935483872,
        "f1-score": 0.04107424960505529,
        "support": 620.0
    },
    "1": {
        "precision": 0.22871664548919948,
        "recall": 1.0,
        "f1-score": 0.37228541882109617,
        "support": 180.0
    },
    "accuracy": 0.24125,
    "macro avg": {
        "precision": 0.6143583227445998,
        "recall": 0.510483870967742,
        "f1-score": 0.20667983421307573,
        "support": 800.0
    },
    "weighted avg": {
        "precision": 0.8264612452350698,
        "recall": 0.24125,
        "f1-score": 0.1155967626786645,
        "support": 800.0
    }
}