{
    "0": {
        "precision": 0.15121951219512195,
        "recall": 0.31,
        "f1-score": 0.20327868852459016,
        "support": 100.0
    },
    "1": {
        "precision": 0.8840336134453781,
        "recall": 0.7514285714285714,
        "f1-score": 0.8123552123552124,
        "support": 700.0
    },
    "accuracy": 0.69625,
    "macro avg": {
        "precision": 0.51762656282025,
        "recall": 0.5307142857142857,
        "f1-score": 0.5078169504399013,
        "support": 800.0
    },
    "weighted avg": {
        "precision": 0.7924318507890961,
        "recall": 0.69625,
        "f1-score": 0.7362206468763846,
        "support": 800.0
    }
}