{
    "0": {
        "precision": 0.26666666666666666,
        "recall": 0.09333333333333334,
        "f1-score": 0.1382716049382716,
        "support": 300.0
    },
    "1": {
        "precision": 0.6086330935251798,
        "recall": 0.846,
        "f1-score": 0.7079497907949791,
        "support": 500.0
    },
    "accuracy": 0.56375,
    "macro avg": {
        "precision": 0.4376498800959232,
        "recall": 0.4696666666666667,
        "f1-score": 0.42311069786662536,
        "support": 800.0
    },
    "weighted avg": {
        "precision": 0.48039568345323735,
        "recall": 0.56375,
        "f1-score": 0.49432047109871374,
        "support": 800.0
    }
}