{
    "0": {
        "precision": 0.5415282392026578,
        "recall": 0.3880952380952381,
        "f1-score": 0.4521497919556172,
        "support": 420.0
    },
    "1": {
        "precision": 0.4849699398797595,
        "recall": 0.6368421052631579,
        "f1-score": 0.5506257110352674,
        "support": 380.0
    },
    "accuracy": 0.50625,
    "macro avg": {
        "precision": 0.5132490895412086,
        "recall": 0.512468671679198,
        "f1-score": 0.5013877514954423,
        "support": 800.0
    },
    "weighted avg": {
        "precision": 0.514663047024281,
        "recall": 0.50625,
        "f1-score": 0.498925853518451,
        "support": 800.0
    }
}