{
    "0": {
        "precision": 0.5838509316770186,
        "recall": 0.42727272727272725,
        "f1-score": 0.49343832020997375,
        "support": 440.0
    },
    "1": {
        "precision": 0.47280334728033474,
        "recall": 0.6277777777777778,
        "f1-score": 0.5393794749403341,
        "support": 360.0
    },
    "accuracy": 0.5175,
    "macro avg": {
        "precision": 0.5283271394786767,
        "recall": 0.5275252525252525,
        "f1-score": 0.516408897575154,
        "support": 800.0
    },
    "weighted avg": {
        "precision": 0.5338795186985109,
        "recall": 0.5175,
        "f1-score": 0.514111839838636,
        "support": 800.0
    }
}