{
    "0": {
        "precision": 0.5,
        "recall": 0.03529411764705882,
        "f1-score": 0.06593406593406594,
        "support": 340.0
    },
    "1": {
        "precision": 0.5773195876288659,
        "recall": 0.9739130434782609,
        "f1-score": 0.7249190938511327,
        "support": 460.0
    },
    "accuracy": 0.575,
    "macro avg": {
        "precision": 0.538659793814433,
        "recall": 0.5046035805626599,
        "f1-score": 0.39542657989259933,
        "support": 800.0
    },
    "weighted avg": {
        "precision": 0.5444587628865979,
        "recall": 0.575,
        "f1-score": 0.4448504569863793,
        "support": 800.0
    }
}