{
    "0": {
        "precision": 0.4652317880794702,
        "recall": 0.42065868263473055,
        "f1-score": 0.4418238993710692,
        "support": 1336.0
    },
    "1": {
        "precision": 0.6652249134948097,
        "recall": 0.7042124542124543,
        "f1-score": 0.6841637010676157,
        "support": 2184.0
    },
    "accuracy": 0.5965909090909091,
    "macro avg": {
        "precision": 0.56522835078714,
        "recall": 0.5624355684235924,
        "f1-score": 0.5629938002193424,
        "support": 3520.0
    },
    "weighted avg": {
        "precision": 0.5893184318030785,
        "recall": 0.5965909090909091,
        "f1-score": 0.5921847308782446,
        "support": 3520.0
    }
}