{
    "0": {
        "precision": 0.4756554307116105,
        "recall": 0.19011976047904192,
        "f1-score": 0.2716577540106952,
        "support": 1336.0
    },
    "1": {
        "precision": 0.6376423308774279,
        "recall": 0.8717948717948718,
        "f1-score": 0.7365570599613153,
        "support": 2184.0
    },
    "accuracy": 0.6130681818181818,
    "macro avg": {
        "precision": 0.5566488807945192,
        "recall": 0.5309573161369568,
        "f1-score": 0.5041074069860052,
        "support": 3520.0
    },
    "weighted avg": {
        "precision": 0.5761609392235836,
        "recall": 0.6130681818181818,
        "f1-score": 0.5601066415664209,
        "support": 3520.0
    }
}