{
    "0": {
        "precision": 0.5422740524781341,
        "recall": 0.48217757615035645,
        "f1-score": 0.5104631217838765,
        "support": 1543.0
    },
    "1": {
        "precision": 0.5551224944320713,
        "recall": 0.6135384615384616,
        "f1-score": 0.5828705057000877,
        "support": 1625.0
    },
    "accuracy": 0.5495580808080808,
    "macro avg": {
        "precision": 0.5486982734551027,
        "recall": 0.547858018844409,
        "f1-score": 0.5466668137419821,
        "support": 3168.0
    },
    "weighted avg": {
        "precision": 0.5488645569526126,
        "recall": 0.5495580808080808,
        "f1-score": 0.547603904253524,
        "support": 3168.0
    }
}