{
    "0": {
        "precision": 0.5611610228058052,
        "recall": 0.509090909090909,
        "f1-score": 0.5338593030900723,
        "support": 1595.0
    },
    "1": {
        "precision": 0.5450319581638582,
        "recall": 0.59631277813096,
        "f1-score": 0.5695203400121432,
        "support": 1573.0
    },
    "accuracy": 0.55239898989899,
    "macro avg": {
        "precision": 0.5530964904848317,
        "recall": 0.5527018436109346,
        "f1-score": 0.5516898215511078,
        "support": 3168.0
    },
    "weighted avg": {
        "precision": 0.5531524941815051,
        "recall": 0.55239898989899,
        "f1-score": 0.5515659985062396,
        "support": 3168.0
    }
}