{
    "0": {
        "precision": 0.25,
        "recall": 0.0023148148148148147,
        "f1-score": 0.0045871559633027525,
        "support": 432.0
    },
    "1": {
        "precision": 0.662754303599374,
        "recall": 0.9964705882352941,
        "f1-score": 0.7960526315789473,
        "support": 850.0
    },
    "accuracy": 0.6614664586583463,
    "macro avg": {
        "precision": 0.456377151799687,
        "recall": 0.49939270152505444,
        "f1-score": 0.40031989377112503,
        "support": 1282.0
    },
    "weighted avg": {
        "precision": 0.5236670499683838,
        "recall": 0.6614664586583463,
        "f1-score": 0.5293497568005086,
        "support": 1282.0
    }
}