{
    "0": {
        "precision": 0.0,
        "recall": 0.0,
        "f1-score": 0.0,
        "support": 432.0
    },
    "1": {
        "precision": 0.6622361219702892,
        "recall": 0.9976442873969376,
        "f1-score": 0.7960526315789473,
        "support": 849.0
    },
    "accuracy": 0.6612021857923497,
    "macro avg": {
        "precision": 0.3311180609851446,
        "recall": 0.4988221436984688,
        "f1-score": 0.3980263157894737,
        "support": 1281.0
    },
    "weighted avg": {
        "precision": 0.4389059075353439,
        "recall": 0.6612021857923497,
        "f1-score": 0.5275946012572414,
        "support": 1281.0
    }
}