{
    "0.0": {
        "precision": 0.3255269320843091,
        "recall": 1.0,
        "f1-score": 0.4911660777385159,
        "support": 417.0
    },
    "1.0": {
        "precision": 0.0,
        "recall": 0.0,
        "f1-score": 0.0,
        "support": 432.0
    },
    "2.0": {
        "precision": 0.0,
        "recall": 0.0,
        "f1-score": 0.0,
        "support": 432.0
    },
    "accuracy": 0.3255269320843091,
    "macro avg": {
        "precision": 0.10850897736143637,
        "recall": 0.3333333333333333,
        "f1-score": 0.16372202591283863,
        "support": 1281.0
    },
    "weighted avg": {
        "precision": 0.1059677835122224,
        "recall": 0.3255269320843091,
        "f1-score": 0.15988778643010237,
        "support": 1281.0
    }
}