{
    "0.0": {
        "precision": 0.0,
        "recall": 0.0,
        "f1-score": 0.0,
        "support": 418.0
    },
    "1.0": {
        "precision": 0.3369734789391576,
        "recall": 1.0,
        "f1-score": 0.5040840140023337,
        "support": 432.0
    },
    "2.0": {
        "precision": 0.0,
        "recall": 0.0,
        "f1-score": 0.0,
        "support": 432.0
    },
    "accuracy": 0.3369734789391576,
    "macro avg": {
        "precision": 0.11232449297971919,
        "recall": 0.3333333333333333,
        "f1-score": 0.16802800466744458,
        "support": 1282.0
    },
    "weighted avg": {
        "precision": 0.11355112550835887,
        "recall": 0.3369734789391576,
        "f1-score": 0.16986294387598141,
        "support": 1282.0
    }
}