{
    "train_loss": [
        0.5179941864166371,
        0.4882526908725977,
        0.47411585791142224,
        0.4595845757700297,
        0.4462450378760153,
        0.43286597880560584,
        0.42104848577292553,
        0.4033823380520597,
        0.3845405145026364,
        0.3696734508746229,
        0.353361134619345,
        0.34227871851456043,
        0.3361232706075846,
        0.33017388182479396,
        0.3252664979498459,
        0.3197376824579211,
        0.318251282166489,
        0.31100253983139126,
        0.3107827498077305,
        0.30378487503923357,
        0.2973622321876463,
        0.29401546583837646,
        0.2945610873260179,
        0.29298806371061564,
        0.29217577254429483,
        0.28983163986262883,
        0.2999775722579491,
        0.2864267079205709,
        0.2845981623218266,
        0.2881392284324921,
        0.29019821646421323,
        0.2808972811963534,
        0.28523468163292826,
        0.2821948576564026,
        0.29302039401391533,
        0.27886448799885993,
        0.27672918631357657,
        0.2799472635058792,
        0.27655906501338645,
        0.2791675738610728,
        0.2839820147742784
    ],
    "val_loss": [
        0.5377092684016508,
        0.5258682268507341,
        0.5182356501326841,
        0.5059645260081572,
        0.49783330524668973,
        0.49815207982764526,
        0.5007732973379247,
        0.4891229433171889,
        0.5124921725076788,
        0.5114477217197418,
        0.5039316265022054,
        0.4978737881954978,
        0.5060142226078931,
        0.49195481714080364,
        0.516273596181589,
        0.49482857865445756,
        0.5044759057900485,
        0.5081599063733044,
        0.49590580971801984,
        0.4912580551470027,
        0.4886882212232141,
        0.5209752314230975,
        0.5001678961164812,
        0.5012266167823006,
        0.5011972239788841,
        0.49684914806309866,
        0.5046955445233513,
        0.5012179216917824,
        0.498275043333278,
        0.4947764195063535,
        0.5035631183315726,
        0.51372869645848,
        0.5183492204722236,
        0.5018468951477724,
        0.5154163740137044,
        0.49340009128346163,
        0.5022646779523177,
        0.5096160126083037,
        0.5049421260462088,
        0.4947201465859133,
        0.5056772558128133
    ],
    "val_accuracy": [
        0.4279411764705882,
        0.44632352941176473,
        0.46397058823529413,
        0.49117647058823527,
        0.5308823529411765,
        0.525,
        0.5058823529411764,
        0.5286764705882353,
        0.5022058823529412,
        0.4970588235294118,
        0.5095588235294117,
        0.5198529411764706,
        0.4985294117647059,
        0.5227941176470589,
        0.49779411764705883,
        0.5161764705882353,
        0.5051470588235294,
        0.5014705882352941,
        0.5102941176470588,
        0.5176470588235295,
        0.5205882352941177,
        0.48676470588235293,
        0.5058823529411764,
        0.5095588235294117,
        0.5058823529411764,
        0.5110294117647058,
        0.5036764705882353,
        0.5095588235294117,
        0.5117647058823529,
        0.5161764705882353,
        0.5029411764705882,
        0.49264705882352944,
        0.48970588235294116,
        0.5058823529411764,
        0.49264705882352944,
        0.5147058823529411,
        0.5058823529411764,
        0.49926470588235294,
        0.5044117647058823,
        0.5102941176470588,
        0.4963235294117647
    ]
}