{
    "train_loss": [
        0.5078783885100002,
        0.48936382382891236,
        0.4791976237748214,
        0.4690609851084769,
        0.4553476015249541,
        0.4448945226020341,
        0.43257443656740924,
        0.42292322879968947,
        0.4112507225471119,
        0.3994095396396895,
        0.382796454833064,
        0.3650129215122137,
        0.3502663781505832,
        0.33778958248172436,
        0.32796895599434644,
        0.33003004237987765,
        0.315689522610351,
        0.3131201323040448,
        0.308664598747589,
        0.3061109085877736,
        0.29491714563280386,
        0.2913953549671902,
        0.2868684037240138,
        0.2876214291195465,
        0.28390272418267515,
        0.2826389891178153,
        0.27891584397923996,
        0.2865273283016387,
        0.2861354780794166,
        0.2779292948598251,
        0.26945989258760883,
        0.2717262324612734,
        0.2694840605236492,
        0.26622225049601156,
        0.2728114124005213,
        0.26997868915182016,
        0.2638727082739404,
        0.2678913643429113,
        0.2718442098333824
    ],
    "val_loss": [
        0.502729063875535,
        0.5043186159694896,
        0.4956702814382665,
        0.4886799114591935,
        0.5063114870997036,
        0.5109211728853338,
        0.4976036355775945,
        0.4832599913372713,
        0.4902670131010168,
        0.5003230673425337,
        0.4853252922787386,
        0.5131535144413218,
        0.4851314376382267,
        0.4945613403530682,
        0.49920789669541754,
        0.506983738787034,
        0.47433281470747557,
        0.495767277303864,
        0.47350531641174765,
        0.496161202472799,
        0.4967083198182723,
        0.4854401566526469,
        0.505359057117911,
        0.5262709221419166,
        0.5200974448638804,
        0.51637283002629,
        0.5174102860338547,
        0.47793929243789,
        0.4963863977614571,
        0.48574585406219256,
        0.49221587146029755,
        0.4928008892956902,
        0.49695995975943175,
        0.4926327868419535,
        0.49744576741667357,
        0.49669255842180815,
        0.4788378287764157,
        0.49927823635585167,
        0.5032073539846084
    ],
    "val_accuracy": [
        0.49926470588235294,
        0.4838235294117647,
        0.5169117647058824,
        0.5375,
        0.5,
        0.49558823529411766,
        0.5110294117647058,
        0.5360294117647059,
        0.5352941176470588,
        0.5117647058823529,
        0.5286764705882353,
        0.5029411764705882,
        0.5176470588235295,
        0.5161764705882353,
        0.5022058823529412,
        0.5095588235294117,
        0.5360294117647059,
        0.5110294117647058,
        0.5316176470588235,
        0.5044117647058823,
        0.5117647058823529,
        0.5227941176470589,
        0.5007352941176471,
        0.47941176470588237,
        0.4875,
        0.4904411764705882,
        0.49411764705882355,
        0.5272058823529412,
        0.5088235294117647,
        0.5205882352941177,
        0.5176470588235295,
        0.513235294117647,
        0.5102941176470588,
        0.5117647058823529,
        0.5095588235294117,
        0.5117647058823529,
        0.5279411764705882,
        0.5058823529411764,
        0.5073529411764706
    ]
}