{
    "train_loss": [
        0.5041457109229186,
        0.489162212072328,
        0.47653097842631553,
        0.4631114379547569,
        0.45038347907114934,
        0.43941291797976656,
        0.4262058047748549,
        0.41646789576115395,
        0.4009830391216139,
        0.38152314264874965,
        0.3663801919381518,
        0.35108569290440156,
        0.33797015926463114,
        0.330694429012452,
        0.3210751158897013,
        0.31113858372406844,
        0.30602515237799033,
        0.30420009365096534,
        0.2998595430883084,
        0.29223744635195015,
        0.28854910928750577,
        0.293676294516528,
        0.281922668261993,
        0.2767505659389661,
        0.2835319940206829,
        0.2902283571644251,
        0.2790757841884743,
        0.27330157515393594,
        0.27099075756988755,
        0.2735457406548737,
        0.27215202820786916,
        0.27249413125997807,
        0.27107373131181517,
        0.26998033237899755,
        0.2702729483060485,
        0.26737725310938587,
        0.266534598241933,
        0.27282729991230426,
        0.26125910888755427,
        0.2685066924838477,
        0.26282324505023646,
        0.26405793178170445,
        0.2611875239301478,
        0.26776463948895146,
        0.2619607117341552,
        0.2579419661023189,
        0.2573858319105258,
        0.2620763570243788,
        0.2676696962984672,
        0.26261807287862904,
        0.26152447684297914,
        0.2601669884884657,
        0.2544142189388214,
        0.2556497691113778,
        0.25327055425121514,
        0.24702975219535864,
        0.24980360262768325,
        0.2570748544546194,
        0.254520156085925,
        0.25299950735440163,
        0.25277563105872797,
        0.25878138956512164,
        0.25080489685007923,
        0.24952720211523285,
        0.2449874371294274
    ],
    "val_loss": [
        0.5064684229738572,
        0.503635155804017,
        0.49534654897802016,
        0.49873694356750037,
        0.4956022567608777,
        0.5035956694799311,
        0.5036009434391471,
        0.5201811850070953,
        0.5035238585051368,
        0.5022133350372314,
        0.5076969725244186,
        0.4933489371748532,
        0.5162907901932211,
        0.5092399565612569,
        0.515169762337909,
        0.5012437816928415,
        0.5123368014307583,
        0.5167327435577617,
        0.5099905003519619,
        0.5076447578037486,
        0.5082575212506687,
        0.5018497484571793,
        0.5022509325953091,
        0.5166273807778078,
        0.5309277138289283,
        0.492483788728714,
        0.5193798398270326,
        0.5244515531203326,
        0.5245616144993726,
        0.5150526229073019,
        0.5278052252881668,
        0.505316931535216,
        0.5015346316730275,
        0.4940446741440717,
        0.513856313158484,
        0.5166643679141998,
        0.5064942984020009,
        0.5252320398302639,
        0.5228012642439674,
        0.514410390924005,
        0.5175789829562693,
        0.5170364029267255,
        0.5014010141877567,
        0.4944459277040818,
        0.47005791629061977,
        0.49204366680453804,
        0.49591852952452264,
        0.5080111102146261,
        0.5096994256272035,
        0.5006385827765746,
        0.49162518592441784,
        0.5141218122314004,
        0.5087361802073086,
        0.5028250234968522,
        0.49501596408731796,
        0.5020843965165755,
        0.5087187567177941,
        0.5200811337022221,
        0.5075233512064989,
        0.49720838525715993,
        0.5084059122730704,
        0.5182953448856578,
        0.5042787278399748,
        0.5024698197841644,
        0.5109593205592211
    ],
    "val_accuracy": [
        0.46176470588235297,
        0.5014705882352941,
        0.5117647058823529,
        0.5205882352941177,
        0.5448529411764705,
        0.5088235294117647,
        0.5558823529411765,
        0.49411764705882355,
        0.5345588235294118,
        0.5139705882352941,
        0.5029411764705882,
        0.5183823529411765,
        0.48970588235294116,
        0.5044117647058823,
        0.4889705882352941,
        0.5073529411764706,
        0.4963235294117647,
        0.4919117647058823,
        0.4919117647058823,
        0.5007352941176471,
        0.4948529411764706,
        0.5029411764705882,
        0.5022058823529412,
        0.48823529411764705,
        0.4713235294117647,
        0.5117647058823529,
        0.48455882352941176,
        0.4808823529411765,
        0.4786764705882353,
        0.4889705882352941,
        0.4808823529411765,
        0.5022058823529412,
        0.5036764705882353,
        0.5095588235294117,
        0.49264705882352944,
        0.4904411764705882,
        0.4985294117647059,
        0.47941176470588237,
        0.4860294117647059,
        0.48970588235294116,
        0.48823529411764705,
        0.48676470588235293,
        0.5044117647058823,
        0.5110294117647058,
        0.5345588235294118,
        0.5117647058823529,
        0.5080882352941176,
        0.5,
        0.4970588235294118,
        0.5066176470588235,
        0.5147058823529411,
        0.49117647058823527,
        0.49779411764705883,
        0.5029411764705882,
        0.5110294117647058,
        0.5036764705882353,
        0.4985294117647059,
        0.4838235294117647,
        0.49779411764705883,
        0.5073529411764706,
        0.4970588235294118,
        0.4860294117647059,
        0.49926470588235294,
        0.5044117647058823,
        0.49264705882352944
    ]
}