{
    "train_loss": [
        0.5042048697041285,
        0.4916572921314267,
        0.4805789713949789,
        0.4695244617597505,
        0.4598670466064192,
        0.44318614576928306,
        0.43456998818826464,
        0.4221980214509381,
        0.41582699204636453,
        0.40133830113268665,
        0.3830664109064502,
        0.359849482492762,
        0.35713708726079185,
        0.3393157280254919,
        0.33247811170471114,
        0.3203190801695011,
        0.3180795676106102,
        0.3115699532261495,
        0.30756500636375195,
        0.30904209887096457,
        0.2982090977515369,
        0.30024287625171214,
        0.29606206343391317,
        0.2989688594669668,
        0.2934839998248536,
        0.2891633748720784,
        0.29706245015769805,
        0.2910224967859848,
        0.28421492746921345,
        0.28405994353097425,
        0.2879643264284908,
        0.2858471998502941,
        0.28020878344112693,
        0.2834657972469774,
        0.28291949170764963,
        0.2785984099499632,
        0.2859626843375757,
        0.28259341876406163,
        0.28134920544857284,
        0.2800968695632582,
        0.28489243599763775,
        0.28410155053373853,
        0.2843736986151125,
        0.2785033969346873,
        0.2786235205091677,
        0.275280621222707,
        0.2787154791456426,
        0.2781831413369187,
        0.2723207214936679,
        0.2767194640799663,
        0.27484838500499637,
        0.2726122354668344,
        0.28027572170146664,
        0.2709381085843542,
        0.2794790387199717,
        0.2717955966888123
    ],
    "val_loss": [
        0.48504064328530255,
        0.4872441821238574,
        0.5010387546875897,
        0.5004373150713304,
        0.49895907815764934,
        0.48858028159422034,
        0.493587147137698,
        0.47763655431130353,
        0.4693393083179698,
        0.4854571612442241,
        0.4658066293772529,
        0.44262178715537576,
        0.44808058265377493,
        0.4549258696682313,
        0.45425591538934146,
        0.4602877462611479,
        0.4483683605404461,
        0.4451281542287153,
        0.4530402697184507,
        0.4476498421500711,
        0.4506200506406672,
        0.45263556802974025,
        0.4582792794003206,
        0.45529090919915366,
        0.47087799521053536,
        0.4430381412015242,
        0.462297629959443,
        0.45039441725786994,
        0.4531929394778083,
        0.44307043850421907,
        0.44123478198752686,
        0.4357095616705277,
        0.4433122596319984,
        0.45880225265727326,
        0.4692489464493359,
        0.4351465221713571,
        0.45474340705310595,
        0.43949443347313827,
        0.45089540674405937,
        0.46703088248477265,
        0.4510620313532212,
        0.44508548414005955,
        0.4459310934824102,
        0.4393864217926474,
        0.46731502483872805,
        0.46443796403267806,
        0.46773984116666456,
        0.4707136971109054,
        0.45548858064062453,
        0.44413094134891734,
        0.449947403458988,
        0.44717451071037967,
        0.4715544376303168,
        0.4481577603256001,
        0.4765286328161464,
        0.4522359609603882
    ],
    "val_accuracy": [
        0.5301470588235294,
        0.5345588235294118,
        0.49411764705882355,
        0.5029411764705882,
        0.5161764705882353,
        0.5213235294117647,
        0.5139705882352941,
        0.5529411764705883,
        0.5852941176470589,
        0.5360294117647059,
        0.5426470588235294,
        0.5735294117647058,
        0.5617647058823529,
        0.5566176470588236,
        0.5566176470588236,
        0.5551470588235294,
        0.5580882352941177,
        0.5602941176470588,
        0.5514705882352942,
        0.5602941176470588,
        0.5551470588235294,
        0.5580882352941177,
        0.5514705882352942,
        0.5485294117647059,
        0.5330882352941176,
        0.5602941176470588,
        0.5448529411764705,
        0.5514705882352942,
        0.5544117647058824,
        0.5617647058823529,
        0.5669117647058823,
        0.5705882352941176,
        0.5639705882352941,
        0.5455882352941176,
        0.5375,
        0.5705882352941176,
        0.55,
        0.5669117647058823,
        0.5551470588235294,
        0.5397058823529411,
        0.5536764705882353,
        0.5588235294117647,
        0.5625,
        0.5683823529411764,
        0.5389705882352941,
        0.5426470588235294,
        0.5397058823529411,
        0.5360294117647059,
        0.5485294117647059,
        0.5595588235294118,
        0.5551470588235294,
        0.5566176470588236,
        0.5345588235294118,
        0.5573529411764706,
        0.5272058823529412,
        0.5522058823529412
    ]
}