{
    "train_loss": [
        0.4996548008276733,
        0.48973694782069677,
        0.4778707459503907,
        0.46376133429257976,
        0.4474882219078933,
        0.43634948468451246,
        0.42330949080042446,
        0.4108849976434111,
        0.40025406143203746,
        0.3784392608500464,
        0.36213230299377025,
        0.348573878364098,
        0.33740431411406013,
        0.3298625874033488,
        0.32128294864249196,
        0.31778020718646016,
        0.3156293634287308,
        0.31587823466811293,
        0.31195749032814085,
        0.3032937636395599,
        0.3008932293402207,
        0.2963936524750364,
        0.29788752230158105,
        0.2975539984249305,
        0.3025934657751646,
        0.29200785411887814,
        0.29446361602041354,
        0.2883612115039142,
        0.2926393795102358,
        0.2883561001751664,
        0.2933530461861924
    ],
    "val_loss": [
        0.48900220218826745,
        0.49764310366967146,
        0.4889360810027403,
        0.5056780306731954,
        0.4938693989725674,
        0.511164238172419,
        0.5039791948655072,
        0.4965074135976679,
        0.5016371330794166,
        0.4906492268337923,
        0.4761562484152177,
        0.5037475545616711,
        0.47788158497389627,
        0.5079325437545776,
        0.4913583285668317,
        0.4992322981357574,
        0.5086015291073743,
        0.49690572584376613,
        0.5208370892440571,
        0.5057032241540796,
        0.5036852941793554,
        0.5013577745241278,
        0.49202458823428435,
        0.4971474433646483,
        0.49442431681296406,
        0.4927426240023445,
        0.4987782879787333,
        0.5049188946976381,
        0.5149114159976735,
        0.5129415175494025,
        0.5185019191573648
    ],
    "val_accuracy": [
        0.5294117647058824,
        0.5022058823529412,
        0.5286764705882353,
        0.5066176470588235,
        0.513235294117647,
        0.5007352941176471,
        0.5014705882352941,
        0.5235294117647059,
        0.5147058823529411,
        0.5198529411764706,
        0.5426470588235294,
        0.5051470588235294,
        0.525,
        0.4963235294117647,
        0.5205882352941177,
        0.5095588235294117,
        0.5,
        0.5066176470588235,
        0.4860294117647059,
        0.49926470588235294,
        0.5029411764705882,
        0.5080882352941176,
        0.5139705882352941,
        0.5110294117647058,
        0.5125,
        0.513235294117647,
        0.5080882352941176,
        0.5022058823529412,
        0.4904411764705882,
        0.49264705882352944,
        0.48823529411764705
    ]
}