{
    "train_loss": [
        0.5031152049179854,
        0.49202355204537795,
        0.4812603190302675,
        0.4645256246541785,
        0.44688601807041806,
        0.42961339017015704,
        0.4098307726121192,
        0.3887103983191597,
        0.3757700327962767,
        0.3631251750966694,
        0.3570946384183358,
        0.34703261940977287,
        0.33567618679531797,
        0.33980962249085717,
        0.3306025613365041,
        0.3276667862837752,
        0.32723409510075263,
        0.3264697407964709,
        0.32800933450265224,
        0.323199950722541,
        0.3208874542933104,
        0.319358850949955,
        0.31579683763361394,
        0.32321124320532557,
        0.32053465501363276,
        0.30757737919156813,
        0.31222090380214795,
        0.31065082650094833,
        0.3138112092968158,
        0.31198842430912943,
        0.3062204208544942,
        0.30622909468594595,
        0.308591670244173,
        0.31567662037513183,
        0.31676876512417107,
        0.31898605342265735,
        0.3163754775187508,
        0.315666005270233,
        0.30838920998087443,
        0.3040135169138771,
        0.31252086311958327,
        0.3204142712870019,
        0.32036794872827057,
        0.32848963453102276
    ],
    "val_loss": [
        0.5075015141683467,
        0.5000954333473654,
        0.4897496205918929,
        0.49102301246979657,
        0.4933174771421096,
        0.48278209882624007,
        0.4738541683729957,
        0.4857821797623354,
        0.5115885036833147,
        0.48714351005413953,
        0.5092366013456794,
        0.49585679471492766,
        0.4661559681682026,
        0.48802732404540566,
        0.4770727993810878,
        0.49084205899168465,
        0.5179500078453737,
        0.4996437369024052,
        0.47084695819546196,
        0.48529812448164994,
        0.47999205729540656,
        0.4761850385104909,
        0.49434183397713827,
        0.45074992863570945,
        0.4977827673449236,
        0.49464519690064823,
        0.49320649329353783,
        0.48029001565540536,
        0.487772877777324,
        0.4690407302449731,
        0.4843681202215307,
        0.5022433892768972,
        0.5103064801763085,
        0.45917474408360087,
        0.490457461160772,
        0.4693524769123863,
        0.514313834379701,
        0.47539711997789497,
        0.49293635855702794,
        0.4729565771187053,
        0.4725830600542181,
        0.4656465197310728,
        0.4761383275775348,
        0.4910615619491128
    ],
    "val_accuracy": [
        0.46911764705882353,
        0.5044117647058823,
        0.5227941176470589,
        0.525,
        0.5220588235294118,
        0.5338235294117647,
        0.538235294117647,
        0.5147058823529411,
        0.48676470588235293,
        0.5139705882352941,
        0.4875,
        0.5066176470588235,
        0.5375,
        0.5147058823529411,
        0.5257352941176471,
        0.5125,
        0.4808823529411765,
        0.5066176470588235,
        0.5323529411764706,
        0.5198529411764706,
        0.5213235294117647,
        0.5264705882352941,
        0.5066176470588235,
        0.5529411764705883,
        0.5073529411764706,
        0.513235294117647,
        0.5125,
        0.525,
        0.5154411764705882,
        0.5345588235294118,
        0.5213235294117647,
        0.5007352941176471,
        0.48970588235294116,
        0.5463235294117647,
        0.5117647058823529,
        0.5345588235294118,
        0.4904411764705882,
        0.5301470588235294,
        0.5102941176470588,
        0.5323529411764706,
        0.5308823529411765,
        0.538235294117647,
        0.5301470588235294,
        0.5139705882352941
    ]
}