{
    "train_loss": [
        0.5012586541918514,
        0.4940887174231517,
        0.47784718957877403,
        0.4665463396728993,
        0.4496231765162303,
        0.43652562517266086,
        0.4256875178569269,
        0.41285133322774065,
        0.4009260296648073,
        0.39169558548684374,
        0.3751998564778804,
        0.35299016979931047,
        0.34509737076023606,
        0.33117325818694837,
        0.3186551836933371,
        0.314234925311986,
        0.31055413234810814,
        0.3028047317815226,
        0.29843508862935036,
        0.293215989003709,
        0.2904178796111019
    ],
    "val_loss": [
        0.4535785331445582,
        0.5081012974767124,
        0.5025367365163915,
        0.505951315164566,
        0.5160564759198357,
        0.48868371318368353,
        0.5081509611185859,
        0.5105198814588434,
        0.5110981187399696,
        0.506896500377094,
        0.5227141573148615,
        0.5360825156464296,
        0.5281804323196411,
        0.4909279116812874,
        0.5211362758103539,
        0.49228674559032215,
        0.49920405044275173,
        0.5252374838380253,
        0.5024068324004902,
        0.5106702243580538,
        0.5049578638637767
    ],
    "val_accuracy": [
        0.575,
        0.48455882352941176,
        0.4985294117647059,
        0.5051470588235294,
        0.4838235294117647,
        0.5169117647058824,
        0.5044117647058823,
        0.5029411764705882,
        0.4838235294117647,
        0.5066176470588235,
        0.48161764705882354,
        0.47352941176470587,
        0.4801470588235294,
        0.5198529411764706,
        0.4801470588235294,
        0.5147058823529411,
        0.5058823529411764,
        0.4786764705882353,
        0.5080882352941176,
        0.48970588235294116,
        0.5014705882352941
    ]
}