{
    "train_loss": [
        0.5050291904889513,
        0.4896851978881564,
        0.4817392084275791,
        0.4676951607675705,
        0.4562163753801038,
        0.4395873809702358,
        0.42976875340747694,
        0.41831779250064444,
        0.4022543388032497,
        0.3841829240061831,
        0.3652978997563691,
        0.35762876827470425,
        0.3408688519155441,
        0.3374608237041483,
        0.3273239438537253,
        0.32871744591943386,
        0.3194852725072632,
        0.31390064639707665,
        0.30976740453050644,
        0.3062631358627062,
        0.31056671383556145,
        0.30696231371884436,
        0.29483155713971093,
        0.30309620078007815,
        0.29697553468312327,
        0.30182240615711375,
        0.30438076349834775,
        0.30490982987452975,
        0.30127478369241895,
        0.29700599735117417,
        0.30527580035728397,
        0.293102383391262,
        0.2920547064998373,
        0.29056080302231696,
        0.2862804766169585,
        0.28462655752425503,
        0.28581498842008596,
        0.2817796125738262
    ],
    "val_loss": [
        0.5048434383728925,
        0.46294578594319963,
        0.4859647438806646,
        0.4899053633213043,
        0.4914047549752628,
        0.49799115412375505,
        0.518365496747634,
        0.5114991868243498,
        0.504267875587239,
        0.4746663375812418,
        0.49004258986781624,
        0.491239168363459,
        0.4932456836980932,
        0.46996179363306834,
        0.4742227405309677,
        0.46091102361679076,
        0.45798376500606536,
        0.45675888096584993,
        0.4740204500801423,
        0.46035101255949806,
        0.4668015900780173,
        0.4771578639745712,
        0.48395044645842383,
        0.4744595099897946,
        0.4828238034949583,
        0.46118357181549074,
        0.46839846933589263,
        0.48513452901559717,
        0.4673728331046946,
        0.4633380567326265,
        0.47167420176898733,
        0.47458531435798196,
        0.46820224435890423,
        0.45980436170802397,
        0.4715027377885931,
        0.4586282344425426,
        0.4766185492277145,
        0.46607185286634106
    ],
    "val_accuracy": [
        0.4801470588235294,
        0.5735294117647058,
        0.5397058823529411,
        0.5507352941176471,
        0.5367647058823529,
        0.5338235294117647,
        0.5073529411764706,
        0.5213235294117647,
        0.5176470588235295,
        0.5397058823529411,
        0.5272058823529412,
        0.5147058823529411,
        0.5117647058823529,
        0.5433823529411764,
        0.5308823529411765,
        0.5441176470588235,
        0.5529411764705883,
        0.55,
        0.5330882352941176,
        0.5448529411764705,
        0.5389705882352941,
        0.5279411764705882,
        0.524264705882353,
        0.5308823529411765,
        0.5183823529411765,
        0.5404411764705882,
        0.5397058823529411,
        0.5198529411764706,
        0.5397058823529411,
        0.5397058823529411,
        0.5330882352941176,
        0.5301470588235294,
        0.5367647058823529,
        0.5433823529411764,
        0.5345588235294118,
        0.5455882352941176,
        0.5272058823529412,
        0.5360294117647059
    ]
}