{
    "0": {
        "precision": 0.36363636363636365,
        "recall": 0.01384083044982699,
        "f1-score": 0.02666666666666667,
        "support": 289.0
    },
    "1": {
        "precision": 0.5739910313901345,
        "recall": 0.9820971867007673,
        "f1-score": 0.7245283018867924,
        "support": 391.0
    },
    "accuracy": 0.5705882352941176,
    "macro avg": {
        "precision": 0.4688136975132491,
        "recall": 0.49796900857529713,
        "f1-score": 0.3755974842767295,
        "support": 680.0
    },
    "weighted avg": {
        "precision": 0.48459029759478184,
        "recall": 0.5705882352941176,
        "f1-score": 0.427937106918239,
        "support": 680.0
    }
}