{
    "0": {
        "precision": 0.46308724832214765,
        "recall": 0.23875432525951557,
        "f1-score": 0.3150684931506849,
        "support": 289.0
    },
    "1": {
        "precision": 0.5856873822975518,
        "recall": 0.7953964194373402,
        "f1-score": 0.6746203904555315,
        "support": 391.0
    },
    "accuracy": 0.5588235294117647,
    "macro avg": {
        "precision": 0.5243873153098497,
        "recall": 0.5170753723484278,
        "f1-score": 0.49484444180310816,
        "support": 680.0
    },
    "weighted avg": {
        "precision": 0.5335823253580051,
        "recall": 0.5588235294117647,
        "f1-score": 0.5218108341009717,
        "support": 680.0
    }
}