{
    "0": {
        "precision": 0.4386792452830189,
        "recall": 0.3217993079584775,
        "f1-score": 0.3712574850299401,
        "support": 289.0
    },
    "1": {
        "precision": 0.5811965811965812,
        "recall": 0.6956521739130435,
        "f1-score": 0.6332945285215367,
        "support": 391.0
    },
    "accuracy": 0.5367647058823529,
    "macro avg": {
        "precision": 0.5099379132398001,
        "recall": 0.5087257409357605,
        "f1-score": 0.5022760067757384,
        "support": 680.0
    },
    "weighted avg": {
        "precision": 0.5206267134333172,
        "recall": 0.5367647058823529,
        "f1-score": 0.5219287850376082,
        "support": 680.0
    }
}