{
    "0": {
        "precision": 0.3695652173913043,
        "recall": 0.058823529411764705,
        "f1-score": 0.10149253731343283,
        "support": 289.0
    },
    "1": {
        "precision": 0.5709779179810726,
        "recall": 0.9258312020460358,
        "f1-score": 0.7063414634146341,
        "support": 391.0
    },
    "accuracy": 0.5573529411764706,
    "macro avg": {
        "precision": 0.47027156768618844,
        "recall": 0.49232736572890023,
        "f1-score": 0.40391700036403344,
        "support": 680.0
    },
    "weighted avg": {
        "precision": 0.4853775202304211,
        "recall": 0.5573529411764706,
        "f1-score": 0.4492806698216236,
        "support": 680.0
    }
}