{
    "0": {
        "precision": 0.44272445820433437,
        "recall": 0.49480968858131485,
        "f1-score": 0.4673202614379085,
        "support": 289.0
    },
    "1": {
        "precision": 0.5910364145658263,
        "recall": 0.5396419437340153,
        "f1-score": 0.5641711229946524,
        "support": 391.0
    },
    "accuracy": 0.5205882352941177,
    "macro avg": {
        "precision": 0.5168804363850803,
        "recall": 0.517225816157665,
        "f1-score": 0.5157456922162804,
        "support": 680.0
    },
    "weighted avg": {
        "precision": 0.5280038331121922,
        "recall": 0.5205882352941177,
        "f1-score": 0.5230095068330363,
        "support": 680.0
    }
}