{
    "0": {
        "precision": 0.4069264069264069,
        "recall": 0.32525951557093424,
        "f1-score": 0.36153846153846153,
        "support": 289.0
    },
    "1": {
        "precision": 0.5657015590200446,
        "recall": 0.649616368286445,
        "f1-score": 0.6047619047619047,
        "support": 391.0
    },
    "accuracy": 0.5117647058823529,
    "macro avg": {
        "precision": 0.48631398297322576,
        "recall": 0.4874379419286896,
        "f1-score": 0.4831501831501831,
        "support": 680.0
    },
    "weighted avg": {
        "precision": 0.49822211938024863,
        "recall": 0.5117647058823529,
        "f1-score": 0.5013919413919413,
        "support": 680.0
    }
}