{
    "0": {
        "precision": 0.48333333333333334,
        "recall": 0.10034602076124567,
        "f1-score": 0.166189111747851,
        "support": 289.0
    },
    "1": {
        "precision": 0.5806451612903226,
        "recall": 0.9207161125319693,
        "f1-score": 0.712166172106825,
        "support": 391.0
    },
    "accuracy": 0.5720588235294117,
    "macro avg": {
        "precision": 0.531989247311828,
        "recall": 0.5105310666466075,
        "f1-score": 0.439177641927338,
        "support": 680.0
    },
    "weighted avg": {
        "precision": 0.5392876344086022,
        "recall": 0.5720588235294117,
        "f1-score": 0.48012592145426103,
        "support": 680.0
    }
}