{
    "0": {
        "precision": 0.42679127725856697,
        "recall": 0.4740484429065744,
        "f1-score": 0.4491803278688525,
        "support": 289.0
    },
    "1": {
        "precision": 0.5766016713091922,
        "recall": 0.5294117647058824,
        "f1-score": 0.552,
        "support": 391.0
    },
    "accuracy": 0.5058823529411764,
    "macro avg": {
        "precision": 0.5016964742838795,
        "recall": 0.5017301038062284,
        "f1-score": 0.5005901639344262,
        "support": 680.0
    },
    "weighted avg": {
        "precision": 0.5129322538376765,
        "recall": 0.5058823529411764,
        "f1-score": 0.5083016393442623,
        "support": 680.0
    }
}