{
    "train_loss": [
        0.6041569348711234,
        0.5574523388193204,
        0.5382061102069341,
        0.5277478024363518,
        0.5314873537191978,
        0.5167900363986309,
        0.5140304874915343,
        0.4995211156514975,
        0.5039391804199952,
        0.5026730917967283,
        0.49030028684781146,
        0.4999706790997432,
        0.501626848601378,
        0.4995862686863312,
        0.4903548772518451,
        0.48535250299252,
        0.48842595460323185,
        0.48727797201046574,
        0.4792380630970001,
        0.4919245082598466,
        0.4834921147960883,
        0.48620951576874805,
        0.480794546695856,
        0.4846534322087581,
        0.47604879622276014,
        0.4790488687845377,
        0.47795543475792956,
        0.46670790016651154,
        0.4735562629424609,
        0.46725550523171056,
        0.47036555867928725,
        0.48475731450777787,
        0.4678603106966385,
        0.4751425150495309,
        0.4642716067341658,
        0.4720782001431172,
        0.46412381071310777,
        0.47666349090062654,
        0.45984743306270015,
        0.4681132814058891,
        0.46053221363287705,
        0.46129462581414443,
        0.45491350098298144,
        0.46565588964865756,
        0.456582027559097,
        0.4605107410595967,
        0.45903885937654054,
        0.45710966334893155,
        0.455040159706886,
        0.44688106041688186,
        0.44614258121985656,
        0.4527601949297465,
        0.4613589054116836,
        0.45320476362338435,
        0.461397406573479,
        0.45091455372480244,
        0.44780472264840054,
        0.44977556742154634,
        0.44388809169714266,
        0.44747365552645463,
        0.4449700592802121,
        0.4509161068842961
    ],
    "val_loss": [
        0.5100480053159926,
        0.5146620505385928,
        0.5129376418060727,
        0.5082829048236212,
        0.5028923650582632,
        0.4995417710807588,
        0.4971387849913703,
        0.49597220453951096,
        0.49533387687471175,
        0.49501195218827987,
        0.49401555293136173,
        0.4941018836365806,
        0.49453168445163304,
        0.49430494341585374,
        0.493967420525021,
        0.49397628671593136,
        0.4941972974273894,
        0.4942548755142424,
        0.49464526772499084,
        0.494381919503212,
        0.49478180209795636,
        0.4945761031574673,
        0.49447886480225456,
        0.4941608425643709,
        0.4943309509091907,
        0.4941464496983422,
        0.4937363498740726,
        0.49368108808994293,
        0.4943014780680339,
        0.4938737750053406,
        0.49412792258792454,
        0.4946831100516849,
        0.493745141559177,
        0.49351686073674095,
        0.4935026549630695,
        0.4941796875662274,
        0.49467233651214176,
        0.4937555309798982,
        0.49308906661139595,
        0.4932955967055427,
        0.4929226471318139,
        0.49279264940155876,
        0.4930976265006595,
        0.4937172465854221,
        0.4937034663226869,
        0.4936793628666136,
        0.4935188674264484,
        0.49352288908428615,
        0.4932253675328361,
        0.49364738663037616,
        0.4939521435234282,
        0.4934977607594596,
        0.49408427708678776,
        0.49418576227294075,
        0.4940144254101647,
        0.49340567655033535,
        0.49397922721174026,
        0.4944029268291261,
        0.4950757672389348,
        0.49537789159350926,
        0.49470390876134235,
        0.4943695631292131
    ],
    "val_accuracy": [
        0.5218978102189781,
        0.5218978102189781,
        0.5218978102189781,
        0.5255474452554745,
        0.5291970802919708,
        0.5218978102189781,
        0.5364963503649635,
        0.5364963503649635,
        0.5255474452554745,
        0.5328467153284672,
        0.5291970802919708,
        0.5364963503649635,
        0.5364963503649635,
        0.5255474452554745,
        0.5328467153284672,
        0.5328467153284672,
        0.5328467153284672,
        0.5401459854014599,
        0.5218978102189781,
        0.5291970802919708,
        0.5364963503649635,
        0.5291970802919708,
        0.5328467153284672,
        0.5364963503649635,
        0.5364963503649635,
        0.5255474452554745,
        0.5401459854014599,
        0.5401459854014599,
        0.5364963503649635,
        0.5364963503649635,
        0.5364963503649635,
        0.5291970802919708,
        0.5401459854014599,
        0.5328467153284672,
        0.5364963503649635,
        0.5474452554744526,
        0.5437956204379562,
        0.5364963503649635,
        0.5255474452554745,
        0.5328467153284672,
        0.5364963503649635,
        0.5364963503649635,
        0.5401459854014599,
        0.5291970802919708,
        0.5255474452554745,
        0.5218978102189781,
        0.5328467153284672,
        0.5401459854014599,
        0.5255474452554745,
        0.5328467153284672,
        0.5364963503649635,
        0.5364963503649635,
        0.5364963503649635,
        0.5328467153284672,
        0.5291970802919708,
        0.5328467153284672,
        0.5218978102189781,
        0.5218978102189781,
        0.5145985401459854,
        0.5255474452554745,
        0.5218978102189781,
        0.5182481751824818
    ]
}