{
    "train_loss": [
        0.6740190925506445,
        0.6321983669812863,
        0.6013526377769617,
        0.5725411681028513,
        0.5520608986799533,
        0.5497514800383494,
        0.5488379603395095,
        0.5227095095010904,
        0.53344937815116,
        0.5255170246729484,
        0.5228462918446615,
        0.5152465036282172,
        0.5284228565601202,
        0.5120080560445786,
        0.5111159430100367,
        0.50411401115931,
        0.4955947811786945,
        0.4913253870147925,
        0.48786406964063644,
        0.49712287004177386,
        0.49090665063032735,
        0.49909818229766995,
        0.48270016679397,
        0.501793625836189,
        0.47996647082842314,
        0.49449109114133394,
        0.4753640368580818,
        0.4837390138552739,
        0.48927866037075335,
        0.48373421224263996,
        0.4763198901827519,
        0.4761938555882527,
        0.4799723201073133,
        0.480554953790628,
        0.48163164407014847,
        0.47485748678445816,
        0.47468753732167757,
        0.47596311511901707
    ],
    "val_loss": [
        0.505402104722129,
        0.5069656752877765,
        0.5061476396189796,
        0.5039985395140119,
        0.5029032892651029,
        0.5031264705790414,
        0.5027190993229548,
        0.5023352321651247,
        0.5020691636535857,
        0.5015666832526525,
        0.5015035884247886,
        0.5007583846648535,
        0.5003419319788615,
        0.5000050614277521,
        0.5002280953857634,
        0.4999238500992457,
        0.499324103196462,
        0.4993198100063536,
        0.4994210633966658,
        0.49985592398378587,
        0.500328423248397,
        0.5003852678669823,
        0.5007452285952039,
        0.5015393164422777,
        0.5016697926653756,
        0.501775312754843,
        0.5018409772051705,
        0.5013002256552378,
        0.501066760884391,
        0.5014407022131814,
        0.5015867782963647,
        0.5019364472892549,
        0.5023880004882812,
        0.5025651984744601,
        0.502501000960668,
        0.5030019068055682,
        0.5032943967315886,
        0.503282904624939
    ],
    "val_accuracy": [
        0.5109489051094891,
        0.5109489051094891,
        0.5109489051094891,
        0.5,
        0.48175182481751827,
        0.48175182481751827,
        0.48175182481751827,
        0.48175182481751827,
        0.4854014598540146,
        0.48175182481751827,
        0.4744525547445255,
        0.4854014598540146,
        0.4781021897810219,
        0.4744525547445255,
        0.4744525547445255,
        0.4781021897810219,
        0.48905109489051096,
        0.48905109489051096,
        0.48905109489051096,
        0.48175182481751827,
        0.4927007299270073,
        0.48905109489051096,
        0.4854014598540146,
        0.48905109489051096,
        0.4781021897810219,
        0.4854014598540146,
        0.4854014598540146,
        0.49635036496350365,
        0.48175182481751827,
        0.4781021897810219,
        0.48175182481751827,
        0.48905109489051096,
        0.4927007299270073,
        0.48905109489051096,
        0.48905109489051096,
        0.4927007299270073,
        0.46715328467153283,
        0.4744525547445255
    ]
}