{
    "0": {
        "precision": 0.544973544973545,
        "recall": 0.7410071942446043,
        "f1-score": 0.6280487804878049,
        "support": 139.0
    },
    "1": {
        "precision": 0.5764705882352941,
        "recall": 0.362962962962963,
        "f1-score": 0.44545454545454544,
        "support": 135.0
    },
    "accuracy": 0.5547445255474452,
    "macro avg": {
        "precision": 0.5607220666044195,
        "recall": 0.5519850786037837,
        "f1-score": 0.5367516629711752,
        "support": 274.0
    },
    "weighted avg": {
        "precision": 0.5604921611791513,
        "recall": 0.5547445255474452,
        "f1-score": 0.5380844676064545,
        "support": 274.0
    }
}