{
    "0": {
        "precision": 0.5252525252525253,
        "recall": 0.3851851851851852,
        "f1-score": 0.4444444444444444,
        "support": 135.0
    },
    "1": {
        "precision": 0.5257142857142857,
        "recall": 0.6618705035971223,
        "f1-score": 0.5859872611464968,
        "support": 139.0
    },
    "accuracy": 0.5255474452554745,
    "macro avg": {
        "precision": 0.5254834054834054,
        "recall": 0.5235278443911537,
        "f1-score": 0.5152158527954707,
        "support": 274.0
    },
    "weighted avg": {
        "precision": 0.5254867759977249,
        "recall": 0.5255474452554745,
        "f1-score": 0.516249012041471,
        "support": 274.0
    }
}