{
    "0": {
        "precision": 0.5736434108527132,
        "recall": 0.5362318840579711,
        "f1-score": 0.5543071161048689,
        "support": 138.0
    },
    "1": {
        "precision": 0.5586206896551724,
        "recall": 0.5955882352941176,
        "f1-score": 0.5765124555160143,
        "support": 136.0
    },
    "accuracy": 0.5656934306569343,
    "macro avg": {
        "precision": 0.5661320502539429,
        "recall": 0.5659100596760444,
        "f1-score": 0.5654097858104417,
        "support": 274.0
    },
    "weighted avg": {
        "precision": 0.5661868777035689,
        "recall": 0.5656934306569343,
        "f1-score": 0.5653287444257294,
        "support": 274.0
    }
}