{
    "train_loss": [
        0.5455791979749626,
        0.5072267172492553,
        0.5026993649585225,
        0.49598805364047255,
        0.49528862310347155,
        0.49084100104938044,
        0.4910500134820136,
        0.4912612695560277,
        0.4869181412959767,
        0.48563060392843227,
        0.4851873448518949,
        0.4829269014786337,
        0.481075825256722,
        0.47738852979980895,
        0.4816989199580433,
        0.47628615136458496,
        0.47771878933238093,
        0.47143751349404595,
        0.4735835054767466,
        0.4716740889526973,
        0.4714693055531689,
        0.4689186419839057,
        0.47205621382900487,
        0.46578346669116866,
        0.463890771108253,
        0.46413760792429204,
        0.46423393031147037,
        0.46133411794065315,
        0.4584714254486227,
        0.457756336325797,
        0.4589641574387238,
        0.45825282301858206,
        0.45674600701465784,
        0.454269133884216,
        0.4553985704885465,
        0.45253620181128246,
        0.45350795950845024,
        0.4474732058627583,
        0.44849641518058064,
        0.4501331713155051,
        0.44975802781425905,
        0.44870182927523816,
        0.4456946352374888,
        0.4493487714607025,
        0.4469504457767879,
        0.4429771450078376,
        0.44280877703818206,
        0.44603674239087326,
        0.443966276567673,
        0.4428328243928535,
        0.445936350064857,
        0.44278391939457334,
        0.4407665586360147,
        0.4418468484254641,
        0.4403515829661182,
        0.4384917545819951,
        0.4366434555744456,
        0.43968778057633157,
        0.44022301814266457,
        0.43936797274607364,
        0.43450637292639116,
        0.4372045836159002,
        0.4372679168932906,
        0.4364467298873117,
        0.4364949070961676,
        0.43826566539078116,
        0.43611612943845374,
        0.43795175713913465,
        0.43394223418191213,
        0.4323570591267024,
        0.43434327228047026,
        0.43397839882663475,
        0.4350248589693943,
        0.4337599354369618,
        0.4340823742830865,
        0.4321650586952673,
        0.43009158060929487,
        0.4332154573959725,
        0.43179179385443717,
        0.4331052028130148,
        0.4322559856365774,
        0.430246635408045
    ],
    "val_loss": [
        0.5010426037690856,
        0.49338068694553594,
        0.5003396284512498,
        0.4966363397172906,
        0.49807003868574445,
        0.4940067439932715,
        0.4932002713057128,
        0.4921787985685197,
        0.48825311034240504,
        0.49009376916695724,
        0.4928893003274094,
        0.48794047483666375,
        0.48898613622242754,
        0.4867604970932007,
        0.4820847006684,
        0.48338043029335415,
        0.4765673667531122,
        0.48001960648054426,
        0.4780603369528597,
        0.47852910394695675,
        0.4787636668505994,
        0.48000161654569884,
        0.48116311041468923,
        0.47838432460346003,
        0.4718490137972615,
        0.4710207517174157,
        0.4709727007218383,
        0.46836279197172687,
        0.4696305934339762,
        0.46650371073999186,
        0.47083469124680216,
        0.4717659525234591,
        0.4676081208004193,
        0.46872467903250997,
        0.46930674920705234,
        0.46836594424464484,
        0.4744430118325082,
        0.45682103152979503,
        0.4622211989692666,
        0.4528403895145113,
        0.46316209113733336,
        0.45139283940873365,
        0.46456153132021427,
        0.4537484771148725,
        0.4592658464204181,
        0.46057503585788334,
        0.46236832676963374,
        0.45597109892828896,
        0.45395400104197586,
        0.4637034745378928,
        0.4625330623239279,
        0.4605609906668013,
        0.4487392722883008,
        0.45115125873549417,
        0.4555935510857539,
        0.4546538416973569,
        0.46132673119956796,
        0.45202729664742947,
        0.45054640688679437,
        0.44871384277939796,
        0.44989514096894045,
        0.44417990862645884,
        0.4515652234920047,
        0.4572385022924705,
        0.4525461120700294,
        0.4504047933627259,
        0.4536578209901398,
        0.45503927919675,
        0.4589244576001709,
        0.45292865112423897,
        0.45884957689453254,
        0.45065061324699357,
        0.45780041576786473,
        0.45561349171806464,
        0.4516683163290674,
        0.4539511725306511,
        0.4516013501719995,
        0.4478210209106857,
        0.45209253003651445,
        0.4517731349915266,
        0.44923446886241436,
        0.4523698293011297
    ],
    "val_accuracy": [
        0.5145596590909091,
        0.5326704545454546,
        0.4836647727272727,
        0.4943181818181818,
        0.49183238636363635,
        0.5071022727272727,
        0.5138494318181818,
        0.5188210227272727,
        0.5344460227272727,
        0.5248579545454546,
        0.5152698863636364,
        0.5369318181818182,
        0.5276988636363636,
        0.53125,
        0.5482954545454546,
        0.5394176136363636,
        0.5596590909090909,
        0.5511363636363636,
        0.5532670454545454,
        0.5472301136363636,
        0.5543323863636364,
        0.5500710227272727,
        0.5433238636363636,
        0.5486505681818182,
        0.5681818181818182,
        0.5703125,
        0.5699573863636364,
        0.5759943181818182,
        0.5717329545454546,
        0.5788352272727273,
        0.5724431818181818,
        0.5653409090909091,
        0.578125,
        0.5731534090909091,
        0.5763494318181818,
        0.5770596590909091,
        0.5614346590909091,
        0.5969460227272727,
        0.5880681818181818,
        0.6019176136363636,
        0.5859375,
        0.6072443181818182,
        0.5845170454545454,
        0.5962357954545454,
        0.5905539772727273,
        0.5901988636363636,
        0.5884232954545454,
        0.5980113636363636,
        0.6004971590909091,
        0.5848721590909091,
        0.5887784090909091,
        0.5912642045454546,
        0.6040482954545454,
        0.6029829545454546,
        0.5997869318181818,
        0.6001420454545454,
        0.5894886363636364,
        0.6008522727272727,
        0.6051136363636364,
        0.6033380681818182,
        0.6008522727272727,
        0.6111505681818182,
        0.5994318181818182,
        0.5933948863636364,
        0.5997869318181818,
        0.6044034090909091,
        0.5973011363636364,
        0.6026278409090909,
        0.5887784090909091,
        0.5969460227272727,
        0.5845170454545454,
        0.5983664772727273,
        0.5894886363636364,
        0.58984375,
        0.5973011363636364,
        0.5944602272727273,
        0.5980113636363636,
        0.6047585227272727,
        0.5983664772727273,
        0.5987215909090909,
        0.6072443181818182,
        0.5990767045454546
    ]
}