{
    "0": {
        "precision": 0.5121212121212121,
        "recall": 0.5059880239520959,
        "f1-score": 0.5090361445783133,
        "support": 1336.0
    },
    "1": {
        "precision": 0.7,
        "recall": 0.7051282051282052,
        "f1-score": 0.7025547445255474,
        "support": 2184.0
    },
    "accuracy": 0.6295454545454545,
    "macro avg": {
        "precision": 0.606060606060606,
        "recall": 0.6055581145401505,
        "f1-score": 0.6057954445519304,
        "support": 3520.0
    },
    "weighted avg": {
        "precision": 0.6286914600550965,
        "recall": 0.6295454545454545,
        "f1-score": 0.6291056395455745,
        "support": 3520.0
    }
}