{
    "0": {
        "precision": 0.5031757233592096,
        "recall": 0.5336826347305389,
        "f1-score": 0.5179803850345078,
        "support": 1336.0
    },
    "1": {
        "precision": 0.7037565382786496,
        "recall": 0.6776556776556777,
        "f1-score": 0.6904595288080243,
        "support": 2184.0
    },
    "accuracy": 0.6230113636363637,
    "macro avg": {
        "precision": 0.6034661308189295,
        "recall": 0.6056691561931082,
        "f1-score": 0.6042199569212661,
        "support": 3520.0
    },
    "weighted avg": {
        "precision": 0.6276270017069531,
        "recall": 0.6230113636363637,
        "f1-score": 0.6249958537848941,
        "support": 3520.0
    }
}