{
    "0": {
        "precision": 0.4818181818181818,
        "recall": 0.5553892215568862,
        "f1-score": 0.5159944367176634,
        "support": 1336.0
    },
    "1": {
        "precision": 0.7,
        "recall": 0.6346153846153846,
        "f1-score": 0.6657060518731989,
        "support": 2184.0
    },
    "accuracy": 0.6045454545454545,
    "macro avg": {
        "precision": 0.5909090909090908,
        "recall": 0.5950023030861353,
        "f1-score": 0.5908502442954311,
        "support": 3520.0
    },
    "weighted avg": {
        "precision": 0.617190082644628,
        "recall": 0.6045454545454545,
        "f1-score": 0.608883688848257,
        "support": 3520.0
    }
}