{
    "train_loss": [
        0.49045264895813007,
        0.4490842931847057,
        0.4260434472644833,
        0.4110220506997176,
        0.400027158709479,
        0.39025242430783214,
        0.3795756570330248,
        0.3681223454399848,
        0.3603269968164359,
        0.3445791888964568,
        0.32264965265429635,
        0.30431796617351226,
        0.29141030801643786,
        0.27682647158002627,
        0.27079545205432765,
        0.26667763453694016,
        0.2576100786474529,
        0.2541552663653949,
        0.24817844051780275,
        0.24449240483623436,
        0.23676561900007892,
        0.23552195179088156,
        0.23303664027507737,
        0.2357626224872372,
        0.2297834336425357,
        0.23563568480750066,
        0.22507919591060127,
        0.22345661333469158,
        0.21856082704993832,
        0.21732632137677618,
        0.20963809302977413,
        0.21818098805390054,
        0.21274374749625163,
        0.2055335747550281,
        0.21120974128331307,
        0.20681852286576596,
        0.20266484406431307,
        0.19740017036308355,
        0.20627235873939007,
        0.2059426462352101,
        0.20740640979312674,
        0.19879049826478978,
        0.19753233761364866,
        0.20049253573308878,
        0.19868998931493487,
        0.19365831288976917,
        0.19520337865775356,
        0.1988583072165176,
        0.19419773803595367,
        0.21363618740584578,
        0.20519521058987425,
        0.19277124359827716,
        0.1875348604588109,
        0.18949005529809165,
        0.18723574998906592,
        0.18999127068604943,
        0.18576778249570253,
        0.18963446145868498,
        0.1937844285166477,
        0.18945298742113784,
        0.18917325720575773,
        0.19173944281728963,
        0.1914477193303966,
        0.19429135447730936,
        0.18776119992185053,
        0.18272236490539087,
        0.1907579996142134,
        0.18314328518075249,
        0.19145513388892293,
        0.18389275603700306,
        0.18709741590955586,
        0.19226415048598228,
        0.1901550468509938,
        0.18335161713922632,
        0.18368300203531282,
        0.18775762252492104
    ],
    "val_loss": [
        0.4763128891797133,
        0.4614818501220623,
        0.44692506399792686,
        0.44536048068966666,
        0.4467078915364306,
        0.45616923776310936,
        0.4547320388152566,
        0.44919276342425546,
        0.4530090647684017,
        0.44776464117244935,
        0.44477752449227054,
        0.4347455286433999,
        0.437862066315933,
        0.4426334033339796,
        0.44794025198674536,
        0.44655996770925926,
        0.43608171314420835,
        0.4404778460591612,
        0.43609804786007167,
        0.4376714374397842,
        0.43760069039925725,
        0.4363408394052949,
        0.4398757406103779,
        0.4386825386277387,
        0.4389287773782099,
        0.43649977372145987,
        0.4451301883853657,
        0.4374451277331567,
        0.4392725110683643,
        0.44176735949348395,
        0.43439938831077496,
        0.4521659898086333,
        0.4466593935036323,
        0.43118915832798244,
        0.444158506750221,
        0.4359332740726605,
        0.44408994199524465,
        0.43312321933852116,
        0.4415190985924761,
        0.4450874712685464,
        0.42977374073275376,
        0.4299297806032946,
        0.4393170780410439,
        0.44041796217502005,
        0.4448402533438844,
        0.4354106391399679,
        0.43312588942722535,
        0.44299809519253985,
        0.4399135689920103,
        0.45296861105401753,
        0.4430489875900913,
        0.4278791553380204,
        0.4515433147759505,
        0.4414765049873943,
        0.44497202116418894,
        0.4265112567325713,
        0.4331179980031202,
        0.42930044039664134,
        0.42804513714263137,
        0.4358915109449709,
        0.4449371891752095,
        0.4367953195748195,
        0.4455962839051032,
        0.4430151770127491,
        0.4420632078823909,
        0.4389534538585535,
        0.4432736332987396,
        0.44098665439327,
        0.4324188176804865,
        0.43809074709113216,
        0.4464041697727123,
        0.4395167444583396,
        0.43735671683516303,
        0.4380176765188365,
        0.43827876217768225,
        0.43890915359829513
    ],
    "val_accuracy": [
        0.5376486129458389,
        0.586966094231616,
        0.5944517833553501,
        0.5922501100836636,
        0.5856450902686041,
        0.5970937912813739,
        0.5860854249229415,
        0.586966094231616,
        0.5931307793923382,
        0.5847644209599295,
        0.5724350506384852,
        0.5768383971818583,
        0.570673712021136,
        0.5684720387494496,
        0.5609863496257156,
        0.5592250110083664,
        0.5715543813298106,
        0.5658300308234258,
        0.5750770585645091,
        0.5680317040951123,
        0.5684720387494496,
        0.5741963892558344,
        0.5689123734037869,
        0.5649493615147512,
        0.5658300308234258,
        0.5711140466754734,
        0.5614266842800528,
        0.5728753852928226,
        0.5671510347864377,
        0.5658300308234258,
        0.5733157199471598,
        0.5530603258476442,
        0.5592250110083664,
        0.5741963892558344,
        0.5596653456627037,
        0.5741963892558344,
        0.5609863496257156,
        0.5724350506384852,
        0.5649493615147512,
        0.5605460149713782,
        0.5755173932188463,
        0.5772787318361955,
        0.5653896961690885,
        0.5627476882430648,
        0.5614266842800528,
        0.5684720387494496,
        0.5755173932188463,
        0.5609863496257156,
        0.5667107001321003,
        0.5495376486129459,
        0.5627476882430648,
        0.5759577278731837,
        0.5548216644649934,
        0.5623073535887274,
        0.5614266842800528,
        0.5777190664905328,
        0.5737560546014971,
        0.5763980625275209,
        0.5746367239101717,
        0.5711140466754734,
        0.5623073535887274,
        0.5693527080581242,
        0.5583443416996917,
        0.5636283575517393,
        0.5636283575517393,
        0.5684720387494496,
        0.563188022897402,
        0.5667107001321003,
        0.5741963892558344,
        0.5680317040951123,
        0.5583443416996917,
        0.5645090268604139,
        0.5702333773667988,
        0.5671510347864377,
        0.5693527080581242,
        0.5671510347864377
    ]
}