{
    "train_loss": [
        0.5218508103351552,
        0.5069779755571221,
        0.5039789809959347,
        0.49862397792218605,
        0.4948952457069848,
        0.4861189363374992,
        0.4757377925930144,
        0.4662793292526454,
        0.46208748944449524,
        0.4523291033280047,
        0.44793774872892517,
        0.44297160836966226,
        0.4360614116559049,
        0.429954841858727,
        0.42386215104709696,
        0.4258182432643975,
        0.4216358929180898,
        0.41572932697801146,
        0.41482111764482305,
        0.4130888006921056,
        0.40759423082765145,
        0.40995589517968617,
        0.4034185105549635,
        0.4034828878467596,
        0.3986046148880625,
        0.38958192138857983,
        0.39638302044526436,
        0.39652997830623316,
        0.39653044725269204,
        0.3900933516239315,
        0.3865371047507358,
        0.38110102219546393,
        0.3844669603660137,
        0.37853886751371596,
        0.38429636777013165,
        0.3812404798681726,
        0.38918596163454944,
        0.38410692860054063,
        0.3811047985080928,
        0.3842619450817883,
        0.3789366112573992,
        0.39250944130405596,
        0.38212065115759647,
        0.377940783457917,
        0.38481217170063453,
        0.3819705002355676,
        0.3809453233887878,
        0.37573851695292104,
        0.3720689954291165,
        0.37629828554920003,
        0.3763113884011653,
        0.3743618081327732,
        0.3747735141387469,
        0.37556241569011023,
        0.3730946859415573,
        0.3807127704757427,
        0.370702801688814,
        0.37484513537541725,
        0.36887018643476793,
        0.36991675730936135,
        0.37461432572532805,
        0.3766637787788729,
        0.36837043814392534,
        0.37497321610586554,
        0.3708313481591422,
        0.37012875443206555,
        0.3590270601181541,
        0.3655745048028759,
        0.3662884530261599,
        0.36620178696098205,
        0.36152230544243685,
        0.36659169964146515,
        0.36640021230098063,
        0.37912998568533846,
        0.36429768434493853,
        0.3724195546773164
    ],
    "val_loss": [
        0.4982374612289139,
        0.49706022535698324,
        0.4952248759284804,
        0.48406320376486717,
        0.4497445631253568,
        0.41840867792503744,
        0.4018089993845058,
        0.4112256454138816,
        0.3877578184385843,
        0.38828564850212655,
        0.379036829724342,
        0.37529477005517936,
        0.3814574585685247,
        0.3796818727933908,
        0.3744580941392651,
        0.3630901052133192,
        0.36313161881098266,
        0.36993762157574483,
        0.37221271252330346,
        0.3583127012169814,
        0.36155234682786314,
        0.3604552838715571,
        0.3659301032371159,
        0.3554165919747534,
        0.3701982209341058,
        0.36932418012072016,
        0.3625667166389242,
        0.3668643502117712,
        0.35346643989787824,
        0.35759118972699855,
        0.3584685663256464,
        0.3552992996064168,
        0.36529855081174945,
        0.3543261525374425,
        0.374737182042644,
        0.3539809200771247,
        0.37024891772602175,
        0.3667464074266108,
        0.3511707246114936,
        0.36950562941499904,
        0.3558115847880327,
        0.36324096060817757,
        0.3585423163692408,
        0.37120779259484027,
        0.3519994712234298,
        0.35482348473388936,
        0.35705070315471177,
        0.352108553004793,
        0.36073997777096833,
        0.3612775716789161,
        0.35731590859874895,
        0.3563247862024398,
        0.3560502162745482,
        0.3658762284896419,
        0.368220088531888,
        0.34996487181397934,
        0.35909533029115653,
        0.35369551639202274,
        0.3521907101326351,
        0.3536505764232406,
        0.35584972921428804,
        0.3518265895073927,
        0.3555124773632122,
        0.36212370662560944,
        0.3568383458105824,
        0.3505523853664157,
        0.35670834416641467,
        0.367242542908916,
        0.3603243642262643,
        0.35455586308542686,
        0.3632026481194587,
        0.3666889845287498,
        0.35428907632639134,
        0.35698209349301796,
        0.35612585508747946,
        0.3693484305109404
    ],
    "val_accuracy": [
        0.5015822784810127,
        0.535996835443038,
        0.5015822784810127,
        0.5715981012658228,
        0.5870253164556962,
        0.617879746835443,
        0.6210443037974683,
        0.6218354430379747,
        0.6404272151898734,
        0.6372626582278481,
        0.6372626582278481,
        0.6455696202531646,
        0.6522943037974683,
        0.6451740506329114,
        0.649129746835443,
        0.6507120253164557,
        0.651503164556962,
        0.6526898734177216,
        0.6487341772151899,
        0.6582278481012658,
        0.6495253164556962,
        0.6534810126582279,
        0.6424050632911392,
        0.6534810126582279,
        0.6475474683544303,
        0.6376582278481012,
        0.6487341772151899,
        0.6400316455696202,
        0.653876582278481,
        0.6522943037974683,
        0.6499208860759493,
        0.651503164556962,
        0.6420094936708861,
        0.6511075949367089,
        0.6424050632911392,
        0.6518987341772152,
        0.6384493670886076,
        0.6499208860759493,
        0.6554588607594937,
        0.6420094936708861,
        0.649129746835443,
        0.6435917721518988,
        0.6483386075949367,
        0.634493670886076,
        0.6530854430379747,
        0.653876582278481,
        0.6550632911392406,
        0.65625,
        0.6503164556962026,
        0.6459651898734177,
        0.653876582278481,
        0.651503164556962,
        0.649129746835443,
        0.6487341772151899,
        0.6380537974683544,
        0.6554588607594937,
        0.6507120253164557,
        0.6503164556962026,
        0.6534810126582279,
        0.6578322784810127,
        0.6522943037974683,
        0.6570411392405063,
        0.6511075949367089,
        0.6443829113924051,
        0.6530854430379747,
        0.6566455696202531,
        0.6487341772151899,
        0.6380537974683544,
        0.6447784810126582,
        0.6503164556962026,
        0.6420094936708861,
        0.6431962025316456,
        0.6487341772151899,
        0.6507120253164557,
        0.651503164556962,
        0.6368670886075949
    ]
}