{
    "train_loss": [
        0.5220280686385521,
        0.5069482796805821,
        0.5025621739998145,
        0.5017831770050878,
        0.49661478412805227,
        0.4945804470450566,
        0.4790047133647943,
        0.4710814070098008,
        0.4630438777842099,
        0.4518618708169913,
        0.4484425177679786,
        0.44743085413668227,
        0.4411367120747828,
        0.43028365339659436,
        0.4353046153793858,
        0.4230466655412304,
        0.4202332592840436,
        0.42068973601744647,
        0.41327495005311843,
        0.41765020341309816,
        0.41053466118463483,
        0.40792391480650075,
        0.4038210654560524,
        0.4050839140319623,
        0.4009398434169685,
        0.39860616649504954,
        0.39872768068615394,
        0.3950303604645568,
        0.3942034430959054,
        0.3987025121219048,
        0.3920480401141231,
        0.3893800816706967,
        0.38047128648571826,
        0.38683342446380525,
        0.39217933509420244,
        0.38996639567965696,
        0.3848914060474448,
        0.38316379481227086,
        0.3838378204197823,
        0.38603970663079734,
        0.3788939412007352,
        0.37584569371199306,
        0.3776935592670984,
        0.3773280059455065,
        0.37844313303881055,
        0.37769545740467586,
        0.3761477989895183,
        0.370180101208546,
        0.3820123177509016,
        0.3790797664143365,
        0.3770637926547336,
        0.37378063507158044,
        0.3775648058309585,
        0.3755373195253847
    ],
    "val_loss": [
        0.4975341292498987,
        0.4988798152042341,
        0.4973615700308281,
        0.4923678919484344,
        0.47902720129188103,
        0.4568721640713607,
        0.42415775405832484,
        0.4161617512567134,
        0.4113761975040919,
        0.4114411365759524,
        0.4261296316038204,
        0.4159062690561331,
        0.3990052440498449,
        0.3953916489417794,
        0.40227175645435914,
        0.3991863057960438,
        0.4029410795509061,
        0.39500045634900466,
        0.3957659636117235,
        0.39162451500379586,
        0.3920802082630652,
        0.38469488348198844,
        0.3889773389961146,
        0.40742340504745894,
        0.3956339783683608,
        0.3886307045062886,
        0.3838885962208615,
        0.3871212084836598,
        0.3862752978560291,
        0.3843279032248862,
        0.3955389094314998,
        0.38300993637759473,
        0.3818500875672208,
        0.37437702026925507,
        0.38498341244987294,
        0.3867133332864393,
        0.39223413673948637,
        0.38850868040625053,
        0.38725423963764044,
        0.39154041152966174,
        0.38119510410329965,
        0.3924049981221368,
        0.37797669010071816,
        0.3854705762070946,
        0.3941597274587124,
        0.39266253498536124,
        0.39089404169139985,
        0.38916471647688106,
        0.3822949990818772,
        0.38649518995345394,
        0.38575388500584834,
        0.39246060180513165,
        0.39162288492993463,
        0.3899045993067041
    ],
    "val_accuracy": [
        0.5079113924050633,
        0.5079113924050633,
        0.5510284810126582,
        0.5482594936708861,
        0.5166139240506329,
        0.5886075949367089,
        0.5988924050632911,
        0.603243670886076,
        0.6111550632911392,
        0.6044303797468354,
        0.5977056962025317,
        0.6016613924050633,
        0.6218354430379747,
        0.6214398734177216,
        0.627373417721519,
        0.6170886075949367,
        0.6127373417721519,
        0.6147151898734177,
        0.622626582278481,
        0.6242088607594937,
        0.6182753164556962,
        0.6210443037974683,
        0.615506329113924,
        0.6048259493670886,
        0.6151107594936709,
        0.6234177215189873,
        0.6285601265822784,
        0.6269778481012658,
        0.6230221518987342,
        0.6265822784810127,
        0.615506329113924,
        0.627373417721519,
        0.6242088607594937,
        0.6340981012658228,
        0.622626582278481,
        0.622626582278481,
        0.6151107594936709,
        0.6210443037974683,
        0.622626582278481,
        0.6190664556962026,
        0.6265822784810127,
        0.6166930379746836,
        0.6293512658227848,
        0.620253164556962,
        0.6131329113924051,
        0.6139240506329114,
        0.6135284810126582,
        0.6253955696202531,
        0.6246044303797469,
        0.6269778481012658,
        0.6210443037974683,
        0.6143196202531646,
        0.6214398734177216,
        0.6151107594936709
    ]
}