{
    "0": {
        "precision": 0.6362240982348427,
        "recall": 0.6674718196457327,
        "f1-score": 0.6514734774066797,
        "support": 1242.0
    },
    "1": {
        "precision": 0.6628571428571428,
        "recall": 0.6314152410575428,
        "f1-score": 0.6467542811628834,
        "support": 1286.0
    },
    "accuracy": 0.649129746835443,
    "macro avg": {
        "precision": 0.6495406205459928,
        "recall": 0.6494435303516377,
        "f1-score": 0.6491138792847815,
        "support": 2528.0
    },
    "weighted avg": {
        "precision": 0.6497723954596362,
        "recall": 0.649129746835443,
        "f1-score": 0.6490728103301282,
        "support": 2528.0
    }
}