{
    "train_loss": [
        0.41145811055568937,
        0.3600684286432063,
        0.3470721719112802,
        0.34151620852186326,
        0.3390851140022278,
        0.33132541686930556,
        0.31876987669062107,
        0.2957404636322184,
        0.27143739601399036,
        0.24661705373449527,
        0.22514804728487706,
        0.2057354192467446,
        0.18846459686756134,
        0.18217024885593577,
        0.16931913815280225,
        0.1630979599470788,
        0.15443343057277356,
        0.1489112768401491,
        0.14287107986338596,
        0.13765243038218072,
        0.13237867158778172,
        0.13198154495751604
    ],
    "val_loss": [
        0.3677481439294694,
        0.36144354260420497,
        0.36647100312800346,
        0.37740759306316135,
        0.380034534991542,
        0.41078791550443144,
        0.41229530829417554,
        0.4579803245731547,
        0.44546888448015043,
        0.4619198113302641,
        0.47140494064439703,
        0.4636488032491901,
        0.463968791539156,
        0.4603509933133669,
        0.4576667109622231,
        0.4505307168900212,
        0.4561903755876082,
        0.4565179653560059,
        0.4498499624336822,
        0.4485540393787094,
        0.45789124241358115,
        0.4501036507419393
    ],
    "val_accuracy": [
        0.3423782920989625,
        0.3487629688747007,
        0.35434956105347165,
        0.34477254588986433,
        0.36153232242617717,
        0.3647246608140463,
        0.3647246608140463,
        0.3375897845171588,
        0.3655227454110136,
        0.3559457302474062,
        0.349561053471668,
        0.35514764565043894,
        0.33599361532322425,
        0.36951316839584997,
        0.3583399840383081,
        0.36233040702314445,
        0.35434956105347165,
        0.3663208300079808,
        0.349561053471668,
        0.3647246608140463,
        0.3575418994413408,
        0.35913806863527536
    ]
}