{
    "train_loss": [
        0.42053766897384154,
        0.3656776599427487,
        0.34918964124740437,
        0.34070954449633334,
        0.33502432247425645,
        0.32841627832422865,
        0.314363468073784,
        0.2982461111976745,
        0.27419394146888815,
        0.252073665311996,
        0.22957303352812503,
        0.21347729512985716,
        0.1983526143938937,
        0.189383579727183,
        0.17660337854573066,
        0.16602769126283362,
        0.16307993052487676,
        0.1548470325926517,
        0.14379981426482505,
        0.1399758648048056,
        0.13394667921548195,
        0.13027279262847088,
        0.13145374164302298
    ],
    "val_loss": [
        0.38735716516458535,
        0.3731069594998903,
        0.36974297520480576,
        0.3764888670625566,
        0.38961644414104996,
        0.4014128303226036,
        0.4246387451509886,
        0.44852537256252917,
        0.4393993287901335,
        0.4518109627916843,
        0.45912298409244684,
        0.45551834679857084,
        0.45766773103158687,
        0.449854508985447,
        0.45554162769377987,
        0.4561036429073237,
        0.4567944464049762,
        0.45453194764596,
        0.45055385216881955,
        0.4509287276599981,
        0.45409163455419904,
        0.45169303688821916,
        0.4564962922772275
    ],
    "val_accuracy": [
        0.3567438148443735,
        0.3399840383080607,
        0.3583399840383081,
        0.35514764565043894,
        0.35434956105347165,
        0.37031125299281725,
        0.33599361532322425,
        0.36233040702314445,
        0.37031125299281725,
        0.35115722266560256,
        0.34477254588986433,
        0.36951316839584997,
        0.35514764565043894,
        0.35434956105347165,
        0.3758978451715882,
        0.35434956105347165,
        0.363926576217079,
        0.3583399840383081,
        0.3758978451715882,
        0.3567438148443735,
        0.3567438148443735,
        0.3487629688747007,
        0.3463687150837989
    ]
}