{
    "0.0": {
        "precision": 0.35218508997429304,
        "recall": 0.3030973451327434,
        "f1-score": 0.3258026159334126,
        "support": 452.0
    },
    "1.0": {
        "precision": 0.33270676691729323,
        "recall": 0.4481012658227848,
        "f1-score": 0.3818770226537217,
        "support": 395.0
    },
    "2.0": {
        "precision": 0.3493975903614458,
        "recall": 0.2857142857142857,
        "f1-score": 0.3143631436314363,
        "support": 406.0
    },
    "accuracy": 0.34317637669592976,
    "macro avg": {
        "precision": 0.3447631490843441,
        "recall": 0.3456376322232713,
        "f1-score": 0.34068092740619016,
        "support": 1253.0
    },
    "weighted avg": {
        "precision": 0.3451414647146515,
        "recall": 0.34317637669592976,
        "f1-score": 0.3397730587904914,
        "support": 1253.0
    }
}