{
    "train_loss": [
        0.5205356822529835,
        0.5028171916950994,
        0.49423574907566187,
        0.4810854873995283,
        0.4701284554912083,
        0.45972909491453595,
        0.4552524424755751,
        0.4500940593543337,
        0.4413907256589007,
        0.43765224663179314,
        0.4309820225879328,
        0.4322063412906519,
        0.4207239903176009,
        0.4193666250625653,
        0.4177962634545654,
        0.41433880751702323,
        0.4097664098908652,
        0.4119319394898059,
        0.40864569538120016,
        0.4069476357591686,
        0.4018014236395039,
        0.397917486616035,
        0.3981568547104722,
        0.400083159466288,
        0.39737720940984894,
        0.39878068068134254,
        0.39822923218581213,
        0.3953099136143478,
        0.3947702065110207,
        0.39648025395042863,
        0.3931957951899785,
        0.3895729086514729,
        0.39247407559583436,
        0.3907551545038152,
        0.38737746728445166,
        0.39076543210157705,
        0.38541353557314445,
        0.3856067718187375,
        0.383740798128185,
        0.38880349950336696,
        0.38571802535608635,
        0.3842785077753352,
        0.37933705169985543,
        0.38892621062139965,
        0.38408140511210287,
        0.3892491744970208,
        0.3842050757203529,
        0.3789643554767566,
        0.3825288251042366,
        0.3796177264469773,
        0.37820590477603583,
        0.3765055432470877,
        0.37903679703820997,
        0.3780154578054129,
        0.3802352202027591,
        0.3773018837308706,
        0.3811559293419123,
        0.37862989553319876,
        0.380894500217331,
        0.37670534262016636,
        0.37529794962437296,
        0.37755772887326,
        0.37766659655677737,
        0.3759955252840448,
        0.37445727626779185,
        0.3755430899338046,
        0.3806282227275087,
        0.37192863989899405,
        0.37046065866502365
    ],
    "val_loss": [
        0.497755646109581,
        0.5034567952156067,
        0.49918545097112654,
        0.5129406160116196,
        0.501578956246376,
        0.5098100408911705,
        0.4993182799220085,
        0.499039534330368,
        0.489030479490757,
        0.4845039220154285,
        0.49669029861688613,
        0.49299459606409074,
        0.4837422020733356,
        0.4902946688234806,
        0.488502704501152,
        0.48478407710790633,
        0.4967253367602825,
        0.48371945589780807,
        0.5065320228040219,
        0.4954802721738815,
        0.5019905024766922,
        0.49982311457395556,
        0.4991313955187798,
        0.4890302050113678,
        0.4998566135764122,
        0.5093196396529674,
        0.49056090861558915,
        0.484160735309124,
        0.4975150680541992,
        0.4809044203162193,
        0.49019336462020874,
        0.48697413727641103,
        0.48704141020774844,
        0.49051940485835077,
        0.5006303009390831,
        0.5004865139722824,
        0.49937178611755373,
        0.49331492245197295,
        0.4963486690819263,
        0.4957107652723789,
        0.4981806960701942,
        0.510591761469841,
        0.5011066034436226,
        0.5075292937457562,
        0.49535618036985396,
        0.4976062494516373,
        0.5028922483325005,
        0.4941229125857353,
        0.4646935331821442,
        0.47833159744739534,
        0.4841917937994003,
        0.48630560338497164,
        0.4958860045671463,
        0.4923985037207603,
        0.48500810623168944,
        0.4852112063765526,
        0.4973252376914024,
        0.5098633268475532,
        0.5028329336643219,
        0.5000703582167625,
        0.48872099235653876,
        0.4957114523649216,
        0.4988067975640297,
        0.4829123589396477,
        0.49306396424770355,
        0.48952409833669663,
        0.49411396354436876,
        0.49170556753873823,
        0.4941373327374458
    ],
    "val_accuracy": [
        0.520625,
        0.48625,
        0.50375,
        0.498125,
        0.495,
        0.4875,
        0.498125,
        0.495625,
        0.51,
        0.516875,
        0.50875,
        0.51125,
        0.51875,
        0.513125,
        0.514375,
        0.52125,
        0.501875,
        0.51875,
        0.495625,
        0.505,
        0.4975,
        0.5025,
        0.500625,
        0.514375,
        0.503125,
        0.488125,
        0.510625,
        0.516875,
        0.501875,
        0.51875,
        0.51,
        0.515625,
        0.514375,
        0.511875,
        0.498125,
        0.499375,
        0.49875,
        0.506875,
        0.505,
        0.50625,
        0.503125,
        0.493125,
        0.5,
        0.49125,
        0.50625,
        0.503125,
        0.49625,
        0.509375,
        0.5375,
        0.5225,
        0.5175,
        0.51625,
        0.50375,
        0.50875,
        0.515625,
        0.516875,
        0.503125,
        0.488125,
        0.496875,
        0.50125,
        0.51125,
        0.5025,
        0.50125,
        0.5175,
        0.5075,
        0.5125,
        0.508125,
        0.509375,
        0.505625
    ]
}