{
    "train_loss": [
        0.517257488244935,
        0.5071485999597967,
        0.4993787234405616,
        0.49600174416162324,
        0.4789772926402309,
        0.4641774838456267,
        0.4552400884385529,
        0.44719592687931464,
        0.4410559190805198,
        0.4327085282891355,
        0.4306195176073483,
        0.42098363767460123,
        0.41981291764141215,
        0.4119246684943289,
        0.4154553197120461,
        0.4073852325781138,
        0.4059992550580697,
        0.41129888345042986,
        0.40387214484729306,
        0.40241093040192016,
        0.4003953323628765,
        0.39220253081488393,
        0.3941234527070834,
        0.39715845946301803,
        0.3991777199379941,
        0.39733604862606636,
        0.3959753429771919,
        0.39336068802555646,
        0.3905024487513902,
        0.39728640579253344,
        0.39419612526259523,
        0.39028531909668335,
        0.39597180229824,
        0.3857127166265412,
        0.38719143138739837,
        0.3874562217154764,
        0.3817607786472445,
        0.38597282755972767,
        0.38123104895683047,
        0.3872860491864587,
        0.3842938487562365,
        0.384345988440115,
        0.38299617680825726,
        0.380843841105609,
        0.38037034509120377,
        0.38420094468129806,
        0.3829737020865943,
        0.38704063704854447,
        0.3851191859273381,
        0.3816511118303316,
        0.379907265928288,
        0.37645535347671855,
        0.37767783088162316,
        0.3829556752822863,
        0.38058654567662703,
        0.38017955997613423,
        0.3724705533189614,
        0.37984339481836754,
        0.3783986092202569,
        0.37347186701004265,
        0.37751287437046915,
        0.38113690899135855,
        0.3737432422642922,
        0.37695855957577656,
        0.37957399363394567,
        0.3769692410983847,
        0.3705937920596824,
        0.37967623825720015,
        0.3738024733552998,
        0.3755254605983166,
        0.3731734265423292,
        0.3707940159620304
    ],
    "val_loss": [
        0.4995747658610344,
        0.4994362351298332,
        0.4966496551036835,
        0.4949061670899391,
        0.4787339630723,
        0.48607044845819475,
        0.47521640226244927,
        0.47087019562721255,
        0.4720849472284317,
        0.4944245395064354,
        0.45201977595686915,
        0.47077952802181244,
        0.45025145217776297,
        0.46238422989845274,
        0.4877438527345657,
        0.47442458629608153,
        0.46436202377080915,
        0.4730629761517048,
        0.4519506423175335,
        0.46598937951028346,
        0.44713292598724363,
        0.4653860402107239,
        0.45889522224664686,
        0.4504685594141483,
        0.44428341418504713,
        0.4394197416305542,
        0.4680323004722595,
        0.4805851969122887,
        0.46249194055795667,
        0.442854473143816,
        0.4481713347136974,
        0.4457973137497902,
        0.4567458163201809,
        0.45028506010770797,
        0.45576988860964773,
        0.44947806641459465,
        0.44659355252981187,
        0.4588816782832146,
        0.4587263822555542,
        0.45187664926052096,
        0.4520861642062664,
        0.45180852100253105,
        0.4964387860894203,
        0.4569784027338028,
        0.4442442397773266,
        0.43492084234952927,
        0.43755486100912094,
        0.4592537222802639,
        0.4436275053024292,
        0.43790371641516684,
        0.4370261101424694,
        0.4279536961019039,
        0.4450101003050804,
        0.4347484837472439,
        0.4410847403109074,
        0.4355419459939003,
        0.4455923239886761,
        0.45049314081668856,
        0.44745016351342204,
        0.4500476370751858,
        0.46433005198836325,
        0.44438611283898355,
        0.44433891505002976,
        0.4533157083392143,
        0.4427232226729393,
        0.4462036266922951,
        0.4696773700416088,
        0.47288979455828667,
        0.46819551676511767,
        0.4510220691561699,
        0.44353617712855337,
        0.4391650106012821
    ],
    "val_accuracy": [
        0.5,
        0.5,
        0.500625,
        0.5025,
        0.5475,
        0.531875,
        0.535625,
        0.5625,
        0.540625,
        0.50375,
        0.561875,
        0.534375,
        0.558125,
        0.541875,
        0.513125,
        0.530625,
        0.5375,
        0.529375,
        0.551875,
        0.538125,
        0.556875,
        0.53875,
        0.544375,
        0.55625,
        0.563125,
        0.565625,
        0.535,
        0.520625,
        0.54125,
        0.563125,
        0.5575,
        0.559375,
        0.54625,
        0.55125,
        0.55,
        0.555,
        0.556875,
        0.544375,
        0.54125,
        0.55,
        0.551875,
        0.550625,
        0.503125,
        0.5475,
        0.55875,
        0.57125,
        0.565,
        0.54125,
        0.560625,
        0.566875,
        0.564375,
        0.576875,
        0.5575,
        0.569375,
        0.5675,
        0.568125,
        0.558125,
        0.5525,
        0.555625,
        0.55125,
        0.53625,
        0.558125,
        0.56,
        0.550625,
        0.564375,
        0.55625,
        0.53375,
        0.529375,
        0.533125,
        0.55125,
        0.5575,
        0.565
    ]
}