{
    "train_loss": [
        0.5175046519181885,
        0.503680980262848,
        0.4920872846556889,
        0.47962892681851493,
        0.4661447639157484,
        0.4533404681299414,
        0.44552850702797975,
        0.44225923821411944,
        0.43536944525664323,
        0.4288353439379524,
        0.42754483871816934,
        0.42116870860067696,
        0.4172474147322086,
        0.41354359481688385,
        0.41876534026648315,
        0.40889884457810893,
        0.4066998100338074,
        0.40297244380709235,
        0.40161094640555617,
        0.40097423438187485,
        0.3989673832247218,
        0.40429787970260606,
        0.3992484096273944,
        0.39577886253431604,
        0.3952684733852908,
        0.39147383101530125,
        0.3940550224282421,
        0.39755205989170533,
        0.3875537069493925,
        0.3907456627565917,
        0.3945711187322389,
        0.39175678902193084,
        0.3870503738276906,
        0.3860657559196045,
        0.38794706819149166,
        0.3859650289619362,
        0.3832799536431884,
        0.3848132938862993,
        0.3888273838866543,
        0.3877001968058911,
        0.3821241764331257
    ],
    "val_loss": [
        0.5073036324977874,
        0.5489634481072426,
        0.4677683064341545,
        0.5811236298084259,
        0.40629414960741994,
        0.5581862092018127,
        0.45126071766018866,
        0.4039929389953613,
        0.39702642425894735,
        0.44188266023993494,
        0.6405019220709801,
        0.45878576159477236,
        0.5977072358131409,
        0.4709114100039005,
        0.5097466462850571,
        0.551260866522789,
        0.4156031763553619,
        0.4025272013247013,
        0.3895771633088589,
        0.38097428902983665,
        0.2903612597286701,
        0.32004972234368323,
        0.3266227585077286,
        0.5246422484517097,
        0.514309358894825,
        0.5280568361282348,
        0.5873886409401894,
        0.4133666267991066,
        0.41852011635899544,
        0.3280293369293213,
        0.40130358830094337,
        0.39845751389861106,
        0.3998874528706074,
        0.4421710495650768,
        0.6639241075515747,
        0.5402298513054847,
        0.47187437415122985,
        0.3924014163017273,
        0.46350413709878924,
        0.42037725493311884,
        0.4481723816692829
    ],
    "val_accuracy": [
        0.433125,
        0.27,
        0.568125,
        0.36,
        0.6175,
        0.453125,
        0.575625,
        0.605,
        0.621875,
        0.576875,
        0.355,
        0.555,
        0.369375,
        0.515,
        0.495,
        0.4625,
        0.6125,
        0.601875,
        0.615625,
        0.639375,
        0.753125,
        0.695,
        0.71375,
        0.48625,
        0.47875,
        0.4775,
        0.3975,
        0.604375,
        0.595625,
        0.680625,
        0.606875,
        0.601875,
        0.610625,
        0.5625,
        0.321875,
        0.453125,
        0.534375,
        0.6075,
        0.529375,
        0.59125,
        0.549375
    ]
}