{
    "train_loss": [
        0.5220744643832597,
        0.504695602747756,
        0.5006258364294617,
        0.4850976376886099,
        0.47009320573907504,
        0.46082386960026245,
        0.4523923163682642,
        0.44381259333499723,
        0.440868809609346,
        0.43341967507567203,
        0.42671584952884994,
        0.4258172512893945,
        0.42009006732366455,
        0.415414265050015,
        0.4181218366177989,
        0.4153510788167027,
        0.4156900193489773,
        0.410888836354437,
        0.40477036926108345,
        0.406648324283076,
        0.40422756038081475,
        0.4013068689636781,
        0.3984342355123708,
        0.4032132385482251,
        0.39674922208970703,
        0.3948340803384781,
        0.39455683369871597,
        0.3919644435106868,
        0.3926865000540102,
        0.3940249569189381,
        0.39100212280599167,
        0.3890233487205606,
        0.3885486827349999,
        0.3900736340754469,
        0.38904734396598706,
        0.3886884367172147,
        0.3863894894614186,
        0.38690166832275796,
        0.385767960170625,
        0.38279069307404506,
        0.38305495210306745,
        0.38432944828355814,
        0.3835936367511749,
        0.38103158454030334,
        0.37780669220316576
    ],
    "val_loss": [
        0.4995014461874962,
        0.46002676486968996,
        0.48853055626153946,
        0.6220603597164154,
        0.5077928611636162,
        0.5132422503829003,
        0.5563965925574302,
        0.5128967288136482,
        0.47243436276912687,
        0.6334272375702859,
        0.4905419746041298,
        0.5684135663509369,
        0.6039157900214195,
        0.5614802059531212,
        0.5771309378743171,
        0.5520097777247429,
        0.4431453654170036,
        0.5507206675410271,
        0.6356889107823371,
        0.562857277393341,
        0.4977386352419853,
        0.5582523646950722,
        0.613940252661705,
        0.6579490265250206,
        0.36740181848406794,
        0.4669690163433552,
        0.5147252044081688,
        0.5910381472110748,
        0.6131037694215774,
        0.5792878240346908,
        0.5090204833447933,
        0.49984401315450666,
        0.569643611907959,
        0.5368185642361641,
        0.4540985658764839,
        0.6080718785524368,
        0.5450370419025421,
        0.6660797250270843,
        0.6711854487657547,
        0.6040432494878769,
        0.4116393826901913,
        0.5214548596739769,
        0.5329852868616581,
        0.547404613494873,
        0.5484154641628265
    ],
    "val_accuracy": [
        0.54125,
        0.761875,
        0.57125,
        0.3325,
        0.49375,
        0.498125,
        0.41125,
        0.50125,
        0.534375,
        0.3475,
        0.504375,
        0.41,
        0.39,
        0.441875,
        0.401875,
        0.454375,
        0.569375,
        0.446875,
        0.358125,
        0.428125,
        0.50125,
        0.433125,
        0.37375,
        0.3175,
        0.65375,
        0.536875,
        0.48375,
        0.394375,
        0.37,
        0.41125,
        0.48375,
        0.49625,
        0.4275,
        0.4575,
        0.555,
        0.385,
        0.453125,
        0.315625,
        0.310625,
        0.38375,
        0.598125,
        0.481875,
        0.461875,
        0.439375,
        0.440625
    ]
}