{
    "train_loss": [
        0.5164118330614808,
        0.5063238058397397,
        0.4979275269092962,
        0.4876179176315905,
        0.469964279393675,
        0.4573424313855555,
        0.4482095980714041,
        0.4409160460856788,
        0.4333608298402929,
        0.4285496708938353,
        0.4221859200588955,
        0.419453536325283,
        0.416281458814008,
        0.4095653915126013,
        0.4094773863890859,
        0.40308984640663925,
        0.4013839059701601,
        0.3980508465892574,
        0.3939658660621629,
        0.39669178546260425,
        0.391566140879911,
        0.3918467121496033,
        0.3875238025563702,
        0.3860664435527335,
        0.38118123016586064,
        0.38760973788023345,
        0.3849326617153986,
        0.3833024418458757,
        0.38549720067230886,
        0.37934601998521156,
        0.379782666889937,
        0.37932931391814095,
        0.38638029951127695,
        0.3763642090524098,
        0.37713508075580415,
        0.37926578045022263,
        0.38185218803442766,
        0.3770416651471991,
        0.37399019948909085,
        0.3745799711625887,
        0.3691440194976103,
        0.3751499858162588,
        0.3728956038549564,
        0.3746017257888879,
        0.3701407564353978,
        0.3779834208581842,
        0.3745955204370256,
        0.3748416337859578,
        0.3751307091788876
    ],
    "val_loss": [
        0.49294257879257203,
        0.5062460976839066,
        0.4964075827598572,
        0.4963021156191826,
        0.5080111528933048,
        0.5555461214482784,
        0.5590982586145401,
        0.49820806086063385,
        0.5063250595331192,
        0.5334253276884556,
        0.5463358715176583,
        0.5125599648058414,
        0.543047396838665,
        0.5394404804706574,
        0.4988696293532848,
        0.4705840991437435,
        0.5047319839894772,
        0.526986266374588,
        0.5643967369198799,
        0.5059990456700325,
        0.49201812475919726,
        0.5344666582345963,
        0.4779282049834728,
        0.5042764262855053,
        0.4938452759385109,
        0.5013786199688911,
        0.4641363067924976,
        0.4932501696050167,
        0.4419900943338871,
        0.507236798107624,
        0.4460639300942421,
        0.4843995437026024,
        0.5276207730174065,
        0.48088708370923994,
        0.49294198453426363,
        0.4778313785791397,
        0.4887959523499012,
        0.4602887845039368,
        0.4804408368468285,
        0.4736200556159019,
        0.45595893651247027,
        0.507204479277134,
        0.4761699718236923,
        0.46052546590566634,
        0.46707208156585694,
        0.45639574065804484,
        0.45080138437449935,
        0.467957673817873,
        0.44783440701663496
    ],
    "val_accuracy": [
        0.575625,
        0.425,
        0.536875,
        0.52125,
        0.516875,
        0.47625,
        0.46125,
        0.51625,
        0.51375,
        0.474375,
        0.465,
        0.49625,
        0.4575,
        0.465,
        0.509375,
        0.53625,
        0.49875,
        0.47375,
        0.43125,
        0.49625,
        0.5175,
        0.4725,
        0.528125,
        0.505,
        0.50625,
        0.499375,
        0.53875,
        0.508125,
        0.565,
        0.495625,
        0.5575,
        0.516875,
        0.47,
        0.5225,
        0.509375,
        0.521875,
        0.51375,
        0.5475,
        0.520625,
        0.53,
        0.550625,
        0.49125,
        0.525625,
        0.543125,
        0.535,
        0.54625,
        0.553125,
        0.54,
        0.556875
    ]
}