{
    "train_loss": [
        0.5228072188794612,
        0.5058831347359551,
        0.49706801064312456,
        0.48699372282458675,
        0.47312441451681986,
        0.46086046944061915,
        0.45018088689280883,
        0.44231602483325533,
        0.43702553225060303,
        0.4304503558617499,
        0.4280818264517519,
        0.42477450418389506,
        0.4164004588085744,
        0.41435383589317404,
        0.4093005457479093,
        0.4111369701516297,
        0.40670982675833833,
        0.40395526298218304,
        0.4036343759753638,
        0.4033801957137055,
        0.3990428481457962,
        0.39845751915127037,
        0.3963779762490756,
        0.3931550549136268,
        0.3940327132327689,
        0.39676977694034576,
        0.394309236574918,
        0.39008848468462626,
        0.3915723445307877,
        0.3952739920467138,
        0.39244537469413543,
        0.38894390422436925,
        0.3872434319721328,
        0.3852331377565861,
        0.3868495962065127,
        0.38731327421135375,
        0.38287954066569607,
        0.378310351466967,
        0.3835449581137962,
        0.3818728619151645,
        0.3835170810835229,
        0.38466745439089006,
        0.3805006463908487,
        0.38010895734445915,
        0.3792844963984357,
        0.38065033968951967,
        0.3758959953466223,
        0.379609111085948,
        0.3811115478579369,
        0.37033651205193663,
        0.37603459373737375,
        0.3756085250319706,
        0.3751835824507806,
        0.37720695558107564,
        0.3736171740003758,
        0.3683197816212972
    ],
    "val_loss": [
        0.5284553402662278,
        0.5202964824438095,
        0.5229841899871827,
        0.6367467701435089,
        0.527396080493927,
        0.53529924929142,
        0.4295092323422432,
        0.6226845979690552,
        0.3572519062459469,
        0.4066472181677818,
        0.5190416193008422,
        0.35368200555443763,
        0.42211508080363275,
        0.5422188287973404,
        0.4611878497898579,
        0.3257697593420744,
        0.4826328110694885,
        0.3680769035220146,
        0.3356608022749424,
        0.31399051964282987,
        0.3537445838749409,
        0.3126887756586075,
        0.509447762966156,
        0.3079815562069416,
        0.3664884392917156,
        0.43602938041090966,
        0.4542218637466431,
        0.3717434979975224,
        0.5414448717236519,
        0.36163089871406556,
        0.3821850015223026,
        0.5396096703410148,
        0.3691633103787899,
        0.33300864964723587,
        0.340785376727581,
        0.2990553592145443,
        0.41431755289435385,
        0.338932351320982,
        0.42546103850007055,
        0.45331032112240793,
        0.4926962539553642,
        0.46328686431050303,
        0.3790000407397747,
        0.3224084987491369,
        0.3028008694574237,
        0.43765463411808014,
        0.5044239357858896,
        0.46024625077843667,
        0.5152699181437492,
        0.4279394218325615,
        0.5001854410767556,
        0.35561255052685736,
        0.39334443837404254,
        0.42610196858644483,
        0.4327982164919376,
        0.42305842131376264
    ],
    "val_accuracy": [
        0.255,
        0.27875,
        0.36375,
        0.275,
        0.431875,
        0.416875,
        0.590625,
        0.349375,
        0.66125,
        0.5975,
        0.48,
        0.656875,
        0.58875,
        0.441875,
        0.554375,
        0.70125,
        0.52375,
        0.651875,
        0.689375,
        0.705,
        0.655,
        0.73625,
        0.484375,
        0.724375,
        0.6425,
        0.58625,
        0.5325,
        0.64625,
        0.47,
        0.664375,
        0.63625,
        0.456875,
        0.6525,
        0.68875,
        0.6675,
        0.730625,
        0.6075,
        0.6875,
        0.585,
        0.5525,
        0.50875,
        0.54125,
        0.634375,
        0.695,
        0.716875,
        0.566875,
        0.49375,
        0.54125,
        0.473125,
        0.58,
        0.4975,
        0.65375,
        0.615,
        0.581875,
        0.57625,
        0.58375
    ]
}