{
    "0": {
        "precision": 0.4714285714285714,
        "recall": 0.09705882352941177,
        "f1-score": 0.16097560975609757,
        "support": 340.0
    },
    "1": {
        "precision": 0.5794520547945206,
        "recall": 0.9195652173913044,
        "f1-score": 0.7109243697478992,
        "support": 460.0
    },
    "accuracy": 0.57,
    "macro avg": {
        "precision": 0.5254403131115459,
        "recall": 0.5083120204603581,
        "f1-score": 0.4359499897519984,
        "support": 800.0
    },
    "weighted avg": {
        "precision": 0.5335420743639921,
        "recall": 0.57,
        "f1-score": 0.4771961467513835,
        "support": 800.0
    }
}