{
    "0": {
        "precision": 0.5613577023498695,
        "recall": 0.5119047619047619,
        "f1-score": 0.5354919053549191,
        "support": 420.0
    },
    "1": {
        "precision": 0.5083932853717026,
        "recall": 0.5578947368421052,
        "f1-score": 0.5319949811794228,
        "support": 380.0
    },
    "accuracy": 0.53375,
    "macro avg": {
        "precision": 0.534875493860786,
        "recall": 0.5348997493734335,
        "f1-score": 0.5337434432671709,
        "support": 800.0
    },
    "weighted avg": {
        "precision": 0.5361996042852403,
        "recall": 0.53375,
        "f1-score": 0.5338308663715583,
        "support": 800.0
    }
}