{
    "0": {
        "precision": 0.3252032520325203,
        "recall": 0.46153846153846156,
        "f1-score": 0.3815580286168522,
        "support": 260.0
    },
    "1": {
        "precision": 0.6751740139211136,
        "recall": 0.5388888888888889,
        "f1-score": 0.5993820803295572,
        "support": 540.0
    },
    "accuracy": 0.51375,
    "macro avg": {
        "precision": 0.500188632976817,
        "recall": 0.5002136752136752,
        "f1-score": 0.4904700544732047,
        "support": 800.0
    },
    "weighted avg": {
        "precision": 0.5614335163073209,
        "recall": 0.51375,
        "f1-score": 0.5285892635229281,
        "support": 800.0
    }
}