{
    "0": {
        "precision": 0.5166666666666667,
        "recall": 0.10333333333333333,
        "f1-score": 0.17222222222222222,
        "support": 300.0
    },
    "1": {
        "precision": 0.6364864864864865,
        "recall": 0.942,
        "f1-score": 0.7596774193548387,
        "support": 500.0
    },
    "accuracy": 0.6275,
    "macro avg": {
        "precision": 0.5765765765765767,
        "recall": 0.5226666666666666,
        "f1-score": 0.4659498207885304,
        "support": 800.0
    },
    "weighted avg": {
        "precision": 0.5915540540540541,
        "recall": 0.6275,
        "f1-score": 0.5393817204301076,
        "support": 800.0
    }
}