{
    "0": {
        "precision": 0.6992481203007519,
        "recall": 0.2325,
        "f1-score": 0.34896810506566606,
        "support": 400.0
    },
    "1": {
        "precision": 0.5397301349325337,
        "recall": 0.9,
        "f1-score": 0.6747891283973758,
        "support": 400.0
    },
    "accuracy": 0.56625,
    "macro avg": {
        "precision": 0.6194891276166428,
        "recall": 0.56625,
        "f1-score": 0.5118786167315209,
        "support": 800.0
    },
    "weighted avg": {
        "precision": 0.6194891276166428,
        "recall": 0.56625,
        "f1-score": 0.5118786167315208,
        "support": 800.0
    }
}