{
    "0": {
        "precision": 0.7903930131004366,
        "recall": 0.724,
        "f1-score": 0.755741127348643,
        "support": 500.0
    },
    "1": {
        "precision": 0.7396226415094339,
        "recall": 0.8032786885245902,
        "f1-score": 0.7701375245579568,
        "support": 488.0
    },
    "accuracy": 0.7631578947368421,
    "macro avg": {
        "precision": 0.7650078273049352,
        "recall": 0.7636393442622951,
        "f1-score": 0.7629393259532999,
        "support": 988.0
    },
    "weighted avg": {
        "precision": 0.7653161493996176,
        "recall": 0.7631578947368421,
        "f1-score": 0.7628518984398829,
        "support": 988.0
    }
}