{
    "train_loss": [
        0.5033914680162476,
        0.483767199328304,
        0.4672191781104164,
        0.45614518620529954,
        0.4338555001482672,
        0.4154022226251786,
        0.3924394003590759,
        0.37637391291102584,
        0.35370013402543393,
        0.3342888083219086,
        0.31676856977156675,
        0.2932233806554373,
        0.27926158125413814,
        0.2575924549120477,
        0.24129531741252858,
        0.22506265891007457,
        0.2066555405813157,
        0.19248992291750847,
        0.17546154002284076,
        0.1659486510744232,
        0.15472548848954557,
        0.14356665823311443,
        0.1363164294642398,
        0.12640426974183774,
        0.12033218280144437
    ],
    "val_loss": [
        0.5431293878952662,
        0.5239337778091431,
        0.5151453906297684,
        0.4979423201084137,
        0.4837488454580307,
        0.504527086019516,
        0.5086911662419638,
        0.4926162270704905,
        0.4944465970993042,
        0.49819565335909527,
        0.5187880426645279,
        0.5040325736999511,
        0.4935383274157842,
        0.49918241639932,
        0.48849252849817276,
        0.5063156781593958,
        0.4937564116716385,
        0.4969607506195704,
        0.49997394462426503,
        0.49259342432022096,
        0.48497232526540757,
        0.5073895514011383,
        0.5161725983023644,
        0.49128107180198033,
        0.49010582158962884
    ],
    "val_accuracy": [
        0.4502923976608187,
        0.46574770258980785,
        0.4816207184628237,
        0.5091896407685882,
        0.5355054302422724,
        0.5083542188805347,
        0.5008354218880535,
        0.5530492898913951,
        0.525062656641604,
        0.5463659147869674,
        0.5150375939849624,
        0.5359231411862991,
        0.5275689223057645,
        0.531328320802005,
        0.5375939849624061,
        0.5192147034252298,
        0.5267335004177109,
        0.5171261487050961,
        0.52046783625731,
        0.5171261487050961,
        0.5304928989139516,
        0.5146198830409356,
        0.5008354218880535,
        0.5254803675856308,
        0.5162907268170426
    ]
}