{
    "train_loss": [
        0.5022318022591727,
        0.4835179599627493,
        0.46937009587137507,
        0.4496044830621284,
        0.43230121647714465,
        0.41071252079753134,
        0.3928179753899353,
        0.37361903624101117,
        0.3521483609649821,
        0.33440807517030463,
        0.3122118190622064,
        0.2962647620899558,
        0.27788026183014236,
        0.2617752442554552,
        0.24640036377095115,
        0.23354656116584235,
        0.21273176461900542,
        0.19768709531796885,
        0.19524117409906494,
        0.18524816116674048,
        0.1684247086892433,
        0.16453856965855235,
        0.1522248119793155,
        0.15072644017429432,
        0.14036063863748965,
        0.13861551895350605,
        0.12387539461559179,
        0.12321655199636665,
        0.11378077868932032,
        0.11415044374846904,
        0.10957897968023518,
        0.10567246773150613,
        0.10268796143745779,
        0.09542745625831754,
        0.09623576853776797,
        0.09228772936122757,
        0.08363032236985572,
        0.080867922963343,
        0.08153531197562178,
        0.07530452923396523,
        0.07063117095464512,
        0.07233921214869049,
        0.0666426558355094,
        0.06737006886590943,
        0.061801991021132756,
        0.0630112815586114,
        0.05949478728631045,
        0.05741984166502123,
        0.058029443051507056,
        0.0670547884783547,
        0.05422431317111391,
        0.050752089187806965,
        0.053541060037745065,
        0.04689955665576159,
        0.054809751970510315,
        0.047900524109615795,
        0.047087266231698705,
        0.04305699238370489,
        0.03889383209769049,
        0.04491585096714116,
        0.0428701577507692
    ],
    "val_loss": [
        0.5271825172503789,
        0.5032363287607828,
        0.5160202898581823,
        0.47712439179420474,
        0.48640675365924835,
        0.5350102325280507,
        0.5141940683126449,
        0.49579272071520486,
        0.5138040564457576,
        0.4997677304347356,
        0.49630187173684437,
        0.4897362667322159,
        0.5098786757389704,
        0.5064411576588949,
        0.48338192035754524,
        0.47935387402772905,
        0.4760621739427249,
        0.4877124692996343,
        0.515215437412262,
        0.506370564699173,
        0.49771801034609475,
        0.48696287870407107,
        0.47506996313730876,
        0.5076798471808434,
        0.5180193557341893,
        0.48830165108044943,
        0.5063267948230108,
        0.48123849352200826,
        0.4920416693886121,
        0.4990993402401606,
        0.5316641695300738,
        0.4962134035428365,
        0.4848180585106214,
        0.47441576768954596,
        0.49787201633056005,
        0.496927382449309,
        0.48938698997100194,
        0.4924052333831787,
        0.4906976667046547,
        0.48771648277839025,
        0.4739632730682691,
        0.5016020818551381,
        0.48279305855433147,
        0.48451380014419554,
        0.4876884706815084,
        0.503689048687617,
        0.4891637800137202,
        0.49189981718858083,
        0.4816051268577576,
        0.48683401962121325,
        0.49965718686580657,
        0.49425716161727906,
        0.501079439620177,
        0.5002800884842873,
        0.48744255950053533,
        0.5073250078161557,
        0.5024004088838895,
        0.4957936810453733,
        0.5076822465658188,
        0.49800313472747804,
        0.5010330003499984
    ],
    "val_accuracy": [
        0.4548872180451128,
        0.48705096073517123,
        0.4828738512949039,
        0.5359231411862991,
        0.518796992481203,
        0.49331662489557226,
        0.5066833751044277,
        0.5154553049289892,
        0.5459482038429407,
        0.5150375939849624,
        0.5309106098579783,
        0.5300751879699248,
        0.514202172096909,
        0.5137844611528822,
        0.5367585630743525,
        0.5426065162907269,
        0.5359231411862991,
        0.5284043441938179,
        0.5075187969924813,
        0.5167084377610693,
        0.5158730158730159,
        0.5284043441938179,
        0.5417710944026733,
        0.5079365079365079,
        0.5008354218880535,
        0.5309106098579783,
        0.5125313283208021,
        0.5384294068504595,
        0.5175438596491229,
        0.5150375939849624,
        0.4824561403508772,
        0.5175438596491229,
        0.5267335004177109,
        0.5396825396825397,
        0.5162907268170426,
        0.5112781954887218,
        0.5183792815371763,
        0.5200501253132832,
        0.5196324143692564,
        0.5213032581453634,
        0.5363408521303258,
        0.5171261487050961,
        0.5288220551378446,
        0.5246449456975772,
        0.5158730158730159,
        0.5033416875522139,
        0.5171261487050961,
        0.5167084377610693,
        0.5238095238095238,
        0.5213032581453634,
        0.5100250626566416,
        0.5125313283208021,
        0.5087719298245614,
        0.5100250626566416,
        0.5175438596491229,
        0.49665831244778613,
        0.5104427736006684,
        0.5075187969924813,
        0.5091896407685882,
        0.5116959064327485,
        0.5112781954887218
    ]
}