{
    "train_loss": [
        0.5028095300100288,
        0.47844565434447023,
        0.4646074086261813,
        0.4491008000382687,
        0.42768640373876676,
        0.41379469807271835,
        0.3896924645703887,
        0.3689129104585506,
        0.3504032435963459,
        0.3304193276974177,
        0.31406547582547606,
        0.2890565226714996,
        0.27289867132957435,
        0.2547807508530113,
        0.23711806420990178,
        0.2204842194776588,
        0.20784370508563318,
        0.19281183257837242,
        0.18025392747323454,
        0.1635286914243437,
        0.15371618265068376,
        0.14972698331874465,
        0.14002388032198174,
        0.13212977132737527,
        0.12260061454076271
    ],
    "val_loss": [
        0.4901345282793045,
        0.4969536725680033,
        0.5012903501590092,
        0.4998303866386414,
        0.48879639466603597,
        0.5043162514766057,
        0.5004767066240311,
        0.66052747686704,
        0.5438597343365351,
        0.5070567025740942,
        0.5317968298991521,
        0.5403106019894282,
        0.5438876064618429,
        0.5133732175827026,
        0.5039418202638626,
        0.6152105617523194,
        0.5013068167368571,
        0.4904248034954071,
        0.5093653472264608,
        0.5032532326380412,
        0.5238597667217255,
        0.5011785423755646,
        0.5402088496088981,
        0.49435616691907247,
        0.4923715939124425
    ],
    "val_accuracy": [
        0.5338345864661654,
        0.5350877192982456,
        0.5066833751044277,
        0.5016708437761069,
        0.5334168755221387,
        0.5229741019214703,
        0.5213032581453634,
        0.48078529657477026,
        0.48955722639933164,
        0.5317460317460317,
        0.5300751879699248,
        0.49958228905597324,
        0.5325814536340853,
        0.5129490392648287,
        0.529657477025898,
        0.467000835421888,
        0.5254803675856308,
        0.531328320802005,
        0.5133667502088555,
        0.5083542188805347,
        0.5087719298245614,
        0.5329991645781119,
        0.47953216374269003,
        0.525062656641604,
        0.5279866332497911
    ]
}