{
    "train_loss": [
        0.501823221210646,
        0.4842554699622634,
        0.4656986599729322,
        0.4453330758219526,
        0.42858679534552935,
        0.411243919345355,
        0.3878067238930205,
        0.36385504942878055,
        0.34676806106195823,
        0.32827166118183915,
        0.3087715693163739,
        0.29486871232902406,
        0.27757343909736026,
        0.2561281319286032,
        0.24203887129814153,
        0.22418840649729535,
        0.20737417939366126,
        0.20036157925573483,
        0.18367938879801302,
        0.178428351823828,
        0.16708194241895305,
        0.1570752454309937,
        0.15618845077442325,
        0.17068891752518175,
        0.14099231488131858,
        0.13209676338923,
        0.12549371455825437,
        0.12064670014552814,
        0.11781962656853151,
        0.11661144892006062,
        0.11247162377472159,
        0.10484219339360001,
        0.10138073754678299,
        0.09673961831847679,
        0.09473966366519844,
        0.08970181529577786,
        0.08372482590736728,
        0.08014056874795061,
        0.07920925627447015,
        0.07565627145841856,
        0.07927100473396301,
        0.07773157800089893,
        0.07009228324113286,
        0.0716681907088228,
        0.06718887152679003,
        0.07130581910457594,
        0.06285129842764814,
        0.06061112075000449,
        0.06000854066661205,
        0.059278954005349216,
        0.05062223306177996
    ],
    "val_loss": [
        0.490686643520991,
        0.4772626199324926,
        0.49240341703097024,
        0.48438570261001584,
        0.5330141677459082,
        0.4763118879000346,
        0.5213575798273087,
        0.49395198702812193,
        0.5003445210059484,
        0.47839141070842744,
        0.4749210347731908,
        0.5160923425356547,
        0.48823748211065926,
        0.47778792421023053,
        0.4974090466896693,
        0.4797840400536855,
        0.46816903273264565,
        0.484623898267746,
        0.4986436762412389,
        0.46825672189394635,
        0.4762013683716456,
        0.4707433048884074,
        0.47825665831565856,
        0.46859254598617556,
        0.4611175090074539,
        0.4611230488618215,
        0.4630092120170593,
        0.467342721025149,
        0.47215469588836034,
        0.5048843728502591,
        0.4524834137161573,
        0.47697719544172285,
        0.49450042347113293,
        0.466803537607193,
        0.4700283240278562,
        0.4746713125705719,
        0.48410111367702485,
        0.4752249913414319,
        0.47585066119829816,
        0.505791411002477,
        0.4855886922279994,
        0.4930272482832273,
        0.47177359004815417,
        0.4778190623720487,
        0.48897606452306114,
        0.4680115782221158,
        0.4883266485730807,
        0.4736885330080986,
        0.48698949893315635,
        0.4946771161754926,
        0.4698091513911883
    ],
    "val_accuracy": [
        0.5091896407685882,
        0.5530492898913951,
        0.5121136173767753,
        0.5630743525480367,
        0.4799498746867168,
        0.5505430242272348,
        0.5054302422723476,
        0.5300751879699248,
        0.5639097744360902,
        0.5555555555555556,
        0.5522138680033417,
        0.5121136173767753,
        0.5396825396825397,
        0.5647451963241437,
        0.5246449456975772,
        0.5534670008354219,
        0.5676691729323309,
        0.5480367585630743,
        0.531328320802005,
        0.5476190476190477,
        0.5492898913951546,
        0.5551378446115288,
        0.5467836257309941,
        0.5568086883876358,
        0.564327485380117,
        0.5584795321637427,
        0.5543024227234754,
        0.5484544695071011,
        0.5426065162907269,
        0.5146198830409356,
        0.5672514619883041,
        0.5380116959064327,
        0.5217209690893901,
        0.5405179615705932,
        0.5480367585630743,
        0.5442773600668338,
        0.5292397660818714,
        0.5346700083542189,
        0.5350877192982456,
        0.5075187969924813,
        0.5246449456975772,
        0.5108604845446951,
        0.5380116959064327,
        0.5363408521303258,
        0.5300751879699248,
        0.5430242272347535,
        0.5225563909774437,
        0.5430242272347535,
        0.52046783625731,
        0.5196324143692564,
        0.5459482038429407
    ]
}