{
    "0": {
        "precision": 0.4628044766293614,
        "recall": 0.5219005196733482,
        "f1-score": 0.49057920446615494,
        "support": 1347.0
    },
    "1": {
        "precision": 0.5627970128988459,
        "recall": 0.503951367781155,
        "f1-score": 0.5317511225144324,
        "support": 1645.0
    },
    "accuracy": 0.5120320855614974,
    "macro avg": {
        "precision": 0.5128007447641036,
        "recall": 0.5129259437272515,
        "f1-score": 0.5111651634902936,
        "support": 2992.0
    },
    "weighted avg": {
        "precision": 0.5177803195983794,
        "recall": 0.5120320855614974,
        "f1-score": 0.5132155029920294,
        "support": 2992.0
    }
}