{
    "0": {
        "precision": 0.47797716150081565,
        "recall": 0.21768202080237742,
        "f1-score": 0.2991322103113834,
        "support": 1346.0
    },
    "1": {
        "precision": 0.5573770491803278,
        "recall": 0.8055893074119077,
        "f1-score": 0.6588819875776397,
        "support": 1646.0
    },
    "accuracy": 0.5411096256684492,
    "macro avg": {
        "precision": 0.5176771053405718,
        "recall": 0.5116356641071426,
        "f1-score": 0.47900709894451154,
        "support": 2992.0
    },
    "weighted avg": {
        "precision": 0.5216577146827932,
        "recall": 0.5411096256684492,
        "f1-score": 0.49704268269783325,
        "support": 2992.0
    }
}