{
    "0.0": {
        "precision": 0.3312051077414206,
        "recall": 1.0,
        "f1-score": 0.49760191846522783,
        "support": 415.0
    },
    "1.0": {
        "precision": 0.0,
        "recall": 0.0,
        "f1-score": 0.0,
        "support": 416.0
    },
    "2.0": {
        "precision": 0.0,
        "recall": 0.0,
        "f1-score": 0.0,
        "support": 422.0
    },
    "accuracy": 0.3312051077414206,
    "macro avg": {
        "precision": 0.11040170258047353,
        "recall": 0.3333333333333333,
        "f1-score": 0.16586730615507594,
        "support": 1253.0
    },
    "weighted avg": {
        "precision": 0.10969682339400602,
        "recall": 0.3312051077414206,
        "f1-score": 0.16480829701761338,
        "support": 1253.0
    }
}