{
    "train_loss": [
        0.37754518186792413,
        0.3592787691887389,
        0.3533735929651463,
        0.34982648162131613,
        0.346799262026523,
        0.34536654213641554,
        0.34391332053123636,
        0.34193842791496437,
        0.3407838033868911,
        0.33992718496221175,
        0.33938356764773103,
        0.3385214584939023,
        0.3380123536637489,
        0.3376399845518964,
        0.3370157515749018,
        0.3367666985126252,
        0.33644891888537304,
        0.3365587737966091,
        0.33611993650172617,
        0.33577255809560735,
        0.33578377239247587,
        0.33555035603807326,
        0.3357206960941883,
        0.335316105599099,
        0.3353848464945529,
        0.33542551728005104,
        0.3352174723401983,
        0.33514218799611356,
        0.3350624183391003,
        0.335275107114873,
        0.3351227693101193,
        0.33542536027888037,
        0.33516157472387276,
        0.3348535186432778,
        0.33509200304112535,
        0.3351258337497711,
        0.3351438858407609,
        0.3349319072479897,
        0.33486110644137607,
        0.3352948968714856,
        0.33506311026025326
    ],
    "val_loss": [
        0.3577312170704709,
        0.3404706558094749,
        0.3405745448190955,
        0.3498090939431251,
        0.33661700464502164,
        0.33959731950035577,
        0.3396358757833891,
        0.33652389238152325,
        0.33617913722991943,
        0.33773890137672424,
        0.3380400859102418,
        0.3380394381812856,
        0.3366370193565948,
        0.3353243375880809,
        0.3360217711593531,
        0.3350758213031141,
        0.3372881487955021,
        0.334577827891217,
        0.3353184073031703,
        0.33567866192588325,
        0.33437211754955826,
        0.3343826973740059,
        0.334401623734945,
        0.3359315357630766,
        0.3345500543902192,
        0.3350288754777063,
        0.33465974617607985,
        0.33505370269847823,
        0.33447869518135165,
        0.3357720707036272,
        0.3346099740342249,
        0.3351787053331544,
        0.3350455840177174,
        0.33506819832174084,
        0.33566978498350214,
        0.3344751554953901,
        0.33463337338423427,
        0.3345750517482999,
        0.33459105634991126,
        0.33557012714917145,
        0.33513261094877994
    ],
    "val_accuracy": [
        0.3088587390263368,
        0.30726256983240224,
        0.329608938547486,
        0.3088587390263368,
        0.33280127693535516,
        0.31045490822027133,
        0.3192338387869114,
        0.32641660015961693,
        0.3647246608140463,
        0.31524341580207504,
        0.3112529928172386,
        0.3647246608140463,
        0.3048683160415004,
        0.30646448523543496,
        0.3423782920989625,
        0.30965682362330404,
        0.30646448523543496,
        0.300877893056664,
        0.29928172386272944,
        0.32881085395051873,
        0.3280127693535515,
        0.3679169992019154,
        0.363926576217079,
        0.30646448523543496,
        0.3599361532322426,
        0.35275339185953714,
        0.31045490822027133,
        0.30965682362330404,
        0.36233040702314445,
        0.30806065442936953,
        0.30965682362330404,
        0.30726256983240224,
        0.31045490822027133,
        0.33359936153232245,
        0.3088587390263368,
        0.3607342378292099,
        0.3343974461292897,
        0.34477254588986433,
        0.3160415003990423,
        0.36312849162011174,
        0.31444533120510776
    ]
}