{
    "train_loss": [
        0.37910877795929604,
        0.35842337988792583,
        0.35219424049905007,
        0.347280597179494,
        0.34453455082913664,
        0.34169263991903753,
        0.34013137753973616,
        0.33900689330506834,
        0.3383672105505111,
        0.33798260739509095,
        0.33743562229136204,
        0.33705011504761717,
        0.3368489048582442,
        0.33656586700297414,
        0.3364736294492762,
        0.33599674131007906,
        0.3360486213197099,
        0.3358440694656778,
        0.33567308479167046,
        0.33585296641004847,
        0.3354648699151709,
        0.3359145092203262,
        0.33560318262019057,
        0.33548374328207464,
        0.33537758233699394,
        0.3354251747435712,
        0.3354906160780724,
        0.33522328049578565,
        0.33548272848129274,
        0.3354465884097079,
        0.3351997541620376,
        0.3352870754739071,
        0.33516662957820487,
        0.33530387358462554,
        0.3354129247208859,
        0.3350341056255584,
        0.33501109417448655,
        0.3348731007981808,
        0.335206871337079,
        0.33507068550333063,
        0.3351855253919642,
        0.33520224538255244,
        0.3354260152958809,
        0.3347187270509436,
        0.33485752990905276,
        0.33510175537555775,
        0.33494952752235085,
        0.33521598171680533,
        0.33475794804857134,
        0.3348785522136282
    ],
    "val_loss": [
        0.35801836471014387,
        0.3510043662560137,
        0.34434173454212236,
        0.3386841412586502,
        0.3398292683347871,
        0.3373585162283499,
        0.33707273610030547,
        0.33602375810659385,
        0.3365013029756425,
        0.33479966996591304,
        0.3374627873867373,
        0.33547785840457,
        0.3352125098433676,
        0.3360250131993354,
        0.33777100602282756,
        0.33496030335184895,
        0.3349663769897026,
        0.33587473819527447,
        0.33503033880946004,
        0.3359572815744183,
        0.3356531858444214,
        0.33526056854030756,
        0.3353239942955065,
        0.33427071759972393,
        0.33447186290463315,
        0.3342533126662049,
        0.3349082360539255,
        0.3344244443917576,
        0.3373780412764489,
        0.33402470659606065,
        0.3343692735026154,
        0.3351428629476813,
        0.3350148717813854,
        0.33587234495561336,
        0.3344621232038812,
        0.33449334736111797,
        0.33442264191712007,
        0.33446712735333023,
        0.334379379130617,
        0.3348188064520872,
        0.33460982238190085,
        0.3350778440885906,
        0.33536583336093756,
        0.33543901617013955,
        0.335056758756879,
        0.3348165026193933,
        0.3355084578447704,
        0.3351987698410131,
        0.33483958395221564,
        0.33518212882778314
    ],
    "val_accuracy": [
        0.33359936153232245,
        0.3399840383080607,
        0.3407821229050279,
        0.3343974461292897,
        0.30646448523543496,
        0.33519553072625696,
        0.320830007980846,
        0.33280127693535516,
        0.3455706304868316,
        0.33280127693535516,
        0.3399840383080607,
        0.3423782920989625,
        0.33280127693535516,
        0.3407821229050279,
        0.3120510774142059,
        0.3455706304868316,
        0.3455706304868316,
        0.3120510774142059,
        0.3128491620111732,
        0.31045490822027133,
        0.3120510774142059,
        0.3399840383080607,
        0.3343974461292897,
        0.32561851556264965,
        0.3383878691141261,
        0.3399840383080607,
        0.3463687150837989,
        0.3375897845171588,
        0.3160415003990423,
        0.3304070231444533,
        0.320830007980846,
        0.3383878691141261,
        0.34397446129289705,
        0.3120510774142059,
        0.35115722266560256,
        0.3391859537110934,
        0.33599361532322425,
        0.31683958499600956,
        0.3280127693535515,
        0.3192338387869114,
        0.3343974461292897,
        0.3280127693535515,
        0.3128491620111732,
        0.3391859537110934,
        0.3415802075019952,
        0.3503591380686353,
        0.33359936153232245,
        0.35434956105347165,
        0.34716679968076614,
        0.3503591380686353
    ]
}