{
    "0.0": {
        "precision": 0.3143976493633692,
        "recall": 0.8085642317380353,
        "f1-score": 0.4527503526093089,
        "support": 397.0
    },
    "1.0": {
        "precision": 0.3707865168539326,
        "recall": 0.07399103139013453,
        "f1-score": 0.1233644859813084,
        "support": 446.0
    },
    "2.0": {
        "precision": 0.2727272727272727,
        "recall": 0.0951219512195122,
        "f1-score": 0.1410488245931284,
        "support": 410.0
    },
    "accuracy": 0.3136472466081405,
    "macro avg": {
        "precision": 0.3193038129815248,
        "recall": 0.32589240478256065,
        "f1-score": 0.2390545543945819,
        "support": 1253.0
    },
    "weighted avg": {
        "precision": 0.3208338668254536,
        "recall": 0.3136472466081405,
        "f1-score": 0.2335135425512704,
        "support": 1253.0
    }
}