{
    "0.0": {
        "precision": 0.3303964757709251,
        "recall": 0.17899761336515513,
        "f1-score": 0.23219814241486067,
        "support": 419.0
    },
    "1.0": {
        "precision": 0.34517766497461927,
        "recall": 0.3269230769230769,
        "f1-score": 0.3358024691358025,
        "support": 416.0
    },
    "2.0": {
        "precision": 0.34335443037974683,
        "recall": 0.5191387559808612,
        "f1-score": 0.41333333333333333,
        "support": 418.0
    },
    "accuracy": 0.3415802075019952,
    "macro avg": {
        "precision": 0.3396428570417638,
        "recall": 0.3416864820896978,
        "f1-score": 0.32711131496133217,
        "support": 1253.0
    },
    "weighted avg": {
        "precision": 0.33962664315737695,
        "recall": 0.3415802075019952,
        "f1-score": 0.3270216936677205,
        "support": 1253.0
    }
}