{
    "train_loss": [
        0.5713639389287982,
        0.5205624902920677,
        0.5139759461276305,
        0.5068854699846475,
        0.5033106551373677,
        0.5005039558368011,
        0.49921286737410536,
        0.49734335912306993,
        0.4956042380001719,
        0.4958958514290958,
        0.494979472239047,
        0.4914381122818675,
        0.4898860391019299,
        0.48840065790337744,
        0.48760144918788084,
        0.48637105403608927,
        0.48493726110851915,
        0.48366241991273967,
        0.4839472951472543,
        0.48277875567892725,
        0.4829142023149514,
        0.4823151679691619,
        0.4816083406729744,
        0.48018855733753396,
        0.47927978823404693,
        0.47917323103469206,
        0.4799846730911092,
        0.47760582892570075,
        0.4779451805099005,
        0.4767439593311189,
        0.4752616242824591,
        0.4731068011409151,
        0.4749994108240739,
        0.4724827243586518,
        0.47021935058263176,
        0.471370958806396,
        0.47387816698547897,
        0.4727756980360784,
        0.4745827227052009
    ],
    "val_loss": [
        0.5037300695391262,
        0.4980015824822819,
        0.49937157034873964,
        0.4985469537622788,
        0.49658792334444385,
        0.4942341471419615,
        0.49512023610227246,
        0.49412556115318745,
        0.4941290585433736,
        0.49342843224020566,
        0.49271658483673547,
        0.4928466046557707,
        0.49382716066697063,
        0.49323545554104975,
        0.4908796075512381,
        0.49380726358469795,
        0.4906647983719321,
        0.49088189847329083,
        0.489476560494479,
        0.49083723005126506,
        0.4896300996051115,
        0.4922157357720768,
        0.4950935689842,
        0.49739553823190574,
        0.5016330403440139,
        0.5021028199616601,
        0.5022613336058224,
        0.5074231368653914,
        0.5045153733562021,
        0.5019788093426648,
        0.5059794941369224,
        0.5097542640040903,
        0.5105191434130949,
        0.5142543480676763,
        0.5211674329112558,
        0.5231554210186005,
        0.5191099759410409,
        0.5165761632077834,
        0.519854672165478
    ],
    "val_accuracy": [
        0.5147058823529411,
        0.4801470588235294,
        0.4904411764705882,
        0.4963235294117647,
        0.5301470588235294,
        0.5389705882352941,
        0.5507352941176471,
        0.5514705882352942,
        0.5507352941176471,
        0.5529411764705883,
        0.5441176470588235,
        0.5404411764705882,
        0.5367647058823529,
        0.5316176470588235,
        0.5360294117647059,
        0.5286764705882353,
        0.5404411764705882,
        0.538235294117647,
        0.5485294117647059,
        0.5411764705882353,
        0.5397058823529411,
        0.5316176470588235,
        0.5286764705882353,
        0.5286764705882353,
        0.5139705882352941,
        0.5147058823529411,
        0.513235294117647,
        0.48970588235294116,
        0.5014705882352941,
        0.5117647058823529,
        0.4985294117647059,
        0.4801470588235294,
        0.4742647058823529,
        0.45808823529411763,
        0.4573529411764706,
        0.4602941176470588,
        0.4610294117647059,
        0.4566176470588235,
        0.4551470588235294
    ]
}