{
    "train_loss": [
        0.5598476275781162,
        0.5207845917512167,
        0.5103092954034163,
        0.5094361173237534,
        0.5003748784940869,
        0.4992344462232052,
        0.5004152437105795,
        0.49674496259617185,
        0.4933175932016465,
        0.4926924133645127,
        0.4907812969720675,
        0.4906742381754407,
        0.49046183997532034,
        0.4895371524553023,
        0.4867565201434013,
        0.48698412400492286,
        0.48677051936415894,
        0.4858084679715735,
        0.4857606501657992,
        0.4844404087187991,
        0.48280487235179465,
        0.48290475514272874,
        0.485756065568373,
        0.4822671959455928,
        0.48221854515056006,
        0.481699766819218,
        0.48101494081082663,
        0.4807909565171972,
        0.47871412363472143,
        0.47868251083149704,
        0.48014817125531634,
        0.47832730793723377,
        0.47847358089201714,
        0.47873671313919425,
        0.47721346380622054,
        0.47900001928107777,
        0.47515741695728064,
        0.4765614033401258,
        0.4773365164475395,
        0.47731623602864504,
        0.47398771528036754,
        0.476485168917471,
        0.47529390815035677,
        0.47410595273545225
    ],
    "val_loss": [
        0.49864627894233254,
        0.4936020556618186,
        0.48957567355212045,
        0.48717469643144046,
        0.4819366434041192,
        0.4809641669778263,
        0.48053471410975734,
        0.47990007014835584,
        0.47694572560927445,
        0.47686845344655654,
        0.47546329428167905,
        0.47429899643449225,
        0.4744371701689327,
        0.47435212731361387,
        0.4731744801296907,
        0.47335677357280953,
        0.47337090267854576,
        0.4727660859332365,
        0.47249864304766936,
        0.4721729997326346,
        0.47264525294303894,
        0.47203178300577053,
        0.472835687679403,
        0.47183640143450567,
        0.473370361328125,
        0.4735615099177641,
        0.4724485968842226,
        0.4731104643905864,
        0.47407676332137166,
        0.4719953610616572,
        0.47241124090026404,
        0.4722917959970586,
        0.4723135671194862,
        0.47302261731203865,
        0.4729946662397946,
        0.4730952392606174,
        0.4737465371103848,
        0.47343272356426014,
        0.47325095288893754,
        0.47370073023964376,
        0.4739195125944474,
        0.4770278688739328,
        0.47551494240760805,
        0.4751619461704703
    ],
    "val_accuracy": [
        0.5345588235294118,
        0.5411764705882353,
        0.5522058823529412,
        0.5529411764705883,
        0.5536764705882353,
        0.5529411764705883,
        0.5477941176470589,
        0.549264705882353,
        0.5529411764705883,
        0.55,
        0.5477941176470589,
        0.55,
        0.5455882352941176,
        0.5477941176470589,
        0.5477941176470589,
        0.55,
        0.5507352941176471,
        0.5485294117647059,
        0.55,
        0.5536764705882353,
        0.5558823529411765,
        0.5485294117647059,
        0.5522058823529412,
        0.5514705882352942,
        0.5522058823529412,
        0.5485294117647059,
        0.5507352941176471,
        0.5522058823529412,
        0.5507352941176471,
        0.5536764705882353,
        0.5522058823529412,
        0.5551470588235294,
        0.55,
        0.5485294117647059,
        0.5580882352941177,
        0.5551470588235294,
        0.5580882352941177,
        0.5595588235294118,
        0.5558823529411765,
        0.5522058823529412,
        0.5551470588235294,
        0.5529411764705883,
        0.5536764705882353,
        0.5551470588235294
    ]
}