{
    "train_loss": [
        0.5647683480172898,
        0.5266141639369062,
        0.5170237412150985,
        0.5137112172630499,
        0.5083833688144999,
        0.5046931511352282,
        0.5010606193968814,
        0.5005071193102794,
        0.4971831781992066,
        0.49734241073692353,
        0.4962250820708242,
        0.49568934088888,
        0.4933402084910722,
        0.49434116044103527,
        0.4925812961228776,
        0.49179895687464015,
        0.4913276751234902,
        0.48975783537309797,
        0.4872800885729153,
        0.48706970819908785,
        0.4851286978636352,
        0.4886595982714893,
        0.48726208149320976,
        0.486021909293971,
        0.48374577877118136,
        0.4841545912061794,
        0.48501586094191185,
        0.4836633232469572,
        0.4839607487026566,
        0.4810649560766994,
        0.48266084449163327,
        0.4791003227479848,
        0.4810638026407365,
        0.4801661340619708,
        0.47919653538496654,
        0.4775678198963937,
        0.4775053312312786,
        0.47730571970323094,
        0.475068926647244,
        0.4769186121315543,
        0.4743455880445824,
        0.4759810064730979
    ],
    "val_loss": [
        0.49921964827705834,
        0.4990481892052819,
        0.4975890790714937,
        0.4987255776629728,
        0.49803747780182783,
        0.4982647731023676,
        0.4976592596839456,
        0.49649775834644544,
        0.4938396625659045,
        0.49394064720939185,
        0.4929247039205888,
        0.49356764870531417,
        0.48937578446724833,
        0.48980846089475294,
        0.49103790767052596,
        0.4917877568918116,
        0.49159981608390807,
        0.48924946784973145,
        0.490061491727829,
        0.4879329698927262,
        0.4869598788373611,
        0.4863310323042028,
        0.48748374581336973,
        0.48733234861317803,
        0.4877249693169313,
        0.4867890989079195,
        0.48723777848131516,
        0.487223055082209,
        0.48839323099921733,
        0.4908048531588386,
        0.49121002554893495,
        0.4923831960734199,
        0.49278358746977413,
        0.496006934783038,
        0.49579553779433755,
        0.4963269756120794,
        0.49869688679190244,
        0.49910170646274793,
        0.49985847192652083,
        0.4998319418991313,
        0.5011153690955218,
        0.5040658270611482
    ],
    "val_accuracy": [
        0.5286764705882353,
        0.5301470588235294,
        0.5235294117647059,
        0.5235294117647059,
        0.525,
        0.5264705882352941,
        0.5286764705882353,
        0.5338235294117647,
        0.5338235294117647,
        0.5301470588235294,
        0.5323529411764706,
        0.5301470588235294,
        0.5389705882352941,
        0.5389705882352941,
        0.5316176470588235,
        0.5301470588235294,
        0.5308823529411765,
        0.5367647058823529,
        0.5301470588235294,
        0.5367647058823529,
        0.5323529411764706,
        0.5389705882352941,
        0.5316176470588235,
        0.5294117647058824,
        0.5323529411764706,
        0.5397058823529411,
        0.5352941176470588,
        0.5367647058823529,
        0.5279411764705882,
        0.5279411764705882,
        0.5213235294117647,
        0.5213235294117647,
        0.5301470588235294,
        0.5257352941176471,
        0.5264705882352941,
        0.524264705882353,
        0.524264705882353,
        0.5191176470588236,
        0.5176470588235295,
        0.5191176470588236,
        0.5183823529411765,
        0.5183823529411765
    ]
}