{
    "train_loss": [
        0.5547720958392919,
        0.5208210550361355,
        0.5132524401482395,
        0.5058923787559079,
        0.5059494158506721,
        0.5039239459795342,
        0.5021399781415354,
        0.49846083028280425,
        0.4971506481239523,
        0.49394495065799277,
        0.49145530039211416,
        0.49170880550531443,
        0.49089006183891876,
        0.48832607621831775,
        0.48921202297387784,
        0.48558941995917193,
        0.4850899718158675,
        0.4830018109763669,
        0.48224419031543286,
        0.4797378697290381,
        0.4801403592754427,
        0.4804102335704242,
        0.47979960485042533,
        0.48010410116332103,
        0.4770903190523591,
        0.4786723407787339,
        0.477650806656238,
        0.47571341896319486,
        0.4754041826872583
    ],
    "val_loss": [
        0.5026982917505152,
        0.5031241848188288,
        0.49939961608718425,
        0.4986070159603568,
        0.49809515406103694,
        0.4961257296449998,
        0.4975505856906666,
        0.4956659741261426,
        0.49539230571073645,
        0.4961539387702942,
        0.49792984163059906,
        0.49906356930732726,
        0.5002815474482144,
        0.5004247051828048,
        0.5019760570105385,
        0.507395814446842,
        0.509083966998493,
        0.5094745018902946,
        0.5157858985311845,
        0.5128311283448164,
        0.519510598042432,
        0.5246995126499849,
        0.523292708046296,
        0.5200449319446788,
        0.5211980462074279,
        0.5208106892950395,
        0.5275762764846578,
        0.5222949557444628,
        0.5232653880820555
    ],
    "val_accuracy": [
        0.5323529411764706,
        0.5448529411764705,
        0.5485294117647059,
        0.5566176470588236,
        0.5558823529411765,
        0.5551470588235294,
        0.5477941176470589,
        0.549264705882353,
        0.5433823529411764,
        0.5463235294117647,
        0.5433823529411764,
        0.5279411764705882,
        0.5205882352941177,
        0.5125,
        0.5147058823529411,
        0.4963235294117647,
        0.4919117647058823,
        0.48161764705882354,
        0.4727941176470588,
        0.47573529411764703,
        0.4588235294117647,
        0.4676470588235294,
        0.4610294117647059,
        0.4588235294117647,
        0.4602941176470588,
        0.45808823529411763,
        0.4602941176470588,
        0.46544117647058825,
        0.4632352941176471
    ]
}