{
    "train_loss": [
        0.5560906494172108,
        0.5179118441912298,
        0.5104867838517836,
        0.5052911438755024,
        0.5002248418380338,
        0.49911913087148285,
        0.49744052941074396,
        0.4950263670336921,
        0.49147515521580776,
        0.4937151702020978,
        0.49097210488588316,
        0.48818623392421245,
        0.48883235061021096,
        0.485714424960059,
        0.48462111040683364,
        0.4853769193981176,
        0.48479321640000217,
        0.48356307717104235,
        0.4823423644945415,
        0.48260886551097465,
        0.4793527746134972,
        0.4776953948659123,
        0.47828980378468394
    ],
    "val_loss": [
        0.538309968219084,
        0.5269557384883656,
        0.5155815099968629,
        0.5163876933210036,
        0.5188705815988428,
        0.517666757106781,
        0.5236596482641557,
        0.5182586161529317,
        0.548423086194431,
        0.5318646206575282,
        0.5369132669533,
        0.5576121011201073,
        0.5683667733388789,
        0.569620455012602,
        0.5880082936847911,
        0.5743809629889095,
        0.6303835037876578,
        0.6364901970414555,
        0.6709332851802602,
        0.6608876677120433,
        0.7164498630691977,
        0.7519169085166033,
        0.7471351146697998
    ],
    "val_accuracy": [
        0.4713235294117647,
        0.47205882352941175,
        0.48676470588235293,
        0.5080882352941176,
        0.4963235294117647,
        0.49926470588235294,
        0.48823529411764705,
        0.5044117647058823,
        0.4764705882352941,
        0.4808823529411765,
        0.4602941176470588,
        0.46911764705882353,
        0.46911764705882353,
        0.4632352941176471,
        0.4676470588235294,
        0.4742647058823529,
        0.45955882352941174,
        0.46397058823529413,
        0.45441176470588235,
        0.4610294117647059,
        0.4551470588235294,
        0.45294117647058824,
        0.4610294117647059
    ]
}