{
    "train_loss": [
        0.5646822804679897,
        0.5140353795832748,
        0.5072019557677404,
        0.503017849451574,
        0.4985495404003411,
        0.5000849990520058,
        0.49635567736428904,
        0.4956261809541238,
        0.49219188627055455,
        0.49118802185071714,
        0.4901723805533151,
        0.4878332447644933,
        0.4879605327380573,
        0.48835584041668917,
        0.4869315565206326,
        0.4865721048892282,
        0.4835079300026454,
        0.4837465330117998,
        0.48377657129315266,
        0.4828486575795007,
        0.478945858950792,
        0.4813324740615147,
        0.4804064924566093
    ],
    "val_loss": [
        0.5309648205252254,
        0.5220611610833337,
        0.5159070930060219,
        0.5257641368052539,
        0.5213589826050926,
        0.5227477241964901,
        0.5200049666797414,
        0.5355240597444422,
        0.5541783771094154,
        0.5639948063036975,
        0.5754669252563925,
        0.5831747191793778,
        0.6274413985364578,
        0.6286720279385062,
        0.598310466373668,
        0.6248069598394281,
        0.6201185219428118,
        0.6341356813907624,
        0.642359273223316,
        0.6257894480929656,
        0.6417682461878833,
        0.6435379042344935,
        0.670590825992472
    ],
    "val_accuracy": [
        0.5110294117647058,
        0.5323529411764706,
        0.5264705882352941,
        0.5352941176470588,
        0.5352941176470588,
        0.5205882352941177,
        0.5147058823529411,
        0.5102941176470588,
        0.5264705882352941,
        0.525,
        0.5169117647058824,
        0.513235294117647,
        0.5154411764705882,
        0.5073529411764706,
        0.5088235294117647,
        0.5014705882352941,
        0.5110294117647058,
        0.49779411764705883,
        0.5073529411764706,
        0.5125,
        0.5139705882352941,
        0.5117647058823529,
        0.5102941176470588
    ]
}