{
    "0": {
        "precision": 0.0,
        "recall": 0.0,
        "f1-score": 0.0,
        "support": 306.0
    },
    "1": {
        "precision": 0.5493372606774669,
        "recall": 0.9973262032085561,
        "f1-score": 0.7084520417853751,
        "support": 374.0
    },
    "accuracy": 0.5485294117647059,
    "macro avg": {
        "precision": 0.27466863033873345,
        "recall": 0.49866310160427807,
        "f1-score": 0.35422602089268757,
        "support": 680.0
    },
    "weighted avg": {
        "precision": 0.3021354933726068,
        "recall": 0.5485294117647059,
        "f1-score": 0.38964862298195635,
        "support": 680.0
    }
}