{
    "0": {
        "precision": 0.4881889763779528,
        "recall": 0.20261437908496732,
        "f1-score": 0.2863741339491917,
        "support": 306.0
    },
    "1": {
        "precision": 0.5587703435804702,
        "recall": 0.8262032085561497,
        "f1-score": 0.6666666666666666,
        "support": 374.0
    },
    "accuracy": 0.5455882352941176,
    "macro avg": {
        "precision": 0.5234796599792115,
        "recall": 0.5144087938205585,
        "f1-score": 0.4765204003079292,
        "support": 680.0
    },
    "weighted avg": {
        "precision": 0.5270087283393373,
        "recall": 0.5455882352941176,
        "f1-score": 0.4955350269438029,
        "support": 680.0
    }
}