{
    "0": {
        "precision": 0.4568627450980392,
        "recall": 0.761437908496732,
        "f1-score": 0.571078431372549,
        "support": 306.0
    },
    "1": {
        "precision": 0.5705882352941176,
        "recall": 0.25935828877005346,
        "f1-score": 0.35661764705882354,
        "support": 374.0
    },
    "accuracy": 0.4852941176470588,
    "macro avg": {
        "precision": 0.5137254901960784,
        "recall": 0.5103980986333927,
        "f1-score": 0.4638480392156863,
        "support": 680.0
    },
    "weighted avg": {
        "precision": 0.5194117647058822,
        "recall": 0.4852941176470588,
        "f1-score": 0.453125,
        "support": 680.0
    }
}