{
    "0": {
        "precision": 0.5714285714285714,
        "recall": 0.11764705882352941,
        "f1-score": 0.1951219512195122,
        "support": 306.0
    },
    "1": {
        "precision": 0.5623987034035657,
        "recall": 0.9278074866310161,
        "f1-score": 0.7003027245206862,
        "support": 374.0
    },
    "accuracy": 0.5632352941176471,
    "macro avg": {
        "precision": 0.5669136374160686,
        "recall": 0.5227272727272727,
        "f1-score": 0.44771233787009923,
        "support": 680.0
    },
    "weighted avg": {
        "precision": 0.5664621440148183,
        "recall": 0.5632352941176471,
        "f1-score": 0.47297137653515786,
        "support": 680.0
    }
}