{
    "0": {
        "precision": 0.3684210526315789,
        "recall": 0.0457516339869281,
        "f1-score": 0.08139534883720931,
        "support": 306.0
    },
    "1": {
        "precision": 0.5451713395638629,
        "recall": 0.9358288770053476,
        "f1-score": 0.6889763779527559,
        "support": 374.0
    },
    "accuracy": 0.5352941176470588,
    "macro avg": {
        "precision": 0.45679619609772093,
        "recall": 0.4907902554961378,
        "f1-score": 0.3851858633949826,
        "support": 680.0
    },
    "weighted avg": {
        "precision": 0.46563371044433516,
        "recall": 0.5352941176470588,
        "f1-score": 0.41556491485075997,
        "support": 680.0
    }
}