{
    "train_loss": [
        0.5160152557268308,
        0.5020885867190499,
        0.4913572047142624,
        0.4752768851773587,
        0.46073602958221654,
        0.45505168982323885,
        0.43853610995187925,
        0.42656921435987327,
        0.4123254327071195,
        0.40732659296148777,
        0.39317153161660784,
        0.38181024815650344,
        0.3822294907762825,
        0.3658540404773172,
        0.3656002665530739,
        0.35583239621509705,
        0.36065147102223655,
        0.3500778479986108,
        0.34293931813081563,
        0.33780936715919846,
        0.3288313377799326,
        0.3327577327286577,
        0.32997131364883026,
        0.3230970550134692
    ],
    "val_loss": [
        0.4891167727800516,
        0.5064584360672877,
        0.4996677522475903,
        0.45826902985572815,
        0.5232778883897341,
        0.4977443209061256,
        0.5264054610179021,
        0.4937946998156034,
        0.5254296797972459,
        0.531954478759032,
        0.5136747286869929,
        0.5559999754795661,
        0.48121442978198714,
        0.47712103907878584,
        0.5166084871842311,
        0.4956033415519274,
        0.47140756730849925,
        0.4799409274871533,
        0.4947468156997974,
        0.4709699484018179,
        0.4737080399806683,
        0.5125440354530628,
        0.5217486592439505,
        0.49634163563068096
    ],
    "val_accuracy": [
        0.6062378167641326,
        0.46101364522417154,
        0.5,
        0.6111111111111112,
        0.4824561403508772,
        0.5185185185185185,
        0.4746588693957115,
        0.5253411306042886,
        0.5029239766081871,
        0.4727095516569201,
        0.5019493177387915,
        0.4415204678362573,
        0.5243664717348928,
        0.530214424951267,
        0.4824561403508772,
        0.52046783625731,
        0.530214424951267,
        0.5350877192982456,
        0.5175438596491229,
        0.530214424951267,
        0.5350877192982456,
        0.5,
        0.5029239766081871,
        0.5165692007797271
    ]
}