{
    "0": {
        "precision": 0.34256055363321797,
        "recall": 0.22916666666666666,
        "f1-score": 0.27461858529819694,
        "support": 432.0
    },
    "1": {
        "precision": 0.6646525679758308,
        "recall": 0.7764705882352941,
        "f1-score": 0.716223548562127,
        "support": 850.0
    },
    "accuracy": 0.5920436817472698,
    "macro avg": {
        "precision": 0.5036065608045244,
        "recall": 0.5028186274509804,
        "f1-score": 0.49542106693016197,
        "support": 1282.0
    },
    "weighted avg": {
        "precision": 0.5561161013642796,
        "recall": 0.5920436817472698,
        "f1-score": 0.5674143877742815,
        "support": 1282.0
    }
}