{
    "0": {
        "precision": 0.5,
        "recall": 0.0023148148148148147,
        "f1-score": 0.004608294930875576,
        "support": 432.0
    },
    "1": {
        "precision": 0.6630179827990618,
        "recall": 0.9988221436984688,
        "f1-score": 0.7969924812030075,
        "support": 849.0
    },
    "accuracy": 0.6627634660421545,
    "macro avg": {
        "precision": 0.5815089913995308,
        "recall": 0.5005684792566418,
        "f1-score": 0.4008003880669415,
        "support": 1281.0
    },
    "weighted avg": {
        "precision": 0.6080423633071065,
        "recall": 0.6627634660421545,
        "f1-score": 0.5297715846615859,
        "support": 1281.0
    }
}