{
    "train_loss": [
        0.5184132594753195,
        0.44247380966021693,
        0.3689488238758511,
        0.32166945842313177,
        0.29051786605958585,
        0.2553833168413904,
        0.22858698693690477,
        0.21435930345345428,
        0.2037830627810808,
        0.1915968388410998,
        0.18055007326198214,
        0.1691057820930893,
        0.1659890484570721,
        0.16578206875258023,
        0.15299475197622806,
        0.1543268632189727,
        0.14090726731552017,
        0.14956110890632796,
        0.14253460579080346,
        0.13494673132160565,
        0.133615890448844,
        0.1219138085934115,
        0.12402813407925913,
        0.1190753493136094,
        0.11653467778254438,
        0.10455770103007923,
        0.1031842242328473,
        0.10162875534575662,
        0.095850243129664,
        0.08727008676915257,
        0.08408555728785785,
        0.07718401491917946,
        0.07453568072782622,
        0.06943505036610144
    ],
    "val_loss": [
        0.5088433043824302,
        0.5186717697867641,
        0.4981452767495756,
        0.508854486324169,
        0.5169628141102968,
        0.5068840014713781,
        0.5110283085593471,
        0.4965876616813518,
        0.5233191378690578,
        0.5172626425822576,
        0.4947898823905874,
        0.50443191991912,
        0.4946703204402217,
        0.4938284997586851,
        0.5027632967189506,
        0.4963544022153925,
        0.5088277045223448,
        0.5033198661274381,
        0.5166175072943723,
        0.5059613403346803,
        0.5172786436699055,
        0.5002795336423097,
        0.5037955658303367,
        0.49519482254981995,
        0.5066596760793969,
        0.4970737392151797,
        0.495491749158612,
        0.5039574067901682,
        0.5024214745671661,
        0.5024831383316605,
        0.5042778523983779,
        0.5001775340901481,
        0.5062653262306143,
        0.5007828987307019
    ],
    "val_accuracy": [
        0.5104166666666666,
        0.4826388888888889,
        0.5277777777777778,
        0.5162037037037037,
        0.4988425925925926,
        0.5046296296296297,
        0.4965277777777778,
        0.5428240740740741,
        0.5219907407407407,
        0.5092592592592593,
        0.5162037037037037,
        0.5092592592592593,
        0.5347222222222222,
        0.5196759259259259,
        0.5092592592592593,
        0.5138888888888888,
        0.5011574074074074,
        0.4976851851851852,
        0.4930555555555556,
        0.5115740740740741,
        0.5057870370370371,
        0.5254629629629629,
        0.48726851851851855,
        0.5219907407407407,
        0.4988425925925926,
        0.5196759259259259,
        0.5,
        0.5011574074074074,
        0.5034722222222222,
        0.4976851851851852,
        0.4895833333333333,
        0.48726851851851855,
        0.4849537037037037,
        0.49537037037037035
    ]
}