{
    "train_loss": [
        0.5923799321336566,
        0.546500974793604,
        0.5304445487523229,
        0.514929030488872,
        0.513669125813858,
        0.5086609354434023,
        0.5044645167246804,
        0.5012516215662286,
        0.4991102610993935,
        0.5014094687232932,
        0.5012090860922631,
        0.5000289426159809,
        0.4957448957601183,
        0.49718806397490034,
        0.49648444551341936,
        0.4984264648060629,
        0.4932738025858217,
        0.4945421509397855,
        0.4916791899649102,
        0.4906515068603012,
        0.490031878903227,
        0.4892096148971742,
        0.4890378187537443,
        0.4898197697768421
    ],
    "val_loss": [
        0.4979347732831847,
        0.4997738727233695,
        0.5015134991339918,
        0.49793287961737914,
        0.499117282576531,
        0.4980158659647096,
        0.5013148784637451,
        0.4997600324498782,
        0.5006262628162432,
        0.4998187359024144,
        0.500788133474266,
        0.5038469677451272,
        0.5014392906015024,
        0.5035564417734086,
        0.5047735592479226,
        0.5018825671582852,
        0.5046227043904599,
        0.5028643954849843,
        0.5041066072646927,
        0.5043138160645587,
        0.5071511733456977,
        0.5047390286652547,
        0.50511682445898,
        0.5048873945602081
    ],
    "val_accuracy": [
        0.5127801808887141,
        0.5068816358631537,
        0.4876130554463232,
        0.5131734172237514,
        0.5104207628784899,
        0.5123869445536767,
        0.48092803775068815,
        0.5080613448682658,
        0.4927251278018089,
        0.5123869445536767,
        0.5001966181675187,
        0.48092803775068815,
        0.4998033818324813,
        0.4868265827762485,
        0.48210774675580026,
        0.5001966181675187,
        0.47738891073535195,
        0.49154541879669683,
        0.4891860007864727,
        0.49311836413684623,
        0.48171451042076285,
        0.4935116004718836,
        0.4911521824616595,
        0.4868265827762485
    ]
}