{
    "0": {
        "precision": 0.5302922309337135,
        "recall": 0.5966319165998396,
        "f1-score": 0.5615094339622642,
        "support": 1247.0
    },
    "1": {
        "precision": 0.5591586327782647,
        "recall": 0.4919043947571318,
        "f1-score": 0.5233798195242002,
        "support": 1297.0
    },
    "accuracy": 0.5432389937106918,
    "macro avg": {
        "precision": 0.5447254318559891,
        "recall": 0.5442681556784857,
        "f1-score": 0.5424446267432321,
        "support": 2544.0
    },
    "weighted avg": {
        "precision": 0.5450091032577634,
        "recall": 0.5432389937106918,
        "f1-score": 0.5420699253434871,
        "support": 2544.0
    }
}