{
    "train_loss": [
        0.496979378714057,
        0.4541561789141444,
        0.42684023614653094,
        0.3964994895065616,
        0.3640811722911523,
        0.33693188770921406,
        0.30908779422204175,
        0.28344720075587315,
        0.26242158840040486,
        0.24248627693710212,
        0.22201152206835395,
        0.20757321259397232,
        0.1937008909211901,
        0.18210058113534056,
        0.16639567514558037,
        0.15842343084588498,
        0.1460966301148761,
        0.1348440847889392,
        0.12800194770692588,
        0.1177083383018742,
        0.1107289500519663,
        0.10486581012933792,
        0.09401380614992863,
        0.09479722314460311,
        0.08852518297092406
    ],
    "val_loss": [
        0.4777852171909309,
        0.4799563356502327,
        0.4684133508248243,
        0.4718983451763313,
        0.4603960123247729,
        0.4861217990606845,
        0.48120131499753027,
        0.4883462386930774,
        0.4768251641067916,
        0.4800089356785049,
        0.4845676539900774,
        0.47452007457167805,
        0.4812420333573918,
        0.49118028411608256,
        0.48303578820771087,
        0.47936257737839294,
        0.47607956692844094,
        0.4758588930446945,
        0.4758068913828113,
        0.4768341337135452,
        0.47170191842638803,
        0.47721395074964285,
        0.46390548312735413,
        0.4719472957585386,
        0.4954524338245392
    ],
    "val_accuracy": [
        0.5501497005988024,
        0.5553892215568862,
        0.5651197604790419,
        0.562125748502994,
        0.5793413173652695,
        0.5531437125748503,
        0.5520209580838323,
        0.5471556886227545,
        0.5553892215568862,
        0.5557634730538922,
        0.5426646706586826,
        0.5565119760479041,
        0.5497754491017964,
        0.5490269461077845,
        0.5538922155688623,
        0.5501497005988024,
        0.5411676646706587,
        0.5497754491017964,
        0.5426646706586826,
        0.5520209580838323,
        0.5550149700598802,
        0.5359281437125748,
        0.5486526946107785,
        0.5512724550898204,
        0.5276946107784432
    ]
}