{
    "0": {
        "precision": 0.5857142857142857,
        "recall": 0.48306332842415317,
        "f1-score": 0.5294592413236481,
        "support": 1358.0
    },
    "1": {
        "precision": 0.5476804123711341,
        "recall": 0.6468797564687976,
        "f1-score": 0.5931612002791347,
        "support": 1314.0
    },
    "accuracy": 0.563622754491018,
    "macro avg": {
        "precision": 0.5666973490427099,
        "recall": 0.5649715424464754,
        "f1-score": 0.5613102208013914,
        "support": 2672.0
    },
    "weighted avg": {
        "precision": 0.5670105021914933,
        "recall": 0.563622754491018,
        "f1-score": 0.5607857286243626,
        "support": 2672.0
    }
}