{
    "0": {
        "precision": 0.5532608695652174,
        "recall": 0.38241923365890307,
        "f1-score": 0.45224344735673033,
        "support": 1331.0
    },
    "1": {
        "precision": 0.5308219178082192,
        "recall": 0.6935123042505593,
        "f1-score": 0.6013579049466538,
        "support": 1341.0
    },
    "accuracy": 0.5385479041916168,
    "macro avg": {
        "precision": 0.5420413936867183,
        "recall": 0.5379657689547312,
        "f1-score": 0.526800676151692,
        "support": 2672.0
    },
    "weighted avg": {
        "precision": 0.5419994046302868,
        "recall": 0.5385479041916168,
        "f1-score": 0.5270797076965833,
        "support": 2672.0
    }
}