{
    "0": {
        "precision": 0.5357675111773472,
        "recall": 0.5426415094339623,
        "f1-score": 0.5391826021747281,
        "support": 1325.0
    },
    "1": {
        "precision": 0.544360902255639,
        "recall": 0.5374907201187825,
        "f1-score": 0.5409039970115801,
        "support": 1347.0
    },
    "accuracy": 0.5400449101796407,
    "macro avg": {
        "precision": 0.5400642067164931,
        "recall": 0.5400661147763723,
        "f1-score": 0.5400432995931541,
        "support": 2672.0
    },
    "weighted avg": {
        "precision": 0.5400995837007226,
        "recall": 0.5400449101796407,
        "f1-score": 0.540050386173695,
        "support": 2672.0
    }
}