{
    "train_loss": [
        0.5460423676557439,
        0.5081383015519829,
        0.5047501083663715,
        0.4923845672158785,
        0.4784994955344867,
        0.458558518559702,
        0.4571617901004771,
        0.4416967382033666,
        0.4239961593862503,
        0.40534669000615353,
        0.39947836133100656,
        0.39395918360640925,
        0.3807269828293913,
        0.3786690915303846,
        0.3792922967864621,
        0.36655185203398427,
        0.36054273045832114,
        0.350675882671469,
        0.3488691224846789,
        0.3474817830388264,
        0.34289649225050406,
        0.3404673200941855,
        0.334246627665976,
        0.325050028261318,
        0.3193021475147175,
        0.3210273974685259,
        0.32161095482046886,
        0.3156690984483688,
        0.3181460448090107,
        0.3180900415185318,
        0.3066012886983733,
        0.3150424737363092,
        0.3114495040668595,
        0.3040643244260742,
        0.29855024169689864,
        0.3014709449583484,
        0.3022197770976251,
        0.29743582647173633,
        0.2916160362061634,
        0.29697741151496926,
        0.29021985556489677,
        0.28411727194343844,
        0.2944830497426371,
        0.285883235114236,
        0.29011085901850014,
        0.2971571224030628,
        0.28918496495293033,
        0.28063682891348357,
        0.285489908669905,
        0.28018729709168916,
        0.28127512387851233,
        0.2761939657070944,
        0.2717081773825871,
        0.2735727736225692,
        0.27167993731876855,
        0.27709585103777146,
        0.27088462925886597,
        0.26977166501424643,
        0.2745810078597197,
        0.26689002374487536,
        0.2686494622499712,
        0.2632899813914812,
        0.26469694959220064,
        0.27333469564716023,
        0.2726898057165966,
        0.2683647553166074,
        0.2717429719144298
    ],
    "val_loss": [
        0.4935998459977488,
        0.490392544096516,
        0.4795555731942577,
        0.44455157412636664,
        0.44090060841652656,
        0.4023109239435965,
        0.3758031139450689,
        0.38900208425137306,
        0.41331968600711516,
        0.40475772874009225,
        0.3569539715686152,
        0.33440605911516375,
        0.33618641644716263,
        0.3497131674760772,
        0.3273058701907435,
        0.3491743440108915,
        0.32602642212183247,
        0.3272537593279154,
        0.3453325547518269,
        0.3064340833694704,
        0.33095958973130873,
        0.3196172680585615,
        0.312945946089683,
        0.3112394585003776,
        0.31461148540819844,
        0.30987223910708583,
        0.3156427253157862,
        0.30566315989821186,
        0.30890911408970434,
        0.298352797545733,
        0.28769480010434506,
        0.29122691793787864,
        0.2917878019713586,
        0.2945310171813734,
        0.29998152006057,
        0.29898495449414175,
        0.2960355206723175,
        0.28948165800782943,
        0.29282968371145185,
        0.2922932028530105,
        0.2872609454958189,
        0.2861997154691527,
        0.27995118522836315,
        0.2912833898538543,
        0.3143810104698904,
        0.28874864765713293,
        0.26994159090663156,
        0.2803708849655044,
        0.2791503630578518,
        0.2700793241421061,
        0.2933065921308533,
        0.27883661670550225,
        0.2914750816360597,
        0.288570219350438,
        0.2841363365371381,
        0.28595495620562184,
        0.2810303687808975,
        0.28332658616765855,
        0.28305264418163606,
        0.29966567396636934,
        0.2805193554489843,
        0.29517341429187405,
        0.28627057661933286,
        0.2727372359424349,
        0.29400171027068167,
        0.27362080780609,
        0.291474197660723
    ],
    "val_accuracy": [
        0.5425101214574899,
        0.5617408906882592,
        0.6072874493927125,
        0.5941295546558705,
        0.5981781376518218,
        0.652834008097166,
        0.6629554655870445,
        0.659919028340081,
        0.6366396761133604,
        0.6690283400809717,
        0.7034412955465587,
        0.7034412955465587,
        0.7115384615384616,
        0.7186234817813765,
        0.7196356275303644,
        0.7115384615384616,
        0.7176113360323887,
        0.7277327935222672,
        0.729757085020243,
        0.7327935222672065,
        0.7277327935222672,
        0.7257085020242915,
        0.728744939271255,
        0.7277327935222672,
        0.7226720647773279,
        0.72165991902834,
        0.7307692307692307,
        0.7246963562753036,
        0.7165991902834008,
        0.7267206477732794,
        0.7307692307692307,
        0.7277327935222672,
        0.7378542510121457,
        0.728744939271255,
        0.7358299595141701,
        0.7267206477732794,
        0.7338056680161943,
        0.7317813765182186,
        0.7307692307692307,
        0.7267206477732794,
        0.7327935222672065,
        0.7388663967611336,
        0.7388663967611336,
        0.7196356275303644,
        0.7024291497975709,
        0.7196356275303644,
        0.7408906882591093,
        0.7317813765182186,
        0.7338056680161943,
        0.7378542510121457,
        0.7165991902834008,
        0.7348178137651822,
        0.7206477732793523,
        0.72165991902834,
        0.7257085020242915,
        0.7206477732793523,
        0.728744939271255,
        0.7236842105263158,
        0.7236842105263158,
        0.7064777327935222,
        0.7267206477732794,
        0.7226720647773279,
        0.7267206477732794,
        0.7338056680161943,
        0.7145748987854251,
        0.7378542510121457,
        0.72165991902834
    ]
}