{
    "0": {
        "precision": 0.7611607142857143,
        "recall": 0.682,
        "f1-score": 0.7194092827004219,
        "support": 500.0
    },
    "1": {
        "precision": 0.7055555555555556,
        "recall": 0.7807377049180327,
        "f1-score": 0.7412451361867705,
        "support": 488.0
    },
    "accuracy": 0.7307692307692307,
    "macro avg": {
        "precision": 0.733358134920635,
        "recall": 0.7313688524590164,
        "f1-score": 0.7303272094435962,
        "support": 988.0
    },
    "weighted avg": {
        "precision": 0.7336958180708181,
        "recall": 0.7307692307692307,
        "f1-score": 0.7301946030459058,
        "support": 988.0
    }
}