{
    "train_loss": [
        0.5061151496073307,
        0.49592055436772353,
        0.4892929967957827,
        0.48327803093454114,
        0.47105838657261445,
        0.46255541934539024,
        0.45402160830283733,
        0.4458733658929359,
        0.43595247825432626,
        0.42604705563852197,
        0.41599154620735707,
        0.4100914667105775,
        0.4004227383817229,
        0.39689491714284264,
        0.38964027753635344,
        0.3839204378143935,
        0.38045951613286433,
        0.3812334457461998,
        0.3736639501733332,
        0.37242497875764025,
        0.37104844247600977,
        0.3652926819270991,
        0.3613989494354327,
        0.35859965628632157,
        0.3541203292418496,
        0.3521803442968727,
        0.3514126556681216,
        0.34856079756523917,
        0.34699093071850956,
        0.35222825014031117,
        0.34871278556134305,
        0.338174479959995,
        0.34722774355642255,
        0.3505551949911457,
        0.3463821772324002,
        0.34170687993593923,
        0.34127623029836934,
        0.3373501295325716,
        0.3377874799041394,
        0.3326500330177798,
        0.33010944034146644,
        0.33078565956374206,
        0.3258363094186047,
        0.32612431077560905,
        0.3287397916957757,
        0.32626454345098216,
        0.32840422361692073,
        0.32216030625472314,
        0.3209687322574089,
        0.3290943475557703,
        0.3161800866280415,
        0.3173851362086028,
        0.320365810978421,
        0.32101608739400395,
        0.3177357300447214,
        0.31636115000550574,
        0.32014116904793666,
        0.3190490601670525,
        0.3195275970986753,
        0.3200379204746926,
        0.31906682777063083,
        0.3132302775210995,
        0.3135052761415654,
        0.31168065454972826,
        0.3106480599531243,
        0.3107900941250702,
        0.31176200451075947,
        0.3123478603302429,
        0.30911456013221145,
        0.3052910714871335,
        0.307250004016166
    ],
    "val_loss": [
        0.5338086307048797,
        0.49392880976200104,
        0.5352945104241371,
        0.5253766438364983,
        0.48202631920576094,
        0.4900136935710907,
        0.46943599343299863,
        0.480763723552227,
        0.5099941167235374,
        0.5046175894141197,
        0.528116124868393,
        0.49945579916238786,
        0.5083080330491065,
        0.5064773321151733,
        0.5248181504011155,
        0.493296192586422,
        0.47165086209774015,
        0.5004067134857177,
        0.46352643296122553,
        0.4722806425392628,
        0.48867036193609237,
        0.4667168194055557,
        0.4724517661333084,
        0.46765560314059257,
        0.5086771109700203,
        0.49785388737916947,
        0.4901776257157326,
        0.4848745314776897,
        0.5131288973987103,
        0.5004687598347664,
        0.46319503054022787,
        0.4828842979669571,
        0.5322118784487248,
        0.46655580945312974,
        0.4923571445047855,
        0.49623737022280695,
        0.471024202555418,
        0.48406450405716894,
        0.483112168610096,
        0.4636492858827114,
        0.47468240901827813,
        0.47672894135117533,
        0.4839396783709526,
        0.45624101892113683,
        0.4879448552429676,
        0.47170798376202583,
        0.4854770661890507,
        0.4689290282130241,
        0.5035940231382847,
        0.4947699804604053,
        0.44418409153819083,
        0.5015244841575622,
        0.50919279769063,
        0.4717812365293503,
        0.49495849207043646,
        0.4770419055223465,
        0.4610224448144436,
        0.497831874191761,
        0.5092630729079246,
        0.4758738711476326,
        0.46284141808748247,
        0.47921225517988203,
        0.45660842150449754,
        0.44987070754170416,
        0.4750179171562195,
        0.4805394266545773,
        0.47099189937114716,
        0.4854885077476501,
        0.4536665444076061,
        0.4526184991002083,
        0.48968281745910647
    ],
    "val_accuracy": [
        0.394375,
        0.51,
        0.410625,
        0.451875,
        0.541875,
        0.51125,
        0.56625,
        0.51625,
        0.486875,
        0.489375,
        0.46125,
        0.5075,
        0.5,
        0.5025,
        0.47,
        0.5075,
        0.534375,
        0.50375,
        0.54625,
        0.53,
        0.510625,
        0.54,
        0.52875,
        0.535,
        0.490625,
        0.51,
        0.514375,
        0.518125,
        0.491875,
        0.50125,
        0.544375,
        0.525,
        0.4675,
        0.534375,
        0.513125,
        0.5075,
        0.53125,
        0.52375,
        0.52,
        0.541875,
        0.534375,
        0.5225,
        0.524375,
        0.549375,
        0.518125,
        0.530625,
        0.52375,
        0.534375,
        0.503125,
        0.511875,
        0.560625,
        0.5025,
        0.49375,
        0.5325,
        0.508125,
        0.5225,
        0.544375,
        0.508125,
        0.49375,
        0.528125,
        0.5425,
        0.525,
        0.55,
        0.55625,
        0.52875,
        0.52875,
        0.534375,
        0.51875,
        0.55125,
        0.5525,
        0.51375
    ]
}