{
    "train_loss": [
        0.5026023924184709,
        0.49261162257792224,
        0.48485606493724087,
        0.468518413873104,
        0.45752528050400754,
        0.4488922151682437,
        0.44059443291183303,
        0.4305894718943864,
        0.42044364818706487,
        0.40787104716457034,
        0.4006656184169907,
        0.3929818269685118,
        0.38927328946655176,
        0.38383021646679943,
        0.3756619507296421,
        0.37379060970479233,
        0.3699291098530827,
        0.37132631267179683,
        0.3635228354182914,
        0.360598853485747,
        0.3554866048805727,
        0.3541436938926951,
        0.35060607174458114,
        0.3503483678616355,
        0.34848915924082063,
        0.3480106702821542,
        0.3477034010148729,
        0.34555313383387326,
        0.33887922504662554,
        0.33645631409247606,
        0.33813653316628967,
        0.33878091159263696,
        0.33730362549237386,
        0.3343223990369225,
        0.3336531084995914,
        0.3310397671727583,
        0.3299022499046452,
        0.33209829089493803,
        0.3337326380151809
    ],
    "val_loss": [
        0.46958224654197694,
        0.5363407355546951,
        0.49685144424438477,
        0.47484761744737625,
        0.5015944045782089,
        0.5029940292239189,
        0.47382479399442673,
        0.480363604426384,
        0.49721370071172716,
        0.4868471348285675,
        0.4775009661912918,
        0.4825572445988655,
        0.4780626229941845,
        0.5031729856133461,
        0.5252172815799713,
        0.47324992939829824,
        0.4828052020072937,
        0.46991042643785474,
        0.45078436985611914,
        0.4803012448549271,
        0.457659904062748,
        0.49083594992756846,
        0.4669763270020485,
        0.4922622558474541,
        0.5109822687506675,
        0.48365638077259065,
        0.4932429102063179,
        0.49964836463332174,
        0.4834116291999817,
        0.4964292140305042,
        0.5381359255313873,
        0.5160203152894973,
        0.5201469887793064,
        0.4938338813185692,
        0.46943462520837786,
        0.4874536034464836,
        0.4710694895684719,
        0.5053429704904556,
        0.48525460332632064
    ],
    "val_accuracy": [
        0.584375,
        0.41,
        0.504375,
        0.55125,
        0.495,
        0.4975,
        0.53875,
        0.520625,
        0.505,
        0.52125,
        0.528125,
        0.525,
        0.528125,
        0.4975,
        0.471875,
        0.533125,
        0.521875,
        0.533125,
        0.5525,
        0.523125,
        0.545625,
        0.519375,
        0.535625,
        0.51,
        0.49,
        0.521875,
        0.508125,
        0.50625,
        0.5175,
        0.5025,
        0.46625,
        0.484375,
        0.4825,
        0.505,
        0.535,
        0.5125,
        0.531875,
        0.496875,
        0.518125
    ]
}