{
    "train_loss": [
        0.5035497023333957,
        0.5006043330790402,
        0.49461891222618126,
        0.4784194621350235,
        0.4674351595921536,
        0.4534111299830277,
        0.44530978001969246,
        0.43623295658119376,
        0.4296330618907127,
        0.41861206000368395,
        0.41168001857249503,
        0.39711931744262596,
        0.38445007888470634,
        0.37461837127011927,
        0.3644584268738108,
        0.36126136883463084,
        0.35682440401241694,
        0.3469675952647425,
        0.34192000721844285,
        0.3439637576655509,
        0.339833056973484,
        0.33885079643614135,
        0.333188119025502,
        0.3309577947017441,
        0.3321426549131028,
        0.32323403460561906,
        0.3260598250068877,
        0.32976472805194446,
        0.31804379711555264,
        0.3213780790181147,
        0.3196643042958775,
        0.3148941390450134,
        0.3125461545425987,
        0.3140582953812237,
        0.31388436107658674,
        0.31042246641985066,
        0.3076218591080559,
        0.309354019309375,
        0.30823135906563615,
        0.30432957419452206,
        0.3021610024935308,
        0.30087782005750224,
        0.30481373152147984,
        0.2993780506106467,
        0.30500709972157564
    ],
    "val_loss": [
        0.4629318553209305,
        0.5136585015058518,
        0.4362655839323997,
        0.5215184256434441,
        0.44382663667201994,
        0.42595379263162614,
        0.45824208527803423,
        0.5184362134337426,
        0.4883174404501915,
        0.4924840244650841,
        0.504101873934269,
        0.4657981365919113,
        0.5307772612571716,
        0.475274538397789,
        0.47164199441671373,
        0.4698630203306675,
        0.5325938272476196,
        0.4226245427131653,
        0.508406187593937,
        0.44942121163010595,
        0.5382219007611275,
        0.4903571680188179,
        0.4241530538350344,
        0.4703390467166901,
        0.4090162017941475,
        0.5267735780775546,
        0.48459323033690455,
        0.5020321261882782,
        0.5189138492941856,
        0.4710026685893536,
        0.46427633047103883,
        0.4650598178803921,
        0.4485425345599651,
        0.4884140682220459,
        0.5016675370931626,
        0.540376916974783,
        0.49925983101129534,
        0.46705077081918717,
        0.46403660148382186,
        0.47870002180337906,
        0.4836818827688694,
        0.5648058539628983,
        0.5243828797340393,
        0.5020959490537643,
        0.4573678730428219
    ],
    "val_accuracy": [
        0.686875,
        0.39625,
        0.64375,
        0.4425,
        0.599375,
        0.6325,
        0.57375,
        0.485625,
        0.53,
        0.5225,
        0.506875,
        0.545625,
        0.4775,
        0.541875,
        0.53875,
        0.545,
        0.4775,
        0.581875,
        0.49125,
        0.555625,
        0.461875,
        0.52,
        0.58125,
        0.54,
        0.600625,
        0.479375,
        0.52,
        0.504375,
        0.493125,
        0.5375,
        0.544375,
        0.5425,
        0.559375,
        0.51875,
        0.504375,
        0.46625,
        0.508125,
        0.53875,
        0.54,
        0.526875,
        0.519375,
        0.4375,
        0.476875,
        0.504375,
        0.55
    ]
}