{
    "train_loss": [
        0.5037511998006096,
        0.5004270402690036,
        0.491938507454691,
        0.4841853198558485,
        0.4760553347325262,
        0.4638550937529604,
        0.45632065738253985,
        0.4442056630367025,
        0.4406075205919296,
        0.4312189543192179,
        0.4277232521088268,
        0.4237279005761511,
        0.41422398956517115,
        0.4056984028511123,
        0.4003670542724529,
        0.3953986976462807,
        0.3902959331850421,
        0.39000253651615496,
        0.386129479668543,
        0.3786815999464026,
        0.3814840402876796,
        0.3750571816481434,
        0.3656267647712558,
        0.36530463103607963,
        0.3662551725111253,
        0.3649966993066912,
        0.36541825789456944,
        0.3651579057301412,
        0.3619141808973925,
        0.3595242741933009,
        0.3547150997867646,
        0.3503651683904368,
        0.35427975286004726,
        0.358804714160733,
        0.3504018739485096,
        0.3470343906914024,
        0.3455604137607056,
        0.3509120650510832,
        0.3425610114975112,
        0.34172948872999814,
        0.3463221464040726
    ],
    "val_loss": [
        0.5604457366466522,
        0.573187361061573,
        0.468770073056221,
        0.45091722190380096,
        0.4855342873930931,
        0.46869072765111924,
        0.44852788165211677,
        0.44461623281240464,
        0.4756218965351582,
        0.5132195347547531,
        0.5261324208974838,
        0.4646695998311043,
        0.44445270895957945,
        0.4428997588157654,
        0.5180640116333961,
        0.4544690726697445,
        0.4254139694571495,
        0.43501194193959236,
        0.5072622948884964,
        0.48460060566663743,
        0.41511397540569306,
        0.46714929848909376,
        0.4384506648778915,
        0.43121377274394035,
        0.4983749410510063,
        0.4822947308421135,
        0.5046204121410847,
        0.4547923372685909,
        0.47692121848464014,
        0.4596460600197315,
        0.46688561618328095,
        0.5136956414580345,
        0.4930962774157524,
        0.48291065767407415,
        0.48201314330101014,
        0.4489780242741108,
        0.4401848319172859,
        0.4220453442633152,
        0.45921439126133917,
        0.4974566173553467,
        0.45510658651590347
    ],
    "val_accuracy": [
        0.300625,
        0.313125,
        0.58,
        0.5975,
        0.515625,
        0.521875,
        0.56,
        0.55375,
        0.5425,
        0.475,
        0.448125,
        0.53625,
        0.563125,
        0.559375,
        0.47875,
        0.543125,
        0.5775,
        0.573125,
        0.49375,
        0.52125,
        0.591875,
        0.53375,
        0.56375,
        0.571875,
        0.500625,
        0.520625,
        0.4975,
        0.545625,
        0.525625,
        0.5425,
        0.535625,
        0.49,
        0.51125,
        0.51875,
        0.524375,
        0.555,
        0.564375,
        0.5825,
        0.54625,
        0.508125,
        0.54875
    ]
}