{
    "train_loss": [
        0.5036516105475491,
        0.4921206338356619,
        0.47682712604738264,
        0.465318408363486,
        0.4559856356823281,
        0.4472045052745571,
        0.43846611988871065,
        0.4257077975428268,
        0.41459571039431714,
        0.40133889495101693,
        0.39238348252152744,
        0.38420984914449796,
        0.3829067225733849,
        0.3801878265526197,
        0.374159696596126,
        0.36770873449946917,
        0.3698251880399168,
        0.36993851542268713,
        0.36267790533091926,
        0.36495296333546506,
        0.35992355667156717,
        0.3640720911834338,
        0.3517630542488131,
        0.35446162048267993,
        0.35157579453024146,
        0.354577233468833,
        0.3470418276750062,
        0.34941638847430273,
        0.3432616241378327
    ],
    "val_loss": [
        0.4818438160419464,
        0.4848543784022331,
        0.47651560813188554,
        0.481002916097641,
        0.4679080817103386,
        0.49272670954465864,
        0.4877322641015053,
        0.4744120690226555,
        0.44922607615590093,
        0.4898032623529434,
        0.4783551125228405,
        0.4812509137392044,
        0.4916437315940857,
        0.48055675327777864,
        0.46267868906259535,
        0.47086351335048676,
        0.4673130914568901,
        0.4738884872198105,
        0.5107520401477814,
        0.474182733297348,
        0.4749932296574116,
        0.4980502626299858,
        0.46220051050186156,
        0.49591345220804217,
        0.48360399961471556,
        0.47714033514261245,
        0.5015590551495552,
        0.5053506380319596,
        0.4670293042063713
    ],
    "val_accuracy": [
        0.596875,
        0.528125,
        0.530625,
        0.525,
        0.555625,
        0.509375,
        0.5225,
        0.544375,
        0.566875,
        0.515,
        0.535625,
        0.525625,
        0.52,
        0.525,
        0.545,
        0.535,
        0.535625,
        0.52875,
        0.491875,
        0.5325,
        0.526875,
        0.503125,
        0.540625,
        0.5075,
        0.52,
        0.52625,
        0.50125,
        0.495,
        0.5375
    ]
}