{
    "train_loss": [
        0.5076267625359323,
        0.4935654869182504,
        0.48607493840533195,
        0.4749880720814355,
        0.4634500673348955,
        0.45084050188390473,
        0.4463271142338677,
        0.43940081141835496,
        0.43261567317753385,
        0.4306042347880576,
        0.42473338156295337,
        0.41563635440610297,
        0.41365593114345195,
        0.4078398000850952,
        0.3980260908389263,
        0.3970939294790192,
        0.3895471193378778,
        0.3860651373220005,
        0.38157675707940575,
        0.3800909002050221,
        0.3724765910947923,
        0.3740972548026404,
        0.36744882702398646,
        0.36185946606582015,
        0.36023640488977915,
        0.3574387328337422,
        0.35292587750892845,
        0.3546331996969182,
        0.3499498790652632,
        0.34991532637864997,
        0.3446352726156763,
        0.34277515636770417,
        0.3421130037833032,
        0.34263503334397893,
        0.34431469650577295
    ],
    "val_loss": [
        0.4879374992847443,
        0.550135283768177,
        0.5273813247680664,
        0.49357073128223417,
        0.5008262497186661,
        0.5011189493536949,
        0.5128370761871338,
        0.5075973290205001,
        0.5048044657707215,
        0.506453742980957,
        0.510178170800209,
        0.49104556143283845,
        0.4872605061531067,
        0.5055272603034973,
        0.47585525304079057,
        0.4933688381314278,
        0.4967489698529243,
        0.4951285007596016,
        0.4812854789197445,
        0.4786436152458191,
        0.5074255247414112,
        0.4781116808950901,
        0.4851011565327644,
        0.49788255780935287,
        0.494349272698164,
        0.47988946676254274,
        0.48760954827070235,
        0.48010427922010424,
        0.48924842149019243,
        0.485711515545845,
        0.4975648248195648,
        0.4854660755395889,
        0.4915360626578331,
        0.5110563281178474,
        0.4805776032805443
    ],
    "val_accuracy": [
        0.58375,
        0.40875,
        0.45,
        0.52125,
        0.514375,
        0.5125,
        0.49375,
        0.49375,
        0.5,
        0.503125,
        0.488125,
        0.521875,
        0.510625,
        0.498125,
        0.536875,
        0.51125,
        0.513125,
        0.505625,
        0.53,
        0.523125,
        0.49625,
        0.52625,
        0.518125,
        0.499375,
        0.509375,
        0.53125,
        0.51375,
        0.523125,
        0.5125,
        0.519375,
        0.506875,
        0.519375,
        0.516875,
        0.49375,
        0.521875
    ]
}