{
    "train_loss": [
        0.4986469034730656,
        0.4907690188243965,
        0.4791822969750851,
        0.47116108537533435,
        0.4609959976490978,
        0.4505884068805882,
        0.44412278218288864,
        0.43409862553276435,
        0.4256421209072839,
        0.41285038429425486,
        0.40569369939103783,
        0.39516515460622587,
        0.388767883201901,
        0.3805365556441908,
        0.3724211874998608,
        0.37021966622113206,
        0.364073396013671,
        0.36570289052036903,
        0.357506750535225,
        0.35646457772951007,
        0.3550061756061418,
        0.35021717442100486,
        0.35172934979606946,
        0.3467884556902382,
        0.35041067005220244,
        0.34636432910274517,
        0.3439299296867229,
        0.3404683758228977,
        0.3413192501843057,
        0.33473894024448214,
        0.3369903273443408,
        0.33048441135267365,
        0.3270795277394812,
        0.3288422007657496,
        0.3422422014979841,
        0.3394034920059561,
        0.3371155052299714,
        0.33244245941528355,
        0.3374311391970633,
        0.3398795076385445,
        0.3316646741568473,
        0.3323747675972616,
        0.3296017120242891,
        0.3317465712335393,
        0.32559408182926264,
        0.33176552511416224
    ],
    "val_loss": [
        0.557718975841999,
        0.49241980075836184,
        0.5204000490903854,
        0.48545741438865664,
        0.5080917307734489,
        0.5235020637512207,
        0.48566548645496366,
        0.5153992918133735,
        0.48255298256874085,
        0.5005788367986679,
        0.5078067404031753,
        0.4892414644360542,
        0.5156390455365181,
        0.4958810883760452,
        0.5067503473162651,
        0.494424484372139,
        0.45942829936742785,
        0.47674244701862334,
        0.5047520184516907,
        0.5077126583456993,
        0.4802131748199463,
        0.4898238877952099,
        0.485190057605505,
        0.46160809010267256,
        0.47786637842655183,
        0.45681639552116393,
        0.4848631513118744,
        0.4744866053760052,
        0.5104092511534691,
        0.45971169546246526,
        0.4759519729018211,
        0.512252750992775,
        0.5128245773911476,
        0.5110035622119904,
        0.4881198599934578,
        0.5516191384196282,
        0.48827826663851737,
        0.48115899875760076,
        0.4820998492836952,
        0.5103746655583382,
        0.49691271647810936,
        0.4972789858281612,
        0.45984069153666496,
        0.4924609552323818,
        0.519367472678423,
        0.5255555817484856
    ],
    "val_accuracy": [
        0.38625,
        0.50875,
        0.4475,
        0.53,
        0.47875,
        0.4725,
        0.52,
        0.478125,
        0.521875,
        0.50125,
        0.495,
        0.519375,
        0.485625,
        0.51125,
        0.50375,
        0.5075,
        0.55,
        0.52875,
        0.49875,
        0.495,
        0.5275,
        0.51625,
        0.52,
        0.5425,
        0.52375,
        0.54375,
        0.52125,
        0.529375,
        0.491875,
        0.54625,
        0.5275,
        0.486875,
        0.4925,
        0.49125,
        0.515,
        0.449375,
        0.515625,
        0.525625,
        0.52375,
        0.49,
        0.5075,
        0.51,
        0.546875,
        0.509375,
        0.48375,
        0.475
    ]
}