{
    "train_loss": [
        0.5016209947054578,
        0.49489384800155034,
        0.4827975523016463,
        0.47096242585904274,
        0.45619970206349153,
        0.44706992363864695,
        0.43926558089614076,
        0.4308790025615107,
        0.419333872577178,
        0.4065740974099054,
        0.39418960629999233,
        0.38651448417083956,
        0.3768516979999789,
        0.37494239614613223,
        0.36559450001256366,
        0.36560427458476563,
        0.3665917714318263,
        0.3502103435980997,
        0.35181607884872007,
        0.3486655446285278,
        0.3532952302088516
    ],
    "val_loss": [
        0.4007494929432869,
        0.575527420938015,
        0.5414145967364311,
        0.48069158524274824,
        0.4345740468800068,
        0.49099868059158325,
        0.45836359918117525,
        0.47526946634054185,
        0.4368538466095924,
        0.5337358775734902,
        0.4678641106188297,
        0.46949084490537646,
        0.4514121967554092,
        0.4599827839434147,
        0.4660582490265369,
        0.5342615956068039,
        0.48685555830597876,
        0.555128176510334,
        0.4749614740908146,
        0.4815713432431221,
        0.4397016853094101
    ],
    "val_accuracy": [
        0.7,
        0.326875,
        0.436875,
        0.5275,
        0.6175,
        0.519375,
        0.568125,
        0.549375,
        0.5825,
        0.459375,
        0.54625,
        0.529375,
        0.5625,
        0.5425,
        0.54875,
        0.465625,
        0.52375,
        0.44875,
        0.52625,
        0.514375,
        0.565
    ]
}