{
    "0": {
        "precision": 0.39215686274509803,
        "recall": 0.1875,
        "f1-score": 0.2536997885835095,
        "support": 320.0
    },
    "1": {
        "precision": 0.598145285935085,
        "recall": 0.80625,
        "f1-score": 0.686779059449867,
        "support": 480.0
    },
    "accuracy": 0.55875,
    "macro avg": {
        "precision": 0.49515107434009153,
        "recall": 0.496875,
        "f1-score": 0.4702394240166882,
        "support": 800.0
    },
    "weighted avg": {
        "precision": 0.5157499166590902,
        "recall": 0.55875,
        "f1-score": 0.513547351103324,
        "support": 800.0
    }
}