{
    "0": {
        "precision": 0.17391304347826086,
        "recall": 0.3142857142857143,
        "f1-score": 0.22391857506361323,
        "support": 140.0
    },
    "1": {
        "precision": 0.8244972577696527,
        "recall": 0.6833333333333333,
        "f1-score": 0.7473073736536868,
        "support": 660.0
    },
    "accuracy": 0.61875,
    "macro avg": {
        "precision": 0.49920515062395676,
        "recall": 0.4988095238095238,
        "f1-score": 0.48561297435865003,
        "support": 800.0
    },
    "weighted avg": {
        "precision": 0.7106450202686591,
        "recall": 0.61875,
        "f1-score": 0.6557143339004239,
        "support": 800.0
    }
}