{
    "0": {
        "precision": 0.5787545787545788,
        "recall": 0.34347826086956523,
        "f1-score": 0.4311050477489768,
        "support": 460.0
    },
    "1": {
        "precision": 0.4269449715370019,
        "recall": 0.6617647058823529,
        "f1-score": 0.5190311418685121,
        "support": 340.0
    },
    "accuracy": 0.47875,
    "macro avg": {
        "precision": 0.5028497751457903,
        "recall": 0.502621483375959,
        "f1-score": 0.47506809480874446,
        "support": 800.0
    },
    "weighted avg": {
        "precision": 0.5142354956871087,
        "recall": 0.47875,
        "f1-score": 0.4684736377497793,
        "support": 800.0
    }
}