{
    "0": {
        "precision": 0.5418326693227091,
        "recall": 0.34,
        "f1-score": 0.41781874039938555,
        "support": 400.0
    },
    "1": {
        "precision": 0.5191256830601093,
        "recall": 0.7125,
        "f1-score": 0.6006322444678609,
        "support": 400.0
    },
    "accuracy": 0.52625,
    "macro avg": {
        "precision": 0.5304791761914092,
        "recall": 0.52625,
        "f1-score": 0.5092254924336233,
        "support": 800.0
    },
    "weighted avg": {
        "precision": 0.5304791761914092,
        "recall": 0.52625,
        "f1-score": 0.5092254924336233,
        "support": 800.0
    }
}