{
    "0": {
        "precision": 0.31654676258992803,
        "recall": 0.44,
        "f1-score": 0.3682008368200837,
        "support": 200.0
    },
    "1": {
        "precision": 0.7854406130268199,
        "recall": 0.6833333333333333,
        "f1-score": 0.7308377896613191,
        "support": 600.0
    },
    "accuracy": 0.6225,
    "macro avg": {
        "precision": 0.550993687808374,
        "recall": 0.5616666666666666,
        "f1-score": 0.5495193132407014,
        "support": 800.0
    },
    "weighted avg": {
        "precision": 0.6682171504175969,
        "recall": 0.6225,
        "f1-score": 0.6401785514510102,
        "support": 800.0
    }
}