{
    "0": {
        "precision": 0.5251396648044693,
        "recall": 0.235,
        "f1-score": 0.32469775474956825,
        "support": 400.0
    },
    "1": {
        "precision": 0.5072463768115942,
        "recall": 0.7875,
        "f1-score": 0.6170421155729677,
        "support": 400.0
    },
    "accuracy": 0.51125,
    "macro avg": {
        "precision": 0.5161930208080318,
        "recall": 0.51125,
        "f1-score": 0.47086993516126796,
        "support": 800.0
    },
    "weighted avg": {
        "precision": 0.5161930208080318,
        "recall": 0.51125,
        "f1-score": 0.47086993516126796,
        "support": 800.0
    }
}