{
    "0": {
        "precision": 0.3793103448275862,
        "recall": 0.19642857142857142,
        "f1-score": 0.25882352941176473,
        "support": 280.0
    },
    "1": {
        "precision": 0.6564885496183206,
        "recall": 0.8269230769230769,
        "f1-score": 0.7319148936170212,
        "support": 520.0
    },
    "accuracy": 0.60625,
    "macro avg": {
        "precision": 0.5178994472229534,
        "recall": 0.5116758241758241,
        "f1-score": 0.49536921151439295,
        "support": 800.0
    },
    "weighted avg": {
        "precision": 0.5594761779415636,
        "recall": 0.60625,
        "f1-score": 0.5663329161451816,
        "support": 800.0
    }
}