{
    "0": {
        "precision": 0.5416375087473758,
        "recall": 0.6075353218210361,
        "f1-score": 0.5726970033296337,
        "support": 1274.0
    },
    "1": {
        "precision": 0.5515695067264574,
        "recall": 0.484251968503937,
        "f1-score": 0.5157232704402516,
        "support": 1270.0
    },
    "accuracy": 0.5459905660377359,
    "macro avg": {
        "precision": 0.5466035077369167,
        "recall": 0.5458936451624865,
        "f1-score": 0.5442101368849426,
        "support": 2544.0
    },
    "weighted avg": {
        "precision": 0.5465956995624047,
        "recall": 0.5459905660377359,
        "f1-score": 0.5442549275554531,
        "support": 2544.0
    }
}