{
    "train_loss": [
        0.45698954443953355,
        0.36826443597334163,
        0.32461002911334713,
        0.29785326266125456,
        0.27067220898251554,
        0.25724788690538714,
        0.23203224147835824,
        0.21211270770253657,
        0.1986298575044767,
        0.18191018669980846,
        0.16816647432438314,
        0.1593089032935225,
        0.14986705433015954,
        0.16095126015410577,
        0.13853169518382583,
        0.12434744952272063,
        0.12050614211725318,
        0.10599664404784163,
        0.10056563808697544,
        0.09618365829257661,
        0.10154990304142372,
        0.08245495123337937,
        0.08723706578555172,
        0.07508937685354931,
        0.07375422217904433,
        0.07014973080593702,
        0.06487136323974557,
        0.06769201452907635,
        0.06763496221846914,
        0.05914368554439447,
        0.0576182739494462,
        0.05249840722814815,
        0.06320366462411946,
        0.06165976323969832,
        0.05843718504728792,
        0.054174592743997704,
        0.05016576936766165,
        0.047672784262119905,
        0.04981263125630002
    ],
    "val_loss": [
        0.57927311400869,
        0.5392670582479505,
        0.5732678317311984,
        0.49356738578027753,
        0.5196336071882675,
        0.5732431878794485,
        0.4955246257248209,
        0.5685158251826443,
        0.509965111960226,
        0.5097586027721861,
        0.5539418200948345,
        0.6402898057183223,
        0.4957636332333977,
        0.6259611244521924,
        0.5233826085702696,
        0.602582608585927,
        0.5024739543893444,
        0.5058236704833472,
        0.4462587664376444,
        0.5296119660583894,
        0.49415471616076,
        0.46702325344085693,
        0.4736027650868715,
        0.5039206583108475,
        0.5591777674297789,
        0.5047161485721816,
        0.5395686573057032,
        0.6228371649535734,
        0.45474047625242775,
        0.5480732899993214,
        0.5129230774160641,
        0.4782739697552439,
        0.6007491959564721,
        0.5541167152461721,
        0.531991874993737,
        0.6152251100362237,
        0.5267610516565949,
        0.5769966720645108,
        0.5237824638832861
    ],
    "val_accuracy": [
        0.38108614232209737,
        0.4297752808988764,
        0.3895131086142322,
        0.5028089887640449,
        0.4550561797752809,
        0.43258426966292135,
        0.5318352059925093,
        0.4288389513108614,
        0.49812734082397003,
        0.5084269662921348,
        0.41853932584269665,
        0.3529962546816479,
        0.49812734082397003,
        0.38857677902621723,
        0.4681647940074906,
        0.40823970037453183,
        0.5037453183520599,
        0.49250936329588013,
        0.5749063670411985,
        0.45692883895131087,
        0.5009363295880149,
        0.548689138576779,
        0.5421348314606742,
        0.5046816479400749,
        0.43913857677902624,
        0.5056179775280899,
        0.4559925093632959,
        0.36329588014981273,
        0.5561797752808989,
        0.448501872659176,
        0.5,
        0.5196629213483146,
        0.38857677902621723,
        0.45224719101123595,
        0.4803370786516854,
        0.3717228464419476,
        0.48408239700374533,
        0.43352059925093633,
        0.50187265917603
    ]
}