{
    "train_loss": [
        0.43555335114654314,
        0.3422400109533571,
        0.29491546858324963,
        0.265285551866405,
        0.24195454279199624,
        0.22250482105673888,
        0.20416999605094266,
        0.18874761252067027,
        0.17711371095835143,
        0.15865990505195582,
        0.15350173838818684,
        0.13871306012201512,
        0.12950803619674128,
        0.12871850137081411,
        0.11850015935289045,
        0.10892119188594003,
        0.11236642600379439,
        0.10526395211808193,
        0.09890324085887171,
        0.08715334083311833,
        0.08469863411070955,
        0.08176389034105162,
        0.08774778387771967,
        0.0910621413992893,
        0.08716817827433603,
        0.07697512983925577,
        0.07117679587796204,
        0.07440476748360018,
        0.06923294896817106,
        0.06895842496305704,
        0.0644928879247835,
        0.0590758938023932,
        0.06033680178861842,
        0.05519553708533446,
        0.05649300271836229,
        0.06466447579491343,
        0.05213423864119965,
        0.053842412176518105,
        0.05216834731957214,
        0.049467066601396374,
        0.05429595295721904,
        0.05653844671483096
    ],
    "val_loss": [
        0.3328741390758486,
        0.3666726960175073,
        0.3547589992409322,
        0.42384129095433365,
        0.3660176500900468,
        0.3443730553584312,
        0.30548176703168384,
        0.3817299633328594,
        0.37540124312265594,
        0.38145563251046993,
        0.3782562531197249,
        0.3219320089069765,
        0.3251145693348415,
        0.6746900330728559,
        0.5331253240357584,
        0.45681175767485777,
        0.39984681868731087,
        0.31326642476800665,
        0.3739974601055259,
        0.29518787396043095,
        0.30825230812848503,
        0.27757305262693716,
        0.31303578948796684,
        0.4515913771604424,
        0.6690701459770771,
        0.37677399347077556,
        0.35700477370575295,
        0.34356738293348854,
        0.27833896030240984,
        0.47898136679805925,
        0.43825973770511684,
        0.36766472925890736,
        0.29346772872689947,
        0.33242209767227743,
        0.2888225977545354,
        0.42289287719263957,
        0.38661341191227755,
        0.3460030037520537,
        0.4280497102595087,
        0.3137877736963443,
        0.32184309946067297,
        0.47416564911159115
    ],
    "val_accuracy": [
        0.7490636704119851,
        0.7322097378277154,
        0.7368913857677902,
        0.6657303370786517,
        0.7191011235955056,
        0.7191011235955056,
        0.7537453183520599,
        0.6853932584269663,
        0.6807116104868914,
        0.6704119850187266,
        0.6769662921348315,
        0.7340823970037453,
        0.7294007490636704,
        0.27247191011235955,
        0.46441947565543074,
        0.5608614232209738,
        0.6179775280898876,
        0.7209737827715356,
        0.6451310861423221,
        0.7368913857677902,
        0.7200374531835206,
        0.7462546816479401,
        0.7125468164794008,
        0.5664794007490637,
        0.3099250936329588,
        0.6301498127340824,
        0.6591760299625468,
        0.6769662921348315,
        0.7425093632958801,
        0.5177902621722846,
        0.5739700374531835,
        0.6376404494382022,
        0.7237827715355806,
        0.6919475655430711,
        0.7265917602996255,
        0.599250936329588,
        0.6235955056179775,
        0.6629213483146067,
        0.5823970037453183,
        0.6985018726591761,
        0.6928838951310862,
        0.5346441947565543
    ]
}