{
    "train_loss": [
        0.42523359208025485,
        0.32388189944446594,
        0.2751995364888611,
        0.24788025808003214,
        0.2215661241585373,
        0.20289927991664308,
        0.19632742985382548,
        0.16748906511208442,
        0.16199871859489343,
        0.1552880895921053,
        0.14303937633959657,
        0.13015836082462573,
        0.12129880882735945,
        0.12004345224008091,
        0.11395620786322233,
        0.1011449687787865,
        0.10095581394007318,
        0.09276931811697207,
        0.09321340415467563,
        0.09206776332078326,
        0.09112752158927102,
        0.08243193437592086,
        0.07726597376008573,
        0.08192448472429036,
        0.07651412134401055,
        0.0742376672470162,
        0.06871677654134667,
        0.0684057923559195,
        0.05932536847395902,
        0.06222603631277497,
        0.06279710874072889,
        0.0629570189401762,
        0.06076053642214109,
        0.05882137605888594,
        0.05711063011509613,
        0.05305236788928254,
        0.050148256771807745,
        0.05139046048936553,
        0.049811509664719686,
        0.04892802081651922,
        0.05399534819074548,
        0.047326597494558774,
        0.05341060454041785,
        0.0395149691706985,
        0.041032393956477314,
        0.04691711101187473,
        0.051077140813581966,
        0.0506432013781184,
        0.0421524047294361,
        0.045467860298231244,
        0.04464314836196792
    ],
    "val_loss": [
        0.5384455376596593,
        0.4970046908997778,
        0.4733114945354746,
        0.5074507709759385,
        0.4750472231587367,
        0.4499466766172381,
        0.6151322144180981,
        0.45844279096197726,
        0.5396431035070277,
        0.41025094354330605,
        0.453303797921138,
        0.5570409017712322,
        0.6007649022251812,
        0.4262903343830536,
        0.5236587364282181,
        0.40426602892911256,
        0.42165876324497054,
        0.5237730296690073,
        0.530193818149282,
        0.5163330667054475,
        0.4829771901244548,
        0.4590890329720369,
        0.39643929565130775,
        0.5262826687809247,
        0.5866071710835642,
        0.42438689252333855,
        0.3773057632037063,
        0.40411932655234833,
        0.4535066267447685,
        0.5052649943686244,
        0.36023143500979266,
        0.4871862664151548,
        0.5726911892641836,
        0.4451645703902885,
        0.4330410232294851,
        0.3879253003579467,
        0.4673980421094752,
        0.4101133226458706,
        0.5073483088123265,
        0.5384451622393593,
        0.529776612769312,
        0.49322541124785124,
        0.3690477749749796,
        0.5204590447803041,
        0.42896531366590246,
        0.4232775475551833,
        0.3878559370094271,
        0.5478478652327808,
        0.4922610801547321,
        0.4782104265334001,
        0.5889905766764684
    ],
    "val_accuracy": [
        0.4541198501872659,
        0.5037453183520599,
        0.5627340823970037,
        0.49812734082397003,
        0.5627340823970037,
        0.5926966292134831,
        0.36891385767790263,
        0.5608614232209738,
        0.46722846441947563,
        0.6264044943820225,
        0.5692883895131086,
        0.44662921348314605,
        0.3857677902621723,
        0.5880149812734082,
        0.4681647940074906,
        0.6189138576779026,
        0.6086142322097379,
        0.47846441947565543,
        0.46441947565543074,
        0.4868913857677903,
        0.5308988764044944,
        0.5608614232209738,
        0.6235955056179775,
        0.48220973782771537,
        0.4147940074906367,
        0.5926966292134831,
        0.6404494382022472,
        0.6104868913857678,
        0.552434456928839,
        0.5,
        0.650749063670412,
        0.5187265917602997,
        0.41947565543071164,
        0.5636704119850188,
        0.5730337078651685,
        0.6264044943820225,
        0.5280898876404494,
        0.602996254681648,
        0.4859550561797753,
        0.46629213483146065,
        0.4803370786516854,
        0.5149812734082397,
        0.6441947565543071,
        0.4747191011235955,
        0.5786516853932584,
        0.5823970037453183,
        0.6301498127340824,
        0.4597378277153558,
        0.5102996254681648,
        0.5318352059925093,
        0.4157303370786517
    ]
}