{
    "0": {
        "precision": 0.9017199017199017,
        "recall": 0.7645833333333333,
        "f1-score": 0.8275084554678692,
        "support": 480.0
    },
    "1": {
        "precision": 0.11023622047244094,
        "recall": 0.25925925925925924,
        "f1-score": 0.15469613259668508,
        "support": 54.0
    },
    "accuracy": 0.7134831460674157,
    "macro avg": {
        "precision": 0.5059780610961713,
        "recall": 0.5119212962962962,
        "f1-score": 0.4911022940322771,
        "support": 534.0
    },
    "weighted avg": {
        "precision": 0.821682226088136,
        "recall": 0.7134831460674157,
        "f1-score": 0.7594712542786484,
        "support": 534.0
    }
}