{
    "0": {
        "precision": 0.8108108108108109,
        "recall": 0.13513513513513514,
        "f1-score": 0.23166023166023167,
        "support": 444.0
    },
    "1": {
        "precision": 0.16521739130434782,
        "recall": 0.8444444444444444,
        "f1-score": 0.27636363636363637,
        "support": 90.0
    },
    "accuracy": 0.2546816479400749,
    "macro avg": {
        "precision": 0.48801410105757936,
        "recall": 0.4897897897897898,
        "f1-score": 0.254011934011934,
        "support": 534.0
    },
    "weighted avg": {
        "precision": 0.7020029311187104,
        "recall": 0.2546816479400749,
        "f1-score": 0.23919451335181674,
        "support": 534.0
    }
}