{
    "0": {
        "precision": 0.25084745762711863,
        "recall": 0.5138888888888888,
        "f1-score": 0.33712984054669703,
        "support": 144.0
    },
    "1": {
        "precision": 0.7071129707112971,
        "recall": 0.43333333333333335,
        "f1-score": 0.5373608903020668,
        "support": 390.0
    },
    "accuracy": 0.4550561797752809,
    "macro avg": {
        "precision": 0.4789802141692079,
        "recall": 0.4736111111111111,
        "f1-score": 0.4372453654243819,
        "support": 534.0
    },
    "weighted avg": {
        "precision": 0.5840750795425298,
        "recall": 0.4550561797752809,
        "f1-score": 0.48336600048039413,
        "support": 534.0
    }
}