{
    "0": {
        "precision": 0.2874493927125506,
        "recall": 0.8930817610062893,
        "f1-score": 0.4349157733537519,
        "support": 159.0
    },
    "1": {
        "precision": 0.575,
        "recall": 0.06133333333333333,
        "f1-score": 0.1108433734939759,
        "support": 375.0
    },
    "accuracy": 0.3089887640449438,
    "macro avg": {
        "precision": 0.43122469635627525,
        "recall": 0.47720754716981134,
        "f1-score": 0.27287957342386393,
        "support": 534.0
    },
    "weighted avg": {
        "precision": 0.48938099895373693,
        "recall": 0.3089887640449438,
        "f1-score": 0.20733684086795418,
        "support": 534.0
    }
}