{
    "0": {
        "precision": 0.1165644171779141,
        "recall": 0.21839080459770116,
        "f1-score": 0.152,
        "support": 87.0
    },
    "1": {
        "precision": 0.816711590296496,
        "recall": 0.6778523489932886,
        "f1-score": 0.7408312958435208,
        "support": 447.0
    },
    "accuracy": 0.602996254681648,
    "macro avg": {
        "precision": 0.46663800373720504,
        "recall": 0.4481215767954949,
        "f1-score": 0.4464156479217604,
        "support": 534.0
    },
    "weighted avg": {
        "precision": 0.7026426688333562,
        "recall": 0.602996254681648,
        "f1-score": 0.6448981071948572,
        "support": 534.0
    }
}