{
    "0": {
        "precision": 0.3923076923076923,
        "recall": 0.9855072463768116,
        "f1-score": 0.5612104539202201,
        "support": 207.0
    },
    "1": {
        "precision": 0.7857142857142857,
        "recall": 0.03363914373088685,
        "f1-score": 0.06451612903225806,
        "support": 327.0
    },
    "accuracy": 0.40262172284644193,
    "macro avg": {
        "precision": 0.589010989010989,
        "recall": 0.5095731950538492,
        "f1-score": 0.31286329147623904,
        "support": 534.0
    },
    "weighted avg": {
        "precision": 0.6332139770342018,
        "recall": 0.40262172284644193,
        "f1-score": 0.2570549403652321,
        "support": 534.0
    }
}