{
    "train_loss": [
        0.5365530143917343,
        0.5171148589363804,
        0.5107083515620526,
        0.5088966391336771,
        0.5092496746852074,
        0.5046134484402928,
        0.5081022677966106,
        0.5052650773230895,
        0.5040872978207506,
        0.5046387748953737,
        0.5037924430252593,
        0.5030810176222412,
        0.5057671953130651,
        0.4970045704164623,
        0.5046933861794295,
        0.4955675397758131,
        0.5050119707981745,
        0.5018593917290369,
        0.49877191840866464,
        0.5022579849134257,
        0.4984587535814003
    ],
    "val_loss": [
        0.4992011228093394,
        0.49933958881431156,
        0.49967607027954525,
        0.5002533600286201,
        0.5000986219556244,
        0.5004812065098021,
        0.5007094818132894,
        0.5003616274506958,
        0.49976654902652456,
        0.49971612846409835,
        0.49995814705336533,
        0.49980291889773476,
        0.49974987738662296,
        0.4996218681335449,
        0.4994240524592223,
        0.49936663662945785,
        0.4997863179003751,
        0.4998692434143137,
        0.49946078106209085,
        0.49929925633801353,
        0.4993064707076108
    ],
    "val_accuracy": [
        0.5011574074074074,
        0.49421296296296297,
        0.5208333333333334,
        0.4965277777777778,
        0.4988425925925926,
        0.4976851851851852,
        0.4976851851851852,
        0.4976851851851852,
        0.5023148148148148,
        0.49537037037037035,
        0.4976851851851852,
        0.5081018518518519,
        0.4930555555555556,
        0.5104166666666666,
        0.4976851851851852,
        0.5347222222222222,
        0.48032407407407407,
        0.4826388888888889,
        0.5011574074074074,
        0.49189814814814814,
        0.5023148148148148
    ]
}