{
    "0": {
        "precision": 0.5231316725978647,
        "recall": 0.3402777777777778,
        "f1-score": 0.4123422159887798,
        "support": 432.0
    },
    "1": {
        "precision": 0.5111492281303602,
        "recall": 0.6898148148148148,
        "f1-score": 0.587192118226601,
        "support": 432.0
    },
    "accuracy": 0.5150462962962963,
    "macro avg": {
        "precision": 0.5171404503641125,
        "recall": 0.5150462962962963,
        "f1-score": 0.4997671671076904,
        "support": 864.0
    },
    "weighted avg": {
        "precision": 0.5171404503641125,
        "recall": 0.5150462962962963,
        "f1-score": 0.49976716710769037,
        "support": 864.0
    }
}