{
    "0": {
        "precision": 0.5824175824175825,
        "recall": 0.6294536817102138,
        "f1-score": 0.6050228310502284,
        "support": 421.0
    },
    "1": {
        "precision": 0.6185819070904646,
        "recall": 0.5711060948081265,
        "f1-score": 0.5938967136150235,
        "support": 443.0
    },
    "accuracy": 0.5995370370370371,
    "macro avg": {
        "precision": 0.6004997447540235,
        "recall": 0.6002798882591701,
        "f1-score": 0.5994597723326259,
        "support": 864.0
    },
    "weighted avg": {
        "precision": 0.6009601701838866,
        "recall": 0.5995370370370371,
        "f1-score": 0.5993181203745388,
        "support": 864.0
    }
}