{
    "train_loss": [
        0.5197466437633221,
        0.37598691445130566,
        0.288799544939628,
        0.26416433774507964,
        0.2384495471532528,
        0.2230164401806318,
        0.20499131948902058,
        0.19692296913036933,
        0.17645665751053738,
        0.18551744875999598,
        0.16494007912965922,
        0.15938900021406321,
        0.1565700168793018,
        0.15176966901008898,
        0.14088856761272137,
        0.1376052867907744,
        0.13507091529094256,
        0.13819031142271482,
        0.13539165865916472,
        0.12071009014661495,
        0.13530567632271692,
        0.12166273410503681,
        0.13275164319918706,
        0.12548310642059032,
        0.11039076321400129,
        0.10681841029570653
    ],
    "val_loss": [
        0.5575417315782006,
        0.5636163500707541,
        0.46005877985883115,
        0.5819691250573343,
        0.474374648795199,
        0.396120700151173,
        0.4350636668169676,
        0.4884357821585527,
        0.6520666595715195,
        0.4253389128108523,
        0.5968524217605591,
        0.4621953239191824,
        0.4673878283643011,
        0.42918217938337755,
        0.516212975800927,
        0.45887813550322804,
        0.5670853804296522,
        0.4882415937843607,
        0.43294247629037547,
        0.5262407246810287,
        0.47029389196367405,
        0.5164689799742912,
        0.4583205500645424,
        0.5387801692556979,
        0.5369045160599609,
        0.5376563775005625
    ],
    "val_accuracy": [
        0.39419475655430714,
        0.40262172284644193,
        0.598314606741573,
        0.37640449438202245,
        0.5749063670411985,
        0.6872659176029963,
        0.6282771535580525,
        0.5290262172284644,
        0.2799625468164794,
        0.6264044943820225,
        0.34176029962546817,
        0.5861423220973783,
        0.552434456928839,
        0.6235955056179775,
        0.48220973782771537,
        0.5580524344569289,
        0.3895131086142322,
        0.5262172284644194,
        0.6198501872659176,
        0.4419475655430712,
        0.5617977528089888,
        0.46722846441947563,
        0.5926966292134831,
        0.42790262172284643,
        0.4363295880149813,
        0.4400749063670412
    ]
}