{
    "train_loss": [
        0.5217217463713426,
        0.40297774443259604,
        0.33416307316376614,
        0.28823384917699374,
        0.2544099713747318,
        0.24307931546981518,
        0.2127879559993744,
        0.20944067996281843,
        0.18164877811303506,
        0.19104528862696427,
        0.17156113718564694,
        0.1721438856079028,
        0.17007214839641865,
        0.15603941128804133,
        0.17301529095723078,
        0.1735775391642864,
        0.15107678644932232,
        0.14634094421680158,
        0.14545840334433777,
        0.141195503450357,
        0.1378543904194465,
        0.1347109833588967,
        0.14325724358742054,
        0.1290858664191686,
        0.1411747715794123,
        0.12800404200187096,
        0.12731382124699078,
        0.1324557390350562,
        0.11623945603003868,
        0.11417893010836382,
        0.1232966321019026,
        0.1105564758181572,
        0.10821254700422286,
        0.1089925182553438,
        0.10846751074378307,
        0.10070691727674924
    ],
    "val_loss": [
        0.5323344353419631,
        0.5501235572259817,
        0.6075691554083753,
        0.6252623218208996,
        0.4262063916939408,
        0.6114775280454265,
        0.5036490581818481,
        0.6501851046263282,
        0.5952777813619642,
        0.6442674745374651,
        0.7283494766078779,
        0.744098445372795,
        0.5578229921077614,
        0.6198050068385565,
        0.41295869581734956,
        0.3916593207352197,
        0.5672853353308208,
        0.530616254948858,
        0.535811921998636,
        0.5681126820507334,
        0.457587871978532,
        0.4839966893196106,
        0.5459657631703277,
        0.5312357673894114,
        0.4972474312604363,
        0.6128613343879358,
        0.5499930257227883,
        0.5610354244709015,
        0.5284651793650726,
        0.45291113675530276,
        0.5336851410901369,
        0.5544017335372184,
        0.529851098558796,
        0.566291679197283,
        0.5776787640443489,
        0.49924593185310934
    ],
    "val_accuracy": [
        0.45224719101123595,
        0.4400749063670412,
        0.351123595505618,
        0.3352059925093633,
        0.6563670411985019,
        0.3455056179775281,
        0.5149812734082397,
        0.29119850187265917,
        0.3848314606741573,
        0.30711610486891383,
        0.23595505617977527,
        0.2303370786516854,
        0.4204119850187266,
        0.32771535580524347,
        0.6526217228464419,
        0.6891385767790262,
        0.40823970037453183,
        0.4756554307116105,
        0.45318352059925093,
        0.3913857677902622,
        0.5833333333333334,
        0.5318352059925093,
        0.4438202247191011,
        0.47097378277153557,
        0.5121722846441947,
        0.3352059925093633,
        0.42228464419475653,
        0.3951310861423221,
        0.45224719101123595,
        0.6086142322097379,
        0.448501872659176,
        0.40636704119850187,
        0.4541198501872659,
        0.38670411985018727,
        0.36704119850187267,
        0.5084269662921348
    ]
}