{
    "train_loss": [
        0.5176122445326585,
        0.39098811745643614,
        0.3102294315512364,
        0.2542540369125513,
        0.24195269185763138,
        0.22085177760857802,
        0.21602097978958718,
        0.20488831779131522,
        0.19292834515754992,
        0.17905262513802603,
        0.17166747611302596,
        0.15657820667211825,
        0.16502942144870758,
        0.15067470360260743,
        0.15714480028702663,
        0.15973954773866214,
        0.14831762439929522,
        0.1640135502585998,
        0.13537571189495234,
        0.13356091242570142,
        0.14013665650899593,
        0.13600770567472165,
        0.13709061592817307,
        0.11709823516698983,
        0.12623871725339156,
        0.11923330901907041,
        0.11827274824564274,
        0.11701054275035858,
        0.11679883702443196,
        0.11438350883814005
    ],
    "val_loss": [
        0.4785060353243529,
        0.5072350448636866,
        0.4531471417911017,
        0.4760992402461038,
        0.5075845006686538,
        0.46625437932227976,
        0.5399549483363308,
        0.49357068894514394,
        0.5166434147464696,
        0.3489895763237085,
        0.4937736080653632,
        0.532410651000578,
        0.4334135153400364,
        0.4263715361481282,
        0.48822664903171026,
        0.40657849632092374,
        0.4757328749592625,
        0.5540669649394591,
        0.5959788164985713,
        0.37592759105696605,
        0.4313941121991001,
        0.5051034457647978,
        0.598385745020055,
        0.505293415998345,
        0.3806607745476623,
        0.46659848182948666,
        0.4965114482303164,
        0.4472742534395474,
        0.4918671895318957,
        0.5451028320326734
    ],
    "val_accuracy": [
        0.5636704119850188,
        0.49719101123595505,
        0.602996254681648,
        0.5580524344569289,
        0.499063670411985,
        0.5655430711610487,
        0.44569288389513106,
        0.5290262172284644,
        0.49063670411985016,
        0.7668539325842697,
        0.5093632958801498,
        0.4410112359550562,
        0.6217228464419475,
        0.6282771535580525,
        0.5205992509363296,
        0.6732209737827716,
        0.549625468164794,
        0.4157303370786517,
        0.33707865168539325,
        0.7172284644194756,
        0.6207865168539326,
        0.5046816479400749,
        0.33146067415730335,
        0.499063670411985,
        0.7265917602996255,
        0.5627340823970037,
        0.5093632958801498,
        0.6123595505617978,
        0.5290262172284644,
        0.41853932584269665
    ]
}