{
    "train_loss": [
        0.5153050573972555,
        0.3916143426528344,
        0.31725286680918474,
        0.28849972257247336,
        0.25121957269998696,
        0.23580185495890105,
        0.2253741463789573,
        0.20862154479210193,
        0.19237271822415866,
        0.19112107341106122,
        0.18647651099241697,
        0.1749935289988151,
        0.17095954429644805,
        0.16467536137654232,
        0.15723598152399063,
        0.1502544240309642,
        0.16041347567851727,
        0.13385749069543984,
        0.13784755514218258,
        0.1419580151255314,
        0.13229928257373663,
        0.13265794538534603,
        0.12623019917653158,
        0.12001889955538969,
        0.12264803441671225,
        0.14177373968637907,
        0.11593540196235363,
        0.13412397526777708,
        0.11120019108057022
    ],
    "val_loss": [
        0.5926649325819158,
        0.46530054620842437,
        0.7321438202217444,
        0.46435902456739053,
        0.43923540746987755,
        0.7068931077843281,
        0.7009406045301637,
        0.44967304147891146,
        0.3951627790038265,
        0.4821925928343588,
        0.6212042596802783,
        0.3958776499798049,
        0.5447087559237409,
        0.4879447911212693,
        0.5064336986684087,
        0.44707933557567314,
        0.4478021900155651,
        0.43336451364986933,
        0.46406636264786794,
        0.4497399454686179,
        0.4966197222916048,
        0.4625776739262823,
        0.49962746251874895,
        0.49383173326947793,
        0.5346308826510586,
        0.5593122092645559,
        0.4925765092693158,
        0.5571227518480215,
        0.46881438769511324
    ],
    "val_accuracy": [
        0.36704119850187267,
        0.5692883895131086,
        0.19850187265917604,
        0.5870786516853933,
        0.6282771535580525,
        0.24625468164794007,
        0.2340823970037453,
        0.6095505617977528,
        0.6938202247191011,
        0.550561797752809,
        0.32303370786516855,
        0.6853932584269663,
        0.4541198501872659,
        0.5402621722846442,
        0.499063670411985,
        0.6142322097378277,
        0.601123595505618,
        0.6367041198501873,
        0.5730337078651685,
        0.5908239700374532,
        0.5327715355805244,
        0.5702247191011236,
        0.5121722846441947,
        0.5280898876404494,
        0.46441947565543074,
        0.40168539325842695,
        0.5280898876404494,
        0.3970037453183521,
        0.5683520599250936
    ]
}