{
    "train_loss": [
        0.5166207451086778,
        0.3942703600113209,
        0.32953255291168504,
        0.3019699445137611,
        0.2539274009374472,
        0.2185854217180839,
        0.2071563604932565,
        0.2031531063409952,
        0.17355753148977573,
        0.1737977290382752,
        0.17335309030917975,
        0.16949430199769827,
        0.16604594576817291,
        0.15548774966826806,
        0.15140010863542558,
        0.14581842239086446,
        0.1382467569066928,
        0.14642473986515633,
        0.1401217621106368,
        0.1378681874045959,
        0.12900137121860797
    ],
    "val_loss": [
        0.4004077497702926,
        0.5027815228077903,
        0.41859962691122027,
        0.6540915708043682,
        0.7182594502150123,
        0.6331766416777426,
        0.49078154697347043,
        0.534546257399801,
        0.5509211309810182,
        0.5865542096878166,
        0.49392573735607204,
        0.5221160045310632,
        0.6915280987967306,
        0.5600308259921287,
        0.5131065200513868,
        0.5786606020002223,
        0.4662481061558225,
        0.5894693349724385,
        0.4930580169407289,
        0.5166814820979958,
        0.49495251899334924
    ],
    "val_accuracy": [
        0.7275280898876404,
        0.5140449438202247,
        0.6816479400749064,
        0.27340823970037453,
        0.21161048689138576,
        0.29213483146067415,
        0.5159176029962547,
        0.448501872659176,
        0.43726591760299627,
        0.3642322097378277,
        0.5093632958801498,
        0.47191011235955055,
        0.23127340823970038,
        0.397940074906367,
        0.48220973782771537,
        0.36891385767790263,
        0.5692883895131086,
        0.350187265917603,
        0.50187265917603,
        0.47097378277153557,
        0.5187265917602997
    ]
}