{
    "train_loss": [
        0.5201663705018851,
        0.369776239991188,
        0.3130047394679143,
        0.2628456017145744,
        0.2323341972552813,
        0.21803333025712232,
        0.2184576561817756,
        0.18626822164425483,
        0.18871421206455966,
        0.17179726981199706,
        0.17027254494336935,
        0.15779442534996913,
        0.16595401431505497,
        0.15626150793754137,
        0.1483910232782364,
        0.16210709065198897,
        0.1370580363732118,
        0.1389563622382971,
        0.13017993833010014,
        0.12173856015388783,
        0.14116987677720877,
        0.13602892492826169,
        0.12163233321446638,
        0.12728173790069727,
        0.12091499165846752,
        0.12794205615153678,
        0.11313488345879774,
        0.12872568827409012
    ],
    "val_loss": [
        0.6742921062369844,
        0.37723069738096265,
        0.47481051799076707,
        0.5079069164261889,
        0.5551118147906973,
        0.42604329336935015,
        0.5662078043418144,
        0.36738320384452594,
        0.4267553291214046,
        0.4466079259986308,
        0.43382669963053805,
        0.4920218689228172,
        0.4459422163998903,
        0.5965045307999226,
        0.45597324486988694,
        0.6280862475509075,
        0.42271120067852647,
        0.5362118816197808,
        0.4745204079507002,
        0.46722291076361244,
        0.41673236329164076,
        0.5074084116451776,
        0.4528772337223167,
        0.544948935508728,
        0.5031241841280638,
        0.5381771713050444,
        0.49484053432051817,
        0.4596729941332518
    ],
    "val_accuracy": [
        0.21254681647940074,
        0.7397003745318352,
        0.5608614232209738,
        0.5121722846441947,
        0.4054307116104869,
        0.650749063670412,
        0.40730337078651685,
        0.7331460674157303,
        0.6413857677902621,
        0.6132958801498127,
        0.6226591760299626,
        0.5262172284644194,
        0.596441947565543,
        0.34925093632958804,
        0.5880149812734082,
        0.32303370786516855,
        0.651685393258427,
        0.4344569288389513,
        0.549625468164794,
        0.5655430711610487,
        0.6563670411985019,
        0.48782771535580527,
        0.6076779026217228,
        0.4166666666666667,
        0.5037453183520599,
        0.43164794007490637,
        0.5112359550561798,
        0.5805243445692884
    ]
}