{
    "train_loss": [
        0.528972086081138,
        0.3887856877767123,
        0.3176769472085513,
        0.2736354825588373,
        0.2441389072399873,
        0.24724193628017718,
        0.21121860627944652,
        0.2182785900739523,
        0.20317502044714414,
        0.1989159657404973,
        0.1727033942937851,
        0.17202894538640975,
        0.18196542916389613,
        0.16602899913604444,
        0.15523837082661116,
        0.1474158552976755,
        0.14130984533291596,
        0.141297552218804,
        0.13692140384362295,
        0.14394998802588535,
        0.12996195291097348,
        0.13161870057766253,
        0.13014176052350265,
        0.13140049806007972,
        0.12477670753231415,
        0.13036279987830382,
        0.1264827862381935,
        0.1264185305398244,
        0.12423341732758741,
        0.11958649846223685,
        0.12079240141006617,
        0.1197921477831327,
        0.11509160044101568,
        0.13447748307998364,
        0.10836107008732282,
        0.10550998821854592,
        0.1093274271258941,
        0.11723111019684718,
        0.10580135429134736,
        0.10175943798743761,
        0.09765029091101426,
        0.09619222684548451,
        0.11244065549511176,
        0.10220210294310864,
        0.0950284148638065,
        0.10288240210368083,
        0.09427812557954054,
        0.08828975380613253,
        0.08249583336023183,
        0.0893078801723627,
        0.08802427981908505,
        0.08364619767436614,
        0.08258118274120184
    ],
    "val_loss": [
        0.4505105823723238,
        0.5495545930826842,
        0.512132304817883,
        0.496610837641047,
        0.430168179878548,
        0.557486553245516,
        0.5822271348825142,
        0.5577019911203811,
        0.4575742616582273,
        0.489619924061334,
        0.5173702924998839,
        0.45482159817396706,
        0.49218074376903365,
        0.4666937407272965,
        0.37963806759955276,
        0.45706769512660467,
        0.5117696688246371,
        0.5089578419478972,
        0.4391905789944663,
        0.545135275641484,
        0.49167804976007834,
        0.5687786531982137,
        0.5208423618060439,
        0.5162514319170767,
        0.4962894689680925,
        0.537026820787743,
        0.518206738713962,
        0.5112135828430973,
        0.44371299334426423,
        0.45276537759980157,
        0.5425371478742628,
        0.5831310797983141,
        0.3694360976788535,
        0.48978899486029326,
        0.5654041793809008,
        0.5591643207998418,
        0.41385505537488565,
        0.513915479183197,
        0.42280277342938666,
        0.5371540371161788,
        0.5642033459535286,
        0.6005443303442713,
        0.5660658549906602,
        0.5156133957763216,
        0.5575095397322926,
        0.5295669418662342,
        0.47753382262898914,
        0.5161595397920751,
        0.46163493127965216,
        0.5551484022567521,
        0.5117459590755292,
        0.514358370606579,
        0.4619132934221581
    ],
    "val_accuracy": [
        0.6320224719101124,
        0.43352059925093633,
        0.4803370786516854,
        0.5318352059925093,
        0.6526217228464419,
        0.41853932584269665,
        0.3792134831460674,
        0.4044943820224719,
        0.5842696629213483,
        0.5271535580524345,
        0.47659176029962547,
        0.5861423220973783,
        0.5131086142322098,
        0.5786516853932584,
        0.7443820224719101,
        0.5880149812734082,
        0.4691011235955056,
        0.4897003745318352,
        0.6161048689138576,
        0.4110486891385768,
        0.5205992509363296,
        0.36797752808988765,
        0.46441947565543074,
        0.4550561797752809,
        0.5131086142322098,
        0.42790262172284643,
        0.46254681647940077,
        0.47097378277153557,
        0.6245318352059925,
        0.5861423220973783,
        0.40636704119850187,
        0.35674157303370785,
        0.7556179775280899,
        0.5299625468164794,
        0.37640449438202245,
        0.3848314606741573,
        0.6900749063670412,
        0.46722846441947563,
        0.6554307116104869,
        0.41198501872659177,
        0.3529962546816479,
        0.3052434456928839,
        0.352059925093633,
        0.4700374531835206,
        0.3707865168539326,
        0.43820224719101125,
        0.5468164794007491,
        0.4691011235955056,
        0.5795880149812734,
        0.39419475655430714,
        0.4747191011235955,
        0.4606741573033708,
        0.5702247191011236
    ]
}