{
    "0": {
        "precision": 0.8908382066276803,
        "recall": 0.9580712788259959,
        "f1-score": 0.9232323232323232,
        "support": 477.0
    },
    "1": {
        "precision": 0.047619047619047616,
        "recall": 0.017543859649122806,
        "f1-score": 0.02564102564102564,
        "support": 57.0
    },
    "accuracy": 0.8576779026217228,
    "macro avg": {
        "precision": 0.469228627123364,
        "recall": 0.4878075692375593,
        "f1-score": 0.4744366744366744,
        "support": 534.0
    },
    "weighted avg": {
        "precision": 0.8008316671829386,
        "recall": 0.8576779026217228,
        "f1-score": 0.8274220161860611,
        "support": 534.0
    }
}