{
    "0": {
        "precision": 0.9190140845070423,
        "recall": 0.5471698113207547,
        "f1-score": 0.6859395532194481,
        "support": 477.0
    },
    "1": {
        "precision": 0.136,
        "recall": 0.5964912280701754,
        "f1-score": 0.22149837133550487,
        "support": 57.0
    },
    "accuracy": 0.552434456928839,
    "macro avg": {
        "precision": 0.5275070422535211,
        "recall": 0.5718305196954651,
        "f1-score": 0.4537189622774765,
        "support": 534.0
    },
    "weighted avg": {
        "precision": 0.8354339294192119,
        "recall": 0.552434456928839,
        "f1-score": 0.6363643708835216,
        "support": 534.0
    }
}