{
    "0": {
        "precision": 0.8941441441441441,
        "recall": 0.8322851153039832,
        "f1-score": 0.8621064060803475,
        "support": 477.0
    },
    "1": {
        "precision": 0.1111111111111111,
        "recall": 0.17543859649122806,
        "f1-score": 0.1360544217687075,
        "support": 57.0
    },
    "accuracy": 0.7621722846441947,
    "macro avg": {
        "precision": 0.5026276276276276,
        "recall": 0.5038618558976056,
        "f1-score": 0.4990804139245275,
        "support": 534.0
    },
    "weighted avg": {
        "precision": 0.8105619664608428,
        "recall": 0.7621722846441947,
        "f1-score": 0.784606475170678,
        "support": 534.0
    }
}