{
    "0": {
        "precision": 0.8896551724137931,
        "recall": 0.8113207547169812,
        "f1-score": 0.8486842105263158,
        "support": 477.0
    },
    "1": {
        "precision": 0.09090909090909091,
        "recall": 0.15789473684210525,
        "f1-score": 0.11538461538461539,
        "support": 57.0
    },
    "accuracy": 0.7415730337078652,
    "macro avg": {
        "precision": 0.490282131661442,
        "recall": 0.48460774577954324,
        "f1-score": 0.4820344129554656,
        "support": 534.0
    },
    "weighted avg": {
        "precision": 0.804395759219471,
        "recall": 0.7415730337078652,
        "f1-score": 0.7704106582359096,
        "support": 534.0
    }
}