{
    "0": {
        "precision": 0.8954545454545455,
        "recall": 0.8259958071278826,
        "f1-score": 0.8593238822246456,
        "support": 477.0
    },
    "1": {
        "precision": 0.11702127659574468,
        "recall": 0.19298245614035087,
        "f1-score": 0.1456953642384106,
        "support": 57.0
    },
    "accuracy": 0.7584269662921348,
    "macro avg": {
        "precision": 0.5062379110251451,
        "recall": 0.5094891316341167,
        "f1-score": 0.5025096232315281,
        "support": 534.0
    },
    "weighted avg": {
        "precision": 0.8123633538347859,
        "recall": 0.7584269662921348,
        "f1-score": 0.7831500516530812,
        "support": 534.0
    }
}