{
    "train_loss": [
        0.48771832606127097,
        0.43273885010979896,
        0.41256788068039474,
        0.3987720676286276,
        0.38998418925113454,
        0.38137891375741295,
        0.3727540182166321,
        0.3636656611118206,
        0.3532764575509138,
        0.3413751721382141,
        0.32562538527472074,
        0.306104250979978,
        0.2901713579719843,
        0.27571428856530855,
        0.26871861815452575,
        0.25950652744707675,
        0.24992054866323637,
        0.24460739798324052,
        0.23883260227306638,
        0.23569139999792327,
        0.22920012115392574,
        0.22319132919141718,
        0.2193902518643543,
        0.21724830668766137,
        0.21090010133853485,
        0.21902633204103208,
        0.21259555412932885,
        0.20630372951543607,
        0.21313674280549896,
        0.2079900816689397,
        0.20587974764016825,
        0.20591866259441471,
        0.20798010328611316,
        0.19973869310951856
    ],
    "val_loss": [
        0.4345903291304906,
        0.4026236492395401,
        0.4082947271068891,
        0.4019195693731308,
        0.41114369213581087,
        0.4140137282013893,
        0.4229131266474724,
        0.41109543045361835,
        0.408041670024395,
        0.40571827481190365,
        0.4242681313554446,
        0.41692151556412377,
        0.3977590889732043,
        0.37690213253100713,
        0.39645059396823246,
        0.41104967951774596,
        0.4089165017008781,
        0.40755840718746184,
        0.3856600505610307,
        0.4212843292951584,
        0.37861890835066636,
        0.39271561404069266,
        0.3920602421959241,
        0.3977141395707925,
        0.38967202762762704,
        0.40261353969573976,
        0.40347647552688914,
        0.40175799841682114,
        0.39297548559804757,
        0.3940115535755952,
        0.39757102438559133,
        0.4186799395084381,
        0.39628022275865077,
        0.40992905259132384
    ],
    "val_accuracy": [
        0.6248955722639933,
        0.6516290726817042,
        0.6424394319131161,
        0.6482873851294904,
        0.6370091896407686,
        0.6319966583124478,
        0.6244778613199666,
        0.6374269005847953,
        0.6424394319131161,
        0.6353383458646616,
        0.6056808688387636,
        0.6102756892230576,
        0.6157059314954052,
        0.6382623224728488,
        0.614452798663325,
        0.600250626566416,
        0.6015037593984962,
        0.6073517126148705,
        0.6228070175438597,
        0.5864661654135338,
        0.631578947368421,
        0.6198830409356725,
        0.614452798663325,
        0.6098579782790309,
        0.6194653299916458,
        0.6031746031746031,
        0.6031746031746031,
        0.6056808688387636,
        0.6119465329991646,
        0.616123642439432,
        0.6102756892230576,
        0.589390142021721,
        0.6106934001670844,
        0.5994152046783626
    ]
}