{
    "train_loss": [
        0.585968939358728,
        0.5118316388269614,
        0.5033749485225009,
        0.49989227310955875,
        0.4982623428629156,
        0.4967243808751915,
        0.4938939374441292,
        0.49157546200947455,
        0.49064158438241967,
        0.48814790628806887,
        0.4861280962389115,
        0.4855968752102545,
        0.4822928830196983,
        0.48417372379386636,
        0.4833376967070395,
        0.4786660985291353,
        0.47864171848659626,
        0.4775174161495521,
        0.4770735330051846,
        0.47505374366079856,
        0.47407273158692476,
        0.47437250499139755,
        0.47422281859213844,
        0.4723669277297126,
        0.47023876281509625,
        0.470417797147182,
        0.46893557135821784,
        0.4706731875388943,
        0.4681970889108223,
        0.4669647803083498,
        0.46777816484546103,
        0.46802872356615566,
        0.46852100062788576,
        0.46499994498247293,
        0.46398801538679335,
        0.46712215493994147,
        0.4642762969808969,
        0.4644321987503453
    ],
    "val_loss": [
        0.5069991952180862,
        0.5012965810298919,
        0.4974148976802826,
        0.4964332073926926,
        0.49544731080532073,
        0.4955781549215317,
        0.4938499307632446,
        0.493405357003212,
        0.49430559545755387,
        0.4929525077342987,
        0.492849785387516,
        0.4925624385476112,
        0.4919885385036469,
        0.49299623459577563,
        0.4960775724053383,
        0.4959231460094452,
        0.49470382362604143,
        0.49031499087810515,
        0.4912920066714287,
        0.49698070049285886,
        0.4932916384935379,
        0.49402458250522613,
        0.49584526956081393,
        0.4924496039748192,
        0.49811559170484543,
        0.5001487368345261,
        0.49913129389286043,
        0.49585956245660784,
        0.5017694100737572,
        0.506903470158577,
        0.5005903035402298,
        0.4959520769119263,
        0.4981674286723137,
        0.5126691189408302,
        0.5002087000012397,
        0.4985611864924431,
        0.49785864740610125,
        0.5033447343111038
    ],
    "val_accuracy": [
        0.4775,
        0.505,
        0.518125,
        0.516875,
        0.523125,
        0.513125,
        0.533125,
        0.51875,
        0.5175,
        0.524375,
        0.530625,
        0.525625,
        0.53,
        0.51,
        0.508125,
        0.51,
        0.510625,
        0.518125,
        0.513125,
        0.501875,
        0.506875,
        0.508125,
        0.50625,
        0.510625,
        0.50375,
        0.50625,
        0.50125,
        0.505625,
        0.506875,
        0.506875,
        0.503125,
        0.50875,
        0.50375,
        0.503125,
        0.50625,
        0.509375,
        0.5075,
        0.504375
    ]
}