{
    "train_loss": [
        0.537628419043725,
        0.5095067942700191,
        0.5020686245801156,
        0.49870038464752553,
        0.49375906203225345,
        0.49572433351773265,
        0.49383508043679575,
        0.49070892912602565,
        0.4882933993437137,
        0.4858481138770343,
        0.4844014587458114,
        0.4827780185735714,
        0.48384820121770716,
        0.48229442308520715,
        0.4814078870223977,
        0.4825015718128249,
        0.48031810539507724,
        0.47714730114267584,
        0.4779555714618393,
        0.47634012110052054,
        0.4753695931350976,
        0.47366119107307747,
        0.47478455022761695,
        0.47287645890698793,
        0.4721729400910829,
        0.4734056244119566,
        0.4722837757994557,
        0.470847043098762,
        0.47085106362376294,
        0.46936230596743134,
        0.4694938724152526,
        0.4687809910690575,
        0.4678328185750727,
        0.4692190703244237,
        0.4673303905286287,
        0.4658374789165475,
        0.4676511243769997,
        0.4668250678924092
    ],
    "val_loss": [
        0.5001060074567795,
        0.5007639548182488,
        0.5043589806556702,
        0.5032000395655633,
        0.4997003138065338,
        0.5036476582288743,
        0.5024634295701981,
        0.5091935724020005,
        0.5046795588731766,
        0.5044126990437507,
        0.5016791549324989,
        0.5052450487017631,
        0.49275404572486875,
        0.492448116838932,
        0.49581506073474885,
        0.4979211989045143,
        0.49648527801036835,
        0.4902788296341896,
        0.49276099413633345,
        0.4936642262339592,
        0.4978197240829468,
        0.4959943455457687,
        0.49585453778505323,
        0.5039165633916854,
        0.49681012719869616,
        0.500615410208702,
        0.49232703566551206,
        0.5038963660597802,
        0.49801844596862793,
        0.503416742682457,
        0.5069416773319244,
        0.5041532638669014,
        0.5037954539060593,
        0.49893477171659467,
        0.5003702944517135,
        0.49991303503513335,
        0.5142984992265701,
        0.5078751373291016
    ],
    "val_accuracy": [
        0.51125,
        0.52875,
        0.51625,
        0.520625,
        0.529375,
        0.526875,
        0.53875,
        0.53625,
        0.543125,
        0.538125,
        0.540625,
        0.534375,
        0.5425,
        0.536875,
        0.528125,
        0.528125,
        0.535625,
        0.5375,
        0.536875,
        0.533125,
        0.5375,
        0.53625,
        0.53625,
        0.534375,
        0.53125,
        0.53125,
        0.524375,
        0.5275,
        0.533125,
        0.53,
        0.5325,
        0.533125,
        0.52875,
        0.525625,
        0.524375,
        0.525625,
        0.53375,
        0.53125
    ]
}