{
    "train_loss": [
        0.5378051243330303,
        0.5094237097174104,
        0.5042441351371899,
        0.5006978489502132,
        0.49883696517052006,
        0.4971705416141198,
        0.49665059649456317,
        0.4950671110933984,
        0.4929376474249433,
        0.4906765958370521,
        0.493446595836104,
        0.4898231395503931,
        0.48997249784525376,
        0.4875377875671052,
        0.4861279087108478,
        0.48626788446777747,
        0.483012251512349,
        0.48045184925982826,
        0.482801914424227,
        0.47939997287521585,
        0.47935619511102373,
        0.4784798235224004,
        0.4793299378707395,
        0.47693160301760623,
        0.47592964005051996,
        0.4751499429780837,
        0.4740910321648358,
        0.47420053600567824,
        0.4738018939021038,
        0.4708577125393159,
        0.4721525147992965,
        0.4681111100472902,
        0.4695667768779554,
        0.469762709196548,
        0.4668360567580887,
        0.46869044687315736,
        0.4691435700620127,
        0.46430648464208457,
        0.4636398593236131,
        0.46646388072019435,
        0.46389807107155784,
        0.4645622083666729,
        0.4634864942023629,
        0.46307784555948267,
        0.4614885564435992,
        0.4638069284241102
    ],
    "val_loss": [
        0.5010554918646812,
        0.4986600023508072,
        0.4970025819540024,
        0.4952330592274666,
        0.4938250979781151,
        0.49544594138860704,
        0.4944883808493614,
        0.49394294023513796,
        0.49066912055015566,
        0.49296155989170076,
        0.4914903500676155,
        0.4863812211155891,
        0.4853817355632782,
        0.4868669432401657,
        0.48570235550403595,
        0.4865610691905022,
        0.48756932020187377,
        0.4891713288426399,
        0.48889092266559603,
        0.4893987527489662,
        0.4895797750353813,
        0.48550097733736036,
        0.48997366935014725,
        0.4850406864285469,
        0.48543806731700895,
        0.484486258327961,
        0.4880776771903038,
        0.4890943321585655,
        0.4890973973274231,
        0.48845103293657305,
        0.4907328814268112,
        0.49311348915100095,
        0.48687946408987043,
        0.49439528554677964,
        0.49268600940704343,
        0.4910645321011543,
        0.48699760586023333,
        0.4879664608836174,
        0.48628184258937834,
        0.49019059747457505,
        0.49265978783369063,
        0.484687018096447,
        0.4936090275645256,
        0.493710118830204,
        0.4939148822426796,
        0.4955331924557686
    ],
    "val_accuracy": [
        0.52625,
        0.526875,
        0.5325,
        0.53375,
        0.539375,
        0.530625,
        0.5325,
        0.535625,
        0.539375,
        0.54125,
        0.5375,
        0.54125,
        0.540625,
        0.541875,
        0.543125,
        0.53625,
        0.5375,
        0.53125,
        0.539375,
        0.53375,
        0.530625,
        0.541875,
        0.53125,
        0.539375,
        0.535625,
        0.533125,
        0.533125,
        0.525,
        0.528125,
        0.526875,
        0.518125,
        0.53,
        0.534375,
        0.528125,
        0.5275,
        0.53125,
        0.53125,
        0.52875,
        0.52875,
        0.53,
        0.525,
        0.5325,
        0.521875,
        0.525625,
        0.524375,
        0.533125
    ]
}