{
    "train_loss": [
        0.5332787137979652,
        0.5087015987488261,
        0.5042940908356717,
        0.4998961605872327,
        0.4979398330401259,
        0.49714357940077086,
        0.49599103408250195,
        0.4940458131115339,
        0.4922473146204363,
        0.48998353554491414,
        0.49088233416540583,
        0.4891092140772189,
        0.4861181788277208,
        0.48831285844769395,
        0.48573123889359815,
        0.4831000304710098,
        0.4834889667075977,
        0.48116509332294355,
        0.4815908375190713,
        0.4819364319419303,
        0.48033204277356467,
        0.4792456018297296,
        0.47838281933327165,
        0.4794131637665263,
        0.47817220872605753,
        0.4767948633397532
    ],
    "val_loss": [
        0.4979358580708504,
        0.49580027163028717,
        0.49616016179323197,
        0.4948482096195221,
        0.49267501473426817,
        0.4912214958667755,
        0.4916637459397316,
        0.4931254807114601,
        0.4939789539575577,
        0.49765584379434585,
        0.496813904941082,
        0.4998647513985634,
        0.4993359583616257,
        0.5016692346334457,
        0.5016026481986046,
        0.5002004566788674,
        0.5043182316422462,
        0.5003357616066932,
        0.4995399230718613,
        0.501479662656784,
        0.5012824442982674,
        0.49809773623943326,
        0.4978530251979828,
        0.502548366189003,
        0.501018018424511,
        0.49868258118629455
    ],
    "val_accuracy": [
        0.516875,
        0.524375,
        0.513125,
        0.526875,
        0.5275,
        0.53375,
        0.533125,
        0.523125,
        0.518125,
        0.5075,
        0.5075,
        0.5025,
        0.5025,
        0.500625,
        0.49875,
        0.498125,
        0.490625,
        0.49625,
        0.498125,
        0.498125,
        0.49,
        0.50625,
        0.51125,
        0.499375,
        0.495,
        0.50375
    ]
}