{
    "0": {
        "precision": 0.5033557046979866,
        "recall": 0.20833333333333334,
        "f1-score": 0.29469548133595286,
        "support": 360.0
    },
    "1": {
        "precision": 0.5622119815668203,
        "recall": 0.8318181818181818,
        "f1-score": 0.6709440879926672,
        "support": 440.0
    },
    "accuracy": 0.55125,
    "macro avg": {
        "precision": 0.5327838431324035,
        "recall": 0.5200757575757575,
        "f1-score": 0.4828197846643101,
        "support": 800.0
    },
    "weighted avg": {
        "precision": 0.5357266569758451,
        "recall": 0.55125,
        "f1-score": 0.5016322149971457,
        "support": 800.0
    }
}