{
    "0": {
        "precision": 0.45623836126629425,
        "recall": 0.6805555555555556,
        "f1-score": 0.5462653288740246,
        "support": 360.0
    },
    "1": {
        "precision": 0.5627376425855514,
        "recall": 0.33636363636363636,
        "f1-score": 0.42105263157894735,
        "support": 440.0
    },
    "accuracy": 0.49125,
    "macro avg": {
        "precision": 0.5094880019259228,
        "recall": 0.508459595959596,
        "f1-score": 0.48365898022648596,
        "support": 800.0
    },
    "weighted avg": {
        "precision": 0.5148129659918856,
        "recall": 0.49125,
        "f1-score": 0.47739834536173203,
        "support": 800.0
    }
}