{
    "0": {
        "precision": 0.4672566371681416,
        "recall": 0.7333333333333333,
        "f1-score": 0.5708108108108109,
        "support": 360.0
    },
    "1": {
        "precision": 0.5914893617021276,
        "recall": 0.3159090909090909,
        "f1-score": 0.41185185185185186,
        "support": 440.0
    },
    "accuracy": 0.50375,
    "macro avg": {
        "precision": 0.5293729994351346,
        "recall": 0.5246212121212122,
        "f1-score": 0.49133133133133133,
        "support": 800.0
    },
    "weighted avg": {
        "precision": 0.5355846356618339,
        "recall": 0.50375,
        "f1-score": 0.48338338338338344,
        "support": 800.0
    }
}