{
    "0": {
        "precision": 0.4524714828897338,
        "recall": 0.33055555555555555,
        "f1-score": 0.38202247191011235,
        "support": 360.0
    },
    "1": {
        "precision": 0.5512104283054003,
        "recall": 0.6727272727272727,
        "f1-score": 0.6059365404298874,
        "support": 440.0
    },
    "accuracy": 0.51875,
    "macro avg": {
        "precision": 0.5018409555975671,
        "recall": 0.5016414141414142,
        "f1-score": 0.49397950616999986,
        "support": 800.0
    },
    "weighted avg": {
        "precision": 0.5067779028683504,
        "recall": 0.51875,
        "f1-score": 0.5051752095959887,
        "support": 800.0
    }
}