{
    "0": {
        "precision": 0.5290697674418605,
        "recall": 0.25277777777777777,
        "f1-score": 0.34210526315789475,
        "support": 360.0
    },
    "1": {
        "precision": 0.571656050955414,
        "recall": 0.8159090909090909,
        "f1-score": 0.6722846441947565,
        "support": 440.0
    },
    "accuracy": 0.5625,
    "macro avg": {
        "precision": 0.5503629091986373,
        "recall": 0.5343434343434343,
        "f1-score": 0.5071949536763256,
        "support": 800.0
    },
    "weighted avg": {
        "precision": 0.5524922233743149,
        "recall": 0.5625,
        "f1-score": 0.5237039227281687,
        "support": 800.0
    }
}