{
    "0": {
        "precision": 0.48325358851674644,
        "recall": 0.28055555555555556,
        "f1-score": 0.35500878734622143,
        "support": 360.0
    },
    "1": {
        "precision": 0.5617597292724196,
        "recall": 0.7545454545454545,
        "f1-score": 0.6440349175557711,
        "support": 440.0
    },
    "accuracy": 0.54125,
    "macro avg": {
        "precision": 0.522506658894583,
        "recall": 0.517550505050505,
        "f1-score": 0.4995218524509963,
        "support": 800.0
    },
    "weighted avg": {
        "precision": 0.5264319659323666,
        "recall": 0.54125,
        "f1-score": 0.5139731589614738,
        "support": 800.0
    }
}