{
    "0": {
        "precision": 0.45095541401273886,
        "recall": 0.9833333333333333,
        "f1-score": 0.6183406113537118,
        "support": 360.0
    },
    "1": {
        "precision": 0.6,
        "recall": 0.020454545454545454,
        "f1-score": 0.03956043956043956,
        "support": 440.0
    },
    "accuracy": 0.45375,
    "macro avg": {
        "precision": 0.5254777070063694,
        "recall": 0.5018939393939393,
        "f1-score": 0.32895052545707565,
        "support": 800.0
    },
    "weighted avg": {
        "precision": 0.5329299363057325,
        "recall": 0.45375,
        "f1-score": 0.30001151686741206,
        "support": 800.0
    }
}