{
    "0": {
        "precision": 0.530791788856305,
        "recall": 0.5027777777777778,
        "f1-score": 0.5164051355206848,
        "support": 360.0
    },
    "1": {
        "precision": 0.6100217864923747,
        "recall": 0.6363636363636364,
        "f1-score": 0.6229143492769744,
        "support": 440.0
    },
    "accuracy": 0.57625,
    "macro avg": {
        "precision": 0.5704067876743398,
        "recall": 0.569570707070707,
        "f1-score": 0.5696597423988297,
        "support": 800.0
    },
    "weighted avg": {
        "precision": 0.5743682875561433,
        "recall": 0.57625,
        "f1-score": 0.5749852030866441,
        "support": 800.0
    }
}