{
    "0": {
        "precision": 0.5563380281690141,
        "recall": 0.21944444444444444,
        "f1-score": 0.3147410358565737,
        "support": 360.0
    },
    "1": {
        "precision": 0.5729483282674772,
        "recall": 0.8568181818181818,
        "f1-score": 0.6867030965391621,
        "support": 440.0
    },
    "accuracy": 0.57,
    "macro avg": {
        "precision": 0.5646431782182457,
        "recall": 0.5381313131313131,
        "f1-score": 0.5007220661978679,
        "support": 800.0
    },
    "weighted avg": {
        "precision": 0.5654736932231689,
        "recall": 0.57,
        "f1-score": 0.5193201692319973,
        "support": 800.0
    }
}