{
    "0": {
        "precision": 0.5565217391304348,
        "recall": 0.17777777777777778,
        "f1-score": 0.2694736842105263,
        "support": 360.0
    },
    "1": {
        "precision": 0.5678832116788322,
        "recall": 0.884090909090909,
        "f1-score": 0.6915555555555556,
        "support": 440.0
    },
    "accuracy": 0.56625,
    "macro avg": {
        "precision": 0.5622024754046335,
        "recall": 0.5309343434343434,
        "f1-score": 0.48051461988304095,
        "support": 800.0
    },
    "weighted avg": {
        "precision": 0.5627705490320534,
        "recall": 0.56625,
        "f1-score": 0.5016187134502924,
        "support": 800.0
    }
}