{
    "0": {
        "precision": 0.7741935483870968,
        "recall": 0.06666666666666667,
        "f1-score": 0.12276214833759591,
        "support": 360.0
    },
    "1": {
        "precision": 0.5630689206762028,
        "recall": 0.9840909090909091,
        "f1-score": 0.7162944582299421,
        "support": 440.0
    },
    "accuracy": 0.57125,
    "macro avg": {
        "precision": 0.6686312345316499,
        "recall": 0.5253787878787879,
        "f1-score": 0.419528303283769,
        "support": 800.0
    },
    "weighted avg": {
        "precision": 0.6580750031461051,
        "recall": 0.57125,
        "f1-score": 0.4492049187783863,
        "support": 800.0
    }
}