{
    "train_loss": [
        0.508451309297638,
        0.4726815078413745,
        0.44461358892101677,
        0.4106246997448359,
        0.37576063059407205,
        0.34443565680706045,
        0.3148931779079326,
        0.2833644022577394,
        0.2663405302768956,
        0.24414271469506277,
        0.22596841458486197,
        0.2092640151663097,
        0.1892197680766873,
        0.1806445296897315,
        0.16315677099066703,
        0.15646618003887008,
        0.1417029958547953,
        0.1297467972007339,
        0.12223434068250139,
        0.11043258618955222,
        0.09879990864252805,
        0.09517630560942404,
        0.08445368970251442,
        0.07987299065209788,
        0.07348663926447971,
        0.06734689021909078,
        0.05965096781804585,
        0.05617097730690828,
        0.05343947998358431,
        0.04892950643861483,
        0.04361112313795965,
        0.04155882581514936,
        0.040502878793753146,
        0.044136659361932035,
        0.03844009993600975,
        0.03714204798351495,
        0.03541018090713054,
        0.03439146301900355,
        0.03379505444691207,
        0.03254259684945586,
        0.030088968996350374,
        0.027720151416248392,
        0.030599557007903944,
        0.030527520147408786,
        0.027433008257181497,
        0.02880814191006833,
        0.025534293527259354,
        0.024637820052981176,
        0.025813039811250313,
        0.02604577186453671,
        0.02341107005262763,
        0.021848824479226925,
        0.022019254256705312,
        0.02332321936746621,
        0.02542067601272404,
        0.022126597363986884
    ],
    "val_loss": [
        0.5066650196571242,
        0.4898540971970016,
        0.5236769030717286,
        0.49233719960532407,
        0.5585448162799532,
        0.5267416885630651,
        0.49239576353945513,
        0.5396231653338129,
        0.5105876744809476,
        0.5090262625705112,
        0.5293433185328137,
        0.4993121891536496,
        0.5076792135157369,
        0.5252023286778819,
        0.5064566463909366,
        0.4830433846536008,
        0.49447301284156064,
        0.5203794117339633,
        0.49052698063579475,
        0.5184285207228227,
        0.4957796125249429,
        0.4965562512251464,
        0.4985054265707731,
        0.4988642131740397,
        0.4767298480834473,
        0.4965707332911817,
        0.490989705378359,
        0.48240716018798674,
        0.49668687311085785,
        0.4697837461294098,
        0.48630864325572143,
        0.4979964470998807,
        0.5186659767377105,
        0.4753539716316895,
        0.5181535453620282,
        0.4620184337889606,
        0.46537610016424547,
        0.49348177295178175,
        0.49205685550854966,
        0.4977131688290022,
        0.5046939031982963,
        0.4968860237435861,
        0.49005595899441023,
        0.48899243636564776,
        0.5054628828709776,
        0.48922618808732793,
        0.5127713868225162,
        0.48935694848610595,
        0.48210382529280404,
        0.47996446236290713,
        0.49306746860119427,
        0.4956404587084597,
        0.49803758649663493,
        0.479725317182866,
        0.4958374048159881,
        0.4928965573622422
    ],
    "val_accuracy": [
        0.4833096590909091,
        0.5237926136363636,
        0.4822443181818182,
        0.5209517045454546,
        0.4698153409090909,
        0.4811789772727273,
        0.5490056818181818,
        0.48828125,
        0.5184659090909091,
        0.5166903409090909,
        0.4825994318181818,
        0.5209517045454546,
        0.50390625,
        0.4971590909090909,
        0.5071022727272727,
        0.5397727272727273,
        0.5213068181818182,
        0.48686079545454547,
        0.5216619318181818,
        0.49573863636363635,
        0.5266335227272727,
        0.5071022727272727,
        0.5060369318181818,
        0.5081676136363636,
        0.5394176136363636,
        0.5099431818181818,
        0.5298295454545454,
        0.5298295454545454,
        0.5042613636363636,
        0.5415482954545454,
        0.5184659090909091,
        0.5081676136363636,
        0.48863636363636365,
        0.5284090909090909,
        0.48082386363636365,
        0.5440340909090909,
        0.5415482954545454,
        0.5138494318181818,
        0.5152698863636364,
        0.5110085227272727,
        0.49573863636363635,
        0.5071022727272727,
        0.5085227272727273,
        0.5124289772727273,
        0.5,
        0.5216619318181818,
        0.48970170454545453,
        0.5184659090909091,
        0.5284090909090909,
        0.5230823863636364,
        0.5060369318181818,
        0.5099431818181818,
        0.5056818181818182,
        0.5191761363636364,
        0.5092329545454546,
        0.5120738636363636
    ]
}