{
    "0": {
        "precision": 0.4673815907059875,
        "recall": 0.34959893048128343,
        "f1-score": 0.4,
        "support": 1496.0
    },
    "1": {
        "precision": 0.5947521865889213,
        "recall": 0.7055335968379447,
        "f1-score": 0.6454237288135594,
        "support": 2024.0
    },
    "accuracy": 0.5542613636363637,
    "macro avg": {
        "precision": 0.5310668886474543,
        "recall": 0.5275662636596141,
        "f1-score": 0.5227118644067796,
        "support": 3520.0
    },
    "weighted avg": {
        "precision": 0.5406196833386744,
        "recall": 0.5542613636363637,
        "f1-score": 0.5411186440677966,
        "support": 3520.0
    }
}