{
    "0": {
        "precision": 0.5713281799016163,
        "recall": 0.7181978798586572,
        "f1-score": 0.636399217221135,
        "support": 1132.0
    },
    "1": {
        "precision": 0.624263839811543,
        "recall": 0.4649122807017544,
        "f1-score": 0.5329311211664153,
        "support": 1140.0
    },
    "accuracy": 0.5911091549295775,
    "macro avg": {
        "precision": 0.5977960098565797,
        "recall": 0.5915550802802059,
        "f1-score": 0.5846651691937752,
        "support": 2272.0
    },
    "weighted avg": {
        "precision": 0.5978892064409281,
        "recall": 0.5911091549295775,
        "f1-score": 0.5844830070528337,
        "support": 2272.0
    }
}