{
    "0": {
        "precision": 0.5660639777468707,
        "recall": 0.7274352100089365,
        "f1-score": 0.6366836136096988,
        "support": 1119.0
    },
    "1": {
        "precision": 0.6342925659472423,
        "recall": 0.4588031222896791,
        "f1-score": 0.5324609964771012,
        "support": 1153.0
    },
    "accuracy": 0.5911091549295775,
    "macro avg": {
        "precision": 0.6001782718470565,
        "recall": 0.5931191661493078,
        "f1-score": 0.5845723050434,
        "support": 2272.0
    },
    "weighted avg": {
        "precision": 0.6006887850510205,
        "recall": 0.5911091549295775,
        "f1-score": 0.5837924703201367,
        "support": 2272.0
    }
}