{
    "train_loss": [
        0.5810394475025497,
        0.5311614214786755,
        0.5150701017508953,
        0.5137103167660718,
        0.5049742643762691,
        0.5068683045838267,
        0.4959014194645905,
        0.5009976556442054,
        0.49670307536430547,
        0.4860365376096641,
        0.4872723430248317,
        0.4876390965701324,
        0.48804174268186973,
        0.4884495545784241,
        0.4818882702900271,
        0.4844687975979791,
        0.48144189183935154,
        0.4836352037385179,
        0.47916168077238674,
        0.47453662253952966,
        0.47745417902622317,
        0.4765271987821081,
        0.47402304146677404,
        0.4694854854950177,
        0.47214859342340176,
        0.46615735724054536,
        0.4688762893230457,
        0.4694503532548256,
        0.46452581662262604,
        0.4693961535474937,
        0.46653749716692955
    ],
    "val_loss": [
        0.5398110991983271,
        0.5199153601233639,
        0.5135425182420816,
        0.5129709764203029,
        0.5069513138550431,
        0.4963410701324691,
        0.49559791319405855,
        0.49043419378906933,
        0.4944601259124813,
        0.48982969638127,
        0.48700121667847707,
        0.49280277517304494,
        0.48798553667851347,
        0.4939446413694923,
        0.4934340982294794,
        0.49774176149225946,
        0.4996469959394256,
        0.49649473757886176,
        0.49492949781133166,
        0.4972528232567346,
        0.4915608763694763,
        0.49779735438859285,
        0.4960521103730842,
        0.5055801219014979,
        0.4980301852546521,
        0.4995176342885886,
        0.49826878887503895,
        0.5021725697303886,
        0.5086773553890969,
        0.5078488619469884,
        0.49911021074252343
    ],
    "val_accuracy": [
        0.34925093632958804,
        0.42602996254681647,
        0.4859550561797753,
        0.47191011235955055,
        0.5009363295880149,
        0.5608614232209738,
        0.5580524344569289,
        0.5777153558052435,
        0.5599250936329588,
        0.5749063670411985,
        0.5842696629213483,
        0.5777153558052435,
        0.5777153558052435,
        0.5571161048689138,
        0.5617977528089888,
        0.5571161048689138,
        0.5599250936329588,
        0.5580524344569289,
        0.5655430711610487,
        0.5599250936329588,
        0.5683520599250936,
        0.5543071161048689,
        0.5552434456928839,
        0.547752808988764,
        0.5589887640449438,
        0.5430711610486891,
        0.5421348314606742,
        0.5308988764044944,
        0.5140449438202247,
        0.5355805243445693,
        0.5646067415730337
    ]
}