{
    "train_loss": [
        0.5749420018618917,
        0.5260535883786056,
        0.5167591436743149,
        0.5093325584980067,
        0.5091338890233064,
        0.5141283743487203,
        0.5037710365697081,
        0.5009841823519157,
        0.49420948935846976,
        0.49467789510200766,
        0.49271160643088996,
        0.4969962819162848,
        0.4871543068897548,
        0.48817440882104957,
        0.48831754130095684,
        0.48868198039496474,
        0.48881026485870627,
        0.4876858536245788,
        0.48630058280940125,
        0.4833750632302514,
        0.48135777324291285,
        0.48177066151731707,
        0.47496248979873845,
        0.47736806338056553,
        0.4721591440327649,
        0.4717150486161556,
        0.4755418100967783,
        0.4743422021713163,
        0.47533927131168946,
        0.47262787114223237,
        0.4725658328368746,
        0.4678847529911643,
        0.470987634852602,
        0.4679748769757783,
        0.47035168559093193
    ],
    "val_loss": [
        0.48991417351053723,
        0.5017454375081988,
        0.5033416934867403,
        0.49831699880201424,
        0.4942853908930252,
        0.4929859277917378,
        0.4935575309974044,
        0.4954275729051277,
        0.49123258955443083,
        0.4913464126302235,
        0.49380980721160544,
        0.49238321763366016,
        0.4877693742068846,
        0.48872833243056907,
        0.4853527408037613,
        0.49024561269959405,
        0.494147926568985,
        0.4929972633497039,
        0.48886756754633204,
        0.4916957816970882,
        0.48975270586227304,
        0.49551067467945725,
        0.49295016989779117,
        0.495710007290342,
        0.4963892306854476,
        0.49886179948920634,
        0.4995697256344468,
        0.49324755704225,
        0.494304638300369,
        0.49774575945156724,
        0.49793647251912015,
        0.49511591756521767,
        0.4903846231859122,
        0.4972522650192033,
        0.4974879933826959
    ],
    "val_accuracy": [
        0.6161048689138576,
        0.5121722846441947,
        0.5065543071161048,
        0.5280898876404494,
        0.5383895131086143,
        0.5393258426966292,
        0.5355805243445693,
        0.5290262172284644,
        0.549625468164794,
        0.5440074906367042,
        0.5374531835205992,
        0.5421348314606742,
        0.5571161048689138,
        0.5449438202247191,
        0.549625468164794,
        0.5290262172284644,
        0.5308988764044944,
        0.5262172284644194,
        0.5318352059925093,
        0.5234082397003745,
        0.5318352059925093,
        0.5243445692883895,
        0.5299625468164794,
        0.5243445692883895,
        0.5318352059925093,
        0.5243445692883895,
        0.5205992509363296,
        0.5308988764044944,
        0.5280898876404494,
        0.5140449438202247,
        0.5159176029962547,
        0.5262172284644194,
        0.5318352059925093,
        0.5243445692883895,
        0.5262172284644194
    ]
}