{
    "train_loss": [
        0.5935727388694368,
        0.536522034794239,
        0.5139482888975754,
        0.5148191196577889,
        0.5054022967815399,
        0.5085719552239761,
        0.4957857475492167,
        0.49972645079561057,
        0.49519748361827115,
        0.4964153020839973,
        0.49643695736166293,
        0.49313957350594656,
        0.4893538621552472,
        0.48924017598476316,
        0.48778074392544224,
        0.49054610743898475,
        0.48450238584297634,
        0.48792003748452134,
        0.4854447895963791,
        0.48487546995942815,
        0.48298488961064756,
        0.4853071652609727,
        0.4806482322110331,
        0.478227987665261,
        0.47653130548340933,
        0.4754466926816649,
        0.4723973729340314,
        0.47771605922670785,
        0.47699304005782595,
        0.4720887691516594,
        0.4739112498724989,
        0.477632299873042,
        0.47599454275492964,
        0.47044289625924207,
        0.47317676914149315,
        0.47188083130150593,
        0.4713083467460031,
        0.46932855512708277,
        0.4734178568635668
    ],
    "val_loss": [
        0.5035551666323819,
        0.5196614554568902,
        0.5170264439796334,
        0.5188192204752965,
        0.5168091307825117,
        0.5135491557085692,
        0.5093188904114624,
        0.5092911617969399,
        0.5063839256763458,
        0.505918941835859,
        0.5051677894236436,
        0.5012337712209616,
        0.5054335100437278,
        0.5036437097770065,
        0.4987627961742344,
        0.5024475317392776,
        0.4997639375836102,
        0.498931152607078,
        0.4950215260484325,
        0.49844424626720485,
        0.4991666381038837,
        0.5032408384244833,
        0.4993205871155013,
        0.5018141554362738,
        0.5046102453523608,
        0.4999744536271736,
        0.4996671636602772,
        0.5020987031175129,
        0.5019811169425054,
        0.502582085221561,
        0.5023621334068811,
        0.5019508235490144,
        0.5029513359959445,
        0.5014383632745316,
        0.5024160720519165,
        0.504098996297637,
        0.5077087438818234,
        0.5069849602322081,
        0.5083616776252861
    ],
    "val_accuracy": [
        0.5009363295880149,
        0.4550561797752809,
        0.4737827715355805,
        0.4541198501872659,
        0.46254681647940077,
        0.47846441947565543,
        0.4887640449438202,
        0.4934456928838951,
        0.49719101123595505,
        0.4887640449438202,
        0.48314606741573035,
        0.5056179775280899,
        0.47752808988764045,
        0.4859550561797753,
        0.5168539325842697,
        0.49625468164794007,
        0.5084269662921348,
        0.5159176029962547,
        0.5149812734082397,
        0.5093632958801498,
        0.49812734082397003,
        0.49157303370786515,
        0.5056179775280899,
        0.4934456928838951,
        0.48314606741573035,
        0.4943820224719101,
        0.499063670411985,
        0.49250936329588013,
        0.4943820224719101,
        0.4897003745318352,
        0.49157303370786515,
        0.49157303370786515,
        0.4850187265917603,
        0.4953183520599251,
        0.5046816479400749,
        0.4868913857677903,
        0.47846441947565543,
        0.48408239700374533,
        0.4812734082397004
    ]
}