{
    "0": {
        "precision": 0.36585365853658536,
        "recall": 0.08333333333333333,
        "f1-score": 0.13574660633484162,
        "support": 180.0
    },
    "1": {
        "precision": 0.665314401622718,
        "recall": 0.9265536723163842,
        "f1-score": 0.7744982290436836,
        "support": 354.0
    },
    "accuracy": 0.6423220973782772,
    "macro avg": {
        "precision": 0.5155840300796517,
        "recall": 0.5049435028248588,
        "f1-score": 0.4551224176892626,
        "support": 534.0
    },
    "weighted avg": {
        "precision": 0.5643725781105385,
        "recall": 0.6423220973782772,
        "f1-score": 0.5591886932991301,
        "support": 534.0
    }
}