{
    "0": {
        "precision": 0.3157894736842105,
        "recall": 0.1,
        "f1-score": 0.1518987341772152,
        "support": 180.0
    },
    "1": {
        "precision": 0.660377358490566,
        "recall": 0.8898305084745762,
        "f1-score": 0.7581227436823105,
        "support": 354.0
    },
    "accuracy": 0.6235955056179775,
    "macro avg": {
        "precision": 0.48808341608738826,
        "recall": 0.4949152542372881,
        "f1-score": 0.45501073892976285,
        "support": 534.0
    },
    "weighted avg": {
        "precision": 0.544224138892918,
        "recall": 0.6235955056179775,
        "f1-score": 0.55377757193902,
        "support": 534.0
    }
}