{
    "0": {
        "precision": 0.37681159420289856,
        "recall": 0.28888888888888886,
        "f1-score": 0.3270440251572327,
        "support": 180.0
    },
    "1": {
        "precision": 0.6767676767676768,
        "recall": 0.7570621468926554,
        "f1-score": 0.7146666666666667,
        "support": 354.0
    },
    "accuracy": 0.599250936329588,
    "macro avg": {
        "precision": 0.5267896354852877,
        "recall": 0.5229755178907721,
        "f1-score": 0.5208553459119497,
        "support": 534.0
    },
    "weighted avg": {
        "precision": 0.5756588848919089,
        "recall": 0.599250936329588,
        "f1-score": 0.584007349303936,
        "support": 534.0
    }
}