{
    "0": {
        "precision": 0.22727272727272727,
        "recall": 0.05555555555555555,
        "f1-score": 0.08928571428571429,
        "support": 180.0
    },
    "1": {
        "precision": 0.6530612244897959,
        "recall": 0.903954802259887,
        "f1-score": 0.7582938388625592,
        "support": 354.0
    },
    "accuracy": 0.6179775280898876,
    "macro avg": {
        "precision": 0.4401669758812616,
        "recall": 0.4797551789077213,
        "f1-score": 0.42378977657413675,
        "support": 534.0
    },
    "weighted avg": {
        "precision": 0.5095370119447166,
        "recall": 0.6179775280898876,
        "f1-score": 0.5327854822636227,
        "support": 534.0
    }
}