{
    "0": {
        "precision": 0.3503184713375796,
        "recall": 0.3055555555555556,
        "f1-score": 0.3264094955489614,
        "support": 180.0
    },
    "1": {
        "precision": 0.6684350132625995,
        "recall": 0.711864406779661,
        "f1-score": 0.6894664842681258,
        "support": 354.0
    },
    "accuracy": 0.5749063670411985,
    "macro avg": {
        "precision": 0.5093767423000896,
        "recall": 0.5087099811676083,
        "f1-score": 0.5079379899085437,
        "support": 534.0
    },
    "weighted avg": {
        "precision": 0.5612047182316939,
        "recall": 0.5749063670411985,
        "f1-score": 0.5670877240257108,
        "support": 534.0
    }
}