{
    "0": {
        "precision": 0.3813953488372093,
        "recall": 0.45555555555555555,
        "f1-score": 0.4151898734177215,
        "support": 180.0
    },
    "1": {
        "precision": 0.6927899686520376,
        "recall": 0.6242937853107344,
        "f1-score": 0.6567607726597325,
        "support": 354.0
    },
    "accuracy": 0.5674157303370787,
    "macro avg": {
        "precision": 0.5370926587446234,
        "recall": 0.539924670433145,
        "f1-score": 0.535975323038727,
        "support": 534.0
    },
    "weighted avg": {
        "precision": 0.5878254900627696,
        "recall": 0.5674157303370787,
        "f1-score": 0.5753323796568075,
        "support": 534.0
    }
}