{
    "0": {
        "precision": 0.34782608695652173,
        "recall": 0.044444444444444446,
        "f1-score": 0.07881773399014778,
        "support": 180.0
    },
    "1": {
        "precision": 0.6634050880626223,
        "recall": 0.9576271186440678,
        "f1-score": 0.7838150289017342,
        "support": 354.0
    },
    "accuracy": 0.649812734082397,
    "macro avg": {
        "precision": 0.505615587509572,
        "recall": 0.5010357815442561,
        "f1-score": 0.431316381445941,
        "support": 534.0
    },
    "weighted avg": {
        "precision": 0.5570301438695547,
        "recall": 0.649812734082397,
        "f1-score": 0.546175491291087,
        "support": 534.0
    }
}