{
    "train_loss": [
        0.601803621006947,
        0.5212467329174865,
        0.5027634755069135,
        0.48077399111261554,
        0.4748722958798502,
        0.45680193714067047,
        0.4530032916396272,
        0.44787383558703403,
        0.4339997662048714,
        0.430333839561425,
        0.42463833549443414,
        0.41753020029441984,
        0.4070522508200477,
        0.4040170147138483,
        0.40272465003471747,
        0.4015273416743559,
        0.39735129031480526,
        0.39052604688148873,
        0.3881672132248972,
        0.386432880747552,
        0.3834985034138549,
        0.3853673667299981,
        0.37795730998703075,
        0.37624521927506316,
        0.37423030050361855,
        0.37291130376797094,
        0.3735091120004654
    ],
    "val_loss": [
        0.49284173348056737,
        0.4844118961647375,
        0.4806663816544547,
        0.47836690251506975,
        0.4745866162563438,
        0.47331158972498194,
        0.4720092776106365,
        0.47915750386109995,
        0.476353912655987,
        0.47587298234896874,
        0.4757948504455054,
        0.47607648328169067,
        0.4784933862401478,
        0.48120393414995566,
        0.4850037160204418,
        0.4806430940307788,
        0.48517830113866434,
        0.48608202854199195,
        0.48841168720330763,
        0.48675634256049766,
        0.4869326895742274,
        0.49047347147073317,
        0.4880793841917123,
        0.48975804047798044,
        0.49121173015281333,
        0.49878858808261245,
        0.5042024868637768
    ],
    "val_accuracy": [
        0.601123595505618,
        0.6095505617977528,
        0.6161048689138576,
        0.6170411985018727,
        0.6320224719101124,
        0.6282771535580525,
        0.6254681647940075,
        0.6170411985018727,
        0.6170411985018727,
        0.6151685393258427,
        0.6207865168539326,
        0.6198501872659176,
        0.6226591760299626,
        0.6170411985018727,
        0.6151685393258427,
        0.6273408239700374,
        0.6207865168539326,
        0.6235955056179775,
        0.6292134831460674,
        0.6357677902621723,
        0.6367041198501873,
        0.6301498127340824,
        0.6320224719101124,
        0.6320224719101124,
        0.6329588014981273,
        0.6198501872659176,
        0.596441947565543
    ]
}