{
    "train_loss": [
        0.6191757298223505,
        0.516328072302962,
        0.4951690498008031,
        0.48119708596299227,
        0.4682045334006009,
        0.4543956206541627,
        0.4514465400073082,
        0.4401878140288401,
        0.4344270739653339,
        0.4295204352570451,
        0.4272575592069321,
        0.4216994083907506,
        0.42051067961949734,
        0.41606196665872724,
        0.40462044697918303,
        0.40605454752434333,
        0.40178256641784216,
        0.3998173922300339,
        0.39919593440343254,
        0.395352636774381,
        0.39521257552109895
    ],
    "val_loss": [
        0.5049465187449953,
        0.521772579915488,
        0.5302839968631516,
        0.538227846373373,
        0.5469945944956879,
        0.5592241349504955,
        0.559865694437454,
        0.5626862925380024,
        0.5767889810142233,
        0.578796700755162,
        0.5836122720988829,
        0.5823756918978336,
        0.5920246964070335,
        0.5994555443080504,
        0.6098267889734524,
        0.6050114364766362,
        0.6152111256300513,
        0.6147850840838988,
        0.6155875289618079,
        0.6141765695899281,
        0.6160918456404957
    ],
    "val_accuracy": [
        0.4700374531835206,
        0.40262172284644193,
        0.3913857677902622,
        0.3651685393258427,
        0.36797752808988765,
        0.34831460674157305,
        0.36235955056179775,
        0.36797752808988765,
        0.3267790262172285,
        0.3211610486891386,
        0.3052434456928839,
        0.29868913857677903,
        0.2696629213483146,
        0.2247191011235955,
        0.21067415730337077,
        0.21816479400749064,
        0.19662921348314608,
        0.19662921348314608,
        0.1891385767790262,
        0.19101123595505617,
        0.18071161048689138
    ]
}