{
    "train_loss": [
        0.598183941766308,
        0.5201608403956042,
        0.5047360242161292,
        0.48822719569485556,
        0.4830388340740523,
        0.46905698250028377,
        0.4646718056880281,
        0.453683249247124,
        0.4454561317316159,
        0.43837149198085196,
        0.43440304278828606,
        0.41916910512178013,
        0.4148478484303383,
        0.4126712073840856,
        0.40324459184413175,
        0.4011941886347208,
        0.3955912340635036,
        0.3953047325546273,
        0.39290930804597785,
        0.38456102738071185,
        0.38193111059306556,
        0.376992015534365,
        0.3748170928600942,
        0.37302879646233433,
        0.3717376457597421,
        0.3695225817264373,
        0.3669672305364489,
        0.3638415776161968,
        0.36230348954639674,
        0.3622834367607428,
        0.3557803248012415,
        0.3573727339630845,
        0.3577634165975339,
        0.35339366111545883,
        0.3570894618912222
    ],
    "val_loss": [
        0.5007508156904533,
        0.498957742061188,
        0.49647462145606086,
        0.4956230361070206,
        0.4945549222070779,
        0.4931390031949798,
        0.49107692401800584,
        0.49070104155967487,
        0.4882775180375398,
        0.48750368516836595,
        0.4856899772117387,
        0.4836885653324981,
        0.48382246227406744,
        0.4826638378314118,
        0.4825264144299635,
        0.48402839810100956,
        0.48263663987615213,
        0.48337946987863795,
        0.4829997144528289,
        0.4827553149479539,
        0.48319018198483027,
        0.4840633562251703,
        0.48338949279998666,
        0.4833888527172715,
        0.48317765477877944,
        0.48353151732416294,
        0.4834517747608583,
        0.48333587308428183,
        0.48324840282326315,
        0.4841817257119648,
        0.4835902118860786,
        0.48535246146259026,
        0.48488365402862205,
        0.4853734049334455,
        0.4853822749052475
    ],
    "val_accuracy": [
        0.4887640449438202,
        0.5159176029962547,
        0.5393258426966292,
        0.5430711610486891,
        0.5337078651685393,
        0.5234082397003745,
        0.5355805243445693,
        0.5383895131086143,
        0.5374531835205992,
        0.5393258426966292,
        0.5365168539325843,
        0.547752808988764,
        0.5449438202247191,
        0.5430711610486891,
        0.5411985018726592,
        0.5393258426966292,
        0.5383895131086143,
        0.5355805243445693,
        0.5402621722846442,
        0.5355805243445693,
        0.5318352059925093,
        0.5280898876404494,
        0.5252808988764045,
        0.5252808988764045,
        0.5243445692883895,
        0.5224719101123596,
        0.5224719101123596,
        0.5252808988764045,
        0.5205992509363296,
        0.5262172284644194,
        0.5243445692883895,
        0.5224719101123596,
        0.5149812734082397,
        0.5337078651685393,
        0.5290262172284644
    ]
}