{
    "0": {
        "precision": 0.3883677298311445,
        "recall": 1.0,
        "f1-score": 0.5594594594594594,
        "support": 207.0
    },
    "1": {
        "precision": 1.0,
        "recall": 0.0030581039755351682,
        "f1-score": 0.006097560975609756,
        "support": 327.0
    },
    "accuracy": 0.3895131086142322,
    "macro avg": {
        "precision": 0.6941838649155723,
        "recall": 0.5015290519877675,
        "f1-score": 0.2827785102175346,
        "support": 534.0
    },
    "weighted avg": {
        "precision": 0.762906591900837,
        "recall": 0.3895131086142322,
        "f1-score": 0.2206030160058661,
        "support": 534.0
    }
}