{
    "0": {
        "precision": 0.8259109311740891,
        "recall": 0.4689655172413793,
        "f1-score": 0.5982404692082112,
        "support": 435.0
    },
    "1": {
        "precision": 0.1951219512195122,
        "recall": 0.5656565656565656,
        "f1-score": 0.29015544041450775,
        "support": 99.0
    },
    "accuracy": 0.4868913857677903,
    "macro avg": {
        "precision": 0.5105164411968006,
        "recall": 0.5173110414489724,
        "f1-score": 0.4441979548113595,
        "support": 534.0
    },
    "weighted avg": {
        "precision": 0.7089669068004878,
        "recall": 0.4868913857677903,
        "f1-score": 0.5411235818475808,
        "support": 534.0
    }
}