{
    "train_loss": [
        0.5297843986620837,
        0.509699887341741,
        0.5041917428403566,
        0.5047572239325885,
        0.5027132427762674,
        0.503217979358081,
        0.5025345128036903,
        0.4996383983517443,
        0.5021200591079846,
        0.5007878124479694,
        0.4996395419060833,
        0.5012220133147212,
        0.49927547814101275,
        0.49980362898474356,
        0.4958943811287346,
        0.4942271445378339,
        0.48860278005450086,
        0.4888157454010077,
        0.4827421843302976,
        0.4835361302601565,
        0.4814293464766504,
        0.4760652871286471,
        0.47328292263748606,
        0.47172974697030595,
        0.47230311308956335,
        0.46829984045801554,
        0.46479723782576843,
        0.46440264954431115,
        0.46359828132074804,
        0.4592729303363733,
        0.46353978123552436,
        0.4572683046398088,
        0.45405290552464356,
        0.4555574480758903,
        0.45683163735276355,
        0.4462587161242142,
        0.44810311955881027,
        0.45144467802319405,
        0.4511835068054424,
        0.44448196653767047,
        0.4467756408312466,
        0.44382612650193026,
        0.44508310666487116,
        0.44419933688664015,
        0.44484459337996124,
        0.440288762593082,
        0.44109175771416287,
        0.436431722785026,
        0.4330302330798859,
        0.4376780355316248,
        0.44220731116114054,
        0.4457345902334262,
        0.4429694910648998,
        0.4320166168957656,
        0.43863009777073775,
        0.43448190543295595,
        0.44179546821328186,
        0.4319263998792307
    ],
    "val_loss": [
        0.4857823145389557,
        0.4888026475906372,
        0.4994223795334498,
        0.49237805922826133,
        0.5130864389737447,
        0.5158817152182261,
        0.5059021705389023,
        0.4874254447221756,
        0.4961147811015447,
        0.4973063627878825,
        0.4930079491933187,
        0.5088816608985265,
        0.5048236733675003,
        0.49848389387130737,
        0.5167340840895971,
        0.5294054341316223,
        0.48920912861824034,
        0.5154343231519063,
        0.48606868108113604,
        0.4834553736448288,
        0.49175145983695984,
        0.528013100028038,
        0.4793151870369911,
        0.5075936764478683,
        0.4810047995050748,
        0.5240862907965979,
        0.4954395149151484,
        0.47614199022452036,
        0.5035948222875595,
        0.45581940134366355,
        0.4912266935904821,
        0.5070864524443944,
        0.4744646687308947,
        0.4992668130993843,
        0.4903247391184171,
        0.47352249433596927,
        0.45586180488268535,
        0.4503458336989085,
        0.4730896130204201,
        0.5160076004266739,
        0.46325508822997413,
        0.48851786911487577,
        0.46639632860819497,
        0.4847561718026797,
        0.4946882379055023,
        0.4832831038037936,
        0.4507096822063128,
        0.4772166255116463,
        0.469509582221508,
        0.4740514393647512,
        0.49520188609759014,
        0.4773929427067439,
        0.4633272804816564,
        0.454898736178875,
        0.4727884750564893,
        0.49512647887070976,
        0.48981727570295336,
        0.5217466640472412
    ],
    "val_accuracy": [
        0.5747702589807853,
        0.5747702589807853,
        0.5530492898913951,
        0.5747702589807853,
        0.4264828738512949,
        0.4243943191311612,
        0.4243943191311612,
        0.568922305764411,
        0.5726817042606517,
        0.5735171261487051,
        0.5701754385964912,
        0.43609022556390975,
        0.4402673350041771,
        0.49832915622389307,
        0.4444444444444444,
        0.43734335839599,
        0.5133667502088555,
        0.4603174603174603,
        0.5146198830409356,
        0.5121136173767753,
        0.5,
        0.467000835421888,
        0.5162907268170426,
        0.48621553884711777,
        0.5087719298245614,
        0.47619047619047616,
        0.5075187969924813,
        0.5279866332497911,
        0.4928989139515455,
        0.5543024227234754,
        0.5108604845446951,
        0.4878863826232247,
        0.525062656641604,
        0.5,
        0.5083542188805347,
        0.5258980785296575,
        0.5492898913951546,
        0.5538847117794486,
        0.5275689223057645,
        0.4791144527986633,
        0.5401002506265664,
        0.5083542188805347,
        0.5329991645781119,
        0.5154553049289892,
        0.5012531328320802,
        0.5175438596491229,
        0.5497076023391813,
        0.5233918128654971,
        0.5300751879699248,
        0.5292397660818714,
        0.5012531328320802,
        0.5225563909774437,
        0.5380116959064327,
        0.5463659147869674,
        0.5275689223057645,
        0.5020885547201337,
        0.5079365079365079,
        0.47201336675020883
    ]
}