{
    "train_loss": [
        0.5387338591236258,
        0.5066463663385439,
        0.5005824451326992,
        0.49677920138105375,
        0.49113214866862653,
        0.4888158503681172,
        0.4836645955245807,
        0.4830329940345626,
        0.4811382145934782,
        0.4786660010436119,
        0.47716122986048376,
        0.4726011459209793,
        0.4712592803751194,
        0.4665823265453567,
        0.468471239079672,
        0.46619552880276544,
        0.4619589066937109,
        0.4630717657983801,
        0.4624353658439057,
        0.4602014059641899,
        0.4612689280576361,
        0.46070721483994326,
        0.45572240509528633,
        0.4548788932165064,
        0.4561976606550323,
        0.45461635744007184,
        0.45036496118250663,
        0.45123316700412036,
        0.4529070133203251,
        0.4510562619126939,
        0.4480639107131028
    ],
    "val_loss": [
        0.5111527746915817,
        0.5095971608161927,
        0.5079246547818184,
        0.49932164877653124,
        0.5035339570045472,
        0.49376084297895434,
        0.49232894778251646,
        0.4906751251220703,
        0.4916246464848518,
        0.48541128396987915,
        0.4812009733915329,
        0.4878906917572021,
        0.4889789789915085,
        0.48857089221477507,
        0.4974637839198113,
        0.49049557268619537,
        0.48968585819005966,
        0.4956396672129631,
        0.4940298613905907,
        0.49248156368732454,
        0.4940166425704956,
        0.4916565015912056,
        0.4934623956680298,
        0.48826767414808275,
        0.49314595937728883,
        0.49137714236974717,
        0.4912036195397377,
        0.495535806119442,
        0.4906254008412361,
        0.49587110757827757,
        0.49981532514095306
    ],
    "val_accuracy": [
        0.501875,
        0.5075,
        0.504375,
        0.54,
        0.519375,
        0.545,
        0.55375,
        0.559375,
        0.55375,
        0.570625,
        0.571875,
        0.550625,
        0.55125,
        0.5575,
        0.5475,
        0.56,
        0.565,
        0.546875,
        0.54875,
        0.544375,
        0.550625,
        0.545625,
        0.5525,
        0.554375,
        0.533125,
        0.54875,
        0.555,
        0.541875,
        0.5525,
        0.5325,
        0.51625
    ]
}