{
    "train_loss": [
        0.5648412855554756,
        0.5085093021226793,
        0.5010051168190072,
        0.49583299528589486,
        0.49164055877243246,
        0.48722645623770267,
        0.4854575566179573,
        0.4820816442993026,
        0.47993128728069634,
        0.4785792024852838,
        0.4719966041510484,
        0.4722694588570874,
        0.46968127251667563,
        0.46717862523365816,
        0.46669648359412935,
        0.4642094260387766,
        0.46346064223220423,
        0.4610317309586783,
        0.46209694785493993,
        0.45984021325214325,
        0.45810755157537114,
        0.45853115821615237,
        0.4538157235281049,
        0.4534680571064644,
        0.45528216033260804,
        0.45305580046017524,
        0.4529890649664037,
        0.4520814884090822,
        0.45183064375581183,
        0.452767069002712,
        0.44730759468085257,
        0.44685097470422974,
        0.4495340559143874,
        0.4475631649738235,
        0.4459896826478432,
        0.44558866450713536,
        0.4431303011922783,
        0.44538989667274825,
        0.4448999625975707,
        0.4448041955740671,
        0.44490198969508943,
        0.4417366659201287,
        0.44147528371771066,
        0.44137260307425574,
        0.44267021561648523,
        0.4395443455920578,
        0.4399409177077514,
        0.4409874489837038,
        0.440067203015006,
        0.4394678905564762,
        0.4354642463178688,
        0.4377560004550434,
        0.4356326613170523,
        0.43767113080844905,
        0.436366506979326,
        0.4355905175541105,
        0.437186688973379
    ],
    "val_loss": [
        0.5029082524776459,
        0.5067140501737595,
        0.5024877306818962,
        0.5100134435296059,
        0.5143280982971191,
        0.5100429219007492,
        0.504648674428463,
        0.5001991400122643,
        0.4976266995072365,
        0.494536227285862,
        0.4998514246940613,
        0.5008497872948646,
        0.5077515307068825,
        0.4985176420211792,
        0.5001849594712258,
        0.4971232345700264,
        0.49573887914419174,
        0.49768702924251557,
        0.5070929741859436,
        0.49882176458835603,
        0.5062885078787803,
        0.4898256343603134,
        0.494488422870636,
        0.49707692801952363,
        0.5058099126815796,
        0.49442263692617416,
        0.49367606788873675,
        0.5030340406298638,
        0.49123778074979785,
        0.49629674017429354,
        0.502927570939064,
        0.49864975810050965,
        0.4966234827041626,
        0.4909937262535095,
        0.4942097592353821,
        0.49298166036605834,
        0.48010086596012114,
        0.49120403319597244,
        0.4877267238497734,
        0.4819090086221695,
        0.4851337257027626,
        0.49951712250709535,
        0.4968722540140152,
        0.4958090418577194,
        0.4929864424467087,
        0.4839603754878044,
        0.4957223069667816,
        0.4906576782464981,
        0.49159120708703996,
        0.49469065576791765,
        0.504141076207161,
        0.4874507689476013,
        0.4934803289175034,
        0.49569488257169725,
        0.4903216898441315,
        0.49478988111019134,
        0.5038169786334038
    ],
    "val_accuracy": [
        0.5075,
        0.491875,
        0.5025,
        0.475,
        0.47125,
        0.475,
        0.503125,
        0.520625,
        0.525625,
        0.549375,
        0.5325,
        0.54,
        0.5125,
        0.561875,
        0.5375,
        0.56625,
        0.564375,
        0.53875,
        0.499375,
        0.5625,
        0.53125,
        0.57875,
        0.57,
        0.55375,
        0.54375,
        0.5775,
        0.574375,
        0.568125,
        0.585625,
        0.583125,
        0.520625,
        0.548125,
        0.5425,
        0.565625,
        0.57125,
        0.569375,
        0.604375,
        0.579375,
        0.579375,
        0.60625,
        0.58375,
        0.5425,
        0.53125,
        0.54375,
        0.575,
        0.596875,
        0.555625,
        0.5725,
        0.57,
        0.550625,
        0.541875,
        0.604375,
        0.55875,
        0.540625,
        0.575625,
        0.5425,
        0.5475
    ]
}