{
    "train_loss": [
        0.5660503767532845,
        0.5121712015099722,
        0.502256434502667,
        0.49637611100118456,
        0.49469378406870856,
        0.48988526986069875,
        0.48792649985176245,
        0.48450245195872166,
        0.48236326277256014,
        0.4784803768135097,
        0.47600159975763867,
        0.47287258779349395,
        0.4718563311720548,
        0.47194194871268863,
        0.4694597077696291,
        0.46836311674281345,
        0.46561250351879696,
        0.4636855939479723,
        0.4621677570147057,
        0.456624811846916,
        0.45899282746935544,
        0.45797557818563017,
        0.4532722080407077,
        0.4508139272258706,
        0.45168878387098443,
        0.452205359323384,
        0.44896266288953285,
        0.4495605141740956,
        0.45201523565266233,
        0.44768334239313046,
        0.4475025293761737,
        0.4475761782224864,
        0.4461291844714178,
        0.4461417860976637,
        0.4424809658772325,
        0.4428460012968272,
        0.44283830511243377,
        0.44481743129148876,
        0.4416867616241925,
        0.44465902125182216,
        0.44094902127981184,
        0.4370714297441587,
        0.4391925615398851,
        0.43586808630864915,
        0.43837778445792525,
        0.4391392723338245,
        0.4372603078002799,
        0.43832356888953955,
        0.43545395662523295,
        0.43711871255750523,
        0.4330325970094498,
        0.4336325623809475,
        0.434929844145089,
        0.43019140950620993,
        0.4334416881407777,
        0.4329180011602297,
        0.43343855101768286,
        0.4316487748124828,
        0.4320556278914621,
        0.43152044272586093,
        0.4325008289454734
    ],
    "val_loss": [
        0.4961433130502701,
        0.4980540189146996,
        0.49010652393102644,
        0.49067540377378466,
        0.4862215930223465,
        0.49061902731657026,
        0.4953395047783852,
        0.4955101147294044,
        0.4968987089395523,
        0.49371230900287627,
        0.49335038363933564,
        0.504717330634594,
        0.48992892920970915,
        0.49768123775720596,
        0.508636722266674,
        0.495958996117115,
        0.5034977635741233,
        0.4999339488148689,
        0.5010193517804146,
        0.4855733123421669,
        0.4916151285171509,
        0.49899803549051286,
        0.4954446384310722,
        0.49285738974809645,
        0.5055829954147338,
        0.5002889281511307,
        0.501123026907444,
        0.5019152382016182,
        0.49522583931684494,
        0.4931710061430931,
        0.5003521358966827,
        0.4986691257357597,
        0.4939282041788101,
        0.4918701750040054,
        0.4841621500253677,
        0.5055683478713036,
        0.498516081571579,
        0.5034160369634628,
        0.5132033973932266,
        0.5097193962335587,
        0.48254844546318054,
        0.4942927661538124,
        0.4849051296710968,
        0.4887153819203377,
        0.5078256037831307,
        0.5176703402400017,
        0.5081614914536476,
        0.4935111701488495,
        0.5079862344264984,
        0.5015955647826195,
        0.5019924640655518,
        0.4988682976365089,
        0.5001325249671936,
        0.49743549287319183,
        0.4960586306452751,
        0.5025724396109581,
        0.5122456231713295,
        0.49861718505620956,
        0.4942368173599243,
        0.4991301319003105,
        0.5191681718826294
    ],
    "val_accuracy": [
        0.5475,
        0.54125,
        0.551875,
        0.560625,
        0.563125,
        0.549375,
        0.5225,
        0.531875,
        0.528125,
        0.541875,
        0.543125,
        0.501875,
        0.53875,
        0.525,
        0.48625,
        0.5275,
        0.505625,
        0.513125,
        0.52125,
        0.556875,
        0.5475,
        0.525625,
        0.53625,
        0.545625,
        0.515625,
        0.52625,
        0.519375,
        0.531875,
        0.5425,
        0.549375,
        0.523125,
        0.533125,
        0.55375,
        0.55625,
        0.571875,
        0.505625,
        0.534375,
        0.5175,
        0.471875,
        0.48625,
        0.56625,
        0.54375,
        0.564375,
        0.556875,
        0.494375,
        0.468125,
        0.493125,
        0.543125,
        0.493125,
        0.516875,
        0.509375,
        0.52,
        0.510625,
        0.518125,
        0.52125,
        0.504375,
        0.4775,
        0.510625,
        0.526875,
        0.505,
        0.456875
    ]
}