{
    "train_loss": [
        0.5313108600171278,
        0.5099757326246923,
        0.5045963640862364,
        0.4978722816075736,
        0.4940664869175371,
        0.49386380378631395,
        0.48828342072362824,
        0.4879335307978033,
        0.48289393433710426,
        0.4813290552556676,
        0.47871632987083135,
        0.4751105433718622,
        0.4750125130340659,
        0.47120301845435525,
        0.4695118432687873,
        0.4658711532428659,
        0.466002690194422,
        0.4676152310639539,
        0.46339540195658924,
        0.46193746196706764,
        0.4598101535786781,
        0.4571943778978777,
        0.45721370720766424,
        0.45668906050161295,
        0.45561300323099946,
        0.4559352917642128,
        0.4524399390630929,
        0.45383235836416724,
        0.45156827108646796,
        0.4505588517683308,
        0.450355103103126,
        0.4515488060105461,
        0.44666478663763703,
        0.4459871151825277,
        0.44667846659011634,
        0.4442222487878024,
        0.44661566586836887,
        0.4436183860550728,
        0.4440240288976085,
        0.4454733440223425,
        0.4420651602066629,
        0.4439875532375765,
        0.44056365459268976,
        0.44294243941946726,
        0.44165167903027885,
        0.44168888815857854,
        0.44052627509040887,
        0.43852724373179075,
        0.43859207609966194,
        0.43922650975586597,
        0.43681872240330794,
        0.43823051448598466,
        0.44070241897086787,
        0.4370170760203183,
        0.43676792884745247,
        0.43529810047731166,
        0.4351912961217769,
        0.43691081874738863,
        0.4367863965551382,
        0.4366438085551507,
        0.43525873257861875,
        0.4348050574784679,
        0.4334600793556146
    ],
    "val_loss": [
        0.4848359927535057,
        0.47735080629587173,
        0.4757049885392189,
        0.47213330417871474,
        0.46892946392297746,
        0.46939047873020173,
        0.46032520323991777,
        0.4609246200323105,
        0.46235764235258103,
        0.45694298565387725,
        0.45475116729736326,
        0.4549324372410774,
        0.45264503717422483,
        0.44691216439008713,
        0.447008361518383,
        0.4505308970808983,
        0.4499087429046631,
        0.44503696233034135,
        0.4506561499834061,
        0.4502417692542076,
        0.44414492309093473,
        0.4486980593204498,
        0.446983844935894,
        0.44880852580070496,
        0.452350347340107,
        0.4476122531294823,
        0.4511991229653358,
        0.44831737369298935,
        0.4452885973453522,
        0.4398567062616348,
        0.44066097915172575,
        0.4483715650439262,
        0.44072078585624697,
        0.44050234735012056,
        0.43692721754312513,
        0.44335961490869524,
        0.4582280972599983,
        0.4400148981809616,
        0.44640004754066465,
        0.4393471857905388,
        0.4347774922847748,
        0.4409852510690689,
        0.43182803988456725,
        0.4421586757898331,
        0.44353609770536423,
        0.43877262830734254,
        0.4330462056398392,
        0.4361008420586586,
        0.4355853644013405,
        0.43862826734781263,
        0.4443895450234413,
        0.4392757213115692,
        0.447776195704937,
        0.43762155532836916,
        0.4440014332532883,
        0.4468561089038849,
        0.4474998137354851,
        0.439985032081604,
        0.44127742350101473,
        0.44057773411273954,
        0.4511702936887741,
        0.45147480368614196,
        0.4462904128432274
    ],
    "val_accuracy": [
        0.57625,
        0.601875,
        0.60375,
        0.618125,
        0.6225,
        0.63125,
        0.635,
        0.634375,
        0.62875,
        0.6325,
        0.631875,
        0.631875,
        0.634375,
        0.63125,
        0.634375,
        0.64125,
        0.644375,
        0.643125,
        0.6475,
        0.655,
        0.651875,
        0.655,
        0.65875,
        0.65125,
        0.66125,
        0.659375,
        0.653125,
        0.6525,
        0.655625,
        0.66375,
        0.65125,
        0.66,
        0.65125,
        0.650625,
        0.653125,
        0.651875,
        0.643125,
        0.6525,
        0.654375,
        0.65375,
        0.65625,
        0.658125,
        0.6525,
        0.649375,
        0.65125,
        0.655625,
        0.655625,
        0.65125,
        0.654375,
        0.655,
        0.65375,
        0.65625,
        0.65375,
        0.653125,
        0.650625,
        0.649375,
        0.6525,
        0.650625,
        0.6525,
        0.655625,
        0.64625,
        0.645,
        0.645
    ]
}