{
    "0": {
        "precision": 0.3009118541033435,
        "recall": 0.825,
        "f1-score": 0.44097995545657015,
        "support": 240.0
    },
    "1": {
        "precision": 0.704225352112676,
        "recall": 0.17857142857142858,
        "f1-score": 0.2849002849002849,
        "support": 560.0
    },
    "accuracy": 0.3725,
    "macro avg": {
        "precision": 0.5025686031080098,
        "recall": 0.5017857142857143,
        "f1-score": 0.3629401201784275,
        "support": 800.0
    },
    "weighted avg": {
        "precision": 0.5832313027098762,
        "recall": 0.3725,
        "f1-score": 0.33172418606717047,
        "support": 800.0
    }
}