{
    "0": {
        "precision": 0.48063380281690143,
        "recall": 0.7583333333333333,
        "f1-score": 0.5883620689655172,
        "support": 360.0
    },
    "1": {
        "precision": 0.625,
        "recall": 0.32954545454545453,
        "f1-score": 0.43154761904761907,
        "support": 440.0
    },
    "accuracy": 0.5225,
    "macro avg": {
        "precision": 0.5528169014084507,
        "recall": 0.543939393939394,
        "f1-score": 0.5099548440065682,
        "support": 800.0
    },
    "weighted avg": {
        "precision": 0.5600352112676056,
        "recall": 0.5225,
        "f1-score": 0.5021141215106733,
        "support": 800.0
    }
}