{
    "0": {
        "precision": 0.418848167539267,
        "recall": 0.25,
        "f1-score": 0.3131115459882583,
        "support": 320.0
    },
    "1": {
        "precision": 0.6059113300492611,
        "recall": 0.76875,
        "f1-score": 0.6776859504132231,
        "support": 480.0
    },
    "accuracy": 0.56125,
    "macro avg": {
        "precision": 0.5123797487942641,
        "recall": 0.509375,
        "f1-score": 0.4953987482007407,
        "support": 800.0
    },
    "weighted avg": {
        "precision": 0.5310860650452635,
        "recall": 0.56125,
        "f1-score": 0.5318561886432371,
        "support": 800.0
    }
}