{
    "0": {
        "precision": 0.2693069306930693,
        "recall": 0.68,
        "f1-score": 0.38581560283687943,
        "support": 200.0
    },
    "1": {
        "precision": 0.7830508474576271,
        "recall": 0.385,
        "f1-score": 0.5162011173184358,
        "support": 600.0
    },
    "accuracy": 0.45875,
    "macro avg": {
        "precision": 0.5261788890753483,
        "recall": 0.5325,
        "f1-score": 0.4510083600776576,
        "support": 800.0
    },
    "weighted avg": {
        "precision": 0.6546148682664876,
        "recall": 0.45875,
        "f1-score": 0.48360473869804665,
        "support": 800.0
    }
}