{
    "0": {
        "precision": 0.25933609958506226,
        "recall": 0.625,
        "f1-score": 0.36656891495601174,
        "support": 200.0
    },
    "1": {
        "precision": 0.7641509433962265,
        "recall": 0.405,
        "f1-score": 0.5294117647058824,
        "support": 600.0
    },
    "accuracy": 0.46,
    "macro avg": {
        "precision": 0.5117435214906444,
        "recall": 0.515,
        "f1-score": 0.44799033983094705,
        "support": 800.0
    },
    "weighted avg": {
        "precision": 0.6379472324434354,
        "recall": 0.46,
        "f1-score": 0.48870105226841465,
        "support": 800.0
    }
}