{
    "0": {
        "precision": 0.43278688524590164,
        "recall": 0.7764705882352941,
        "f1-score": 0.5557894736842105,
        "support": 340.0
    },
    "1": {
        "precision": 0.6,
        "recall": 0.24782608695652175,
        "f1-score": 0.3507692307692308,
        "support": 460.0
    },
    "accuracy": 0.4725,
    "macro avg": {
        "precision": 0.5163934426229508,
        "recall": 0.5121483375959079,
        "f1-score": 0.45327935222672067,
        "support": 800.0
    },
    "weighted avg": {
        "precision": 0.5289344262295081,
        "recall": 0.4725,
        "f1-score": 0.43790283400809715,
        "support": 800.0
    }
}