{
    "0": {
        "precision": 0.3902439024390244,
        "recall": 0.06666666666666667,
        "f1-score": 0.11387900355871886,
        "support": 240.0
    },
    "1": {
        "precision": 0.7048748353096179,
        "recall": 0.9553571428571429,
        "f1-score": 0.8112206216830933,
        "support": 560.0
    },
    "accuracy": 0.68875,
    "macro avg": {
        "precision": 0.5475593688743212,
        "recall": 0.5110119047619048,
        "f1-score": 0.46254981262090605,
        "support": 800.0
    },
    "weighted avg": {
        "precision": 0.61048555544844,
        "recall": 0.68875,
        "f1-score": 0.6020181362457809,
        "support": 800.0
    }
}