{
    "0": {
        "precision": 0.5666666666666667,
        "recall": 0.0425,
        "f1-score": 0.07906976744186046,
        "support": 400.0
    },
    "1": {
        "precision": 0.5025974025974026,
        "recall": 0.9675,
        "f1-score": 0.6615384615384615,
        "support": 400.0
    },
    "accuracy": 0.505,
    "macro avg": {
        "precision": 0.5346320346320346,
        "recall": 0.505,
        "f1-score": 0.370304114490161,
        "support": 800.0
    },
    "weighted avg": {
        "precision": 0.5346320346320347,
        "recall": 0.505,
        "f1-score": 0.370304114490161,
        "support": 800.0
    }
}