{
    "0": {
        "precision": 0.4652567975830816,
        "recall": 0.42777777777777776,
        "f1-score": 0.44573082489146165,
        "support": 360.0
    },
    "1": {
        "precision": 0.5607675906183369,
        "recall": 0.5977272727272728,
        "f1-score": 0.5786578657865786,
        "support": 440.0
    },
    "accuracy": 0.52125,
    "macro avg": {
        "precision": 0.5130121941007093,
        "recall": 0.5127525252525252,
        "f1-score": 0.5121943453390201,
        "support": 800.0
    },
    "weighted avg": {
        "precision": 0.517787733752472,
        "recall": 0.52125,
        "f1-score": 0.518840697383776,
        "support": 800.0
    }
}