{
    "0": {
        "precision": 0.4978165938864629,
        "recall": 0.57,
        "f1-score": 0.5314685314685315,
        "support": 400.0
    },
    "1": {
        "precision": 0.49707602339181284,
        "recall": 0.425,
        "f1-score": 0.4582210242587601,
        "support": 400.0
    },
    "accuracy": 0.4975,
    "macro avg": {
        "precision": 0.49744630863913786,
        "recall": 0.49749999999999994,
        "f1-score": 0.4948447778636458,
        "support": 800.0
    },
    "weighted avg": {
        "precision": 0.49744630863913786,
        "recall": 0.4975,
        "f1-score": 0.4948447778636458,
        "support": 800.0
    }
}