{
    "train_loss": [
        0.4905101287842803,
        0.4325628942703899,
        0.39757603108254164,
        0.36652265693442226,
        0.33905705190283336,
        0.31508232958080395,
        0.2972341304338431,
        0.27388482466968805,
        0.25143848060932844,
        0.23072655278922133,
        0.21187589630358833,
        0.19933020090880776,
        0.18795090310181242,
        0.174606551003607,
        0.1628402705905558,
        0.14836507239516525,
        0.14807374380088809,
        0.1388576816343054,
        0.1345530055494751,
        0.12665118375313683,
        0.11392956622777986,
        0.11822531199404962,
        0.11478681904794294,
        0.10514823623976124,
        0.09132645331040214,
        0.09454838701677096,
        0.08600806663370837,
        0.09364985185184119,
        0.08328732885695396,
        0.07979080562365835,
        0.07648692275338535,
        0.0683930041543542,
        0.06977969651475927,
        0.07389770413234138,
        0.07023036795302848,
        0.06380881481501371,
        0.06346654639685456,
        0.06253452971184681,
        0.05662638507586931,
        0.05784780904257725,
        0.052581257261493035,
        0.04933908213527268,
        0.04770481128064829,
        0.04665753989822314,
        0.0528755309954207,
        0.056134835021169505
    ],
    "val_loss": [
        0.4705811718219443,
        0.4736885352979732,
        0.4370590757720078,
        0.4729598038181474,
        0.4513060573158385,
        0.4509197349035287,
        0.45311350545173956,
        0.4403140781612336,
        0.4309321372192117,
        0.4331850791467896,
        0.4273094358512118,
        0.47430227008424225,
        0.4534753912800475,
        0.4494918406575541,
        0.4210589760089222,
        0.4439349484783185,
        0.42248442599290537,
        0.42680643395155293,
        0.4317100645997856,
        0.4316453846006454,
        0.42242341158510766,
        0.4231795610129079,
        0.42720706062980845,
        0.4430797147222712,
        0.44197651178021974,
        0.4112561694051646,
        0.42543255716939515,
        0.4278256713023669,
        0.4157725369817094,
        0.4166190322441391,
        0.4276990574560588,
        0.42647000449367717,
        0.431705193051809,
        0.4198825664912598,
        0.4456061870802807,
        0.43796206029910073,
        0.41717901825904846,
        0.42249875449681584,
        0.41658651121432266,
        0.41525950980714604,
        0.42614341725276994,
        0.42964091661232934,
        0.4344141721914086,
        0.4314342775865446,
        0.4248104312374622,
        0.4244323010214522
    ],
    "val_accuracy": [
        0.5617088607594937,
        0.5803006329113924,
        0.6194620253164557,
        0.5957278481012658,
        0.5988924050632911,
        0.5723892405063291,
        0.5747626582278481,
        0.5901898734177216,
        0.6020569620253164,
        0.6024525316455697,
        0.6111550632911392,
        0.5352056962025317,
        0.5644778481012658,
        0.5751582278481012,
        0.6056170886075949,
        0.5751582278481012,
        0.5992879746835443,
        0.603243670886076,
        0.5850474683544303,
        0.5858386075949367,
        0.6024525316455697,
        0.5945411392405063,
        0.596123417721519,
        0.5727848101265823,
        0.5680379746835443,
        0.6068037974683544,
        0.591376582278481,
        0.5795094936708861,
        0.6075949367088608,
        0.6064082278481012,
        0.591376582278481,
        0.5893987341772152,
        0.5803006329113924,
        0.5925632911392406,
        0.5688291139240507,
        0.5755537974683544,
        0.5921677215189873,
        0.5886075949367089,
        0.5945411392405063,
        0.5977056962025317,
        0.5858386075949367,
        0.5763449367088608,
        0.5775316455696202,
        0.5731803797468354,
        0.5826740506329114,
        0.5830696202531646
    ]
}