{
    "train_loss": [
        0.49129096189128696,
        0.43638036258613006,
        0.40043835467678585,
        0.36883888352772354,
        0.3366603845974061,
        0.3067392259836197,
        0.2834247211740993,
        0.253786017120136,
        0.2386792387797611,
        0.21721420704312466,
        0.20506684496244298,
        0.191360972507342,
        0.1791992016403861,
        0.16247395008708101,
        0.15549227953711642,
        0.14945550174118347,
        0.1358668298346584,
        0.12279015080020901,
        0.13437024254021765,
        0.12219608311820382,
        0.11662376903484768,
        0.10410369459916896,
        0.10534040414126991,
        0.09599050266848963,
        0.09595984346252956,
        0.09130435106089095,
        0.08922083219631186,
        0.08855210607360561,
        0.08591678219882748,
        0.07667496458151798,
        0.0695919405103107,
        0.07137100090457417,
        0.10058100797817551,
        0.07464285454622427,
        0.06032499243831459,
        0.05474716878421448,
        0.060097388589149536,
        0.05811872006735847,
        0.05753914878275324,
        0.058218824987610183,
        0.05249462583994312,
        0.050950955444326006,
        0.052240853268605995,
        0.056963977352853565,
        0.049301587984374555,
        0.046391985159100105,
        0.045476002750313105,
        0.04922469028267805,
        0.04780733653929729,
        0.0454500382942961,
        0.043116709441418134,
        0.04359053099284318,
        0.04250134280312979
    ],
    "val_loss": [
        0.45689824713936333,
        0.44533187697959853,
        0.4572016864637785,
        0.4470538045220737,
        0.43376893484139745,
        0.46411328376093997,
        0.4495887115031858,
        0.4347999622172947,
        0.42994700617428067,
        0.4362003231727624,
        0.42997437074214595,
        0.4351403998045982,
        0.43507502756164046,
        0.43144027794463724,
        0.44146328155375736,
        0.4656166361668442,
        0.44549908177762093,
        0.45757397594331184,
        0.4354234072792379,
        0.4383803230674961,
        0.42593202598487273,
        0.439298191496843,
        0.45663022910115086,
        0.4377458419037771,
        0.42997031988976875,
        0.4530723434460314,
        0.42508777796844893,
        0.43703147354005256,
        0.4167396384703962,
        0.4369106388921979,
        0.4320835250465176,
        0.4504042156512224,
        0.41606815300787553,
        0.4361274696037739,
        0.4378776716280587,
        0.4383947646504716,
        0.43055378947454165,
        0.4363681211878982,
        0.4473012786688684,
        0.4269689381877078,
        0.43384447307149065,
        0.4247093155414243,
        0.4697851475469674,
        0.4333202385261089,
        0.4499505654543261,
        0.45004282976630366,
        0.4357282865462424,
        0.43761608735481394,
        0.4423689106597176,
        0.4265011668771128,
        0.4437508696242224,
        0.4425136395081689,
        0.4227129679314698
    ],
    "val_accuracy": [
        0.5803006329113924,
        0.6020569620253164,
        0.5850474683544303,
        0.6064082278481012,
        0.615506329113924,
        0.5858386075949367,
        0.5870253164556962,
        0.6107594936708861,
        0.603243670886076,
        0.6159018987341772,
        0.6064082278481012,
        0.5941455696202531,
        0.6036392405063291,
        0.6068037974683544,
        0.5787183544303798,
        0.5621044303797469,
        0.5795094936708861,
        0.5585443037974683,
        0.5953322784810127,
        0.584256329113924,
        0.5977056962025317,
        0.5834651898734177,
        0.569620253164557,
        0.5803006329113924,
        0.5886075949367089,
        0.5632911392405063,
        0.5909810126582279,
        0.5878164556962026,
        0.598496835443038,
        0.5767405063291139,
        0.5814873417721519,
        0.5656645569620253,
        0.6024525316455697,
        0.5771360759493671,
        0.5791139240506329,
        0.571993670886076,
        0.5882120253164557,
        0.5838607594936709,
        0.5640822784810127,
        0.5901898734177216,
        0.5763449367088608,
        0.591376582278481,
        0.5316455696202531,
        0.5803006329113924,
        0.5565664556962026,
        0.5565664556962026,
        0.5727848101265823,
        0.571993670886076,
        0.567246835443038,
        0.5830696202531646,
        0.5708069620253164,
        0.5692246835443038,
        0.5893987341772152
    ]
}