{
    "0": {
        "precision": 0.5788253477588872,
        "recall": 0.5883739198743126,
        "f1-score": 0.5835605765485002,
        "support": 1273.0
    },
    "1": {
        "precision": 0.5753646677471637,
        "recall": 0.5657370517928287,
        "f1-score": 0.5705102450783447,
        "support": 1255.0
    },
    "accuracy": 0.5771360759493671,
    "macro avg": {
        "precision": 0.5770950077530255,
        "recall": 0.5770554858335707,
        "f1-score": 0.5770354108134225,
        "support": 2528.0
    },
    "weighted avg": {
        "precision": 0.5771073282119279,
        "recall": 0.5771360759493671,
        "f1-score": 0.5770818716453969,
        "support": 2528.0
    }
}