{
    "train_loss": [
        0.3893922285901176,
        0.36138667037457595,
        0.35507612279903744,
        0.35163103927064826,
        0.3476742666076731,
        0.3457863687733073,
        0.3443078319599599,
        0.34226399862471923,
        0.3421524562585501,
        0.34073487310497846,
        0.33979065587491164,
        0.33976183942070715,
        0.3384710947672526,
        0.3381134784883923,
        0.33780422199655463,
        0.33711722769119123,
        0.3371813547464065,
        0.3366583009928833,
        0.3368356310658985,
        0.3364508621118687,
        0.33622903569980905,
        0.3360787587769238,
        0.3356511933200153,
        0.336101742990223,
        0.33570840973177074,
        0.33534263092794536,
        0.33545108378669364,
        0.33560576464658903,
        0.33543446549662836,
        0.335414559016993,
        0.3353448629747202,
        0.3351089295781689,
        0.33532338745800067,
        0.33483404252264237,
        0.3352170654653031,
        0.3351506550370911,
        0.3354243637970936,
        0.3349014150875586,
        0.3349078777763579,
        0.33496567570132973,
        0.33479003847381217,
        0.33468049856615656,
        0.3348227443150532,
        0.3345449395753719,
        0.33444364184950603,
        0.333565777098691
    ],
    "val_loss": [
        0.35099960422074356,
        0.3457180658976237,
        0.34275385516661183,
        0.3421592497163349,
        0.341116193819929,
        0.34179604439823713,
        0.33777515645380374,
        0.3401319666041268,
        0.33648283227726267,
        0.33648872044351363,
        0.33795127438174355,
        0.3352818798135828,
        0.33580633059695914,
        0.3375435565356855,
        0.3365648372305764,
        0.3361328878888377,
        0.33705929032078497,
        0.33750158493165616,
        0.33582199226926873,
        0.337284117937088,
        0.3356447054280175,
        0.3357122672928704,
        0.33529514019136075,
        0.3349866618712743,
        0.3357208084177088,
        0.33498559340282724,
        0.3365931593709522,
        0.3361656268437703,
        0.33614987410880903,
        0.3350387899963944,
        0.3349933044777976,
        0.3362339437007904,
        0.3353988301974756,
        0.33563134184590093,
        0.33633714472806014,
        0.3371069784517641,
        0.3362300533939291,
        0.33563549595850484,
        0.3368339566168962,
        0.3360202654644295,
        0.3359423307357011,
        0.33592584122110297,
        0.3360816803243425,
        0.3359805742899577,
        0.3373984357825032,
        0.3361350386231034
    ],
    "val_accuracy": [
        0.33101851851851855,
        0.35300925925925924,
        0.35532407407407407,
        0.33912037037037035,
        0.3194444444444444,
        0.3113425925925926,
        0.33564814814814814,
        0.35185185185185186,
        0.3449074074074074,
        0.3298611111111111,
        0.35300925925925924,
        0.3587962962962963,
        0.3402777777777778,
        0.32175925925925924,
        0.31828703703703703,
        0.34837962962962965,
        0.3368055555555556,
        0.36574074074074076,
        0.3599537037037037,
        0.36921296296296297,
        0.37037037037037035,
        0.3738425925925926,
        0.36226851851851855,
        0.3576388888888889,
        0.3726851851851852,
        0.3923611111111111,
        0.3773148148148148,
        0.36226851851851855,
        0.36689814814814814,
        0.41203703703703703,
        0.3993055555555556,
        0.34837962962962965,
        0.3414351851851852,
        0.3402777777777778,
        0.3368055555555556,
        0.41435185185185186,
        0.4050925925925926,
        0.3541666666666667,
        0.36689814814814814,
        0.33796296296296297,
        0.375,
        0.39814814814814814,
        0.36921296296296297,
        0.38078703703703703,
        0.3402777777777778,
        0.3900462962962963
    ]
}