{
    "train_loss": [
        0.3945189416408539,
        0.37304028151211915,
        0.36753545370366836,
        0.3628477606876397,
        0.360313621936021,
        0.35731659296118184,
        0.3550267594831961,
        0.35381400695553533,
        0.3511171918592335,
        0.3497269911530577,
        0.3458356310923894,
        0.3442629047749955,
        0.3429986148336787,
        0.3414520628658342,
        0.3409371519530261,
        0.33999531504548625,
        0.33925483624140423,
        0.3382582703122386,
        0.33830520786620955,
        0.33737561640180186,
        0.33636319434937134,
        0.3362420810225569,
        0.3357743775403058,
        0.33445096052723167,
        0.33414554172827876,
        0.32995911843982745,
        0.32685317632592753,
        0.3260708232352763,
        0.32493546200387274,
        0.3231115909638228,
        0.32041570838586786,
        0.31800504617485,
        0.31714824863054136,
        0.31507724836284734,
        0.31230465782645306
    ],
    "val_loss": [
        0.3613224057135759,
        0.35145768854353165,
        0.3548378033770455,
        0.3456656149140111,
        0.3501265545686086,
        0.3493145262753522,
        0.34962831879103623,
        0.3460748101826067,
        0.345873616359852,
        0.343078241304115,
        0.3418352708772377,
        0.344025116275858,
        0.3421908650133345,
        0.3412575451312242,
        0.33917121478804835,
        0.34171487722131944,
        0.34105815876413276,
        0.33994317220316994,
        0.34001035436435983,
        0.33978703893997053,
        0.34314093987147015,
        0.34203287296824986,
        0.34117713625784274,
        0.34321704341305626,
        0.34757895326172866,
        0.3494768793936129,
        0.3482954993292137,
        0.3506525291336907,
        0.35038987298806507,
        0.35339838045614735,
        0.352174147411629,
        0.3569399157056102,
        0.3566016278885029,
        0.36363611839435717,
        0.36663530159879615
    ],
    "val_accuracy": [
        0.3425925925925926,
        0.3414351851851852,
        0.32523148148148145,
        0.3159722222222222,
        0.34375,
        0.3148148148148148,
        0.3055555555555556,
        0.33217592592592593,
        0.34375,
        0.35532407407407407,
        0.38310185185185186,
        0.3460648148148148,
        0.4085648148148148,
        0.3888888888888889,
        0.41782407407407407,
        0.3738425925925926,
        0.40625,
        0.38078703703703703,
        0.41087962962962965,
        0.42824074074074076,
        0.4097222222222222,
        0.4050925925925926,
        0.3958333333333333,
        0.3854166666666667,
        0.4097222222222222,
        0.4027777777777778,
        0.3958333333333333,
        0.38310185185185186,
        0.3784722222222222,
        0.38657407407407407,
        0.3888888888888889,
        0.38425925925925924,
        0.4085648148148148,
        0.3784722222222222,
        0.3854166666666667
    ]
}