{
    "0.0": {
        "precision": 0.3516483516483517,
        "recall": 0.35555555555555557,
        "f1-score": 0.35359116022099446,
        "support": 270.0
    },
    "1.0": {
        "precision": 0.41825095057034223,
        "recall": 0.3716216216216216,
        "f1-score": 0.3935599284436494,
        "support": 296.0
    },
    "2.0": {
        "precision": 0.4817073170731707,
        "recall": 0.5302013422818792,
        "f1-score": 0.5047923322683706,
        "support": 298.0
    },
    "accuracy": 0.4212962962962963,
    "macro avg": {
        "precision": 0.41720220643062156,
        "recall": 0.41912617315301876,
        "f1-score": 0.41731447364433816,
        "support": 864.0
    },
    "weighted avg": {
        "precision": 0.419324209261205,
        "recall": 0.4212962962962963,
        "f1-score": 0.41943456839694815,
        "support": 864.0
    }
}