{
    "0.0": {
        "precision": 0.31910569105691056,
        "recall": 0.5607142857142857,
        "f1-score": 0.4067357512953368,
        "support": 280.0
    },
    "1.0": {
        "precision": 0.3626373626373626,
        "recall": 0.3574007220216607,
        "f1-score": 0.36,
        "support": 277.0
    },
    "2.0": {
        "precision": 0.5252525252525253,
        "recall": 0.16938110749185667,
        "f1-score": 0.2561576354679803,
        "support": 307.0
    },
    "accuracy": 0.35648148148148145,
    "macro avg": {
        "precision": 0.40233185964893287,
        "recall": 0.36249870507593435,
        "f1-score": 0.34096446225443905,
        "support": 864.0
    },
    "weighted avg": {
        "precision": 0.40631095856366856,
        "recall": 0.35648148148148145,
        "f1-score": 0.3382481533001901,
        "support": 864.0
    }
}