{
    "0": {
        "precision": 0.8709677419354839,
        "recall": 0.2830188679245283,
        "f1-score": 0.4272151898734177,
        "support": 477.0
    },
    "1": {
        "precision": 0.09762532981530343,
        "recall": 0.6491228070175439,
        "f1-score": 0.16972477064220184,
        "support": 57.0
    },
    "accuracy": 0.32209737827715357,
    "macro avg": {
        "precision": 0.4842965358753937,
        "recall": 0.46607083747103606,
        "f1-score": 0.2984699802578098,
        "support": 534.0
    },
    "weighted avg": {
        "precision": 0.7884199563720938,
        "recall": 0.32209737827715357,
        "f1-score": 0.39973025748356883,
        "support": 534.0
    }
}