{
    "0": {
        "precision": 0.0,
        "recall": 0.0,
        "f1-score": 0.0,
        "support": 477.0
    },
    "1": {
        "precision": 0.10674157303370786,
        "recall": 1.0,
        "f1-score": 0.19289340101522842,
        "support": 57.0
    },
    "accuracy": 0.10674157303370786,
    "macro avg": {
        "precision": 0.05337078651685393,
        "recall": 0.5,
        "f1-score": 0.09644670050761421,
        "support": 534.0
    },
    "weighted avg": {
        "precision": 0.01139376341371039,
        "recall": 0.10674157303370786,
        "f1-score": 0.020589745052187303,
        "support": 534.0
    }
}