{
    "0": {
        "precision": 0.9004739336492891,
        "recall": 0.7966457023060797,
        "f1-score": 0.8453837597330367,
        "support": 477.0
    },
    "1": {
        "precision": 0.13392857142857142,
        "recall": 0.2631578947368421,
        "f1-score": 0.17751479289940827,
        "support": 57.0
    },
    "accuracy": 0.7397003745318352,
    "macro avg": {
        "precision": 0.5172012525389302,
        "recall": 0.5299017985214609,
        "f1-score": 0.5114492763162225,
        "support": 534.0
    },
    "weighted avg": {
        "precision": 0.8186516758841562,
        "recall": 0.7397003745318352,
        "f1-score": 0.7740943756328179,
        "support": 534.0
    }
}