{
    "0": {
        "precision": 0.9120234604105572,
        "recall": 0.6519916142557652,
        "f1-score": 0.7603911980440098,
        "support": 477.0
    },
    "1": {
        "precision": 0.13989637305699482,
        "recall": 0.47368421052631576,
        "f1-score": 0.216,
        "support": 57.0
    },
    "accuracy": 0.6329588014981273,
    "macro avg": {
        "precision": 0.525959916733776,
        "recall": 0.5628379123910405,
        "f1-score": 0.4881955990220049,
        "support": 534.0
    },
    "weighted avg": {
        "precision": 0.8296054005245027,
        "recall": 0.6329588014981273,
        "f1-score": 0.7022820252190873,
        "support": 534.0
    }
}