{
    "0": {
        "precision": 0.8632478632478633,
        "recall": 0.21174004192872117,
        "f1-score": 0.3400673400673401,
        "support": 477.0
    },
    "1": {
        "precision": 0.09832134292565947,
        "recall": 0.7192982456140351,
        "f1-score": 0.1729957805907173,
        "support": 57.0
    },
    "accuracy": 0.26591760299625467,
    "macro avg": {
        "precision": 0.4807846030867614,
        "recall": 0.46551914377137815,
        "f1-score": 0.2565315603290287,
        "support": 534.0
    },
    "weighted avg": {
        "precision": 0.7815984032134707,
        "recall": 0.26591760299625467,
        "f1-score": 0.32223385899961066,
        "support": 534.0
    }
}