{
    "0": {
        "precision": 0.8984962406015038,
        "recall": 0.5010482180293501,
        "f1-score": 0.6433378196500673,
        "support": 477.0
    },
    "1": {
        "precision": 0.11194029850746269,
        "recall": 0.5263157894736842,
        "f1-score": 0.18461538461538463,
        "support": 57.0
    },
    "accuracy": 0.5037453183520599,
    "macro avg": {
        "precision": 0.5052182695544832,
        "recall": 0.5136820037515171,
        "f1-score": 0.41397660213272597,
        "support": 534.0
    },
    "weighted avg": {
        "precision": 0.8145380220633758,
        "recall": 0.5037453183520599,
        "f1-score": 0.5943730653486123,
        "support": 534.0
    }
}