{
    "0": {
        "precision": 0.897196261682243,
        "recall": 0.8050314465408805,
        "f1-score": 0.8486187845303867,
        "support": 477.0
    },
    "1": {
        "precision": 0.12264150943396226,
        "recall": 0.22807017543859648,
        "f1-score": 0.15950920245398773,
        "support": 57.0
    },
    "accuracy": 0.7434456928838952,
    "macro avg": {
        "precision": 0.5099188855581026,
        "recall": 0.5165508109897385,
        "f1-score": 0.5040639934921872,
        "support": 534.0
    },
    "weighted avg": {
        "precision": 0.8145190690265276,
        "recall": 0.7434456928838952,
        "f1-score": 0.7750621437469508,
        "support": 534.0
    }
}