{
    "train_loss": [
        0.6651953701789562,
        0.6322536165897663,
        0.6185235724999354,
        0.5861797117269956,
        0.5932830691337585,
        0.5891952267059913,
        0.565352672796983,
        0.5607986014622909,
        0.5572715731767508,
        0.5556913568423345,
        0.5376478108075949,
        0.5489949313493875,
        0.5328916370868683,
        0.5415890739514277,
        0.5335784889184512,
        0.5237520827696873,
        0.5407199217722967,
        0.5145363142857184,
        0.5276252916226021,
        0.5226447385091048,
        0.5122372563068683,
        0.5091035196414361,
        0.5085358404196225,
        0.5151382331664746,
        0.5024342541511242,
        0.5038025310406318,
        0.5133549726926363,
        0.49896106536571794,
        0.49068567569439225,
        0.49123578805189866,
        0.5033730231798612,
        0.4935604219253247,
        0.4903471515728877,
        0.49975741597322315,
        0.4964956379853762,
        0.5045339180872991,
        0.4900292726663443,
        0.4915897855391869,
        0.4876932960290175,
        0.4815119330699627,
        0.4853835225105286,
        0.4832015285125146,
        0.49508491708682134,
        0.4868502158385057,
        0.4817054519286523,
        0.48233860685275154,
        0.4833491788460658,
        0.4790458041888017,
        0.4780165997835306,
        0.4789549226944263,
        0.47089673051467307
    ],
    "val_loss": [
        0.5754959627763548,
        0.5344419221379864,
        0.4889024945337381,
        0.4653492663333665,
        0.5475701253805587,
        0.524739864157207,
        0.5505441587362716,
        0.5351196225009748,
        0.5572827173702752,
        0.4685281141480403,
        0.5149788282700439,
        0.47725717523204747,
        0.5019085438393834,
        0.525945866285865,
        0.49360693524132915,
        0.4583776686618577,
        0.5069831814338912,
        0.47168253250976105,
        0.4970310873060084,
        0.47978996518832534,
        0.5118469582564795,
        0.47434126885969247,
        0.49137302476968336,
        0.5319826336049321,
        0.5022903720834362,
        0.5165966944908028,
        0.48608827679904537,
        0.4789079654572615,
        0.4520868285378413,
        0.511734580815728,
        0.4514536866501196,
        0.5311731571581826,
        0.4914121903590302,
        0.4882516958820286,
        0.46305235642105785,
        0.4859341062716584,
        0.46853135859788353,
        0.5056057652430748,
        0.4858235681234901,
        0.47108599899420095,
        0.5085610320318991,
        0.48904226342243934,
        0.49378650268511987,
        0.504583304497733,
        0.4839429770832631,
        0.566867199406695,
        0.519383418471066,
        0.536976650134841,
        0.5555531311391005,
        0.5612123644174035,
        0.4794466891395512
    ],
    "val_accuracy": [
        0.10955056179775281,
        0.17696629213483145,
        0.6385767790262172,
        0.8117977528089888,
        0.11797752808988764,
        0.21816479400749064,
        0.10861423220973783,
        0.1404494382022472,
        0.11235955056179775,
        0.8314606741573034,
        0.34269662921348315,
        0.7443820224719101,
        0.47097378277153557,
        0.2397003745318352,
        0.5777153558052435,
        0.8398876404494382,
        0.43164794007490637,
        0.7649812734082397,
        0.5393258426966292,
        0.7078651685393258,
        0.41198501872659177,
        0.7303370786516854,
        0.5852059925093633,
        0.2406367041198502,
        0.4868913857677903,
        0.3651685393258427,
        0.6235955056179775,
        0.6554307116104869,
        0.7893258426966292,
        0.42228464419475653,
        0.800561797752809,
        0.30430711610486894,
        0.5646067415730337,
        0.5739700374531835,
        0.700374531835206,
        0.5795880149812734,
        0.6788389513108615,
        0.4700374531835206,
        0.5795880149812734,
        0.650749063670412,
        0.4541198501872659,
        0.5580524344569289,
        0.5421348314606742,
        0.49719101123595505,
        0.5842696629213483,
        0.2200374531835206,
        0.40730337078651685,
        0.34363295880149813,
        0.26779026217228463,
        0.25749063670411987,
        0.5823970037453183
    ]
}