{
    "train_loss": [
        0.6914454313424917,
        0.6245107077635251,
        0.6126104001815502,
        0.5879929978113908,
        0.5793036956053513,
        0.5892818533457242,
        0.5632276392900026,
        0.5574235260486603,
        0.5699266530000247,
        0.542231357556123,
        0.5348457579429333,
        0.546716401210198,
        0.5321750154862037,
        0.5316544817044184,
        0.5338189932016226,
        0.5260356967265789,
        0.5305157826497005,
        0.5188539041922643,
        0.5203632882008186,
        0.5063942996355203,
        0.5252577951321236,
        0.5048238811584619,
        0.5184275576701531,
        0.5201976863237527
    ],
    "val_loss": [
        0.46079167590212466,
        0.3838167355131747,
        0.4025622303806134,
        0.34948884773610245,
        0.4160121163325523,
        0.4457512929368375,
        0.413119135063086,
        0.42289147537146043,
        0.42992645991382317,
        0.39529609813619015,
        0.3874820163890497,
        0.46581125704210197,
        0.45461090554052325,
        0.4514698426225292,
        0.42734630339181245,
        0.4128969961137914,
        0.4393103474111699,
        0.4421216547489166,
        0.4765458351640559,
        0.41941234335970523,
        0.42196891423481614,
        0.4683930695946537,
        0.4310107707087673,
        0.4479847394708377
    ],
    "val_accuracy": [
        0.7846441947565543,
        0.8932584269662921,
        0.8913857677902621,
        0.8932584269662921,
        0.8895131086142322,
        0.8651685393258427,
        0.8913857677902621,
        0.8829588014981273,
        0.8810861423220974,
        0.8913857677902621,
        0.8913857677902621,
        0.7649812734082397,
        0.8127340823970037,
        0.8192883895131086,
        0.8707865168539326,
        0.8792134831460674,
        0.8398876404494382,
        0.8314606741573034,
        0.6619850187265918,
        0.8707865168539326,
        0.8679775280898876,
        0.6928838951310862,
        0.8052434456928839,
        0.7443820224719101
    ]
}