{
    "0": {
        "precision": 0.877906976744186,
        "recall": 0.6331236897274634,
        "f1-score": 0.7356881851400731,
        "support": 477.0
    },
    "1": {
        "precision": 0.07894736842105263,
        "recall": 0.2631578947368421,
        "f1-score": 0.1214574898785425,
        "support": 57.0
    },
    "accuracy": 0.5936329588014981,
    "macro avg": {
        "precision": 0.47842717258261935,
        "recall": 0.44814079223215275,
        "f1-score": 0.4285728375093078,
        "support": 534.0
    },
    "weighted avg": {
        "precision": 0.7926247713613797,
        "recall": 0.5936329588014981,
        "f1-score": 0.6701242345222692,
        "support": 534.0
    }
}