{
    "train_loss": [
        0.5617046956208062,
        0.505770740417943,
        0.4733003128406613,
        0.45410375698064254,
        0.43040659013776683,
        0.41236856094626495,
        0.3957234991349255,
        0.37868987375319596,
        0.3608571973155899,
        0.35247380224573255,
        0.34216146581988793,
        0.33644226445906183,
        0.33388889444824865,
        0.33170479625166455,
        0.3324984898202839,
        0.33076753766829786,
        0.32943083321137284,
        0.3289913337591083,
        0.3289255176073689,
        0.3263570952950126,
        0.32553113685097806,
        0.32600270132487796,
        0.3249380347439617,
        0.32407669227978714,
        0.32311491688026545,
        0.3226803024345854,
        0.32232254832685986,
        0.3223988448959648,
        0.321176137589537,
        0.3206445642087943,
        0.319824805093366,
        0.3199115404952008,
        0.31945002123564975,
        0.3179924035587184,
        0.317495859243545,
        0.3165940368591353,
        0.3176771358794152,
        0.31753134564109814,
        0.3166790409539625,
        0.3156731034632141,
        0.31561555438659517,
        0.31453991159054134,
        0.313857077017575,
        0.31504211458454895,
        0.3143356161755185,
        0.3138950602754802,
        0.31342873096070023,
        0.3135293321653062
    ],
    "val_loss": [
        0.4038836982712817,
        0.35118142170692557,
        0.37430998282646066,
        0.33888409698187416,
        0.3481516584531585,
        0.33292563949058307,
        0.3298043964514092,
        0.324713984087332,
        0.31231783508364835,
        0.3101184361461383,
        0.30708245688409946,
        0.30848240496507334,
        0.30423375385910717,
        0.2995332866462309,
        0.3004233016451793,
        0.2943271082728656,
        0.292411666085471,
        0.2957010858539325,
        0.29568463586159605,
        0.29945355764965514,
        0.2997727930100996,
        0.2948131314409313,
        0.2914174788478595,
        0.2929063141345978,
        0.2896532714366913,
        0.2890249490737915,
        0.2901793613807479,
        0.28740747940184463,
        0.29066745469819255,
        0.28944431245326996,
        0.2905827894139646,
        0.29390758698555963,
        0.28944715968708495,
        0.29019967967004917,
        0.29039188418815387,
        0.2897879214429144,
        0.29069903159319466,
        0.2901978468272223,
        0.2884272283582545,
        0.28947545765940824,
        0.2914990953989883,
        0.28925489000420074,
        0.2911782903012945,
        0.29049381858377316,
        0.29159296937842866,
        0.2911482778058123,
        0.29118310626763017,
        0.29173177680862483
    ],
    "val_accuracy": [
        0.5842696629213483,
        0.5842696629213483,
        0.5842696629213483,
        0.5842696629213483,
        0.5842696629213483,
        0.5842696629213483,
        0.5842696629213483,
        0.5842696629213483,
        0.5842696629213483,
        0.5842696629213483,
        0.5842696629213483,
        0.5833333333333334,
        0.5823970037453183,
        0.5823970037453183,
        0.5795880149812734,
        0.5823970037453183,
        0.5823970037453183,
        0.5823970037453183,
        0.5814606741573034,
        0.5777153558052435,
        0.5786516853932584,
        0.5795880149812734,
        0.5833333333333334,
        0.5814606741573034,
        0.5833333333333334,
        0.5833333333333334,
        0.5814606741573034,
        0.5833333333333334,
        0.5833333333333334,
        0.5814606741573034,
        0.5777153558052435,
        0.5777153558052435,
        0.5814606741573034,
        0.5777153558052435,
        0.5786516853932584,
        0.5814606741573034,
        0.5758426966292135,
        0.5767790262172284,
        0.5842696629213483,
        0.5814606741573034,
        0.5758426966292135,
        0.5795880149812734,
        0.5711610486891385,
        0.5767790262172284,
        0.5646067415730337,
        0.5617977528089888,
        0.5814606741573034,
        0.5749063670411985
    ]
}