{
    "train_loss": [
        0.5683327902447094,
        0.534663776917891,
        0.536467925526879,
        0.5324691886251623,
        0.5198836825110695,
        0.5177440849217502,
        0.5233571101318706,
        0.5103720047257163,
        0.513222412629561,
        0.5206264344128695,
        0.4990266810763966,
        0.4975586555220864,
        0.5105630917982622,
        0.5069699195298282,
        0.5086110711097718,
        0.5008109287782149,
        0.5096292392774062,
        0.514307786659761,
        0.5028987207195975,
        0.5054207590493289,
        0.5030412793159484,
        0.5036739452318711,
        0.5055547074838118,
        0.5110405260866339,
        0.5119312568144365,
        0.4955295264720917,
        0.50723520192233,
        0.4959770961241289,
        0.5038038508458571,
        0.5022017841989344,
        0.49914398951963945,
        0.5077992780642075,
        0.5048027342016047,
        0.5014313611117276,
        0.5033777269450102,
        0.5027682363986969,
        0.4984900490804152,
        0.4942846563729373,
        0.49997631961649114,
        0.494957988912409,
        0.4919914749535647,
        0.49920914606614547,
        0.48639842651107096,
        0.47846740104935387,
        0.47336447618224403,
        0.47894501144235785,
        0.4737653342160312,
        0.4816374220631339,
        0.4799388457428325,
        0.4685424766757271,
        0.4549121634526686,
        0.4531297461553053,
        0.43802581971341914,
        0.45632375532930547,
        0.45656590461730956,
        0.4355295332995328,
        0.43668363419446077,
        0.42463693564588373,
        0.445753229748119,
        0.4332024628465826,
        0.42223704890771346,
        0.41726025234569203,
        0.4036906540393829,
        0.4067984055389057,
        0.40540698224847965,
        0.39991578405553646,
        0.4193044288591905,
        0.40912865021012046,
        0.395923192392696,
        0.39852722070433877
    ],
    "val_loss": [
        0.4717694562215071,
        0.48346349872075595,
        0.4743096099450038,
        0.5027817281392905,
        0.46149226060280435,
        0.4899827617865342,
        0.46379605898490317,
        0.5111653896478506,
        0.5061522112442897,
        0.5383843559485215,
        0.5068728511150067,
        0.5009755450945634,
        0.47412256736021774,
        0.4855022710103255,
        0.4976170847049126,
        0.49076138276320236,
        0.48133115493334255,
        0.461909340436642,
        0.43617082513295685,
        0.49757714775892403,
        0.46155406878544736,
        0.4830046662917504,
        0.4897236819450672,
        0.4996188305891477,
        0.5027814576259027,
        0.45722092114962065,
        0.4621310293674469,
        0.4567802011966705,
        0.4664894278232868,
        0.4736695028268374,
        0.45478660601835985,
        0.4545384741746462,
        0.48576076810176555,
        0.49009324266360355,
        0.4610181276614849,
        0.4655327118360079,
        0.44124028866107645,
        0.4404236357945662,
        0.41579301953315734,
        0.4248630913404318,
        0.3983700481744913,
        0.48659901802356426,
        0.42532263214771565,
        0.36830360155839187,
        0.35530852537888746,
        0.3910672765511733,
        0.35362037603671737,
        0.47892652474916897,
        0.3973267871599931,
        0.33178814695431635,
        0.4199792389686291,
        0.4609036954549643,
        0.3844882593705104,
        0.41441120000985954,
        0.41660958941166215,
        0.4010592935176996,
        0.4139893605158879,
        0.43317810251162603,
        0.3820053178530473,
        0.4022715930755322,
        0.4521919580606314,
        0.4157718887695899,
        0.3483470209516012,
        0.4909408681667768,
        0.5180954887316778,
        0.42583588247115794,
        0.4722472103742453,
        0.4005857277375001,
        0.5070409472172077,
        0.5267401883235344
    ],
    "val_accuracy": [
        0.8908382066276803,
        0.8742690058479532,
        0.8918128654970761,
        0.4171539961013645,
        0.8830409356725146,
        0.8050682261208577,
        0.8879142300194932,
        0.1101364522417154,
        0.15789473684210525,
        0.10623781676413255,
        0.2290448343079922,
        0.4951267056530214,
        0.8898635477582846,
        0.878167641325536,
        0.6286549707602339,
        0.8323586744639376,
        0.8703703703703703,
        0.8888888888888888,
        0.8937621832358674,
        0.6403508771929824,
        0.884990253411306,
        0.8567251461988304,
        0.7807017543859649,
        0.5253411306042886,
        0.4346978557504873,
        0.884990253411306,
        0.884990253411306,
        0.8840155945419104,
        0.8771929824561403,
        0.854775828460039,
        0.8830409356725146,
        0.8830409356725146,
        0.7631578947368421,
        0.6764132553606238,
        0.8615984405458089,
        0.8401559454191033,
        0.8840155945419104,
        0.8752436647173489,
        0.8810916179337231,
        0.854775828460039,
        0.8538011695906432,
        0.5623781676413255,
        0.7241715399610137,
        0.7846003898635477,
        0.7602339181286549,
        0.7261208576998051,
        0.7446393762183235,
        0.5448343079922028,
        0.6861598440545809,
        0.7495126705653021,
        0.631578947368421,
        0.5730994152046783,
        0.6695906432748538,
        0.6423001949317739,
        0.6374269005847953,
        0.6608187134502924,
        0.6325536062378168,
        0.6345029239766082,
        0.6705653021442495,
        0.645224171539961,
        0.5818713450292398,
        0.6432748538011696,
        0.7495126705653021,
        0.543859649122807,
        0.5214424951267057,
        0.6179337231968811,
        0.5526315789473685,
        0.6159844054580896,
        0.5448343079922028,
        0.4980506822612086
    ]
}