{
    "train_loss": [
        0.5954276903135942,
        0.5339930656522808,
        0.5147819671374146,
        0.5076356977962031,
        0.502664174478833,
        0.49836816959599456,
        0.4989103514074099,
        0.4970002028685395,
        0.49477621953528705,
        0.4930014909789114,
        0.4924514588005472,
        0.4895449754330191,
        0.4897949863409642,
        0.4897144916697894,
        0.48871740754140486,
        0.48725225960854257,
        0.48416679264000145,
        0.48568332206347203,
        0.4830857804506132,
        0.48013018138042773,
        0.4805197064386736,
        0.47927381459734225,
        0.47664070808061276,
        0.47649140419936414,
        0.4756723294532535,
        0.47118548089914986,
        0.47083740172409777
    ],
    "val_loss": [
        0.4929715648293495,
        0.5011758270859719,
        0.5108757182955742,
        0.5015439301729202,
        0.48675784707069397,
        0.49082609862089155,
        0.4859900689125061,
        0.5163831001520157,
        0.50297897875309,
        0.5122624352574349,
        0.49790542393922804,
        0.5188390311598777,
        0.5305700743198395,
        0.5074514403939248,
        0.5268545266985893,
        0.5276692429184914,
        0.5298835915327073,
        0.5271749433875084,
        0.5222435352206231,
        0.553177556693554,
        0.5456603932380676,
        0.5368291917443275,
        0.5670247387886047,
        0.5477870547771454,
        0.5423287186026573,
        0.5592147922515869,
        0.5482882073521614
    ],
    "val_accuracy": [
        0.573125,
        0.478125,
        0.425,
        0.476875,
        0.575,
        0.575,
        0.575625,
        0.435,
        0.4675,
        0.45,
        0.495,
        0.445,
        0.43875,
        0.461875,
        0.44125,
        0.441875,
        0.44,
        0.441875,
        0.43625,
        0.434375,
        0.434375,
        0.436875,
        0.43125,
        0.43625,
        0.4325,
        0.434375,
        0.43875
    ]
}