{
    "train_loss": [
        0.5793503484882341,
        0.5299682921112174,
        0.5123888751731651,
        0.5078969818752,
        0.5041955921171916,
        0.5016611849907602,
        0.49963077382728605,
        0.4985940105254107,
        0.4971764197222667,
        0.4973377157555948,
        0.4974670042790989,
        0.49184500533017783,
        0.493669979348041,
        0.4933500381020626,
        0.49022003145206094,
        0.48916808733403094,
        0.4896407382249242,
        0.4885134127839367,
        0.4876879309073533,
        0.48544101907622694,
        0.48555794155391135,
        0.4852612484062072,
        0.48341292994889884,
        0.48382530221254516,
        0.48516407671688805,
        0.4817963042250364,
        0.47888152209101337,
        0.48216351593780044,
        0.4780301893185271,
        0.47964696003363866,
        0.4757302332263772,
        0.4757848896897665,
        0.47689194542051544
    ],
    "val_loss": [
        0.4940084424614906,
        0.4866316321492195,
        0.4930549618601799,
        0.49802605122327803,
        0.5039544555544854,
        0.5129679384827613,
        0.4807242423295975,
        0.4873496013879776,
        0.5031142786145211,
        0.48383380740880966,
        0.48178879886865617,
        0.4836446586251259,
        0.4658135679364204,
        0.4782514426112175,
        0.47470036536455157,
        0.4754916164278984,
        0.46867709219455717,
        0.4770614328980446,
        0.4744707968831062,
        0.47524922996759417,
        0.48131885677576064,
        0.4763509395718575,
        0.4774689587950707,
        0.4762972664833069,
        0.4734105068445206,
        0.47347974419593813,
        0.4707970231771469,
        0.4776194739341736,
        0.47526407599449155,
        0.4855870744585991,
        0.47275614708662034,
        0.4863063871860504,
        0.47884288161993027
    ],
    "val_accuracy": [
        0.5125,
        0.575,
        0.5475,
        0.52375,
        0.494375,
        0.444375,
        0.575625,
        0.50375,
        0.50625,
        0.510625,
        0.5075,
        0.508125,
        0.55375,
        0.511875,
        0.51375,
        0.51625,
        0.545,
        0.52125,
        0.526875,
        0.53,
        0.510625,
        0.515625,
        0.52375,
        0.525,
        0.529375,
        0.530625,
        0.54875,
        0.520625,
        0.530625,
        0.499375,
        0.54875,
        0.508125,
        0.5225
    ]
}