{
    "train_loss": [
        0.5754247599899178,
        0.5247696544421782,
        0.5098472501308021,
        0.5049316101882717,
        0.5041071805402194,
        0.5010553368985062,
        0.5008287926269049,
        0.49709829942572237,
        0.49861602747056744,
        0.4948490315513446,
        0.49396491441691276,
        0.48961437039888733,
        0.4930115663769222,
        0.48923678511735236,
        0.49003745143366334,
        0.48829491868025005,
        0.48811257848202594,
        0.48506913201348617,
        0.4834473767493031,
        0.48363941100121727,
        0.4837423228465094
    ],
    "val_loss": [
        0.49144288450479506,
        0.5008296182751656,
        0.5074271383881569,
        0.496030298769474,
        0.4992028918862343,
        0.5108732315897941,
        0.5080010151863098,
        0.5108671554923058,
        0.5064137110114098,
        0.5044432231783866,
        0.5016488370299339,
        0.5115961781144143,
        0.5056215873360634,
        0.5103600627183914,
        0.507486224770546,
        0.4951527100801468,
        0.5283175125718117,
        0.50456723600626,
        0.5088485154509544,
        0.5151656842231751,
        0.5058521756529808
    ],
    "val_accuracy": [
        0.575,
        0.485,
        0.4325,
        0.53375,
        0.49125,
        0.434375,
        0.445,
        0.439375,
        0.45875,
        0.475625,
        0.49125,
        0.453125,
        0.474375,
        0.468125,
        0.478125,
        0.500625,
        0.435625,
        0.48875,
        0.480625,
        0.469375,
        0.49375
    ]
}