{
    "train_loss": [
        0.5714618378125205,
        0.5259372799260782,
        0.5128878980948783,
        0.5031842161154393,
        0.5023341986286168,
        0.5008516411232476,
        0.4995129012530393,
        0.49847684608827725,
        0.4947017342368565,
        0.4968129759746613,
        0.49572413134397847,
        0.49593983815595655,
        0.4955349538364623,
        0.4938952330094163,
        0.4912434209248807,
        0.48989959625471935,
        0.4866817240594047,
        0.4901764531168017,
        0.4868008200411159,
        0.4859293202436206,
        0.48699539202717274,
        0.4843787521050118,
        0.4860342011076979,
        0.48229709946283017,
        0.4803259102719845,
        0.4831861275257451,
        0.4798611635987711,
        0.4785117221129413,
        0.4777998501932857,
        0.4768164343763106,
        0.4760478776649083,
        0.47666177799058435,
        0.4725844272513791,
        0.4731296946359153
    ],
    "val_loss": [
        0.5015078121423722,
        0.4925929230451584,
        0.509673458635807,
        0.5106778478622437,
        0.5003325429558754,
        0.5100838005542755,
        0.49290862172842026,
        0.4860300949215889,
        0.48823643535375594,
        0.48299563497304915,
        0.4798603129386902,
        0.49556464910507203,
        0.5064232727885246,
        0.4724711373448372,
        0.4766677135229111,
        0.49283304542303086,
        0.4797382578253746,
        0.4776489552855492,
        0.48829667270183563,
        0.4926818209886551,
        0.4806195166707039,
        0.4844837033748627,
        0.4746587485074997,
        0.4753072473406792,
        0.4807524809241295,
        0.48112806648015977,
        0.4821250718832016,
        0.4831020918488502,
        0.48699486821889876,
        0.478390736579895,
        0.4763827919960022,
        0.49133407443761823,
        0.47722716599702836,
        0.4799001893401146
    ],
    "val_accuracy": [
        0.468125,
        0.571875,
        0.424375,
        0.425,
        0.495625,
        0.44,
        0.53125,
        0.574375,
        0.52125,
        0.536875,
        0.548125,
        0.504375,
        0.474375,
        0.553125,
        0.54625,
        0.519375,
        0.535625,
        0.531875,
        0.5175,
        0.515,
        0.526875,
        0.52,
        0.535625,
        0.535,
        0.5225,
        0.51875,
        0.516875,
        0.521875,
        0.51,
        0.529375,
        0.530625,
        0.51125,
        0.52875,
        0.52375
    ]
}