{
    "train_loss": [
        0.5708002251121077,
        0.5233113809239747,
        0.5116285517959311,
        0.5048396408115283,
        0.49941717468128344,
        0.5026876994657634,
        0.5004554102105079,
        0.5017999105229236,
        0.4980606073421417,
        0.4984276705596707,
        0.49536247127274474,
        0.4982770153939134,
        0.49263442547457054,
        0.49486322841136765,
        0.49302514583462537,
        0.49161396699376625,
        0.4918659724073835,
        0.4921910119528818,
        0.4886770457176879,
        0.48945501981542844,
        0.49109906146284377,
        0.48769315516594614,
        0.4858041135686459,
        0.4876050814469852,
        0.4853491159801436,
        0.4844351821016557,
        0.4825458206457667,
        0.48406091867254514,
        0.48450717160312257,
        0.4830032089854231,
        0.48249269394886374
    ],
    "val_loss": [
        0.5045147949457168,
        0.49953587859869003,
        0.5024829933047295,
        0.49956399232149123,
        0.4912469404935837,
        0.4932799446582794,
        0.4871868735551834,
        0.5018668565154075,
        0.48376827508211134,
        0.5124275788664818,
        0.47435382634401324,
        0.48170764684677125,
        0.5071874588727951,
        0.5048462632298469,
        0.48689828395843504,
        0.49933040589094163,
        0.4864643049240112,
        0.5111072611808777,
        0.4790372449159622,
        0.49250401109457015,
        0.49522508680820465,
        0.4949454912543297,
        0.48380531191825865,
        0.4894984921813011,
        0.5066883659362793,
        0.4938246589899063,
        0.4922897991538048,
        0.47832605212926865,
        0.4933815044164658,
        0.502207173705101,
        0.4922405195236206
    ],
    "val_accuracy": [
        0.4475,
        0.484375,
        0.47,
        0.486875,
        0.565,
        0.538125,
        0.569375,
        0.476875,
        0.574375,
        0.45875,
        0.573125,
        0.546875,
        0.48,
        0.484375,
        0.506875,
        0.48125,
        0.510625,
        0.47,
        0.540625,
        0.49625,
        0.494375,
        0.49625,
        0.53125,
        0.51,
        0.481875,
        0.488125,
        0.498125,
        0.549375,
        0.50375,
        0.496875,
        0.504375
    ]
}