{
    "0": {
        "precision": 0.40970350404312667,
        "recall": 0.4470588235294118,
        "f1-score": 0.42756680731364277,
        "support": 340.0
    },
    "1": {
        "precision": 0.5617715617715617,
        "recall": 0.5239130434782608,
        "f1-score": 0.5421822272215973,
        "support": 460.0
    },
    "accuracy": 0.49125,
    "macro avg": {
        "precision": 0.4857375329073442,
        "recall": 0.4854859335038363,
        "f1-score": 0.48487451726762,
        "support": 800.0
    },
    "weighted avg": {
        "precision": 0.4971426372369768,
        "recall": 0.49125,
        "f1-score": 0.4934706737607166,
        "support": 800.0
    }
}