{
    "0": {
        "precision": 0.42792792792792794,
        "recall": 0.27941176470588236,
        "f1-score": 0.33807829181494664,
        "support": 340.0
    },
    "1": {
        "precision": 0.5761245674740484,
        "recall": 0.7239130434782609,
        "f1-score": 0.6416184971098265,
        "support": 460.0
    },
    "accuracy": 0.535,
    "macro avg": {
        "precision": 0.5020262477009881,
        "recall": 0.5016624040920716,
        "f1-score": 0.4898483944623866,
        "support": 800.0
    },
    "weighted avg": {
        "precision": 0.5131409956669473,
        "recall": 0.535,
        "f1-score": 0.5126139098595026,
        "support": 800.0
    }
}