{
    "0": {
        "precision": 0.4520547945205479,
        "recall": 0.09705882352941177,
        "f1-score": 0.15980629539951574,
        "support": 340.0
    },
    "1": {
        "precision": 0.5777166437414031,
        "recall": 0.9130434782608695,
        "f1-score": 0.7076663858466723,
        "support": 460.0
    },
    "accuracy": 0.56625,
    "macro avg": {
        "precision": 0.5148857191309755,
        "recall": 0.5050511508951406,
        "f1-score": 0.433736340623094,
        "support": 800.0
    },
    "weighted avg": {
        "precision": 0.5243103578225395,
        "recall": 0.56625,
        "f1-score": 0.4748258474066308,
        "support": 800.0
    }
}