{
    "0": {
        "precision": 0.3869047619047619,
        "recall": 0.19117647058823528,
        "f1-score": 0.2559055118110236,
        "support": 340.0
    },
    "1": {
        "precision": 0.564873417721519,
        "recall": 0.7760869565217391,
        "f1-score": 0.6538461538461539,
        "support": 460.0
    },
    "accuracy": 0.5275,
    "macro avg": {
        "precision": 0.4758890898131405,
        "recall": 0.4836317135549872,
        "f1-score": 0.45487583282858873,
        "support": 800.0
    },
    "weighted avg": {
        "precision": 0.4892367389993973,
        "recall": 0.5275,
        "f1-score": 0.4847213809812235,
        "support": 800.0
    }
}