{
    "0": {
        "precision": 0.41350210970464135,
        "recall": 0.28823529411764703,
        "f1-score": 0.3396880415944541,
        "support": 340.0
    },
    "1": {
        "precision": 0.5701598579040853,
        "recall": 0.6978260869565217,
        "f1-score": 0.6275659824046921,
        "support": 460.0
    },
    "accuracy": 0.52375,
    "macro avg": {
        "precision": 0.4918309838043633,
        "recall": 0.49303069053708437,
        "f1-score": 0.4836270119995731,
        "support": 800.0
    },
    "weighted avg": {
        "precision": 0.5035803149193216,
        "recall": 0.52375,
        "f1-score": 0.5052178575603409,
        "support": 800.0
    }
}