{
    "0": {
        "precision": 0.46598639455782315,
        "recall": 0.40294117647058825,
        "f1-score": 0.43217665615141954,
        "support": 340.0
    },
    "1": {
        "precision": 0.5988142292490118,
        "recall": 0.658695652173913,
        "f1-score": 0.6273291925465838,
        "support": 460.0
    },
    "accuracy": 0.55,
    "macro avg": {
        "precision": 0.5324003119034175,
        "recall": 0.5308184143222506,
        "f1-score": 0.5297529243490017,
        "support": 800.0
    },
    "weighted avg": {
        "precision": 0.5423623995052567,
        "recall": 0.55,
        "f1-score": 0.5443893645786391,
        "support": 800.0
    }
}