{
    "train_loss": [
        0.5422455307913989,
        0.5190528962670303,
        0.5082188614984838,
        0.49856421496809983,
        0.4885893481533702,
        0.4795308338432777,
        0.47195991815590277,
        0.4631715905375597,
        0.4541905625564296,
        0.4432957035739247,
        0.44174132768700763,
        0.4353374654200019,
        0.42900245131515874,
        0.41779472188251776,
        0.419281779847494,
        0.4154087623444999,
        0.40124388511587933,
        0.40161621839534944,
        0.3915145871115894,
        0.38754621104496284,
        0.3872776735846589,
        0.39311432460459267,
        0.37887926225255175,
        0.3794135640307171,
        0.37277661423857616,
        0.36795529970308627,
        0.36486741616958523,
        0.3687274434217593,
        0.361802839724029,
        0.37043400443181757,
        0.354270840418048,
        0.3589449957376573,
        0.35524650659503004,
        0.3468061393353997,
        0.3526938170921512,
        0.3487317109980234,
        0.3378611749992138,
        0.3435693083012976,
        0.3385342942868791,
        0.3475182323921018,
        0.33764785419150095,
        0.335988838207431,
        0.3372886624278092,
        0.3284194416389233,
        0.3274709807663429,
        0.3346957430606935,
        0.32553307457668024,
        0.3253083050251007,
        0.3271312597321301,
        0.3262625386075276,
        0.3219203020014414,
        0.32085204698690556,
        0.31487182353327914,
        0.32305025047645336,
        0.3189582622632748
    ],
    "val_loss": [
        0.48839566111564636,
        0.4981041738620171,
        0.4808134665855995,
        0.46871217672641463,
        0.44823584052232596,
        0.4080163813554324,
        0.3837331432562608,
        0.3702079048523536,
        0.3866648087134728,
        0.3431287803328954,
        0.3181832369703513,
        0.357149645456901,
        0.3155237066058012,
        0.3078385903858222,
        0.31462360912790666,
        0.3224753490720804,
        0.3303965114057064,
        0.31675184168494663,
        0.3304582175153952,
        0.3072817758871959,
        0.3189249058182423,
        0.31290772557258606,
        0.2845128706728037,
        0.322577696121656,
        0.359752974487268,
        0.3216293173340651,
        0.29371820126588527,
        0.300615184324292,
        0.2914540610347803,
        0.2945373112192521,
        0.2874992047078334,
        0.31370903534384875,
        0.2853812146645326,
        0.3059366946036999,
        0.2769058468250128,
        0.3076966461653893,
        0.31469234354220904,
        0.3060443428846506,
        0.2962806401344446,
        0.2952162005580389,
        0.28821136424174676,
        0.2841385381726118,
        0.3101135951681779,
        0.3003245815061606,
        0.2946323707556495,
        0.29126486491698483,
        0.32366106051665083,
        0.304010808467865,
        0.2965978085135038,
        0.2916945241105098,
        0.32156029398051594,
        0.3111533420590254,
        0.2941874950837631,
        0.3060758695579492,
        0.2885830588925343
    ],
    "val_accuracy": [
        0.6042884990253411,
        0.4873294346978557,
        0.6500974658869396,
        0.6471734892787524,
        0.5906432748538012,
        0.6423001949317739,
        0.6608187134502924,
        0.6832358674463938,
        0.6403508771929824,
        0.7007797270955166,
        0.7309941520467836,
        0.6744639376218323,
        0.7309941520467836,
        0.7241715399610137,
        0.7192982456140351,
        0.7319688109161794,
        0.7037037037037037,
        0.732943469785575,
        0.7066276803118908,
        0.7270955165692008,
        0.7261208576998051,
        0.7173489278752436,
        0.7280701754385965,
        0.7095516569200779,
        0.6920077972709552,
        0.723196881091618,
        0.7212475633528265,
        0.7134502923976608,
        0.7251461988304093,
        0.7358674463937622,
        0.7300194931773879,
        0.7192982456140351,
        0.7319688109161794,
        0.7192982456140351,
        0.7319688109161794,
        0.7115009746588694,
        0.6949317738791423,
        0.7134502923976608,
        0.7261208576998051,
        0.7212475633528265,
        0.7241715399610137,
        0.7241715399610137,
        0.7085769980506823,
        0.7241715399610137,
        0.7076023391812866,
        0.7115009746588694,
        0.682261208576998,
        0.7085769980506823,
        0.7105263157894737,
        0.716374269005848,
        0.6939571150097466,
        0.6939571150097466,
        0.7115009746588694,
        0.702729044834308,
        0.7251461988304093
    ]
}