{
    "train_loss": [
        0.5331142771534804,
        0.5097022334250009,
        0.5061159908771515,
        0.5017458005649288,
        0.49388016389637457,
        0.4913733919946159,
        0.48628594788109386,
        0.4727437773855721,
        0.46834599448413383,
        0.45447767420512875,
        0.454671937081872,
        0.4435813082427513,
        0.4317477596969139,
        0.42466227935581674,
        0.42342067666170075,
        0.4117116768185685,
        0.41743805263100603,
        0.3976126034085343,
        0.39758298934959785,
        0.4012876943844121,
        0.39474601840100637,
        0.39125669591310547,
        0.381506308186345,
        0.3768399990913345,
        0.36933635226110134,
        0.37409449968396163,
        0.37195204750793737,
        0.3629906445014768,
        0.36433132726971695,
        0.363635866089565,
        0.36284839474573366,
        0.3442690886738824,
        0.3485011983571983,
        0.35271043722949375,
        0.3446521075760446,
        0.34680331676471526,
        0.3462551969580534,
        0.3455627199353241,
        0.3434421478248224,
        0.3412279221342831,
        0.3430439785849757,
        0.33314362531755026,
        0.3310869517849713,
        0.32768459014776274,
        0.33631807089578813,
        0.3277113587027643,
        0.3222845031357393,
        0.3243956576033336,
        0.3299461893919038,
        0.33087668135398773,
        0.32549631926344663,
        0.3229167497739559,
        0.32606899505708276,
        0.31837243296024276,
        0.3143397701949608,
        0.3279901481256252,
        0.3162023771826814,
        0.3069657663383135,
        0.31435103638143075,
        0.3166952932026328,
        0.31739579221097436,
        0.3136299499651281,
        0.30387573471156565,
        0.30894214427325783,
        0.3127374267796191,
        0.3115184807559339,
        0.3077870388946882,
        0.30006833214585377,
        0.31247370995399426,
        0.3127145613475544,
        0.30542174068892874
    ],
    "val_loss": [
        0.4936909836072188,
        0.49613378643989564,
        0.4990561531140254,
        0.4905596146216759,
        0.48854572360332194,
        0.47566280731788046,
        0.4165287100351774,
        0.4002144006582407,
        0.3857468687571012,
        0.38413904446821945,
        0.35992984359080976,
        0.3444087668107106,
        0.34108198101703935,
        0.3583040184699572,
        0.3251725964821302,
        0.3420261713174673,
        0.33653191717771386,
        0.34448776359741506,
        0.32349133623334075,
        0.3368089622029891,
        0.3196771555221998,
        0.3180310059052247,
        0.3270412514416071,
        0.32243608247775296,
        0.3233272411502325,
        0.33923232314678337,
        0.31002215009469253,
        0.3076629022566172,
        0.326052669607676,
        0.32081314818217205,
        0.3172655566380574,
        0.32032706233171315,
        0.3298529721223391,
        0.3345156668470456,
        0.33761048454504744,
        0.3197989840347033,
        0.33287336356364766,
        0.3331968467969161,
        0.3104284094503293,
        0.31259779700866114,
        0.2996819598170427,
        0.304997656838252,
        0.30358481699457535,
        0.3129315842802708,
        0.33265694356881653,
        0.3363745671052199,
        0.33336019470141487,
        0.3276586504509816,
        0.3087531540829402,
        0.31823616658265774,
        0.29605512134730816,
        0.3039506299277911,
        0.31112740148718543,
        0.29996075231868485,
        0.3080439595075754,
        0.29632459896115154,
        0.2964367943887527,
        0.31315269028911225,
        0.30816984004699266,
        0.32040093747469095,
        0.3177764931263832,
        0.3205539487875425,
        0.3142963202526936,
        0.3112434829083773,
        0.305833822918626,
        0.3022052875505044,
        0.29915679945395546,
        0.31558638083247037,
        0.3100847556040837,
        0.3100854544685437,
        0.32295843420120385
    ],
    "val_accuracy": [
        0.5955165692007798,
        0.5389863547758285,
        0.46393762183235865,
        0.5292397660818714,
        0.5029239766081871,
        0.543859649122807,
        0.6432748538011696,
        0.6500974658869396,
        0.6695906432748538,
        0.6734892787524367,
        0.6881091617933723,
        0.6978557504873294,
        0.6978557504873294,
        0.6968810916179338,
        0.702729044834308,
        0.6978557504873294,
        0.6900584795321637,
        0.7007797270955166,
        0.7066276803118908,
        0.6754385964912281,
        0.6968810916179338,
        0.7115009746588694,
        0.7017543859649122,
        0.7007797270955166,
        0.7037037037037037,
        0.6890838206627681,
        0.7056530214424951,
        0.7153996101364523,
        0.7241715399610137,
        0.6998050682261209,
        0.702729044834308,
        0.6988304093567251,
        0.6871345029239766,
        0.695906432748538,
        0.6939571150097466,
        0.6939571150097466,
        0.6890838206627681,
        0.6910331384015594,
        0.7085769980506823,
        0.7007797270955166,
        0.7144249512670565,
        0.7037037037037037,
        0.7037037037037037,
        0.7017543859649122,
        0.6920077972709552,
        0.6764132553606238,
        0.6773879142300195,
        0.6988304093567251,
        0.6949317738791423,
        0.7037037037037037,
        0.7134502923976608,
        0.7056530214424951,
        0.7007797270955166,
        0.702729044834308,
        0.6949317738791423,
        0.7066276803118908,
        0.7124756335282652,
        0.6910331384015594,
        0.7017543859649122,
        0.6890838206627681,
        0.6929824561403509,
        0.6871345029239766,
        0.6968810916179338,
        0.6998050682261209,
        0.7037037037037037,
        0.7066276803118908,
        0.7046783625730995,
        0.7007797270955166,
        0.7017543859649122,
        0.6968810916179338,
        0.702729044834308
    ]
}