{
    "0": {
        "precision": 0.6876574307304786,
        "recall": 0.533203125,
        "f1-score": 0.6006600660066007,
        "support": 512.0
    },
    "1": {
        "precision": 0.7296380090497737,
        "recall": 0.8387516254876463,
        "f1-score": 0.7803992740471869,
        "support": 769.0
    },
    "accuracy": 0.7166276346604216,
    "macro avg": {
        "precision": 0.7086477198901262,
        "recall": 0.6859773752438232,
        "f1-score": 0.6905296700268938,
        "support": 1281.0
    },
    "weighted avg": {
        "precision": 0.7128588864116168,
        "recall": 0.7166276346604216,
        "f1-score": 0.7085597154860783,
        "support": 1281.0
    }
}