{
    "0": {
        "precision": 0.6114790286975718,
        "recall": 0.541015625,
        "f1-score": 0.5740932642487047,
        "support": 512.0
    },
    "1": {
        "precision": 0.716183574879227,
        "recall": 0.7711313394018205,
        "f1-score": 0.7426424546023794,
        "support": 769.0
    },
    "accuracy": 0.6791569086651054,
    "macro avg": {
        "precision": 0.6638313017883994,
        "recall": 0.6560734822009102,
        "f1-score": 0.658367859425542,
        "support": 1281.0
    },
    "weighted avg": {
        "precision": 0.6743344510345686,
        "recall": 0.6791569086651054,
        "f1-score": 0.6752754089653135,
        "support": 1281.0
    }
}