{
    "train_loss": [
        0.587425289325839,
        0.5361093678328668,
        0.5182999220650963,
        0.5087440250308579,
        0.5018736709240048,
        0.5041361234247077,
        0.504301542061038,
        0.4984600405158608,
        0.4999203251612412,
        0.500014000367563,
        0.49794621047668236,
        0.49870346258821446,
        0.5004293769814909,
        0.4963601203811568,
        0.49398749073346454,
        0.49400740124426207,
        0.4926894234257494,
        0.4946579134099869,
        0.4920061187712907,
        0.4906652854779922,
        0.4902583884707011,
        0.48768869953384564,
        0.49054723370717257,
        0.49049911128554974,
        0.4869781689612626,
        0.48772212355417977,
        0.4870098704767713,
        0.48262765660903684,
        0.4873600922297182
    ],
    "val_loss": [
        0.5102000664262211,
        0.49346018749124865,
        0.4991693591370302,
        0.509226030812544,
        0.5157255319988027,
        0.4942998602109797,
        0.49818685791071726,
        0.48996927913497473,
        0.4874506943366107,
        0.5165194756844464,
        0.49531762214267955,
        0.514527418683557,
        0.5010923785321852,
        0.5188535381765926,
        0.5065556144013125,
        0.5106416151804083,
        0.5244175034410813,
        0.5070391658474417,
        0.5035480320453644,
        0.5031668901443481,
        0.5096879906514111,
        0.5037384068264681,
        0.5036464543903575,
        0.5132774153176476,
        0.5221325825242435,
        0.5014929659226361,
        0.5119386224185719,
        0.5147618083392873,
        0.5113372946486754
    ],
    "val_accuracy": [
        0.42573529411764705,
        0.5727941176470588,
        0.5544117647058824,
        0.425,
        0.425,
        0.5742647058823529,
        0.5647058823529412,
        0.575,
        0.5742647058823529,
        0.425,
        0.5676470588235294,
        0.42573529411764705,
        0.48455882352941176,
        0.4176470588235294,
        0.45,
        0.42867647058823527,
        0.4294117647058823,
        0.4514705882352941,
        0.47205882352941175,
        0.48308823529411765,
        0.4625,
        0.48308823529411765,
        0.4823529411764706,
        0.44926470588235295,
        0.4411764705882353,
        0.48823529411764705,
        0.47205882352941175,
        0.46176470588235297,
        0.4742647058823529
    ]
}