{
    "train_loss": [
        0.5820489553558428,
        0.528747872190531,
        0.5157003140692454,
        0.5065404660403294,
        0.5045166016058804,
        0.5045480283934303,
        0.501115286324222,
        0.499921169386854,
        0.5008098708663619,
        0.49777925908131715,
        0.5004724013840094,
        0.49618685779092614,
        0.49780544122407183,
        0.49721005684770697,
        0.49644372053715513,
        0.49422028730182843,
        0.4915217790627931,
        0.49273536967051257,
        0.48824549996696703,
        0.49161053410957645,
        0.49167821440287207,
        0.4871284302752438,
        0.4875138038023764,
        0.48716687952240134,
        0.48350629548839086,
        0.4855024957327169,
        0.4844976259718122,
        0.47827995756134023,
        0.47845938033932683,
        0.4765961222252992,
        0.47825001021833574,
        0.475812509721023,
        0.47641251488891057,
        0.4768866360881617,
        0.47395595235769056,
        0.47482702708660773,
        0.4735213127285459,
        0.4710934972485427,
        0.47013751526933917,
        0.4717420762543074,
        0.46578102523062426,
        0.467930857140945,
        0.46713211893861817,
        0.4642927127373791,
        0.465980092467526,
        0.46483018855514135,
        0.4619402900186342,
        0.4607533978669751,
        0.46241612292099554,
        0.46176602512467896,
        0.4603296503142672,
        0.4604631497089519,
        0.4586095501068204
    ],
    "val_loss": [
        0.5029057015390958,
        0.497757122446509,
        0.508789693257388,
        0.5079688012599946,
        0.5058369001921486,
        0.5032829190001769,
        0.5102705001831055,
        0.5033270089065327,
        0.5093739986419678,
        0.5085325416396645,
        0.49690610450856826,
        0.5042557926738963,
        0.49265913893194757,
        0.508695963901632,
        0.5041097637485056,
        0.5094898627084844,
        0.5155647505732144,
        0.5157952897688922,
        0.4896237019230338,
        0.5069264615283293,
        0.5084180919563069,
        0.5164116203784943,
        0.5075190326746772,
        0.5058820801622728,
        0.5220709239735323,
        0.49604413369122674,
        0.5078374052748961,
        0.5022075582953061,
        0.5156324859927682,
        0.49578438997268676,
        0.4890915200990789,
        0.49748436352785896,
        0.48743882319506476,
        0.504201682174907,
        0.51635602256831,
        0.5003924296182745,
        0.49429238087990707,
        0.49744105759788965,
        0.5031304468126858,
        0.49804519134409286,
        0.49897874488550076,
        0.5168647864285637,
        0.5004925903152017,
        0.49643952005049763,
        0.502184399436502,
        0.5021918822737301,
        0.48874352854840897,
        0.5241096657865187,
        0.5049499620409573,
        0.505241572155672,
        0.49921588021166186,
        0.5050161856062272,
        0.5101245943237753
    ],
    "val_accuracy": [
        0.43161764705882355,
        0.5705882352941176,
        0.425,
        0.425,
        0.42573529411764705,
        0.42573529411764705,
        0.425,
        0.4308823529411765,
        0.42573529411764705,
        0.4227941176470588,
        0.5705882352941176,
        0.4441176470588235,
        0.5647058823529412,
        0.4389705882352941,
        0.4485294117647059,
        0.43823529411764706,
        0.4294117647058823,
        0.43529411764705883,
        0.5698529411764706,
        0.4551470588235294,
        0.4522058823529412,
        0.44779411764705884,
        0.45808823529411763,
        0.4713235294117647,
        0.44191176470588234,
        0.5095588235294117,
        0.4661764705882353,
        0.48970588235294116,
        0.45073529411764707,
        0.5088235294117647,
        0.5279411764705882,
        0.5110294117647058,
        0.5323529411764706,
        0.4889705882352941,
        0.46397058823529413,
        0.4919117647058823,
        0.5205882352941177,
        0.513235294117647,
        0.5022058823529412,
        0.5125,
        0.5095588235294117,
        0.47573529411764703,
        0.5007352941176471,
        0.5191176470588236,
        0.5102941176470588,
        0.5022058823529412,
        0.5169117647058824,
        0.46544117647058825,
        0.49779411764705883,
        0.4852941176470588,
        0.5036764705882353,
        0.5044117647058823,
        0.4904411764705882
    ]
}