{
    "train_loss": [
        0.5835815223457165,
        0.5362708248859583,
        0.5149687529911641,
        0.5108112182679655,
        0.505457127458664,
        0.5000040393642636,
        0.503663297650422,
        0.5030705114552722,
        0.5008306217852986,
        0.5009698794485006,
        0.5000239004214257,
        0.5005014617283445,
        0.4976437815412163,
        0.49820019719034997,
        0.49517090690188015,
        0.49435306493371856,
        0.4933587863195411,
        0.49100129265105014,
        0.49140063487806696,
        0.4888847319319779,
        0.4920821017226451,
        0.4872172483971025,
        0.48500655658727476,
        0.48369183507375146,
        0.4829730274375349
    ],
    "val_loss": [
        0.5081824404351851,
        0.5004009222283082,
        0.506502298747792,
        0.506174102600883,
        0.48955363946802477,
        0.5056197411873762,
        0.5030225802870357,
        0.49516666461439696,
        0.5081141082679524,
        0.5024265920414644,
        0.5018575531594893,
        0.49511290297788735,
        0.5094095181016361,
        0.4990355993018431,
        0.5149286207030801,
        0.49563353973276475,
        0.5077352927011602,
        0.5119814711458542,
        0.5192481300410102,
        0.5055811997722177,
        0.5011993558967814,
        0.5083977232961093,
        0.5017576196614434,
        0.5004600770333234,
        0.5035920364015243
    ],
    "val_accuracy": [
        0.43161764705882355,
        0.48308823529411765,
        0.4294117647058823,
        0.4279411764705882,
        0.575,
        0.43014705882352944,
        0.4323529411764706,
        0.5735294117647058,
        0.43014705882352944,
        0.44632352941176473,
        0.4551470588235294,
        0.5625,
        0.43529411764705883,
        0.49779411764705883,
        0.42720588235294116,
        0.5286764705882353,
        0.4455882352941177,
        0.43014705882352944,
        0.43014705882352944,
        0.4455882352941177,
        0.47205882352941175,
        0.44191176470588234,
        0.46838235294117647,
        0.48308823529411765,
        0.46176470588235297
    ]
}