{
    "train_loss": [
        0.5976539768679867,
        0.5355721817960558,
        0.5194499322594166,
        0.5126149531621947,
        0.5072551667256473,
        0.4999953888823025,
        0.5045350259047929,
        0.5021806026997351,
        0.4978055816463681,
        0.49804616664174345,
        0.4985109644425488,
        0.49585333180219326,
        0.49547065922440053,
        0.4973457695094779,
        0.4919868764485161,
        0.49356258062990127,
        0.49428564470581265,
        0.49424430801705327,
        0.4899358597124508,
        0.4890600255049299,
        0.4900779925406066,
        0.48814211957145814,
        0.4852341588754668,
        0.48517635217400096,
        0.48623657230900535,
        0.48261989785420667,
        0.48007358087896435,
        0.47905073311651636,
        0.479957762156685,
        0.47869334947941433,
        0.47705390910567846,
        0.47638073272927184,
        0.47804930988357575,
        0.47405228274704936,
        0.4731934023302542,
        0.4730242381883674,
        0.4729486902121026,
        0.4712531124573781,
        0.4694003892257224,
        0.46951785458053913,
        0.46852578446160587,
        0.4661244771713079,
        0.4683337986382508,
        0.46666244123526884,
        0.46223596280665724,
        0.46570222025528396
    ],
    "val_loss": [
        0.496934322048636,
        0.4933762196232291,
        0.5033155637628892,
        0.5110919801627889,
        0.5070886864381678,
        0.48339271299979264,
        0.49998031328706183,
        0.495347794715096,
        0.4875766901408925,
        0.48750349107910607,
        0.5034279209725997,
        0.49302539054085226,
        0.48736374202896565,
        0.49094199292800006,
        0.4713080469299765,
        0.47535616474993087,
        0.46824631270240336,
        0.47371029888882354,
        0.4809023408328786,
        0.472458416223526,
        0.478697416712256,
        0.4692600471131942,
        0.46834268429700066,
        0.46708208006971025,
        0.47088702636606555,
        0.4647088513654821,
        0.4686705154531142,
        0.46654443565536946,
        0.4695094452184789,
        0.46976154867340536,
        0.4728211350300733,
        0.4720001276801614,
        0.48255521620021147,
        0.4807543940403882,
        0.49493788375574,
        0.4791962378165301,
        0.4778672011459575,
        0.482359321678386,
        0.4823738687178668,
        0.47492184779223273,
        0.48391634541399337,
        0.4830091981326832,
        0.49758374726071075,
        0.48562777217696695,
        0.4834483563899994,
        0.4904578180874095
    ],
    "val_accuracy": [
        0.5264705882352941,
        0.575,
        0.4426470588235294,
        0.4264705882352941,
        0.44485294117647056,
        0.575,
        0.4904411764705882,
        0.5272058823529412,
        0.5727941176470588,
        0.5639705882352941,
        0.4786764705882353,
        0.5161764705882353,
        0.5404411764705882,
        0.5183823529411765,
        0.5602941176470588,
        0.5573529411764706,
        0.5647058823529412,
        0.5580882352941177,
        0.5316176470588235,
        0.5323529411764706,
        0.5411764705882353,
        0.5463235294117647,
        0.55,
        0.5507352941176471,
        0.5441176470588235,
        0.5522058823529412,
        0.5470588235294118,
        0.55,
        0.55,
        0.5448529411764705,
        0.5352941176470588,
        0.5338235294117647,
        0.5161764705882353,
        0.5227941176470589,
        0.5058823529411764,
        0.5095588235294117,
        0.5161764705882353,
        0.5102941176470588,
        0.5191176470588236,
        0.5397058823529411,
        0.5147058823529411,
        0.5176470588235295,
        0.5117647058823529,
        0.5088235294117647,
        0.5095588235294117,
        0.5110294117647058
    ]
}