{
    "0": {
        "precision": 0.5555555555555556,
        "recall": 0.20761245674740483,
        "f1-score": 0.3022670025188917,
        "support": 289.0
    },
    "1": {
        "precision": 0.5996503496503497,
        "recall": 0.8772378516624041,
        "f1-score": 0.7123572170301142,
        "support": 391.0
    },
    "accuracy": 0.5926470588235294,
    "macro avg": {
        "precision": 0.5776029526029527,
        "recall": 0.5424251542049044,
        "f1-score": 0.507312109774503,
        "support": 680.0
    },
    "weighted avg": {
        "precision": 0.5809100621600621,
        "recall": 0.5926470588235294,
        "f1-score": 0.5380688758628447,
        "support": 680.0
    }
}