{
    "0": {
        "precision": 0.8989769820971867,
        "recall": 0.6139737991266375,
        "f1-score": 0.7296315516346653,
        "support": 1145.0
    },
    "1": {
        "precision": 0.116,
        "recall": 0.4233576642335766,
        "f1-score": 0.18210361067503925,
        "support": 137.0
    },
    "accuracy": 0.593603744149766,
    "macro avg": {
        "precision": 0.5074884910485934,
        "recall": 0.5186657316801071,
        "f1-score": 0.45586758115485226,
        "support": 1282.0
    },
    "weighted avg": {
        "precision": 0.8153047148995936,
        "recall": 0.593603744149766,
        "f1-score": 0.671120375416671,
        "support": 1282.0
    }
}