{
    "train_loss": [
        0.5831660267108669,
        0.516814058332491,
        0.5102426576395465,
        0.5023217656477067,
        0.49876033319455754,
        0.49842264954753235,
        0.4966474642638173,
        0.49300574813541864,
        0.493954878219579,
        0.4913648338071094,
        0.4888089811165066,
        0.4903177340361033,
        0.4873204687003898,
        0.48692429647819824,
        0.4856741187568499,
        0.4848175012508099,
        0.4842842255092423,
        0.48362606724036955,
        0.4821037703842074,
        0.47828925501723124,
        0.47910749772952277
    ],
    "val_loss": [
        0.49980076791887934,
        0.5009340452538296,
        0.5030409702184525,
        0.5034110974520445,
        0.5037450660020113,
        0.5046723046424714,
        0.5025868810374629,
        0.503858590667898,
        0.5053312006321821,
        0.5062875595282424,
        0.5043688045645301,
        0.5067004871300675,
        0.5041186201640151,
        0.5049579561772671,
        0.5030161166055636,
        0.5077651620588519,
        0.5055760946124792,
        0.5084172786975448,
        0.5064798950810324,
        0.4998967048119415,
        0.5007559525018389
    ],
    "val_accuracy": [
        0.4989346590909091,
        0.4889914772727273,
        0.4893465909090909,
        0.48828125,
        0.48686079545454547,
        0.4776278409090909,
        0.48046875,
        0.47620738636363635,
        0.4754971590909091,
        0.47407670454545453,
        0.48046875,
        0.4737215909090909,
        0.4904119318181818,
        0.48188920454545453,
        0.49254261363636365,
        0.47691761363636365,
        0.48082386363636365,
        0.47265625,
        0.47514204545454547,
        0.4950284090909091,
        0.48686079545454547
    ]
}