{
    "0": {
        "precision": 0.4282366725248975,
        "recall": 0.48863636363636365,
        "f1-score": 0.45644708086169217,
        "support": 1496.0
    },
    "1": {
        "precision": 0.5780474351902923,
        "recall": 0.5177865612648221,
        "f1-score": 0.5462600990357049,
        "support": 2024.0
    },
    "accuracy": 0.5053977272727272,
    "macro avg": {
        "precision": 0.5031420538575949,
        "recall": 0.5032114624505929,
        "f1-score": 0.5013535899486985,
        "support": 3520.0
    },
    "weighted avg": {
        "precision": 0.5143778610574995,
        "recall": 0.5053977272727272,
        "f1-score": 0.5080895663117496,
        "support": 3520.0
    }
}