{
    "train_loss": [
        0.6139043963724568,
        0.5576454980793425,
        0.5368393177430032,
        0.5176812463599458,
        0.5105139932620614,
        0.5036588848080884,
        0.4941038443492009,
        0.4858471570032702,
        0.4868776654043505,
        0.476400665328757,
        0.4751761119359776,
        0.47229690631625076,
        0.46256131288727226,
        0.4596684943357709,
        0.45464108399954384,
        0.45384253964530624,
        0.4494178448214424,
        0.44860605315002555,
        0.4452149519701454,
        0.44453050473487704,
        0.4399546644380016,
        0.4359926399462868,
        0.4341487832385908,
        0.4355471768686848,
        0.42950385842222727,
        0.42808772745558404,
        0.4251095103862564,
        0.4217389207471985,
        0.42458967206347964,
        0.41832152375068615,
        0.41701956348442853,
        0.41461146687603473,
        0.41502683899982395,
        0.41367042981661284,
        0.413198272029756,
        0.4099799086231156,
        0.40891307115406905,
        0.40666839665278015,
        0.4049231182626696,
        0.40346204069796626,
        0.4035589401020897,
        0.404742594725145,
        0.40175168401106415,
        0.3994901039760107,
        0.39570799255489414,
        0.39882614110450887,
        0.39903607465345275,
        0.3932145693831645,
        0.39485823668114306,
        0.3939404557308843,
        0.3923498134015512,
        0.38933334409007364,
        0.3905341532404902,
        0.3890903204605538,
        0.3903580301304905,
        0.3861059415577067,
        0.3861655606599363,
        0.392080217932649,
        0.3886703246136753,
        0.38533389572026416,
        0.3797459151623563,
        0.38655628400760017,
        0.38543811673414025,
        0.3797879715267541,
        0.3796628190773001,
        0.3788102496942279,
        0.3790364231424355,
        0.37905337814953427,
        0.376023251979286,
        0.37508959898138167,
        0.38277089122507174,
        0.37678205955856786,
        0.3772126429577915,
        0.3735494294178397,
        0.37082158986747116,
        0.37137961365448924,
        0.375143233289198,
        0.37465781761014433,
        0.374287261042938
    ],
    "val_loss": [
        0.4982688515274613,
        0.49539505486135127,
        0.49415531246750444,
        0.4927244669861264,
        0.4876797799710874,
        0.4849077487433398,
        0.4803344276216295,
        0.47529589489654256,
        0.4706757053180977,
        0.4676297035482195,
        0.45841363778820743,
        0.4615747540085404,
        0.46206562165860776,
        0.4477587933893557,
        0.45184844908890903,
        0.44284010176305416,
        0.4428329200656326,
        0.4375146355893877,
        0.43238645990689595,
        0.42963409777040834,
        0.4281059267344298,
        0.42622156893765484,
        0.4274616245870237,
        0.4245993768727338,
        0.4224607543812858,
        0.42215995921028987,
        0.4207858697131828,
        0.42127584097562015,
        0.41607625638997114,
        0.4164379490746392,
        0.4168731818596522,
        0.42039119049354834,
        0.4053623347370713,
        0.4094768675389113,
        0.4008664577095597,
        0.4028598307459443,
        0.406053826102504,
        0.40550620931166187,
        0.40632920022364016,
        0.40138887100749543,
        0.40383741005703255,
        0.40112783864692403,
        0.406468371991758,
        0.4078458735236415,
        0.39623431188088876,
        0.4013582862085766,
        0.3980713626852742,
        0.40223906492745437,
        0.40034766793251036,
        0.39975414287160943,
        0.397308204902543,
        0.41055426487216246,
        0.3989358314761409,
        0.4104558842049705,
        0.3955677791878029,
        0.39516021112600963,
        0.4040378893967028,
        0.39460402694013386,
        0.3922408959379903,
        0.4167671291916459,
        0.42583200920511177,
        0.393315428826544,
        0.40510969824261134,
        0.40042018895899806,
        0.39834383505362053,
        0.40630912957368076,
        0.40365625034879754,
        0.4207625995079676,
        0.41349525771759177,
        0.40742986102898915,
        0.412546122736401,
        0.399477293977031,
        0.4107485384852798,
        0.4026910850295314,
        0.452473940120803,
        0.42224233360202224,
        0.41672911908891463,
        0.39469387487128926,
        0.4085667191832154
    ],
    "val_accuracy": [
        0.4965100046533271,
        0.5039553280595626,
        0.5137273150302466,
        0.50814332247557,
        0.55746859004188,
        0.5239646347138204,
        0.5528152629129828,
        0.5839925546765937,
        0.5825965565379246,
        0.5891112145183807,
        0.5914378780828292,
        0.5784085621219172,
        0.563983248022336,
        0.5844578873894835,
        0.5877152163797115,
        0.5960912052117264,
        0.5923685435086087,
        0.5956258724988367,
        0.5914378780828292,
        0.595160539785947,
        0.595160539785947,
        0.601675197766403,
        0.598417868776175,
        0.5998138669148441,
        0.5993485342019544,
        0.6040018613308515,
        0.6040018613308515,
        0.5970218706375058,
        0.6044671940437413,
        0.6053978594695207,
        0.6077245230339693,
        0.6030711959050721,
        0.611447184737087,
        0.6137738483015356,
        0.6174965100046533,
        0.6198231735691019,
        0.6161005118659841,
        0.611447184737087,
        0.6142391810144253,
        0.6212191717077711,
        0.6170311772917636,
        0.6221498371335505,
        0.6216845044206608,
        0.6188925081433225,
        0.6207538389948813,
        0.6198231735691019,
        0.6193578408562121,
        0.6202885062819916,
        0.6095858538855281,
        0.6221498371335505,
        0.6198231735691019,
        0.6258724988366682,
        0.6198231735691019,
        0.6123778501628665,
        0.6212191717077711,
        0.6286644951140065,
        0.6277338296882271,
        0.6142391810144253,
        0.6230805025593299,
        0.6142391810144253,
        0.6119125174499768,
        0.6281991624011168,
        0.6263378315495579,
        0.6263378315495579,
        0.6305258259655654,
        0.6254071661237784,
        0.6258724988366682,
        0.6258724988366682,
        0.6179618427175431,
        0.6212191717077711,
        0.6184271754304328,
        0.6226151698464402,
        0.6235458352722196,
        0.6244765006979991,
        0.6151698464402048,
        0.6221498371335505,
        0.6095858538855281,
        0.6277338296882271,
        0.6235458352722196
    ]
}