{
    "train_loss": [
        0.5927300774134122,
        0.5494315354315282,
        0.5278145600637194,
        0.5149076482646223,
        0.5034169834245819,
        0.4946083732633378,
        0.4909225366547445,
        0.48746899620770817,
        0.4776914096056084,
        0.4741387741441466,
        0.4682159815029826,
        0.4676201380511963,
        0.4597473397444259,
        0.45540012770491856,
        0.45358273002409166,
        0.44862803114259214,
        0.44339295038514337,
        0.4414452572466422,
        0.4427112479955328,
        0.4377847861119595,
        0.43456614409427785,
        0.43267621998455624,
        0.4313817061206543,
        0.42669957654351925,
        0.42414237422032036,
        0.42358817570558555,
        0.42230080855691404,
        0.41776786785267717,
        0.4169750712793459,
        0.4152731290526189,
        0.41547319962280266,
        0.40980830570456406,
        0.40927746696004796,
        0.40971794062601424,
        0.4072697300916866,
        0.4049820594545038,
        0.4041911041914086,
        0.40469648387680573,
        0.4055430865095508,
        0.40143323931889263,
        0.39848147883604534,
        0.4012650209975893,
        0.40039565249648934,
        0.39819352232640787,
        0.3970742679337414,
        0.3972275753322961,
        0.3923673410495517,
        0.3975135270811192,
        0.39551661328109855,
        0.39748745968117016,
        0.39512363335039125,
        0.39194836291870466,
        0.3926472179129461,
        0.3927562549599347,
        0.3911209862596048,
        0.38852546683907807,
        0.3904365609878346,
        0.3873617481578964,
        0.38832554635279826,
        0.3854766660751243,
        0.3831572903888693,
        0.38415442294355656,
        0.38815202846864316,
        0.3835876149959659,
        0.3822861741997172
    ],
    "val_loss": [
        0.49918564911241886,
        0.4977235723424841,
        0.4955925692010809,
        0.4910303674362324,
        0.48539223361898354,
        0.4789626819116098,
        0.4737773809168074,
        0.47179287517512286,
        0.46164937836152536,
        0.4612150379904994,
        0.455821415009322,
        0.4545611335171594,
        0.44553901111638106,
        0.4389797488848368,
        0.43341416606196653,
        0.42908510698212515,
        0.43162714022177234,
        0.42538777832631713,
        0.4247778881479193,
        0.4154853156319371,
        0.4194804197108304,
        0.4163003072694496,
        0.4094294022630762,
        0.4100081776027326,
        0.4086494317761174,
        0.4080438075242219,
        0.4061985210136131,
        0.4143098130270287,
        0.39991335736380684,
        0.39856568619056987,
        0.39441891544395025,
        0.3950462404224608,
        0.3905994636041147,
        0.393864776690801,
        0.3980148060454263,
        0.3979397750563092,
        0.4017814561172768,
        0.3929532836984705,
        0.4069987262840624,
        0.39359012334435073,
        0.39006753895017837,
        0.3865525545897307,
        0.39462121967916136,
        0.4062560204002592,
        0.38243449639391014,
        0.3957571589284473,
        0.39749772129235444,
        0.3874918301900228,
        0.38954789715784566,
        0.398709918724166,
        0.39276348694607066,
        0.3877637646816395,
        0.3925456932297459,
        0.3952228427485183,
        0.3837246025050128,
        0.39027103814813824,
        0.4025313859736478,
        0.3971068908770879,
        0.3960553133929217,
        0.38882118077189837,
        0.39787439394880225,
        0.3935343652963638,
        0.4069721518843262,
        0.40360051967479565,
        0.4031212540688338
    ],
    "val_accuracy": [
        0.4904606793857608,
        0.4890646812470917,
        0.4932526756630991,
        0.5286179618427176,
        0.5881805490926012,
        0.5476966030711959,
        0.5877152163797115,
        0.5909725453699395,
        0.5858538855281527,
        0.6026058631921825,
        0.560725919032108,
        0.5923685435086087,
        0.6100511865984178,
        0.6156351791530945,
        0.6142391810144253,
        0.6128431828757561,
        0.6161005118659841,
        0.6123778501628665,
        0.6156351791530945,
        0.6188925081433225,
        0.6161005118659841,
        0.6212191717077711,
        0.6277338296882271,
        0.6216845044206608,
        0.6249418334108888,
        0.6207538389948813,
        0.6244765006979991,
        0.6198231735691019,
        0.6221498371335505,
        0.6179618427175431,
        0.6226151698464402,
        0.6188925081433225,
        0.6226151698464402,
        0.6133085155886459,
        0.6184271754304328,
        0.6137738483015356,
        0.6212191717077711,
        0.6221498371335505,
        0.6077245230339693,
        0.6295951605397859,
        0.6268031642624476,
        0.6319218241042345,
        0.6286644951140065,
        0.6226151698464402,
        0.6281991624011168,
        0.6295951605397859,
        0.6240111679851094,
        0.6258724988366682,
        0.6226151698464402,
        0.6179618427175431,
        0.6286644951140065,
        0.6258724988366682,
        0.6230805025593299,
        0.6235458352722196,
        0.6323871568171242,
        0.6328524895300139,
        0.6254071661237784,
        0.6235458352722196,
        0.6249418334108888,
        0.6263378315495579,
        0.6230805025593299,
        0.6235458352722196,
        0.6240111679851094,
        0.6188925081433225,
        0.6258724988366682
    ]
}