{
    "0": {
        "precision": 0.6359447004608295,
        "recall": 0.6394810009267841,
        "f1-score": 0.6377079482439926,
        "support": 1079.0
    },
    "1": {
        "precision": 0.6343984962406015,
        "recall": 0.6308411214953271,
        "f1-score": 0.6326148078725399,
        "support": 1070.0
    },
    "accuracy": 0.6351791530944625,
    "macro avg": {
        "precision": 0.6351715983507156,
        "recall": 0.6351610612110556,
        "f1-score": 0.6351613780582662,
        "support": 2149.0
    },
    "weighted avg": {
        "precision": 0.6351748360980356,
        "recall": 0.6351791530944625,
        "f1-score": 0.635172043079984,
        "support": 2149.0
    }
}