{
    "0": {
        "precision": 0.6185286103542235,
        "recall": 0.6473384030418251,
        "f1-score": 0.6326056665118439,
        "support": 1052.0
    },
    "1": {
        "precision": 0.6459923664122137,
        "recall": 0.6171376481312671,
        "f1-score": 0.6312354312354312,
        "support": 1097.0
    },
    "accuracy": 0.6319218241042345,
    "macro avg": {
        "precision": 0.6322604883832186,
        "recall": 0.6322380255865461,
        "f1-score": 0.6319205488736376,
        "support": 2149.0
    },
    "weighted avg": {
        "precision": 0.6325480335257522,
        "recall": 0.6319218241042345,
        "f1-score": 0.631906202529422,
        "support": 2149.0
    }
}