{
    "0": {
        "precision": 0.6075268817204301,
        "recall": 0.653179190751445,
        "f1-score": 0.6295264623955432,
        "support": 1038.0
    },
    "1": {
        "precision": 0.6515004840271055,
        "recall": 0.6057605760576058,
        "f1-score": 0.6277985074626866,
        "support": 1111.0
    },
    "accuracy": 0.6286644951140065,
    "macro avg": {
        "precision": 0.6295136828737677,
        "recall": 0.6294698834045254,
        "f1-score": 0.6286624849291149,
        "support": 2149.0
    },
    "weighted avg": {
        "precision": 0.6302605588552446,
        "recall": 0.6286644951140065,
        "f1-score": 0.6286331362296969,
        "support": 2149.0
    }
}