{
    "0": {
        "precision": 0.6635706914344686,
        "recall": 0.5953703703703703,
        "f1-score": 0.6276232308443143,
        "support": 1080.0
    },
    "1": {
        "precision": 0.6296610169491526,
        "recall": 0.6950420954162769,
        "f1-score": 0.6607381058248111,
        "support": 1069.0
    },
    "accuracy": 0.6449511400651465,
    "macro avg": {
        "precision": 0.6466158541918106,
        "recall": 0.6452062328933237,
        "f1-score": 0.6441806683345627,
        "support": 2149.0
    },
    "weighted avg": {
        "precision": 0.6467026402363286,
        "recall": 0.6449511400651465,
        "f1-score": 0.6440959164441984,
        "support": 2149.0
    }
}