{
    "train_loss": [
        0.5030912283183522,
        0.4267082772503009,
        0.36771350763092153,
        0.3214281593271763,
        0.2871078381131839,
        0.24927843891816331,
        0.22802659472978185,
        0.21102825151702573,
        0.20914916836285177,
        0.18697806029995054,
        0.19172121433681147,
        0.17646756531358454,
        0.16559763834138827,
        0.16327229447964298,
        0.15863845854825367,
        0.1481045046121399,
        0.14652671479765392,
        0.14536251442108541,
        0.14294173490966675,
        0.13521802502905014,
        0.13580155669781513,
        0.13085984903780712,
        0.1276279784351415,
        0.12613939257026408,
        0.12108982246735192,
        0.11633328451758865,
        0.12112817004581407,
        0.1130672617670084,
        0.11494189406061447,
        0.10568879344473685,
        0.10933523780176405,
        0.10647699788126642,
        0.09916992608264003,
        0.09742321754466592,
        0.09268521291413748,
        0.09206520300896871,
        0.09005654407288298,
        0.0883510195881645,
        0.07829848211796987,
        0.07485365533845963,
        0.07177137484440224,
        0.06824770276946139,
        0.05937204602567447,
        0.05898876249187254,
        0.05481876678377218,
        0.05006462268832791,
        0.0485095688911704
    ],
    "val_loss": [
        0.5237654942732591,
        0.49209520518779754,
        0.4917376941213241,
        0.5225656752402966,
        0.48879996515237367,
        0.46666330099105835,
        0.48794553004778346,
        0.5199695738462301,
        0.4840864708790412,
        0.49352990159621607,
        0.5020561266403932,
        0.4681982796925765,
        0.4842605301967034,
        0.49181086925359874,
        0.45908890458253715,
        0.5081639152306777,
        0.46931157020422126,
        0.5437665146130782,
        0.5049359229894784,
        0.5156200321821066,
        0.5326978403788346,
        0.5486350426307092,
        0.4721114502503322,
        0.4872574127637423,
        0.5257806113133063,
        0.4607817209683932,
        0.4450798167632176,
        0.483272608426901,
        0.506726989379296,
        0.4918653167211092,
        0.4664333320580996,
        0.4831936001777649,
        0.5011554392484519,
        0.4879261071865375,
        0.4609533186142261,
        0.48043665794225837,
        0.46219822535148036,
        0.5142565745573777,
        0.45202673444381125,
        0.5240483976327456,
        0.4939573462192829,
        0.4854313504237395,
        0.5141183678920452,
        0.5042477619189483,
        0.4872825691333184,
        0.4861179695679591,
        0.4851451355677385
    ],
    "val_accuracy": [
        0.4619883040935672,
        0.5185185185185185,
        0.5282651072124757,
        0.49317738791423,
        0.5341130604288499,
        0.5750487329434698,
        0.5311890838206628,
        0.49415204678362573,
        0.5555555555555556,
        0.52046783625731,
        0.51364522417154,
        0.5769980506822612,
        0.5341130604288499,
        0.5321637426900585,
        0.5925925925925926,
        0.52046783625731,
        0.564327485380117,
        0.4668615984405458,
        0.49707602339181284,
        0.4951267056530214,
        0.44639376218323584,
        0.4473684210526316,
        0.5614035087719298,
        0.5331384015594542,
        0.4834307992202729,
        0.5662768031189084,
        0.5974658869395711,
        0.543859649122807,
        0.5175438596491229,
        0.530214424951267,
        0.5389863547758285,
        0.5477582846003899,
        0.5038986354775828,
        0.5380116959064327,
        0.557504873294347,
        0.5409356725146199,
        0.543859649122807,
        0.5019493177387915,
        0.5750487329434698,
        0.48830409356725146,
        0.5146198830409356,
        0.5155945419103314,
        0.4902534113060429,
        0.5019493177387915,
        0.5116959064327485,
        0.5243664717348928,
        0.5243664717348928
    ]
}