{
    "0": {
        "precision": 0.35517241379310344,
        "recall": 0.23842592592592593,
        "f1-score": 0.2853185595567867,
        "support": 432.0
    },
    "1": {
        "precision": 0.6680121089808274,
        "recall": 0.7797408716136631,
        "f1-score": 0.7195652173913043,
        "support": 849.0
    },
    "accuracy": 0.5971896955503513,
    "macro avg": {
        "precision": 0.5115922613869655,
        "recall": 0.5090833987697945,
        "f1-score": 0.5024418884740455,
        "support": 1281.0
    },
    "weighted avg": {
        "precision": 0.5625111344912904,
        "recall": 0.5971896955503513,
        "f1-score": 0.5731213796204131,
        "support": 1281.0
    }
}