{
    "train_loss": [
        0.4728207148774697,
        0.40859674374117466,
        0.3803882797921661,
        0.36218993385342785,
        0.3417886462742395,
        0.32571515944534846,
        0.31910764167126077,
        0.3038480593992846,
        0.28927797866563726,
        0.272413545759925,
        0.2639009149785895,
        0.2505995192993296,
        0.24230387453397695,
        0.22888213298725385,
        0.21311525131446601,
        0.20889287280449031,
        0.19689575508780724,
        0.18982930234531417,
        0.1790132524432057,
        0.17740432559682506,
        0.16111401461445501,
        0.16089483611285688,
        0.15496744680198005,
        0.14878920864069115,
        0.1407049882830712,
        0.13742780505142507,
        0.13006364534588627,
        0.1244217192577402,
        0.11938944598455933,
        0.11319234633179259,
        0.10914730965329783,
        0.10418362440473407,
        0.09769249152609684,
        0.09206860547980471,
        0.09440952195058556,
        0.08837900212184138
    ],
    "val_loss": [
        0.4691865155100822,
        0.41411015957593916,
        0.34158012628555295,
        0.34275704361498355,
        0.351198503524065,
        0.42360402792692187,
        0.5102497172355652,
        0.3311087790131569,
        0.3666932834684849,
        0.3312855900079012,
        0.3361129815876484,
        0.3991362439095974,
        0.3397053377330303,
        0.35939312174916266,
        0.3514099843800068,
        0.3261512444168329,
        0.33638604640960695,
        0.3608954198658466,
        0.34434223771095274,
        0.35342266619205476,
        0.3271592481434345,
        0.33681202232837676,
        0.34616865739226343,
        0.3438183505833149,
        0.3800893348455429,
        0.3603792081028223,
        0.33391841053962706,
        0.43069383427500724,
        0.38398394390940666,
        0.3945733058452606,
        0.4163657681643963,
        0.42607479348778726,
        0.4069045938551426,
        0.35928236290812493,
        0.38393823243677616,
        0.3742207090556622
    ],
    "val_accuracy": [
        0.599375,
        0.618125,
        0.688125,
        0.7,
        0.684375,
        0.61,
        0.4875,
        0.6975,
        0.66,
        0.695,
        0.694375,
        0.626875,
        0.693125,
        0.676875,
        0.671875,
        0.698125,
        0.694375,
        0.664375,
        0.689375,
        0.685625,
        0.691875,
        0.680625,
        0.675,
        0.67625,
        0.6375,
        0.66625,
        0.685,
        0.579375,
        0.62875,
        0.620625,
        0.593125,
        0.57875,
        0.604375,
        0.649375,
        0.6275,
        0.63625
    ]
}