{
    "train_loss": [
        0.4772812421608688,
        0.41790836977779416,
        0.3904625390257154,
        0.36668122426459665,
        0.34755418455242215,
        0.33306065898640713,
        0.3154088244402319,
        0.2994842088088057,
        0.28244132674054095,
        0.26661463600576374,
        0.25312335613302717,
        0.23573298427395353,
        0.22142367666601237,
        0.2063893655749192,
        0.19410518187665401,
        0.18159565675751607,
        0.17264427660887402,
        0.16110346989524096,
        0.1508578938172948,
        0.15113285842694735,
        0.13553243532944892,
        0.1314962624859317,
        0.11849182306375719,
        0.1214949669134348,
        0.11032821379770014
    ],
    "val_loss": [
        0.5079449763894082,
        0.47923523306846616,
        0.47576705902814864,
        0.4662308493256569,
        0.4531445474922657,
        0.45574225977063176,
        0.47576527774333954,
        0.47286309123039244,
        0.4976217764616013,
        0.4640724495053291,
        0.45543013721704484,
        0.4765649048984051,
        0.46294642314314843,
        0.46513702362775805,
        0.46986529886722567,
        0.47875445351004603,
        0.4857354858517647,
        0.47705821216106414,
        0.49496631100773814,
        0.4642761106789112,
        0.4727657549083233,
        0.47819401443004605,
        0.4696496990323067,
        0.4730269668996334,
        0.45943361669778826
    ],
    "val_accuracy": [
        0.53125,
        0.549375,
        0.565,
        0.5625,
        0.566875,
        0.563125,
        0.536875,
        0.539375,
        0.515,
        0.55625,
        0.571875,
        0.5425,
        0.550625,
        0.55875,
        0.54375,
        0.545,
        0.5225,
        0.544375,
        0.520625,
        0.551875,
        0.544375,
        0.531875,
        0.55875,
        0.546875,
        0.558125
    ]
}