{
    "train_loss": [
        0.48277283541220833,
        0.43878943523650327,
        0.4132499223613458,
        0.3903668987232324,
        0.36557887094562386,
        0.3402459237691575,
        0.32090768618042137,
        0.29992592728155554,
        0.277380134130122,
        0.25880272543623734,
        0.23958319991519317,
        0.22860913117111256,
        0.21399318320253605,
        0.19568637709042666,
        0.18879523455744998,
        0.17429064009833126,
        0.16255559825549962,
        0.15632866685083657,
        0.1473588274357769,
        0.14040100695373034,
        0.13132149404173052,
        0.11817396761283586,
        0.11636085207725169,
        0.10901597373813918,
        0.10002305250406089,
        0.09583156303966907,
        0.08849008286311387,
        0.08331233724830864,
        0.07992281017215115,
        0.0755329211283706,
        0.07379354610434763,
        0.07415001483903347
    ],
    "val_loss": [
        0.5118628576397896,
        0.4417718869447708,
        0.5705992498993874,
        0.46563335716724397,
        0.4370115301012993,
        0.5850212213397026,
        0.46210666954517365,
        0.5751932856440544,
        0.5490194383263588,
        0.49057930141687395,
        0.5084014213085175,
        0.3634705670177937,
        0.43592067807912827,
        0.4689483943581581,
        0.42276671528816223,
        0.4781192183494568,
        0.6527295798063278,
        0.5879682022333145,
        0.45779927760362626,
        0.49927968099713327,
        0.4880976015329361,
        0.469869886636734,
        0.46422059059143067,
        0.545459367632866,
        0.5289121827483177,
        0.37659044191241264,
        0.46964205741882326,
        0.6308536693453789,
        0.5961468985676766,
        0.4543839219212532,
        0.42233926013112066,
        0.5740334829688072
    ],
    "val_accuracy": [
        0.4925,
        0.60375,
        0.420625,
        0.555625,
        0.616875,
        0.383125,
        0.5875,
        0.416875,
        0.4275,
        0.505,
        0.52625,
        0.70375,
        0.589375,
        0.5575,
        0.629375,
        0.574375,
        0.35,
        0.405,
        0.5725,
        0.531875,
        0.528125,
        0.556875,
        0.546875,
        0.47375,
        0.471875,
        0.641875,
        0.5475,
        0.36625,
        0.41125,
        0.56125,
        0.59375,
        0.416875
    ]
}