{
    "train_loss": [
        0.47381422882843877,
        0.4102217963712658,
        0.3799604870557428,
        0.35550674718029485,
        0.3360623949748313,
        0.31234252153934833,
        0.2959359313534227,
        0.27357419718525366,
        0.26220462529245253,
        0.2464857827258592,
        0.22492431560363954,
        0.21378292384261857,
        0.20360487610280156,
        0.19238353458729512,
        0.1793290827936398,
        0.17358640914860957,
        0.16068363840507713,
        0.1525074562816295,
        0.14722246192618757,
        0.13738350437474464,
        0.13416988741115718,
        0.1256996331050501,
        0.12550625086812203,
        0.12404035054381468,
        0.12826822617252964,
        0.10597878120683446,
        0.09803951394459802,
        0.09652214571777842,
        0.09049964805194985,
        0.09000119821776352,
        0.08738731683098047,
        0.08856879436957488,
        0.08562014571078747,
        0.08295293562504613,
        0.073570736169447
    ],
    "val_loss": [
        0.5027306157350541,
        0.4870953744649887,
        0.5035185447335243,
        0.5006264448165894,
        0.5179635602235794,
        0.5198392462730408,
        0.48367138892412187,
        0.5039291805028916,
        0.49270612865686414,
        0.5187242698669433,
        0.5101593500375747,
        0.5288003334403037,
        0.5161893564462662,
        0.5166136637330055,
        0.4780271366238594,
        0.4979638811945915,
        0.5052761356532574,
        0.4783364409208298,
        0.49761262178421023,
        0.5140147709846496,
        0.5071731400489807,
        0.4958390811085701,
        0.5195296439528465,
        0.48608301699161527,
        0.504557580947876,
        0.5151010285317897,
        0.5101816760003567,
        0.5378010728955269,
        0.5257197740674019,
        0.5080524146556854,
        0.5038840141892433,
        0.5089635774493217,
        0.507228608429432,
        0.5073957142233848,
        0.5474294695258141
    ],
    "val_accuracy": [
        0.50375,
        0.534375,
        0.504375,
        0.498125,
        0.501875,
        0.47625,
        0.528125,
        0.50625,
        0.525625,
        0.506875,
        0.50375,
        0.49,
        0.505625,
        0.493125,
        0.52875,
        0.515625,
        0.5075,
        0.538125,
        0.516875,
        0.49125,
        0.50125,
        0.51875,
        0.496875,
        0.51875,
        0.503125,
        0.488125,
        0.5075,
        0.465625,
        0.4775,
        0.5,
        0.505625,
        0.499375,
        0.510625,
        0.50125,
        0.459375
    ]
}