{
    "train_loss": [
        0.4764910148624987,
        0.42069324072889674,
        0.3965658631295559,
        0.3710449730455419,
        0.3501311304649569,
        0.3323009557919334,
        0.3076287439095846,
        0.2874958988672741,
        0.27308431733257005,
        0.2559388502975883,
        0.23603760597123485,
        0.22642651517486134,
        0.20997805765631736,
        0.20761033198346954,
        0.19286123700839272,
        0.18430604027501474,
        0.17570415543104204,
        0.1611357173992244,
        0.15005362741820297,
        0.15047786072193206,
        0.14317139722749156,
        0.13433659392741337,
        0.13055479625499541
    ],
    "val_loss": [
        0.46435072004795075,
        0.4312230068445206,
        0.4230987624824047,
        0.478981007039547,
        0.4475341606140137,
        0.4359602493047714,
        0.43101818472146985,
        0.449754603356123,
        0.4541160809993744,
        0.4369803634285927,
        0.45731503516435623,
        0.43855313554406167,
        0.4293422344326973,
        0.43510200902819635,
        0.4437231820821762,
        0.46802071839570997,
        0.4467249743640423,
        0.4608114102482796,
        0.4767976373434067,
        0.4574160039424896,
        0.4608613960444927,
        0.4420415200293064,
        0.45357709616422653
    ],
    "val_accuracy": [
        0.5875,
        0.62125,
        0.624375,
        0.53125,
        0.59375,
        0.60375,
        0.605625,
        0.5725,
        0.576875,
        0.588125,
        0.57,
        0.58375,
        0.6,
        0.60375,
        0.5775,
        0.55,
        0.5725,
        0.559375,
        0.536875,
        0.558125,
        0.546875,
        0.583125,
        0.569375
    ]
}