{
    "train_loss": [
        0.46889952648687,
        0.4134726352591551,
        0.38017390181545085,
        0.352986793913914,
        0.33029442424992567,
        0.3114776763524718,
        0.29311110959708236,
        0.27604386268453746,
        0.2559615809612602,
        0.23881466658288286,
        0.2244237291903896,
        0.21137409273904698,
        0.20199150360040083,
        0.18751210505498275,
        0.18028537864220961,
        0.16597309838269503,
        0.1612154356111552,
        0.15283378619160362,
        0.1502840907575975,
        0.13448950569252022,
        0.13255926097906728,
        0.1252446294029933
    ],
    "val_loss": [
        0.49155717134475707,
        0.48626153737306593,
        0.5113423669338226,
        0.49939620316028593,
        0.5023695260286332,
        0.4920722243189812,
        0.5025984659790993,
        0.524220990538597,
        0.5079877606034279,
        0.5252924379706383,
        0.5024787303805351,
        0.5256379410624504,
        0.5156334206461907,
        0.5216058459877968,
        0.5229666194319725,
        0.5178457877039909,
        0.5417218625545501,
        0.5211143255233764,
        0.5335528883337974,
        0.5150512808561325,
        0.5135221558809281,
        0.5174467051029206
    ],
    "val_accuracy": [
        0.5225,
        0.544375,
        0.486875,
        0.5075,
        0.514375,
        0.524375,
        0.51,
        0.4825,
        0.498125,
        0.484375,
        0.515,
        0.481875,
        0.484375,
        0.486875,
        0.486875,
        0.4925,
        0.47,
        0.50125,
        0.48375,
        0.485625,
        0.49,
        0.48875
    ]
}