{
    "train_loss": [
        0.4787267643787661,
        0.42081053234860416,
        0.39528999742455956,
        0.37507383949101253,
        0.35243214294902897,
        0.329245207787125,
        0.3082256606334194,
        0.2906067402559622,
        0.26934074695217664,
        0.2578462857464667,
        0.2450796720023027,
        0.22356687649778467,
        0.21308298028216918,
        0.20181726400650696,
        0.18708537225309896,
        0.1810815759167946,
        0.1692628411202446,
        0.1652102200270264,
        0.15396673774043626,
        0.14632389850408356,
        0.13394791930972777,
        0.12832442502745708,
        0.12639698141076458,
        0.12096738335080622,
        0.11866229479488039,
        0.11028800461305921,
        0.1001043538746864,
        0.09579849584207621,
        0.09471846761190779,
        0.08987896729078244,
        0.08727297944856857,
        0.08178677204937496
    ],
    "val_loss": [
        0.511100164949894,
        0.5240820470452309,
        0.5121507015824318,
        0.48763638496398926,
        0.4968215700984001,
        0.49057879120111464,
        0.4943781611323357,
        0.5027554252743721,
        0.4938130670785904,
        0.4894254258275032,
        0.48417668402194974,
        0.4752452862262726,
        0.48142168939113616,
        0.4914228996634483,
        0.4888675910234451,
        0.49224180191755296,
        0.4954871389269829,
        0.5057818746566772,
        0.49711786687374115,
        0.4912272398173809,
        0.5094695806503295,
        0.4858592376112938,
        0.5035204671323299,
        0.49945285826921465,
        0.48934507921338083,
        0.5019047918915749,
        0.4969240507483482,
        0.48082049787044523,
        0.49110951632261274,
        0.5037350176274776,
        0.4900765752792358,
        0.5143617756664753
    ],
    "val_accuracy": [
        0.484375,
        0.5,
        0.495,
        0.52125,
        0.51125,
        0.5125,
        0.521875,
        0.515625,
        0.524375,
        0.528125,
        0.530625,
        0.54375,
        0.5425,
        0.52875,
        0.521875,
        0.51875,
        0.513125,
        0.511875,
        0.506875,
        0.52125,
        0.508125,
        0.529375,
        0.50625,
        0.508125,
        0.515,
        0.510625,
        0.515,
        0.526875,
        0.511875,
        0.49625,
        0.51875,
        0.494375
    ]
}