{
    "0": {
        "precision": 0.33226324237560195,
        "recall": 0.7961538461538461,
        "f1-score": 0.46885617214043035,
        "support": 260.0
    },
    "1": {
        "precision": 0.7005649717514124,
        "recall": 0.22962962962962963,
        "f1-score": 0.3458856345885635,
        "support": 540.0
    },
    "accuracy": 0.41375,
    "macro avg": {
        "precision": 0.5164141070635072,
        "recall": 0.5128917378917379,
        "f1-score": 0.4073709033644969,
        "support": 800.0
    },
    "weighted avg": {
        "precision": 0.580866909704274,
        "recall": 0.41375,
        "f1-score": 0.3858510592929202,
        "support": 800.0
    }
}