{
    "0": {
        "precision": 0.5173674588665448,
        "recall": 0.6738095238095239,
        "f1-score": 0.5853154084798345,
        "support": 420.0
    },
    "1": {
        "precision": 0.45849802371541504,
        "recall": 0.30526315789473685,
        "f1-score": 0.3665086887835703,
        "support": 380.0
    },
    "accuracy": 0.49875,
    "macro avg": {
        "precision": 0.4879327412909799,
        "recall": 0.4895363408521304,
        "f1-score": 0.47591204863170244,
        "support": 800.0
    },
    "weighted avg": {
        "precision": 0.4894044771697581,
        "recall": 0.49875,
        "f1-score": 0.481382216624109,
        "support": 800.0
    }
}