{
    "0": {
        "precision": 0.3389830508474576,
        "recall": 0.13333333333333333,
        "f1-score": 0.19138755980861244,
        "support": 300.0
    },
    "1": {
        "precision": 0.6187683284457478,
        "recall": 0.844,
        "f1-score": 0.7140439932318104,
        "support": 500.0
    },
    "accuracy": 0.5775,
    "macro avg": {
        "precision": 0.4788756896466027,
        "recall": 0.48866666666666664,
        "f1-score": 0.45271577652021144,
        "support": 800.0
    },
    "weighted avg": {
        "precision": 0.513848849346389,
        "recall": 0.5775,
        "f1-score": 0.5180478306981111,
        "support": 800.0
    }
}