{
    "0": {
        "precision": 0.3191489361702128,
        "recall": 0.20454545454545456,
        "f1-score": 0.24930747922437674,
        "support": 220.0
    },
    "1": {
        "precision": 0.7344461305007587,
        "recall": 0.8344827586206897,
        "f1-score": 0.7812752219531881,
        "support": 580.0
    },
    "accuracy": 0.66125,
    "macro avg": {
        "precision": 0.5267975333354857,
        "recall": 0.5195141065830721,
        "f1-score": 0.5152913505887824,
        "support": 800.0
    },
    "weighted avg": {
        "precision": 0.6202394020598585,
        "recall": 0.66125,
        "f1-score": 0.634984092702765,
        "support": 800.0
    }
}