{
    "0": {
        "precision": 0.1927710843373494,
        "recall": 0.08888888888888889,
        "f1-score": 0.12167300380228137,
        "support": 180.0
    },
    "1": {
        "precision": 0.7712691771269177,
        "recall": 0.8919354838709678,
        "f1-score": 0.8272251308900523,
        "support": 620.0
    },
    "accuracy": 0.71125,
    "macro avg": {
        "precision": 0.48202013073213357,
        "recall": 0.49041218637992834,
        "f1-score": 0.4744490673461669,
        "support": 800.0
    },
    "weighted avg": {
        "precision": 0.6411071062492648,
        "recall": 0.71125,
        "f1-score": 0.6684759022953038,
        "support": 800.0
    }
}