{
    "0": {
        "precision": 0.43231441048034935,
        "recall": 0.2911764705882353,
        "f1-score": 0.34797891036906853,
        "support": 340.0
    },
    "1": {
        "precision": 0.5779334500875657,
        "recall": 0.717391304347826,
        "f1-score": 0.6401551891367604,
        "support": 460.0
    },
    "accuracy": 0.53625,
    "macro avg": {
        "precision": 0.5051239302839575,
        "recall": 0.5042838874680307,
        "f1-score": 0.4940670497529145,
        "support": 800.0
    },
    "weighted avg": {
        "precision": 0.5160453582544987,
        "recall": 0.53625,
        "f1-score": 0.5159802706604915,
        "support": 800.0
    }
}