{
    "0": {
        "precision": 0.0,
        "recall": 0.0,
        "f1-score": 0.0,
        "support": 120.0
    },
    "1": {
        "precision": 0.8490566037735849,
        "recall": 0.9926470588235294,
        "f1-score": 0.9152542372881356,
        "support": 680.0
    },
    "accuracy": 0.84375,
    "macro avg": {
        "precision": 0.42452830188679247,
        "recall": 0.4963235294117647,
        "f1-score": 0.4576271186440678,
        "support": 800.0
    },
    "weighted avg": {
        "precision": 0.7216981132075472,
        "recall": 0.84375,
        "f1-score": 0.7779661016949153,
        "support": 800.0
    }
}