{
    "0": {
        "precision": 0.6540120793787748,
        "recall": 0.6960514233241506,
        "f1-score": 0.6743772241992882,
        "support": 1089.0
    },
    "1": {
        "precision": 0.6656565656565656,
        "recall": 0.6216981132075472,
        "f1-score": 0.6429268292682927,
        "support": 1060.0
    },
    "accuracy": 0.6593764541647278,
    "macro avg": {
        "precision": 0.6598343225176702,
        "recall": 0.6588747682658489,
        "f1-score": 0.6586520267337905,
        "support": 2149.0
    },
    "weighted avg": {
        "precision": 0.6597557533920173,
        "recall": 0.6593764541647278,
        "f1-score": 0.6588642327489135,
        "support": 2149.0
    }
}