{
    "0": {
        "precision": 0.6794731064763996,
        "recall": 0.5622161671207992,
        "f1-score": 0.6153081510934394,
        "support": 1101.0
    },
    "1": {
        "precision": 0.6106623586429726,
        "recall": 0.7213740458015268,
        "f1-score": 0.6614173228346457,
        "support": 1048.0
    },
    "accuracy": 0.6398324802233597,
    "macro avg": {
        "precision": 0.6450677325596861,
        "recall": 0.641795106461163,
        "f1-score": 0.6383627369640426,
        "support": 2149.0
    },
    "weighted avg": {
        "precision": 0.6459162596967665,
        "recall": 0.6398324802233597,
        "f1-score": 0.6377941501556936,
        "support": 2149.0
    }
}