{
    "0": {
        "precision": 0.5350966429298067,
        "recall": 0.6971504307488403,
        "f1-score": 0.6054676258992806,
        "support": 1509.0
    },
    "1": {
        "precision": 0.5545808966861598,
        "recall": 0.38368172623061364,
        "f1-score": 0.4535671582303707,
        "support": 1483.0
    },
    "accuracy": 0.5417780748663101,
    "macro avg": {
        "precision": 0.5448387698079833,
        "recall": 0.540416078489727,
        "f1-score": 0.5295173920648256,
        "support": 2992.0
    },
    "weighted avg": {
        "precision": 0.54475411228832,
        "recall": 0.5417780748663101,
        "f1-score": 0.5301773874123176,
        "support": 2992.0
    }
}