{
    "0": {
        "precision": 0.5468036529680366,
        "recall": 0.44599627560521415,
        "f1-score": 0.49128205128205127,
        "support": 1074.0
    },
    "1": {
        "precision": 0.7188090737240076,
        "recall": 0.7930135557872784,
        "f1-score": 0.7540902330193356,
        "support": 1918.0
    },
    "accuracy": 0.6684491978609626,
    "macro avg": {
        "precision": 0.6328063633460221,
        "recall": 0.6195049156962462,
        "f1-score": 0.6226861421506935,
        "support": 2992.0
    },
    "weighted avg": {
        "precision": 0.6570664861932881,
        "recall": 0.6684491978609626,
        "f1-score": 0.6597533389064201,
        "support": 2992.0
    }
}