{
    "train_loss": [
        0.5200989360840905,
        0.5036313510592411,
        0.5024112571055526,
        0.4883922943413652,
        0.47690006700769955,
        0.4681713719735082,
        0.4588803375102826,
        0.451513030671126,
        0.4442881126178811,
        0.44051250040728523,
        0.4372713610480558,
        0.4318549464524582,
        0.42970836848415284,
        0.42891286829153435,
        0.4274680819979172,
        0.42676553761722236,
        0.42244730097864636,
        0.42038200430522693,
        0.41724425305100465,
        0.4183530436693043,
        0.41668920917128094
    ],
    "val_loss": [
        0.47171868191045874,
        0.4854829886380364,
        0.49452717619783737,
        0.49009363335721634,
        0.5127297692439136,
        0.49743001706459944,
        0.5368671525927151,
        0.5464213928755592,
        0.48898686871809116,
        0.531704892130459,
        0.5234181582927704,
        0.5019205212593079,
        0.49783885268604056,
        0.488334864728591,
        0.513410932526869,
        0.5094222293180578,
        0.49622897716129527,
        0.5049769380513359,
        0.49012483989491185,
        0.5271536280127133,
        0.48016755721148324
    ],
    "val_accuracy": [
        0.625,
        0.625,
        0.6125,
        0.5014705882352941,
        0.45808823529411763,
        0.4889705882352941,
        0.46176470588235297,
        0.45,
        0.5066176470588235,
        0.47573529411764703,
        0.47941176470588237,
        0.5022058823529412,
        0.5029411764705882,
        0.5176470588235295,
        0.4875,
        0.4919117647058823,
        0.5095588235294117,
        0.49926470588235294,
        0.5088235294117647,
        0.48455882352941176,
        0.5257352941176471
    ]
}