{
    "train_loss": [
        0.5203491196769183,
        0.5056254346839717,
        0.49985611707460686,
        0.48556707848290925,
        0.4721147878736746,
        0.46565694892015613,
        0.45776779720040617,
        0.4510610989371284,
        0.44805963808884386,
        0.4441492625680126,
        0.43887109614786557,
        0.43645963654166364,
        0.4312255607032385,
        0.4311449387522994,
        0.42828510303477774,
        0.42305754608795293,
        0.42539114763990776,
        0.4210095995518028,
        0.42251702031639754,
        0.42058799982559486,
        0.42015010103827616,
        0.41776727232776706,
        0.41793497881439867,
        0.4139730441521426,
        0.41410071759438905,
        0.41121418356406886,
        0.41469791713552395,
        0.4148242495831896,
        0.41069533973932265,
        0.4127184973388422,
        0.4051817419587589,
        0.4123885276376224,
        0.4021382337222334,
        0.40873238744794343,
        0.4070854233669453,
        0.40856465174526463,
        0.40827743298694735,
        0.40761084441767365,
        0.4020866697928945,
        0.4026496086208547,
        0.40252110491522025,
        0.40014448951258036,
        0.4021085539557895,
        0.4098162134773419,
        0.4097088367724028,
        0.40826887625162717,
        0.4033691091127083,
        0.39894696616979897,
        0.4007154449087674,
        0.40475605303635365,
        0.40528256978656424,
        0.3978366536805864,
        0.40095262781518404,
        0.4056547090166905,
        0.40164055416329963,
        0.3947942274515746,
        0.4046571881311839,
        0.4019242629408836,
        0.39930791202627247,
        0.3972873872420827,
        0.40209770904945547,
        0.40648944026134054,
        0.4021701097488403,
        0.39842576594626317,
        0.39629262876315197,
        0.39473095690129234,
        0.39694073197783014,
        0.39736308374854384,
        0.3975470335024302,
        0.39541237932003914,
        0.39306798792276226,
        0.39484473796652964,
        0.4005684278783251,
        0.39673241696885375,
        0.394254055106249,
        0.39031237170833055,
        0.3893464873804421,
        0.394760683789605,
        0.3953239212270643
    ],
    "val_loss": [
        0.5167016716564403,
        0.4805979385095484,
        0.44086599840837365,
        0.5355170761837679,
        0.49158255773432114,
        0.5038720180006588,
        0.44317679387681624,
        0.4256937950849533,
        0.45027727993095623,
        0.4421712775440777,
        0.4181575072162292,
        0.4321195456911536,
        0.42475108627010794,
        0.4429207666831858,
        0.449139169735067,
        0.455289987430853,
        0.421344131231308,
        0.4165273512110991,
        0.41885807584313783,
        0.4233354545691434,
        0.43092025290517244,
        0.40203334391117096,
        0.4082559622385923,
        0.42521180335213155,
        0.44237257435041316,
        0.4048470458563636,
        0.42598189255770513,
        0.41646130435607015,
        0.3998309608768014,
        0.40602921878590303,
        0.46345671064713423,
        0.4236303860650343,
        0.4116583612035303,
        0.3974513365941889,
        0.4007935087470447,
        0.4800278085119584,
        0.3926261091933531,
        0.4131889066275428,
        0.41470272856600143,
        0.39829464186640345,
        0.42093634079484377,
        0.4306780450484332,
        0.4427670159760643,
        0.38727076719788944,
        0.4192804597756442,
        0.3957582570174161,
        0.3932284339385874,
        0.39566890790182,
        0.38195064979441024,
        0.4063123575028251,
        0.4778098870726193,
        0.43474983292467456,
        0.39679245019660275,
        0.42392740284695346,
        0.41386287808418276,
        0.46097400556592383,
        0.403034965430989,
        0.3889215274768717,
        0.3818215762867647,
        0.38227457789813774,
        0.4731023237985723,
        0.48560038384269266,
        0.40468661592287175,
        0.45788594379144554,
        0.41832805503817166,
        0.4451960635535857,
        0.453042831140406,
        0.45231323996010947,
        0.4002900184953914,
        0.432884316759951,
        0.4497813289656359,
        0.4506941258907318,
        0.39898873725358175,
        0.4100232939509785,
        0.39890924832400154,
        0.4286069980439018,
        0.3955125859555076,
        0.42024436067132387,
        0.4250541246989194
    ],
    "val_accuracy": [
        0.37058823529411766,
        0.6367647058823529,
        0.6375,
        0.4308823529411765,
        0.5683823529411764,
        0.5338235294117647,
        0.5904411764705882,
        0.5963235294117647,
        0.600735294117647,
        0.5720588235294117,
        0.6080882352941176,
        0.5852941176470589,
        0.5845588235294118,
        0.5830882352941177,
        0.5610294117647059,
        0.5507352941176471,
        0.5897058823529412,
        0.6029411764705882,
        0.5933823529411765,
        0.5904411764705882,
        0.5830882352941177,
        0.6110294117647059,
        0.5977941176470588,
        0.5955882352941176,
        0.5573529411764706,
        0.6029411764705882,
        0.5786764705882353,
        0.5904411764705882,
        0.6176470588235294,
        0.6058823529411764,
        0.5485294117647059,
        0.5904411764705882,
        0.6073529411764705,
        0.6147058823529412,
        0.6102941176470589,
        0.5154411764705882,
        0.625,
        0.600735294117647,
        0.5963235294117647,
        0.6095588235294118,
        0.5882352941176471,
        0.5816176470588236,
        0.5647058823529412,
        0.6205882352941177,
        0.5948529411764706,
        0.6198529411764706,
        0.6176470588235294,
        0.6102941176470589,
        0.625,
        0.6080882352941176,
        0.5301470588235294,
        0.5786764705882353,
        0.6205882352941177,
        0.5838235294117647,
        0.5970588235294118,
        0.5345588235294118,
        0.6058823529411764,
        0.6169117647058824,
        0.6257352941176471,
        0.6279411764705882,
        0.5257352941176471,
        0.513235294117647,
        0.6080882352941176,
        0.5433823529411764,
        0.6,
        0.5580882352941177,
        0.5507352941176471,
        0.5522058823529412,
        0.6095588235294118,
        0.5735294117647058,
        0.5536764705882353,
        0.5551470588235294,
        0.6073529411764705,
        0.5992647058823529,
        0.6176470588235294,
        0.5794117647058824,
        0.6110294117647059,
        0.5845588235294118,
        0.5808823529411765
    ]
}