{
    "train_loss": [
        0.5166320274323981,
        0.5053610777491846,
        0.4982817730726123,
        0.490336496918738,
        0.47905718957510496,
        0.4714761550353868,
        0.46230182984557044,
        0.4586251450674183,
        0.44966820689223946,
        0.44887194334956393,
        0.4432658402346919,
        0.44488599735064754,
        0.4379848113721599,
        0.4395890621666981,
        0.4417340829085981,
        0.4304664892896178,
        0.4306886391288738,
        0.42744935037924353,
        0.42704698806486757,
        0.42544729906794587,
        0.4241757285978185,
        0.4204787586747894,
        0.4235335486088509,
        0.42183896256279824,
        0.41966818489903324,
        0.41808210487293107,
        0.4165318260085966,
        0.41882454479103765,
        0.41750436605233227,
        0.41345053490144146,
        0.41870668865803334,
        0.4131244195596821,
        0.41492978951148374
    ],
    "val_loss": [
        0.49614991405430964,
        0.5024701507652507,
        0.46955721939311307,
        0.5165461568271412,
        0.4997932304354275,
        0.4973841782878427,
        0.4829108648440417,
        0.47862232082030354,
        0.49676253164515777,
        0.527871326488607,
        0.4989266970578362,
        0.4958732415648068,
        0.4245719297843821,
        0.4530754608266494,
        0.5012596740442163,
        0.49986907489159527,
        0.4260696004418766,
        0.4567092017215841,
        0.4521331099902882,
        0.4511559679227717,
        0.46325565401245566,
        0.432969612233779,
        0.4395583005512462,
        0.4251902757322087,
        0.47959371419513924,
        0.4782784558394376,
        0.462615937520476,
        0.4374823682448443,
        0.4359555516172858,
        0.4457944987451329,
        0.43083215057849883,
        0.44131221911486457,
        0.4761492378571454
    ],
    "val_accuracy": [
        0.5875,
        0.40588235294117647,
        0.5875,
        0.4308823529411765,
        0.47794117647058826,
        0.49117647058823527,
        0.513235294117647,
        0.5301470588235294,
        0.5058823529411764,
        0.46176470588235297,
        0.4970588235294118,
        0.4985294117647059,
        0.5889705882352941,
        0.5544117647058824,
        0.49411764705882355,
        0.49926470588235294,
        0.5904411764705882,
        0.5507352941176471,
        0.5602941176470588,
        0.5529411764705883,
        0.5419117647058823,
        0.575735294117647,
        0.5720588235294117,
        0.5860294117647059,
        0.5235294117647059,
        0.5257352941176471,
        0.5404411764705882,
        0.5705882352941176,
        0.5742647058823529,
        0.5639705882352941,
        0.5816176470588236,
        0.5654411764705882,
        0.5323529411764706
    ]
}