{
    "train_loss": [
        0.5209395302418979,
        0.5082617746521008,
        0.5040849307987177,
        0.4964503470425294,
        0.4880175669430944,
        0.47247901563518147,
        0.4654290738321168,
        0.4556554730900351,
        0.4544764787330063,
        0.4467374043904732,
        0.44231061908964797,
        0.44155448640339845,
        0.43345582529298987,
        0.4315399661938721,
        0.4277428197340802,
        0.42777958294127216,
        0.4249345159326387,
        0.42344472250927273,
        0.4253305144538389,
        0.4196561996439164,
        0.42055170135891695,
        0.4186042142202178,
        0.41917018525047095,
        0.4163522467110016,
        0.4152333952045515
    ],
    "val_loss": [
        0.5091936318313375,
        0.4502471299732433,
        0.4428483847309561,
        0.4957802569164949,
        0.4360703924122979,
        0.4876255848828484,
        0.4578023738720838,
        0.486535484475248,
        0.576240050091463,
        0.4805876205949222,
        0.47097167618134445,
        0.4797245428842657,
        0.5412766922922695,
        0.46015497410998624,
        0.5504163636880762,
        0.5431261630619273,
        0.5918233110624201,
        0.5471792182501625,
        0.6040612914982963,
        0.5326426130883833,
        0.5146876703290378,
        0.48459516342948467,
        0.5509481352918288,
        0.47192515029626736,
        0.5146307994337643
    ],
    "val_accuracy": [
        0.225,
        0.7661764705882353,
        0.7683823529411765,
        0.3911764705882353,
        0.5779411764705882,
        0.47205882352941175,
        0.5205882352941177,
        0.5095588235294117,
        0.4213235294117647,
        0.5110294117647058,
        0.5389705882352941,
        0.5161764705882353,
        0.45,
        0.5294117647058824,
        0.4566176470588235,
        0.46691176470588236,
        0.3926470588235294,
        0.4308823529411765,
        0.3897058823529412,
        0.4522058823529412,
        0.48161764705882354,
        0.5080882352941176,
        0.4455882352941177,
        0.524264705882353,
        0.4838235294117647
    ]
}