{
    "train_loss": [
        0.5143825526120233,
        0.5067640979759028,
        0.4987903991195022,
        0.48280564033594286,
        0.47151269712409033,
        0.46645034976669997,
        0.4612845924056944,
        0.4539740355776959,
        0.4469215519848417,
        0.44655773703192103,
        0.44108704140440363,
        0.4373466196118808,
        0.4341477190617655,
        0.432983268870682,
        0.4320514893678368,
        0.4324801053180069,
        0.423894750900933,
        0.4249492744197611,
        0.4269964510544402,
        0.42314628631365103,
        0.41973353875953645
    ],
    "val_loss": [
        0.526451277031618,
        0.5418186082559473,
        0.5743838741498835,
        0.6040845863959369,
        0.6179599782999824,
        0.639628443998449,
        0.6571770745165207,
        0.6141467574764701,
        0.6749146875213174,
        0.6640509924467872,
        0.6540886721190284,
        0.61307893781101,
        0.6522951434640324,
        0.6343489916885601,
        0.5342360089806949,
        0.6312131436432109,
        0.6515115464434904,
        0.6225478207363802,
        0.5722419356598574,
        0.6132983127061058,
        0.5648817914373735
    ],
    "val_accuracy": [
        0.37720588235294117,
        0.36617647058823527,
        0.3220588235294118,
        0.31470588235294117,
        0.3301470588235294,
        0.3338235294117647,
        0.33455882352941174,
        0.3860294117647059,
        0.3272058823529412,
        0.35661764705882354,
        0.3382352941176471,
        0.3911764705882353,
        0.34558823529411764,
        0.3492647058823529,
        0.47058823529411764,
        0.3551470588235294,
        0.3323529411764706,
        0.3683823529411765,
        0.43308823529411766,
        0.3654411764705882,
        0.4360294117647059
    ]
}