{
    "0": {
        "precision": 1.0,
        "recall": 0.004524886877828055,
        "f1-score": 0.009009009009009009,
        "support": 221.0
    },
    "1": {
        "precision": 0.6759941089837997,
        "recall": 1.0,
        "f1-score": 0.8066783831282952,
        "support": 459.0
    },
    "accuracy": 0.6764705882352942,
    "macro avg": {
        "precision": 0.8379970544918999,
        "recall": 0.502262443438914,
        "f1-score": 0.4078436960686521,
        "support": 680.0
    },
    "weighted avg": {
        "precision": 0.7812960235640648,
        "recall": 0.6764705882352942,
        "f1-score": 0.5474358365395272,
        "support": 680.0
    }
}