{
    "0": {
        "precision": 0.3392857142857143,
        "recall": 0.06209150326797386,
        "f1-score": 0.10497237569060773,
        "support": 306.0
    },
    "1": {
        "precision": 0.5400641025641025,
        "recall": 0.9010695187165776,
        "f1-score": 0.6753507014028056,
        "support": 374.0
    },
    "accuracy": 0.5235294117647059,
    "macro avg": {
        "precision": 0.4396749084249084,
        "recall": 0.4815805109922757,
        "f1-score": 0.39016153854670665,
        "support": 680.0
    },
    "weighted avg": {
        "precision": 0.44971382783882785,
        "recall": 0.5235294117647059,
        "f1-score": 0.4186804548323166,
        "support": 680.0
    }
}