{
    "0": {
        "precision": 0.36633663366336633,
        "recall": 0.5441176470588235,
        "f1-score": 0.4378698224852071,
        "support": 204.0
    },
    "1": {
        "precision": 0.753315649867374,
        "recall": 0.5966386554621849,
        "f1-score": 0.6658851113716295,
        "support": 476.0
    },
    "accuracy": 0.5808823529411765,
    "macro avg": {
        "precision": 0.5598261417653702,
        "recall": 0.5703781512605042,
        "f1-score": 0.5518774669284183,
        "support": 680.0
    },
    "weighted avg": {
        "precision": 0.6372219450061717,
        "recall": 0.5808823529411765,
        "f1-score": 0.5974805247057028,
        "support": 680.0
    }
}