{
    "0": {
        "precision": 0.07407407407407407,
        "recall": 0.011764705882352941,
        "f1-score": 0.02030456852791878,
        "support": 170.0
    },
    "1": {
        "precision": 0.7427258805513017,
        "recall": 0.9509803921568627,
        "f1-score": 0.8340498710232158,
        "support": 510.0
    },
    "accuracy": 0.7161764705882353,
    "macro avg": {
        "precision": 0.4083999773126879,
        "recall": 0.4813725490196078,
        "f1-score": 0.4271772197755673,
        "support": 680.0
    },
    "weighted avg": {
        "precision": 0.5755629289319949,
        "recall": 0.7161764705882353,
        "f1-score": 0.6306135453993915,
        "support": 680.0
    }
}