{
    "0": {
        "precision": 0.37861915367483295,
        "recall": 0.7142857142857143,
        "f1-score": 0.4949053857350801,
        "support": 238.0
    },
    "1": {
        "precision": 0.7056277056277056,
        "recall": 0.36877828054298645,
        "f1-score": 0.48439821693907875,
        "support": 442.0
    },
    "accuracy": 0.48970588235294116,
    "macro avg": {
        "precision": 0.5421234296512693,
        "recall": 0.5415319974143504,
        "f1-score": 0.4896518013370794,
        "support": 680.0
    },
    "weighted avg": {
        "precision": 0.5911747124442002,
        "recall": 0.48970588235294116,
        "f1-score": 0.48807572601767923,
        "support": 680.0
    }
}