{
    "0": {
        "precision": 0.4495798319327731,
        "recall": 0.370242214532872,
        "f1-score": 0.4060721062618596,
        "support": 289.0
    },
    "1": {
        "precision": 0.5882352941176471,
        "recall": 0.6649616368286445,
        "f1-score": 0.6242496998799519,
        "support": 391.0
    },
    "accuracy": 0.5397058823529411,
    "macro avg": {
        "precision": 0.5189075630252101,
        "recall": 0.5176019256807582,
        "f1-score": 0.5151609030709058,
        "support": 680.0
    },
    "weighted avg": {
        "precision": 0.5293067226890756,
        "recall": 0.5397058823529411,
        "f1-score": 0.5315242225922627,
        "support": 680.0
    }
}