{
    "train_loss": [
        0.5976692599909647,
        0.544405670326297,
        0.5224133508546012,
        0.508008849670907,
        0.5042653090312701,
        0.4998417147568294,
        0.4987802742409105,
        0.4937868514481713,
        0.48992372590954564,
        0.48147251100099386,
        0.4815098845658182,
        0.47385435660346215,
        0.47062135291199725,
        0.46659453796739336,
        0.464639728710431,
        0.4591406527437082,
        0.4587182389087036,
        0.4510978116708643,
        0.45184359730792645,
        0.44705509503348534,
        0.4466809057387985,
        0.44641691215899815,
        0.4444481638800196,
        0.44300917767676984,
        0.44002722787256,
        0.4387920220859912,
        0.4379055911753358,
        0.43591933575998837
    ],
    "val_loss": [
        0.49739115238189696,
        0.4961740574415992,
        0.4927938640117645,
        0.5007622631157146,
        0.5143923794522005,
        0.5080081897623399,
        0.5016942890251384,
        0.4890165760236628,
        0.4980433698962716,
        0.49270735277849087,
        0.4891833410543554,
        0.4918862809153164,
        0.4914614347850575,
        0.503466269899817,
        0.4967354167910183,
        0.5092588708681218,
        0.5144008401562186,
        0.5106901231934042,
        0.5134960556731505,
        0.5026757212246166,
        0.5147708373911241,
        0.4960776416694417,
        0.5209487967631397,
        0.505631535544115,
        0.5007219240945928,
        0.5183780912090751,
        0.5243726495434257,
        0.5315503428964053
    ],
    "val_accuracy": [
        0.575735294117647,
        0.575,
        0.5727941176470588,
        0.4742647058823529,
        0.425,
        0.4198529411764706,
        0.44338235294117645,
        0.5779411764705882,
        0.5345588235294118,
        0.5823529411764706,
        0.5654411764705882,
        0.5566176470588236,
        0.5588235294117647,
        0.4647058823529412,
        0.5066176470588235,
        0.45294117647058824,
        0.4375,
        0.46176470588235297,
        0.45294117647058824,
        0.48161764705882354,
        0.4514705882352941,
        0.5058823529411764,
        0.4404411764705882,
        0.4772058823529412,
        0.4823529411764706,
        0.45808823529411763,
        0.44338235294117645,
        0.44926470588235295
    ]
}