{
    "train_loss": [
        0.5978837533708943,
        0.5405561881405967,
        0.5244424004424633,
        0.5077928519459445,
        0.5055523589373018,
        0.49607803599600997,
        0.49405748766651125,
        0.48650539203593285,
        0.4804896704170907,
        0.4799922639160248,
        0.47260051788717367,
        0.4652110928517092,
        0.46158968259013866,
        0.4580040036388232,
        0.4537821679015795,
        0.44858500021801334,
        0.44662797384047775,
        0.44318915939445863,
        0.4399918979138471,
        0.4390591300222694,
        0.4383045703316194,
        0.43550153198632535,
        0.43202481503758344,
        0.4300106118521377,
        0.43027235447977746,
        0.4281302135120808
    ],
    "val_loss": [
        0.4905574490042294,
        0.5047922039733214,
        0.4992213778636035,
        0.4862525571795071,
        0.5010357649887309,
        0.4802809946677264,
        0.48465411452686086,
        0.488682892743279,
        0.5060955359655268,
        0.5198929411523482,
        0.5015352052800796,
        0.5076866731924169,
        0.5325014486032373,
        0.4941660926622503,
        0.512326248253093,
        0.5169299374608433,
        0.5323625536525951,
        0.5391592267681571,
        0.5351110377732445,
        0.552049223465078,
        0.5414192157633164,
        0.5404256659395554,
        0.5357901026220883,
        0.5354894560926101,
        0.5523602324373582,
        0.5352687523645513
    ],
    "val_accuracy": [
        0.6110294117647059,
        0.3889705882352941,
        0.5279411764705882,
        0.6125,
        0.42426470588235293,
        0.6125,
        0.6125,
        0.6132352941176471,
        0.44338235294117645,
        0.40808823529411764,
        0.5014705882352941,
        0.46691176470588236,
        0.38088235294117645,
        0.5139705882352941,
        0.46691176470588236,
        0.46176470588235297,
        0.425,
        0.4198529411764706,
        0.41691176470588237,
        0.40808823529411764,
        0.42205882352941176,
        0.42058823529411765,
        0.4308823529411765,
        0.45073529411764707,
        0.4176470588235294,
        0.4522058823529412
    ]
}