{
    "train_loss": [
        0.5845580486308005,
        0.5298129691977367,
        0.5162650036663281,
        0.5080268953540986,
        0.49981078514800265,
        0.49126957686519324,
        0.48779028858351187,
        0.4840495966583769,
        0.47927712883533347,
        0.47468771314323877,
        0.4696067684907408,
        0.4611585101698789,
        0.4605853938239386,
        0.45429918601691166,
        0.45084690184236687,
        0.4481288925091797,
        0.44743614103006796,
        0.444471088664554,
        0.44006286053178467,
        0.4375654320200656,
        0.43751173642844055,
        0.43435030994571255,
        0.4301333807153494,
        0.43199099867236207,
        0.42889876974705965
    ],
    "val_loss": [
        0.5084326523191789,
        0.49366844541886273,
        0.4969656495486989,
        0.5044538231456981,
        0.44392640941283285,
        0.5535920416607576,
        0.5558707868351656,
        0.5564993427080267,
        0.5444424573112937,
        0.5921023824635674,
        0.5851122673820047,
        0.6223903936498305,
        0.7234316271894118,
        0.8045191870016211,
        0.8644685422672945,
        0.7740030120400822,
        0.8328307320089902,
        0.8645845939131344,
        0.8747848777210011,
        0.8404197202009314,
        0.907771171541775,
        0.8530282174839693,
        0.8837166968513938,
        0.8468271521960988,
        0.846860768514521
    ],
    "val_accuracy": [
        0.2875,
        0.7022058823529411,
        0.6088235294117647,
        0.47058823529411764,
        0.7698529411764706,
        0.225,
        0.225,
        0.225,
        0.2426470588235294,
        0.22426470588235295,
        0.22794117647058823,
        0.22426470588235295,
        0.225,
        0.225,
        0.225,
        0.225,
        0.22573529411764706,
        0.22573529411764706,
        0.225,
        0.225,
        0.225,
        0.225,
        0.225,
        0.225,
        0.225
    ]
}