{
    "train_loss": [
        0.5804660799400658,
        0.5292306924075411,
        0.513220505423523,
        0.5053499288250956,
        0.50164561746033,
        0.4948512080943946,
        0.49458253117459433,
        0.4892088122059854,
        0.485138633652357,
        0.47865852756363353,
        0.47439912222979363,
        0.46739934520287946,
        0.4632696003149571,
        0.458672775273498,
        0.4557562872553556,
        0.4542130989035921,
        0.44582553619022763,
        0.44539966290457206,
        0.44076749302173535,
        0.4412991415228,
        0.4373847249497257,
        0.43385092773886197,
        0.4347307395897033,
        0.4321940781064391,
        0.430930835826165
    ],
    "val_loss": [
        0.5279160976409912,
        0.48844788915970744,
        0.499249389592339,
        0.5041628465932958,
        0.475203638567644,
        0.5165270265410928,
        0.49713625417036167,
        0.4886665617718416,
        0.4916614129262812,
        0.5204455266980564,
        0.48104326970436995,
        0.5024706910638248,
        0.5037931894554811,
        0.5406268828055438,
        0.50978764295578,
        0.5208020827349494,
        0.5549031766021952,
        0.5035479233545416,
        0.5005867123603821,
        0.5020380111301647,
        0.49049112481229445,
        0.5049141059903538,
        0.4826878330286811,
        0.5053516987492056,
        0.4865664969472324
    ],
    "val_accuracy": [
        0.3375,
        0.6588235294117647,
        0.5580882352941177,
        0.3514705882352941,
        0.6617647058823529,
        0.34191176470588236,
        0.5235294117647059,
        0.6110294117647059,
        0.48823529411764705,
        0.3948529411764706,
        0.5411764705882353,
        0.4786764705882353,
        0.4808823529411765,
        0.4264705882352941,
        0.4808823529411765,
        0.48161764705882354,
        0.4323529411764706,
        0.47794117647058826,
        0.48455882352941176,
        0.48161764705882354,
        0.48823529411764705,
        0.4852941176470588,
        0.4904411764705882,
        0.48676470588235293,
        0.4904411764705882
    ]
}