{
    "train_loss": [
        0.5900925691455405,
        0.5376703620746436,
        0.512123786949164,
        0.510717007498078,
        0.5035209065142846,
        0.4983004123367221,
        0.4895116627611072,
        0.4841468415611627,
        0.47841652527155465,
        0.47182740690495006,
        0.4687345570187695,
        0.46379979443273794,
        0.45936586796645296,
        0.4553596774572568,
        0.45014031068576094,
        0.4481600225465187,
        0.44578609095010535,
        0.4443851454269807,
        0.4397240597631363,
        0.43565036763517273,
        0.4342995635079627,
        0.43424578326822116,
        0.43353751193213935,
        0.4299512751745862,
        0.42737520611937474,
        0.42735217181065227,
        0.42810582051312684,
        0.4248376986542285,
        0.42316369776496826,
        0.4202217666173218,
        0.4205169289169327,
        0.41988925495191126,
        0.42171711131732986,
        0.42120854499817684,
        0.4189993812647087,
        0.4213422482327515,
        0.4179385545237964,
        0.42077101359994995,
        0.41566039254235115,
        0.4143360228037203,
        0.41411705342250943,
        0.4134900618023825,
        0.4170050760176008,
        0.411209952357589,
        0.41430791262660593,
        0.4112724083050197,
        0.4091979993494931,
        0.41172956519865045,
        0.4085284424390619,
        0.40887976580897706,
        0.4097786620505993,
        0.4110316873978305,
        0.4061027486247337,
        0.4057176573485728,
        0.40720199243418426,
        0.4068734494364814,
        0.406520366446664,
        0.40252565474107566,
        0.403734234735271,
        0.40319593006510607,
        0.4022765745538355,
        0.3982287717131984,
        0.4009853248663296,
        0.39913390226514134,
        0.4001308108821807
    ],
    "val_loss": [
        0.5168881055186777,
        0.48684671976987054,
        0.4928946488043841,
        0.5083458725143881,
        0.5063036196372088,
        0.4923196410431581,
        0.48813835557769325,
        0.4872854327454286,
        0.48090511385132284,
        0.47107247640104855,
        0.4902147121289197,
        0.4642213796868044,
        0.4564987747108235,
        0.4568957363857942,
        0.49116031843073227,
        0.4585961261216332,
        0.4458656784366159,
        0.453306523140739,
        0.46257543598904327,
        0.4623050570487976,
        0.43747851427863627,
        0.4500027737196754,
        0.4448676158400143,
        0.4267273857313044,
        0.4540088043493383,
        0.43768900948412276,
        0.4203876782866085,
        0.43493893777622894,
        0.42912856936454774,
        0.4403128795764025,
        0.4537544913151685,
        0.4363616136943593,
        0.42949939300032225,
        0.42759412018691795,
        0.4271695026580025,
        0.4238131368861479,
        0.41199733807760125,
        0.4443283743718091,
        0.41314573743764094,
        0.45427089508842017,
        0.4321831967900781,
        0.41094556433313034,
        0.38918673290925865,
        0.4372755387250115,
        0.38513541957911324,
        0.4085866549435784,
        0.44552212778259725,
        0.39842769170508663,
        0.41229483642998865,
        0.4297877944567624,
        0.39947468550766213,
        0.39105837239938623,
        0.4201525330543518,
        0.41178246298257043,
        0.388308677427909,
        0.39386001720147973,
        0.4063230027170742,
        0.3987270805765601,
        0.43093097981284645,
        0.4109316305202596,
        0.4182924738701652,
        0.409118924947346,
        0.4082577992888058,
        0.38926216661930085,
        0.4081889717017903
    ],
    "val_accuracy": [
        0.375,
        0.6242647058823529,
        0.6161764705882353,
        0.3875,
        0.3977941176470588,
        0.5926470588235294,
        0.5955882352941176,
        0.5764705882352941,
        0.549264705882353,
        0.5970588235294118,
        0.49779411764705883,
        0.5779411764705882,
        0.5875,
        0.586764705882353,
        0.5014705882352941,
        0.5713235294117647,
        0.5963235294117647,
        0.5794117647058824,
        0.5580882352941177,
        0.5558823529411765,
        0.5919117647058824,
        0.5698529411764706,
        0.5772058823529411,
        0.5985294117647059,
        0.5639705882352941,
        0.5838235294117647,
        0.6051470588235294,
        0.5941176470588235,
        0.5911764705882353,
        0.5823529411764706,
        0.5610294117647059,
        0.5830882352941177,
        0.5882352941176471,
        0.5882352941176471,
        0.5933823529411765,
        0.5948529411764706,
        0.6132352941176471,
        0.5779411764705882,
        0.6073529411764705,
        0.5529411764705883,
        0.5882352941176471,
        0.6044117647058823,
        0.6272058823529412,
        0.5794117647058824,
        0.6205882352941177,
        0.6058823529411764,
        0.5838235294117647,
        0.6073529411764705,
        0.6066176470588235,
        0.5889705882352941,
        0.6044117647058823,
        0.6147058823529412,
        0.5941176470588235,
        0.6058823529411764,
        0.6147058823529412,
        0.6147058823529412,
        0.611764705882353,
        0.6132352941176471,
        0.5941176470588235,
        0.6044117647058823,
        0.5963235294117647,
        0.6110294117647059,
        0.6058823529411764,
        0.6139705882352942,
        0.6051470588235294
    ]
}