{
    "train_loss": [
        0.5849954430321262,
        0.5378021629336643,
        0.5180897687626357,
        0.5059265499264494,
        0.5003187825577488,
        0.4932264394984387,
        0.48593546671442467,
        0.48238592036683176,
        0.47160050243434337,
        0.46730937875143375,
        0.4606537260729881,
        0.4567359774419577,
        0.4508482035335534,
        0.446132723770716,
        0.4449496285946849,
        0.4412579182842777,
        0.4383493350579007,
        0.4374918023941934,
        0.4352518345902462,
        0.43188893032742803,
        0.43014330139057866
    ],
    "val_loss": [
        0.4875352242413689,
        0.48946126909816967,
        0.4961201604674844,
        0.5016046979848077,
        0.4907104194164276,
        0.49793555420987745,
        0.5095448076725007,
        0.51177438287174,
        0.535657010008307,
        0.5202788938494289,
        0.5283204071662005,
        0.5051327337236965,
        0.5254620271570543,
        0.5196091508164126,
        0.507383384774713,
        0.5062830227262833,
        0.5262317299842835,
        0.5213599801063538,
        0.5027653206797207,
        0.5193340522401473,
        0.5198625887141508
    ],
    "val_accuracy": [
        0.6125,
        0.6125,
        0.611764705882353,
        0.4536764705882353,
        0.6161764705882353,
        0.5102941176470588,
        0.42720588235294116,
        0.4389705882352941,
        0.37573529411764706,
        0.4470588235294118,
        0.4426470588235294,
        0.4889705882352941,
        0.44926470588235295,
        0.4610294117647059,
        0.4823529411764706,
        0.4919117647058823,
        0.4514705882352941,
        0.45073529411764707,
        0.4919117647058823,
        0.4602941176470588,
        0.4610294117647059
    ]
}