{
    "0": {
        "precision": 0.5434782608695652,
        "recall": 0.45955882352941174,
        "f1-score": 0.49800796812749004,
        "support": 272.0
    },
    "1": {
        "precision": 0.6733333333333333,
        "recall": 0.7426470588235294,
        "f1-score": 0.7062937062937062,
        "support": 408.0
    },
    "accuracy": 0.6294117647058823,
    "macro avg": {
        "precision": 0.6084057971014493,
        "recall": 0.6011029411764706,
        "f1-score": 0.6021508372105981,
        "support": 680.0
    },
    "weighted avg": {
        "precision": 0.6213913043478262,
        "recall": 0.6294117647058823,
        "f1-score": 0.6229794110272199,
        "support": 680.0
    }
}