{
    "0": {
        "precision": 0.4074074074074074,
        "recall": 0.03235294117647059,
        "f1-score": 0.05994550408719346,
        "support": 340.0
    },
    "1": {
        "precision": 0.49617151607963245,
        "recall": 0.9529411764705882,
        "f1-score": 0.6525679758308157,
        "support": 340.0
    },
    "accuracy": 0.49264705882352944,
    "macro avg": {
        "precision": 0.4517894617435199,
        "recall": 0.4926470588235294,
        "f1-score": 0.3562567399590046,
        "support": 680.0
    },
    "weighted avg": {
        "precision": 0.4517894617435199,
        "recall": 0.49264705882352944,
        "f1-score": 0.3562567399590046,
        "support": 680.0
    }
}