{
    "train_loss": [
        0.5064446810448524,
        0.489569755060838,
        0.47654564197700805,
        0.464568436794942,
        0.4501323664542472,
        0.43437346851471625,
        0.41821031632399797,
        0.3988439536035651,
        0.37975963861635414,
        0.3627184819466997,
        0.34288270343648325,
        0.3342606014839493,
        0.32632844816930223,
        0.32003831386861237,
        0.3095688743830317,
        0.3054384433249436,
        0.301323346107608,
        0.295363283614711,
        0.2941198636252101,
        0.28678623506854667,
        0.2863452999972471,
        0.28297425740131055,
        0.2735499897879539,
        0.27928219078348415,
        0.2708080871565507,
        0.2719669060836924,
        0.27021924725337193,
        0.27488387462378727,
        0.27295490848545984,
        0.2748600078248742,
        0.2700050625193975,
        0.26757705583061914,
        0.26959643990244014,
        0.2712772703831001,
        0.26032078206760456,
        0.2599399098923596,
        0.259849911775108,
        0.2578666626927581,
        0.26046610077068505,
        0.2603048039600253,
        0.25949410505887893
    ],
    "val_loss": [
        0.5004473982830725,
        0.4979070968176486,
        0.49461392555716477,
        0.49042230632883554,
        0.485742499489756,
        0.4855546690303193,
        0.48300771794375585,
        0.48768891138437936,
        0.47909509421452967,
        0.4711673218294008,
        0.4720614161893461,
        0.4780993265865823,
        0.48066726617911865,
        0.47074184721038187,
        0.4730316600679646,
        0.47819243935790995,
        0.4672090377680649,
        0.48076329314144406,
        0.4572748692607033,
        0.463179154508918,
        0.45644953256175363,
        0.4778327455182047,
        0.48036343793897235,
        0.4680416125517625,
        0.4652088451138615,
        0.4699028126410479,
        0.46756669658528277,
        0.468274896755021,
        0.47245710413660524,
        0.4813217330261095,
        0.4686461617431697,
        0.47021022483089264,
        0.47024708898109796,
        0.4728746706917441,
        0.46946238351644143,
        0.4643239803920836,
        0.4662640443920384,
        0.4757628149005788,
        0.4650294025092435,
        0.46119954811750785,
        0.4616549309541488
    ],
    "val_accuracy": [
        0.49795766802822133,
        0.506498329001114,
        0.5120683252877831,
        0.5246936502042332,
        0.5410323059784626,
        0.5332343111771258,
        0.5425176383215744,
        0.5406609728926848,
        0.5406609728926848,
        0.5410323059784626,
        0.5440029706646862,
        0.532862978091348,
        0.532862978091348,
        0.5362049758633495,
        0.5417749721500186,
        0.5280356479762347,
        0.5380616412922391,
        0.5269216487189009,
        0.5477163015224656,
        0.5436316375789083,
        0.5492016338655774,
        0.5272929818046788,
        0.5265503156331229,
        0.5339769773486818,
        0.545488303007798,
        0.5369476420349053,
        0.5384329743780171,
        0.5369476420349053,
        0.5332343111771258,
        0.5254363163757891,
        0.5365763089491273,
        0.5380616412922391,
        0.5306349795766803,
        0.5310063126624582,
        0.5362049758633495,
        0.5402896398069068,
        0.5373189751206833,
        0.5298923134051244,
        0.5414036390642406,
        0.5436316375789083,
        0.5425176383215744
    ]
}