{
    "0": {
        "precision": 0.538109756097561,
        "recall": 0.522962962962963,
        "f1-score": 0.5304282494365139,
        "support": 1350.0
    },
    "1": {
        "precision": 0.5336712527154236,
        "recall": 0.5487714072970961,
        "f1-score": 0.5411160058737151,
        "support": 1343.0
    },
    "accuracy": 0.5358336427775715,
    "macro avg": {
        "precision": 0.5358905044064923,
        "recall": 0.5358671851300295,
        "f1-score": 0.5357721276551145,
        "support": 2693.0
    },
    "weighted avg": {
        "precision": 0.5358962729775422,
        "recall": 0.5358336427775715,
        "f1-score": 0.5357582371435919,
        "support": 2693.0
    }
}