{
    "0": {
        "precision": 0.5326923076923077,
        "recall": 0.6220059880239521,
        "f1-score": 0.5738950276243094,
        "support": 1336.0
    },
    "1": {
        "precision": 0.5542806707855251,
        "recall": 0.4627855563743552,
        "f1-score": 0.5044176706827309,
        "support": 1357.0
    },
    "accuracy": 0.5417749721500186,
    "macro avg": {
        "precision": 0.5434864892389164,
        "recall": 0.5423957721991537,
        "f1-score": 0.5391563491535202,
        "support": 2693.0
    },
    "weighted avg": {
        "precision": 0.5435706622105015,
        "recall": 0.5417749721500186,
        "f1-score": 0.5388854571193996,
        "support": 2693.0
    }
}