{
    "train_loss": [
        0.6185721569663876,
        0.537441213445349,
        0.517064686856427,
        0.5052632303683312,
        0.4958839032676194,
        0.48541362835810736,
        0.47910544197637955,
        0.4779405625311883,
        0.4716035642466702,
        0.46839188569849666,
        0.4640955673469292,
        0.46299577614108284,
        0.46370969454010763,
        0.45879831032438595,
        0.4598221256182744,
        0.4555303354184706,
        0.4577883962746505,
        0.4552342864838275,
        0.45350580091004844,
        0.44951106447439926,
        0.4500029975241357,
        0.4499808974973448,
        0.44859040314024623,
        0.44834130668378136,
        0.44571352754975413
    ],
    "val_loss": [
        0.510277628103892,
        0.49987744390964506,
        0.4961717222134272,
        0.49657115956147513,
        0.4932612480719884,
        0.49572804689407346,
        0.4973691471417745,
        0.4986665060122808,
        0.49581464449564616,
        0.5024789919455847,
        0.4994909065961838,
        0.5010761968294779,
        0.5006060087680817,
        0.49691962003707885,
        0.5018507349491119,
        0.49942165772120156,
        0.5053523351748784,
        0.502236065864563,
        0.5021356745560964,
        0.5066801577806472,
        0.5019103236993154,
        0.5053280387322108,
        0.5056983902057012,
        0.5068599917491277,
        0.5033708159128825
    ],
    "val_accuracy": [
        0.5309106098579783,
        0.5338345864661654,
        0.5213032581453634,
        0.5221386800334169,
        0.5125313283208021,
        0.5066833751044277,
        0.506265664160401,
        0.49164578111946533,
        0.5016708437761069,
        0.48663324979114453,
        0.4899749373433584,
        0.48705096073517123,
        0.48830409356725146,
        0.5033416875522139,
        0.4974937343358396,
        0.5041771094402674,
        0.4849624060150376,
        0.49582289055973267,
        0.49624060150375937,
        0.4828738512949039,
        0.49331662489557226,
        0.48621553884711777,
        0.49122807017543857,
        0.48454469507101083,
        0.48955722639933164
    ]
}