{
    "0": {
        "precision": 0.42625169147496617,
        "recall": 0.5550660792951542,
        "f1-score": 0.48220436280137774,
        "support": 1135.0
    },
    "1": {
        "precision": 0.6664464993394981,
        "recall": 0.5433494884221863,
        "f1-score": 0.5986354197567487,
        "support": 1857.0
    },
    "accuracy": 0.5477941176470589,
    "macro avg": {
        "precision": 0.5463490954072321,
        "recall": 0.5492077838586702,
        "f1-score": 0.5404198912790632,
        "support": 2992.0
    },
    "weighted avg": {
        "precision": 0.5753298192170904,
        "recall": 0.5477941176470589,
        "f1-score": 0.5544678897954032,
        "support": 2992.0
    }
}