{
    "0": {
        "precision": 0.5176470588235295,
        "recall": 0.06537890044576523,
        "f1-score": 0.11609498680738786,
        "support": 1346.0
    },
    "1": {
        "precision": 0.5542168674698795,
        "recall": 0.9501822600243013,
        "f1-score": 0.7000895255147717,
        "support": 1646.0
    },
    "accuracy": 0.5521390374331551,
    "macro avg": {
        "precision": 0.5359319631467045,
        "recall": 0.5077805802350333,
        "f1-score": 0.40809225616107975,
        "support": 2992.0
    },
    "weighted avg": {
        "precision": 0.5377653425908732,
        "recall": 0.5521390374331551,
        "f1-score": 0.43737005723263983,
        "support": 2992.0
    }
}