{
    "train_loss": [
        0.5107961231225673,
        0.4991048114250887,
        0.4930203606841692,
        0.48880359662068,
        0.47822825314494716,
        0.4758236649378617,
        0.4627100528931768,
        0.4594506260818487,
        0.45005251011261804,
        0.44598810212563267,
        0.441178028586347,
        0.4417515206929261,
        0.4335795324472035,
        0.4290251121724066,
        0.4315471026094554,
        0.42571385613751334,
        0.42666620765856766,
        0.42114849434431045,
        0.4235711083850274,
        0.4210684347298431,
        0.41841781980795817,
        0.40998432460925555,
        0.4191087275414437,
        0.41274853993195465,
        0.4079008010753698,
        0.40608299106406487,
        0.4086905652745289
    ],
    "val_loss": [
        0.5056151048364964,
        0.49084142358465627,
        0.5004721034995534,
        0.48325620676306164,
        0.4870297758078033,
        0.502318318255923,
        0.47084907560863276,
        0.48671973310410976,
        0.48813702894205396,
        0.4968121980570934,
        0.49361574328081176,
        0.4787695644084703,
        0.47502565824172716,
        0.4879811782897873,
        0.4906566573137587,
        0.49728447783061047,
        0.49022410420531576,
        0.48827714794738725,
        0.4927007984369993,
        0.4883773530918089,
        0.48611009688201273,
        0.48314998197284614,
        0.48711461963301356,
        0.4810424797575582,
        0.48571211023425515,
        0.4885294385762377,
        0.47717800330032
    ],
    "val_accuracy": [
        0.46626420454545453,
        0.5241477272727273,
        0.49609375,
        0.5291193181818182,
        0.5262784090909091,
        0.50390625,
        0.5387073863636364,
        0.515625,
        0.5134943181818182,
        0.5053267045454546,
        0.5071022727272727,
        0.5316051136363636,
        0.5291193181818182,
        0.5166903409090909,
        0.5106534090909091,
        0.5028409090909091,
        0.5110085227272727,
        0.5124289772727273,
        0.5120738636363636,
        0.5145596590909091,
        0.5159801136363636,
        0.5191761363636364,
        0.5188210227272727,
        0.5181107954545454,
        0.515625,
        0.515625,
        0.5255681818181818
    ]
}