{
    "train_loss": [
        0.4992533020134604,
        0.4940423201123247,
        0.4900270731009143,
        0.47984371035821055,
        0.46935473408326744,
        0.4654589937265363,
        0.4587213841240489,
        0.451411473191687,
        0.4443469538297563,
        0.4396421821194492,
        0.4401654529176676,
        0.4339520753323092,
        0.43136229321407593,
        0.42645721356105354,
        0.42646868249595354,
        0.42234189742559136,
        0.41947284511258176,
        0.41528154028232916,
        0.4176210717588945,
        0.41506985243562644,
        0.4111805463720947,
        0.41252722380806217,
        0.4080711625022843,
        0.40252074997648835,
        0.40867774531668294
    ],
    "val_loss": [
        0.49990404126319016,
        0.5238431749696081,
        0.4939004121856256,
        0.4980999121273106,
        0.48043001477013936,
        0.48437444831837306,
        0.49436903931200504,
        0.4891932914880189,
        0.49431487545371056,
        0.48486062537201424,
        0.4891283238645304,
        0.48778165064074774,
        0.49946830176155677,
        0.4898937214165926,
        0.4879139828580347,
        0.4872938697649674,
        0.48883229443295434,
        0.49801437175748026,
        0.487479751590978,
        0.4881289084018631,
        0.4947005311365832,
        0.48916908201168885,
        0.48887518708678807,
        0.4901734565130689,
        0.488197656263682
    ],
    "val_accuracy": [
        0.4989346590909091,
        0.44886363636363635,
        0.5142045454545454,
        0.5049715909090909,
        0.52734375,
        0.5174005681818182,
        0.5113636363636364,
        0.5099431818181818,
        0.515625,
        0.5184659090909091,
        0.5092329545454546,
        0.5106534090909091,
        0.5060369318181818,
        0.5120738636363636,
        0.5134943181818182,
        0.5145596590909091,
        0.51171875,
        0.5024857954545454,
        0.5127840909090909,
        0.515625,
        0.5063920454545454,
        0.5149147727272727,
        0.5120738636363636,
        0.5102982954545454,
        0.5138494318181818
    ]
}