{
    "0": {
        "precision": 0.4847417840375587,
        "recall": 0.26073232323232326,
        "f1-score": 0.3390804597701149,
        "support": 1584.0
    },
    "1": {
        "precision": 0.5610944527736131,
        "recall": 0.7732438016528925,
        "f1-score": 0.6503040834057341,
        "support": 1936.0
    },
    "accuracy": 0.5426136363636364,
    "macro avg": {
        "precision": 0.5229181184055859,
        "recall": 0.5169880624426079,
        "f1-score": 0.4946922715879245,
        "support": 3520.0
    },
    "weighted avg": {
        "precision": 0.5267357518423886,
        "recall": 0.5426136363636364,
        "f1-score": 0.5102534527697055,
        "support": 3520.0
    }
}