{
    "train_loss": [
        0.6027852917361147,
        0.5490868463762489,
        0.5276537135313374,
        0.5141780512853408,
        0.505992054519519,
        0.5032809876919913,
        0.5027108549232214,
        0.4994760706251216,
        0.49325828743932393,
        0.4958720561903967,
        0.4936306151985562,
        0.48565554073159123,
        0.48465089436987757,
        0.4794901036460635,
        0.4814178149605021,
        0.4746851573387782,
        0.4708462774473737,
        0.46857537469113936,
        0.46438449068528387,
        0.4611210191333798,
        0.4594745095906683,
        0.45682133440400513,
        0.4535575481087949,
        0.4503889326618311,
        0.452565889962962,
        0.446427530176203,
        0.45068936249319935,
        0.44157350518054245,
        0.44252724092051454,
        0.43922090792739893,
        0.43810094518700676,
        0.43974062100822375,
        0.43864275759934257,
        0.4371699009073172,
        0.4343244150770662,
        0.4357583035185863,
        0.43144465755548833,
        0.4316910386365344,
        0.42969967131043824,
        0.4322457320533448,
        0.42704913936590366,
        0.4278089514640575,
        0.4278624785338209,
        0.42313626936763665,
        0.4214927060923106,
        0.4248012330890262,
        0.4229828407157195,
        0.420756276014825,
        0.41862522310494255,
        0.42076038593697435,
        0.4184192170349645,
        0.416805517365675,
        0.4190201566952495,
        0.4148286428879684,
        0.4164641596761668,
        0.41583655319863083,
        0.41392815578291675,
        0.415387920930352,
        0.4111138987639141,
        0.4094749717085574,
        0.4103750130730056,
        0.410091349356611,
        0.4085064431381338,
        0.4113058416006711,
        0.408384292513272,
        0.4071922315188417,
        0.40888196415324723,
        0.41053743219711414,
        0.40550924704668107,
        0.4055106477558333,
        0.4082345764017161,
        0.40197815137429976,
        0.40061634485150727,
        0.3992136938960899,
        0.40304447364219476,
        0.39716909364075725,
        0.3984727155364735,
        0.3983610349361885
    ],
    "val_loss": [
        0.4989099939104537,
        0.49786114461824926,
        0.49804196496244885,
        0.4976217146490661,
        0.495762115213233,
        0.4956567946454169,
        0.4926982817935272,
        0.4927139229757685,
        0.4890708864574701,
        0.48678607839933585,
        0.4877153383174413,
        0.479190502578104,
        0.4787774528835861,
        0.47636015692227324,
        0.47317236284135095,
        0.4693350905263928,
        0.45733172792783927,
        0.45595886463850316,
        0.45575798901034076,
        0.4461366830157562,
        0.4422975560309182,
        0.44550049808663383,
        0.4395915595158725,
        0.44261593277185735,
        0.4374259907594869,
        0.4321667713598466,
        0.43032684334566895,
        0.43294099959689125,
        0.42596594548561206,
        0.42443108327791723,
        0.4220470875291757,
        0.4237994589436222,
        0.41654025448459975,
        0.4149125182712582,
        0.41825950313621846,
        0.4187223258572565,
        0.41678527669167853,
        0.41082458754240625,
        0.4143088851386393,
        0.41048278512669284,
        0.41115039566033323,
        0.4095623130109948,
        0.4129588551504511,
        0.40665890077050304,
        0.40874507341166616,
        0.40490819240959597,
        0.40929947929902816,
        0.41117285171025236,
        0.4049690746715371,
        0.4063469192511599,
        0.4038520849926371,
        0.40485843827187173,
        0.4097308877488257,
        0.40639453538706605,
        0.4080960129348325,
        0.4007132023992673,
        0.40546800206664585,
        0.4005351132700141,
        0.40276522682586186,
        0.4062349175063657,
        0.403133105224287,
        0.40400112661677345,
        0.4054670382133672,
        0.40484917678043875,
        0.4074633085811642,
        0.42330082810260883,
        0.40621259011013405,
        0.4079224325611558,
        0.40463904333366474,
        0.40868374736795965,
        0.41223927566283186,
        0.40946558904899677,
        0.42003472747517306,
        0.41176862206677317,
        0.4120548518610672,
        0.41218510479994225,
        0.4078319491425031,
        0.40631856286609674
    ],
    "val_accuracy": [
        0.5068251871422281,
        0.5063848524878908,
        0.5134302069572876,
        0.512549537648613,
        0.5028621752531924,
        0.5204755614266843,
        0.5090268604139145,
        0.5583443416996917,
        0.5345662703654778,
        0.5099075297225891,
        0.5737560546014971,
        0.567591369440775,
        0.5570233377366799,
        0.5574636723910171,
        0.5759577278731837,
        0.5785997357992074,
        0.5821224130339058,
        0.5909291061206517,
        0.5689123734037869,
        0.586966094231616,
        0.6006164685160722,
        0.5975341259357111,
        0.6010568031704095,
        0.5746367239101717,
        0.5997357992073976,
        0.5935711140466755,
        0.6019374724790841,
        0.5948921180096873,
        0.5997357992073976,
        0.603258476442096,
        0.6010568031704095,
        0.6036988110964333,
        0.6072214883311317,
        0.6050198150594451,
        0.6054601497137825,
        0.607661822985469,
        0.6063408190224571,
        0.6054601497137825,
        0.6072214883311317,
        0.6067811536767944,
        0.6050198150594451,
        0.6059004843681197,
        0.607661822985469,
        0.6120651695288419,
        0.6142668428005285,
        0.6133861734918538,
        0.6094231616028182,
        0.6081021576398062,
        0.6098634962571554,
        0.6142668428005285,
        0.6111845002201673,
        0.6067811536767944,
        0.6085424922941436,
        0.6098634962571554,
        0.6103038309114928,
        0.6111845002201673,
        0.6129458388375165,
        0.6120651695288419,
        0.61074416556583,
        0.6041391457507705,
        0.6045794804051079,
        0.6155878467635403,
        0.6120651695288419,
        0.6098634962571554,
        0.600176133861735,
        0.6098634962571554,
        0.6103038309114928,
        0.6111845002201673,
        0.6094231616028182,
        0.6098634962571554,
        0.6081021576398062,
        0.61074416556583,
        0.6089828269484808,
        0.6094231616028182,
        0.6125055041831792,
        0.6094231616028182,
        0.5984147952443857,
        0.6133861734918538
    ]
}