{
    "train_loss": [
        0.6064964450301139,
        0.5434613353069959,
        0.5288570831079438,
        0.5145224239065054,
        0.5103359979363115,
        0.5062054656620877,
        0.5011235297145978,
        0.5016313365227739,
        0.4937179444681311,
        0.49318428533457814,
        0.4924705034130616,
        0.4860774042880591,
        0.48324354181826956,
        0.4822426606931597,
        0.47857664238679015,
        0.47524286358848983,
        0.4706829536548803,
        0.47116839291064394,
        0.46581412571976444,
        0.46097089630057553,
        0.46233254111428773,
        0.4576681180039482,
        0.4575012429079539,
        0.45152787724291216,
        0.4532871407242448,
        0.44911073309155136,
        0.44954905847848303,
        0.44422426183178954,
        0.44282344186529865,
        0.44040569593089285,
        0.4361367093425402,
        0.4371703670758037,
        0.4364474291952563,
        0.4360923007690291,
        0.4352306448657748,
        0.4340268680957002,
        0.43289141147069526,
        0.4296034981667156,
        0.4314793779256758,
        0.42475248656362435,
        0.4269830286502838,
        0.4280112873360585,
        0.4259841687312708,
        0.42333540932533326,
        0.42229476175817526,
        0.42331250442165724,
        0.4215804729873026,
        0.42253271815642507,
        0.41715120688570495,
        0.4206934819269068,
        0.4192700163579323,
        0.41930334172058553,
        0.41744548334202297,
        0.4179101725909072,
        0.4169971509858476,
        0.41595891030601495,
        0.41273445048382584,
        0.41538706642221396,
        0.4131157491268686,
        0.4134335948827681,
        0.4101848298325225,
        0.4131418207721531,
        0.4115855594825857,
        0.4086538816281887,
        0.40576849188743064,
        0.4096733633201447,
        0.404517987699296,
        0.4104631247934601,
        0.39891831636288916,
        0.4093401751397921,
        0.4023628686095627,
        0.4033390747759264,
        0.40336441056269434,
        0.4028936383869726,
        0.40091809801792316,
        0.3986707368926823,
        0.400769115088971,
        0.3983288698702911,
        0.39978119793912054,
        0.39785649893289443,
        0.40153402104064334
    ],
    "val_loss": [
        0.49769095908588085,
        0.4981163507196265,
        0.49825234606232444,
        0.49971565268409085,
        0.49703241842733303,
        0.49777779109041453,
        0.4955966365589222,
        0.4924099970031792,
        0.49080545738549297,
        0.4864527694356274,
        0.48473107458000453,
        0.48470001384406025,
        0.4743139156153504,
        0.4729936893137408,
        0.4701612805816489,
        0.46948356317802215,
        0.4641940033351871,
        0.46874081605756784,
        0.45780626191219814,
        0.4501565468143409,
        0.4443968589037237,
        0.44722855594796196,
        0.44582919734464566,
        0.4341939568099841,
        0.4348540419424084,
        0.4385434643063747,
        0.4301146321313482,
        0.42977226766901955,
        0.4253960308474554,
        0.4274598917281124,
        0.4236466924489384,
        0.4228969729492362,
        0.4201636769821946,
        0.4190515650200172,
        0.4179480537562303,
        0.4172484053062721,
        0.4184649481739796,
        0.41343048959970474,
        0.4142062327181789,
        0.41844073126853354,
        0.4134290491191434,
        0.413218252255883,
        0.41179580063047544,
        0.411447051965015,
        0.4150586794589607,
        0.41213277937241005,
        0.41292057763522777,
        0.4153736097292161,
        0.4119181068430484,
        0.4094901874031819,
        0.4092950563825352,
        0.40992700382017755,
        0.4089836828725439,
        0.4094349114407956,
        0.405633983582678,
        0.4144339971769024,
        0.40540842638469077,
        0.4097175435491011,
        0.4053521084953362,
        0.40606387652141945,
        0.40147843631640284,
        0.4057148651967586,
        0.4092952750728164,
        0.4228254465360037,
        0.4213956519961357,
        0.4050391731967389,
        0.4157154249473357,
        0.4107043682269647,
        0.4067923294406542,
        0.4161532928406353,
        0.40958977941895874,
        0.4019019447371993,
        0.4103744307034452,
        0.4099605700499575,
        0.40225190732260824,
        0.41436063214926655,
        0.4259369889615287,
        0.4100003636009257,
        0.4062724159636968,
        0.4184184897113854,
        0.41389959253055947
    ],
    "val_accuracy": [
        0.5094671950682519,
        0.5253192426243946,
        0.5129898723029502,
        0.5002201673271687,
        0.50814619110524,
        0.505063848524879,
        0.512549537648613,
        0.5292822545134303,
        0.5473359753412593,
        0.5508586525759577,
        0.5301629238221048,
        0.527520915896081,
        0.5583443416996917,
        0.5830030823425804,
        0.5904887714663144,
        0.5640686922060766,
        0.6006164685160722,
        0.5785997357992074,
        0.5944517833553501,
        0.5944517833553501,
        0.5935711140466755,
        0.5944517833553501,
        0.591369440774989,
        0.603258476442096,
        0.6036988110964333,
        0.603258476442096,
        0.5997357992073976,
        0.6028181417877587,
        0.6023778071334214,
        0.5975341259357111,
        0.6045794804051079,
        0.6045794804051079,
        0.6059004843681197,
        0.603258476442096,
        0.6028181417877587,
        0.6023778071334214,
        0.600176133861735,
        0.6036988110964333,
        0.6036988110964333,
        0.6028181417877587,
        0.6045794804051079,
        0.603258476442096,
        0.6006164685160722,
        0.6014971378247468,
        0.6028181417877587,
        0.5992954645530604,
        0.6059004843681197,
        0.598855129898723,
        0.6014971378247468,
        0.6019374724790841,
        0.6045794804051079,
        0.6019374724790841,
        0.6028181417877587,
        0.6063408190224571,
        0.6036988110964333,
        0.6041391457507705,
        0.6019374724790841,
        0.598855129898723,
        0.603258476442096,
        0.6054601497137825,
        0.6059004843681197,
        0.6067811536767944,
        0.6098634962571554,
        0.6010568031704095,
        0.6036988110964333,
        0.6089828269484808,
        0.6045794804051079,
        0.6063408190224571,
        0.6036988110964333,
        0.600176133861735,
        0.6054601497137825,
        0.6063408190224571,
        0.6094231616028182,
        0.6059004843681197,
        0.6067811536767944,
        0.61074416556583,
        0.6067811536767944,
        0.6116248348745046,
        0.6116248348745046,
        0.6120651695288419,
        0.6089828269484808
    ]
}