{
    "0": {
        "precision": 0.5915032679738562,
        "recall": 0.6378854625550661,
        "f1-score": 0.6138194150063586,
        "support": 1135.0
    },
    "1": {
        "precision": 0.607824427480916,
        "recall": 0.5602462620932278,
        "f1-score": 0.5830663615560641,
        "support": 1137.0
    },
    "accuracy": 0.5990316901408451,
    "macro avg": {
        "precision": 0.5996638477273861,
        "recall": 0.5990658623241469,
        "f1-score": 0.5984428882812114,
        "support": 2272.0
    },
    "weighted avg": {
        "precision": 0.599671031336324,
        "recall": 0.5990316901408451,
        "f1-score": 0.5984293526062773,
        "support": 2272.0
    }
}