{
    "train_loss": [
        0.5070305317640305,
        0.49402039727339375,
        0.49167967014587843,
        0.4756864303579697,
        0.44661584267249477,
        0.4480733246757434,
        0.4274146012388743,
        0.4068673445055118,
        0.40054852028305715,
        0.3877036439684721,
        0.38466407559238947,
        0.37911257147789,
        0.3481503576040268,
        0.3410209583548399,
        0.33422601968050003,
        0.31024631513999057,
        0.31750716942434126,
        0.30559874641207546,
        0.3015323350062737,
        0.3047316876741556,
        0.285972314958389,
        0.2927617367643576,
        0.27977268999585736,
        0.27092953928961205,
        0.2739330017222808,
        0.2596283754190573,
        0.24782816206033415,
        0.24674215382681444,
        0.24703912236369574,
        0.24176153096442038,
        0.23097015759692743,
        0.22902367264032364,
        0.21617295836599973,
        0.232648331958514,
        0.2179565511357326,
        0.21052846513115442
    ],
    "val_loss": [
        0.5069777203930749,
        0.5015751669804255,
        0.5107656601402495,
        0.4992154853211509,
        0.4881206783983443,
        0.502401653263304,
        0.4873332993851768,
        0.4865739676687453,
        0.4805093937449985,
        0.47725343704223633,
        0.5006808009412553,
        0.4838658769925435,
        0.48354298373063404,
        0.47607937620745766,
        0.49262522326575386,
        0.4733404318491618,
        0.4809932874308692,
        0.48568543460634017,
        0.5137632687886556,
        0.4951577170027627,
        0.5094936605956819,
        0.5167351017395655,
        0.5092723204029931,
        0.5172342658042908,
        0.5017930881844627,
        0.5080870025687747,
        0.5053997470272912,
        0.5177427000469632,
        0.5100716484917535,
        0.49721644984351265,
        0.5268172240919538,
        0.4947572946548462,
        0.503354400396347,
        0.495570613278283,
        0.5159462524784936,
        0.5180467433399625
    ],
    "val_accuracy": [
        0.4744525547445255,
        0.48905109489051096,
        0.4781021897810219,
        0.4927007299270073,
        0.5072992700729927,
        0.5182481751824818,
        0.5145985401459854,
        0.5182481751824818,
        0.5255474452554745,
        0.5401459854014599,
        0.5291970802919708,
        0.5401459854014599,
        0.5328467153284672,
        0.5328467153284672,
        0.5401459854014599,
        0.5255474452554745,
        0.5547445255474452,
        0.5255474452554745,
        0.5036496350364964,
        0.5036496350364964,
        0.5036496350364964,
        0.4708029197080292,
        0.5109489051094891,
        0.5,
        0.5182481751824818,
        0.5218978102189781,
        0.5218978102189781,
        0.5072992700729927,
        0.5145985401459854,
        0.5145985401459854,
        0.5,
        0.5255474452554745,
        0.5072992700729927,
        0.5182481751824818,
        0.5145985401459854,
        0.5036496350364964
    ]
}