{
    "train_loss": [
        0.5629432539527233,
        0.5033251299307897,
        0.4924191918510657,
        0.4945807605981827,
        0.4790618219054662,
        0.4608765353377049,
        0.4268074964101498,
        0.4249261629122954,
        0.4069118138689261,
        0.39624520076008946,
        0.378587051652945,
        0.36334881530358243,
        0.3606947952738175,
        0.34393228189303326,
        0.3333234933133309,
        0.3142119858127374,
        0.3037313503714708,
        0.2950720148017773,
        0.289049027630916,
        0.26544500371584523,
        0.2840712887163346,
        0.25175342193016637,
        0.251271847062386,
        0.24141163035080984,
        0.23329660267784044
    ],
    "val_loss": [
        0.4867981473604838,
        0.49362023009194267,
        0.49166620274384815,
        0.4950254609187444,
        0.4833071827888489,
        0.4923710309796863,
        0.5013866821924845,
        0.5070762187242508,
        0.49718792074256474,
        0.4957381205426322,
        0.5209424396355947,
        0.5103759119908015,
        0.49719947576522827,
        0.49886175493399304,
        0.5115885767671797,
        0.5091678847869238,
        0.5344986716906229,
        0.5406758205758201,
        0.5100982718997531,
        0.5186078647772471,
        0.5085870375235876,
        0.5138531923294067,
        0.5296212815576129,
        0.5096885230806139,
        0.5208395802312427
    ],
    "val_accuracy": [
        0.49635036496350365,
        0.5218978102189781,
        0.5,
        0.5145985401459854,
        0.5218978102189781,
        0.5218978102189781,
        0.5109489051094891,
        0.48175182481751827,
        0.5218978102189781,
        0.551094890510949,
        0.4854014598540146,
        0.5474452554744526,
        0.5620437956204379,
        0.5364963503649635,
        0.5109489051094891,
        0.5182481751824818,
        0.5036496350364964,
        0.5,
        0.5182481751824818,
        0.5182481751824818,
        0.5218978102189781,
        0.5072992700729927,
        0.5036496350364964,
        0.5218978102189781,
        0.5072992700729927
    ]
}