{
    "train_loss": [
        0.5312036734360915,
        0.48720653698994565,
        0.4937510754053409,
        0.4741628748866228,
        0.4489588915155484,
        0.4354329539033083,
        0.4205302899846664,
        0.4059819275370011,
        0.3975627370751821,
        0.3841728169757586,
        0.3650528940443809,
        0.3607554848377521,
        0.33103309055933583,
        0.33762433809729725,
        0.3208117207082418,
        0.32489227045040864,
        0.31275207004868066,
        0.2938487429458361,
        0.31119271883597743,
        0.2890329189025439,
        0.2832835116065465,
        0.27921756672171444
    ],
    "val_loss": [
        0.49543481568495434,
        0.4932052145401637,
        0.49621494114398956,
        0.5059602790408664,
        0.5099417567253113,
        0.5055275228288438,
        0.507013104028172,
        0.5266464319494035,
        0.5204537941349877,
        0.5260146889421675,
        0.5264127751191457,
        0.5268188367287318,
        0.5325632964571317,
        0.5387724075052474,
        0.5305796017249426,
        0.536131877038214,
        0.5335070507393943,
        0.5354314727915658,
        0.5329562028249105,
        0.5232157367799017,
        0.5241503889362017,
        0.5424992309676276
    ],
    "val_accuracy": [
        0.5145985401459854,
        0.5182481751824818,
        0.48175182481751827,
        0.5,
        0.4708029197080292,
        0.48175182481751827,
        0.4708029197080292,
        0.4635036496350365,
        0.4635036496350365,
        0.4744525547445255,
        0.4708029197080292,
        0.4744525547445255,
        0.4708029197080292,
        0.4708029197080292,
        0.45255474452554745,
        0.4744525547445255,
        0.4416058394160584,
        0.46715328467153283,
        0.45985401459854014,
        0.45985401459854014,
        0.44525547445255476,
        0.43795620437956206
    ]
}