{
    "0": {
        "precision": 0.5,
        "recall": 0.5797101449275363,
        "f1-score": 0.5369127516778524,
        "support": 138.0
    },
    "1": {
        "precision": 0.49122807017543857,
        "recall": 0.4117647058823529,
        "f1-score": 0.448,
        "support": 136.0
    },
    "accuracy": 0.49635036496350365,
    "macro avg": {
        "precision": 0.4956140350877193,
        "recall": 0.4957374254049446,
        "f1-score": 0.4924563758389262,
        "support": 274.0
    },
    "weighted avg": {
        "precision": 0.4956460494301447,
        "recall": 0.49635036496350365,
        "f1-score": 0.492780874932641,
        "support": 274.0
    }
}