{
    "train_loss": [
        0.5021712613426876,
        0.4708694533165858,
        0.4380599577418883,
        0.40684353040926385,
        0.3721543454411455,
        0.3386488337859963,
        0.3087965120570828,
        0.28354224286697527,
        0.26064970407020366,
        0.2414639604839211,
        0.22688356980129523,
        0.21126027222133245,
        0.1987085855418584,
        0.18715781739815718,
        0.17519666810178194,
        0.16839949019027478,
        0.15890469008222574,
        0.1516854266576494,
        0.13891403558930565,
        0.13225694660486195,
        0.12299869429031607
    ],
    "val_loss": [
        0.49812514462856333,
        0.4988456228465745,
        0.5042314117002968,
        0.5000392385203429,
        0.5101201054122713,
        0.5343713274206778,
        0.5089236725159366,
        0.536571229949142,
        0.5011657943027188,
        0.5106260112740777,
        0.5127377726814963,
        0.5027713661242013,
        0.5063450422250864,
        0.5066939622464807,
        0.5105809626555202,
        0.5011732888342154,
        0.5045885675483279,
        0.5111040593397738,
        0.5069333182440864,
        0.49935519680230306,
        0.5010947366856565
    ],
    "val_accuracy": [
        0.5160984848484849,
        0.5138888888888888,
        0.5126262626262627,
        0.5189393939393939,
        0.5148358585858586,
        0.5031565656565656,
        0.516729797979798,
        0.52114898989899,
        0.5246212121212122,
        0.5170454545454546,
        0.5192550505050505,
        0.5284090909090909,
        0.5189393939393939,
        0.5157828282828283,
        0.5082070707070707,
        0.5135732323232324,
        0.5195707070707071,
        0.5214646464646465,
        0.5075757575757576,
        0.51010101010101,
        0.5154671717171717
    ]
}