{
    "train_loss": [
        0.5280345711797316,
        0.5062394684542522,
        0.5052134058904733,
        0.5058582472928705,
        0.5068031551047443,
        0.5007511546267546,
        0.5018508594197598,
        0.4995079426735693,
        0.5029255401960668,
        0.5021732611027205,
        0.5003538742103678,
        0.4980230284140922,
        0.4966921422252043,
        0.4955944482124213,
        0.4898201715924948,
        0.49148302282241574,
        0.4859399125644017,
        0.4815189273705882,
        0.482698997446135,
        0.4796190184280409,
        0.47631524479325443,
        0.47553574964536915,
        0.4718562547854561,
        0.4676467771517402,
        0.4681205638483459,
        0.4636686604450093,
        0.45624058062805,
        0.45966654187217754,
        0.4523563264419263,
        0.45132821086468755,
        0.4470022340403096,
        0.4480365036377507,
        0.44925506960155703,
        0.447487760514499,
        0.4440473213446544,
        0.43873507963782327,
        0.4447851002003845,
        0.442477919865207,
        0.44178156302361987,
        0.43785890774824615,
        0.438652712021707,
        0.43361544901249455,
        0.4398919840653737,
        0.43257679119573345,
        0.42944984810025083,
        0.43400350053680137,
        0.4291991709919112,
        0.42940821664643586,
        0.42577149170499007,
        0.4291374084411883,
        0.42856837655027497,
        0.4295058628401442,
        0.4290214208836224,
        0.42504314544366645,
        0.4224007439113981,
        0.4176791157314484,
        0.42999631219581697,
        0.42462844960723545,
        0.4233525925035358,
        0.4260840691931532,
        0.42080136549239067,
        0.4134837532425947
    ],
    "val_loss": [
        0.499931231061405,
        0.49976264346729626,
        0.4996141271795181,
        0.5000738426644534,
        0.49946300757122547,
        0.4989945303628789,
        0.49897340991917777,
        0.4991527983849061,
        0.49857739761551434,
        0.4982096653252362,
        0.4969106990704562,
        0.4927673124693294,
        0.49128735511698185,
        0.48923709765475065,
        0.48504217757898216,
        0.47712729719870867,
        0.4745670722767631,
        0.47413022935709215,
        0.46962091741077405,
        0.4713637467055397,
        0.46448490581410457,
        0.46730903221324166,
        0.46577368899781435,
        0.45719535122899446,
        0.45862733026876806,
        0.4639410910440639,
        0.46387394752731936,
        0.4664103887616632,
        0.4563644327581885,
        0.46124550556754046,
        0.4506073964630219,
        0.4532576796205286,
        0.4547134364511877,
        0.4556824121086355,
        0.45578538471045976,
        0.4555075075377755,
        0.4486172472570032,
        0.462497594203541,
        0.4596180227351061,
        0.4559924285360836,
        0.4568546384891724,
        0.44729823527489115,
        0.46835242745710565,
        0.4603260821677784,
        0.4536664675980966,
        0.4537687115172014,
        0.45783528319017136,
        0.45729385977760356,
        0.46458297792602987,
        0.45952382723596646,
        0.4651302065760057,
        0.46200524720756764,
        0.46322618074276867,
        0.4651393381988301,
        0.4661712918211432,
        0.45725006877101043,
        0.45313519382859296,
        0.45917523106470465,
        0.4563831414449661,
        0.4536094651980834,
        0.46582993594082917,
        0.45542053479880573
    ],
    "val_accuracy": [
        0.5023395721925134,
        0.5013368983957219,
        0.5023395721925134,
        0.4966577540106952,
        0.5023395721925134,
        0.5023395721925134,
        0.5073529411764706,
        0.5063502673796791,
        0.4983288770053476,
        0.49732620320855614,
        0.5240641711229946,
        0.5294117647058824,
        0.5223930481283422,
        0.5337566844919787,
        0.5277406417112299,
        0.5350935828877005,
        0.544451871657754,
        0.5387700534759359,
        0.5387700534759359,
        0.5287433155080213,
        0.5394385026737968,
        0.5441176470588235,
        0.5407754010695187,
        0.5524732620320856,
        0.5508021390374331,
        0.5401069518716578,
        0.5421122994652406,
        0.5377673796791443,
        0.5494652406417112,
        0.5454545454545454,
        0.5558155080213903,
        0.5544786096256684,
        0.5491310160427807,
        0.5501336898395722,
        0.5484625668449198,
        0.5521390374331551,
        0.5588235294117647,
        0.5394385026737968,
        0.5431149732620321,
        0.5491310160427807,
        0.5524732620320856,
        0.5588235294117647,
        0.5381016042780749,
        0.5424465240641712,
        0.5494652406417112,
        0.5508021390374331,
        0.546457219251337,
        0.5471256684491979,
        0.5377673796791443,
        0.5467914438502673,
        0.5397727272727273,
        0.5394385026737968,
        0.5424465240641712,
        0.536096256684492,
        0.535427807486631,
        0.546457219251337,
        0.5497994652406417,
        0.5474598930481284,
        0.5467914438502673,
        0.5501336898395722,
        0.5381016042780749,
        0.5484625668449198
    ]
}