{
    "0": {
        "precision": 0.5399214659685864,
        "recall": 0.5409836065573771,
        "f1-score": 0.5404520144120537,
        "support": 1525.0
    },
    "1": {
        "precision": 0.5218579234972678,
        "recall": 0.5207907293796864,
        "f1-score": 0.521323780279768,
        "support": 1467.0
    },
    "accuracy": 0.5310828877005348,
    "macro avg": {
        "precision": 0.5308896947329271,
        "recall": 0.5308871679685317,
        "f1-score": 0.5308878973459108,
        "support": 2992.0
    },
    "weighted avg": {
        "precision": 0.5310647758598216,
        "recall": 0.5310828877005348,
        "f1-score": 0.531073298010963,
        "support": 2992.0
    }
}