{
    "train_loss": [
        0.40490347645625996,
        0.35894157578045294,
        0.3463039173226412,
        0.3418210197515525,
        0.3360286357337863,
        0.33162073506919326,
        0.31567766282577,
        0.29502285153021607,
        0.27252361485698345,
        0.24805779882674087,
        0.22453095934966194,
        0.20480243189093666,
        0.19365200516314823,
        0.18230426531821373,
        0.17165066296024545,
        0.16060974802604444,
        0.15398913514637297,
        0.14698382435141835,
        0.1421574885279288,
        0.1374084730614484,
        0.1323903312594974,
        0.12854657791815843
    ],
    "val_loss": [
        0.3821049969929915,
        0.3671884903540978,
        0.3776896825203529,
        0.38317737212547887,
        0.38768670146281903,
        0.41685186349428616,
        0.4226326598570897,
        0.4465398848056793,
        0.445434386913593,
        0.4493415580346034,
        0.44502930916272676,
        0.46423051357269285,
        0.4601608129648062,
        0.4602136396444761,
        0.4631264851643489,
        0.4592125388292166,
        0.4556618158633892,
        0.45030203186548673,
        0.45763710416280307,
        0.4542612470113314,
        0.46770752530831555,
        0.4600273242363563
    ],
    "val_accuracy": [
        0.3226120857699805,
        0.32456140350877194,
        0.3333333333333333,
        0.310916179337232,
        0.3157894736842105,
        0.32651072124756336,
        0.3508771929824561,
        0.3362573099415205,
        0.35185185185185186,
        0.34990253411306044,
        0.34990253411306044,
        0.3284600389863548,
        0.3586744639376218,
        0.3684210526315789,
        0.34405458089668617,
        0.3460038986354776,
        0.34990253411306044,
        0.3460038986354776,
        0.35477582846003897,
        0.35964912280701755,
        0.35477582846003897,
        0.3313840155945419
    ]
}