{
    "train_loss": [
        0.40448294713339455,
        0.3565378295772271,
        0.34827672785822056,
        0.34172705952295535,
        0.3344883554640447,
        0.32755985728497633,
        0.31813766746437505,
        0.3018429599963274,
        0.27495495795275915,
        0.2517367915652605,
        0.23316432700894685,
        0.212785520442265,
        0.20158740228716038,
        0.1872105256940604,
        0.17611899516809776,
        0.16572734156935132,
        0.15833583027704218,
        0.154865881377389,
        0.1460250424735741,
        0.13747322570952925,
        0.13648483212240012,
        0.13236479206075927
    ],
    "val_loss": [
        0.37964261770248414,
        0.36428846900279704,
        0.368872653062527,
        0.37036852286412164,
        0.3794841193235837,
        0.39684775930184585,
        0.4192325747930087,
        0.4403644194969764,
        0.4511237447078411,
        0.4782370021710029,
        0.4612342064197247,
        0.4629189899334541,
        0.46735104001485384,
        0.46441053839830254,
        0.47623962484873256,
        0.4706779741323911,
        0.47072764176588794,
        0.4764605219547565,
        0.45664265522590053,
        0.45962546926278336,
        0.4628570515375871,
        0.4628909931733058
    ],
    "val_accuracy": [
        0.3538011695906433,
        0.35964912280701755,
        0.3654970760233918,
        0.3645224171539961,
        0.34990253411306044,
        0.3723196881091618,
        0.35185185185185186,
        0.34210526315789475,
        0.34502923976608185,
        0.33528265107212474,
        0.347953216374269,
        0.35477582846003897,
        0.3489278752436647,
        0.3664717348927875,
        0.34307992202729043,
        0.3460038986354776,
        0.3235867446393762,
        0.341130604288499,
        0.3567251461988304,
        0.34307992202729043,
        0.35185185185185186,
        0.34307992202729043
    ]
}