{
    "train_loss": [
        0.4047054964976552,
        0.3569149606886541,
        0.34693339385875005,
        0.34199290597949045,
        0.33424710021408616,
        0.32793017908756833,
        0.3215280579917626,
        0.3016895656455816,
        0.2792831236634273,
        0.2532708695890375,
        0.22949301170235942,
        0.2109962115028025,
        0.19729277909033957,
        0.18352084693857668,
        0.17390931049789435,
        0.1628620979097103,
        0.15891452200333897,
        0.14820628720498735,
        0.14375511142298406,
        0.14027991374874857,
        0.13792828853144257,
        0.13124771277032474
    ],
    "val_loss": [
        0.37255476850729724,
        0.3632163332058833,
        0.37289302119841944,
        0.37814175807512723,
        0.3838339580939366,
        0.4104190101990333,
        0.4281013970191662,
        0.4324048514549549,
        0.45665001273155215,
        0.45338088044753444,
        0.4589841943520766,
        0.4664191470696376,
        0.47003900913091806,
        0.462821882046186,
        0.46697435333178594,
        0.45623762607574464,
        0.456516235608321,
        0.4589026253957015,
        0.4563943748290722,
        0.4673928026969616,
        0.45171268719893237,
        0.45386237914745625
    ],
    "val_accuracy": [
        0.3206627680311891,
        0.3645224171539961,
        0.34210526315789475,
        0.3391812865497076,
        0.32748538011695905,
        0.3489278752436647,
        0.35769980506822613,
        0.32943469785575047,
        0.3508771929824561,
        0.35282651072124754,
        0.34307992202729043,
        0.3508771929824561,
        0.347953216374269,
        0.33235867446393763,
        0.3538011695906433,
        0.34405458089668617,
        0.341130604288499,
        0.33723196881091616,
        0.347953216374269,
        0.3313840155945419,
        0.3508771929824561,
        0.33430799220272905
    ]
}