{
    "train_loss": [
        0.41048379004697394,
        0.3644868918198092,
        0.34837769209642816,
        0.3420413957495634,
        0.33484888308706917,
        0.3248340802897739,
        0.31552561381215716,
        0.29828230619198615,
        0.2750158510551378,
        0.2493428472530981,
        0.2295711789033756,
        0.20908095551372038,
        0.19586497629315008,
        0.18328039458289686,
        0.17308733542721558,
        0.16624440618062297,
        0.1598031501999625,
        0.15538809199161566,
        0.14601609168813387,
        0.14123974215775612,
        0.13752656951836575,
        0.13257082789440564
    ],
    "val_loss": [
        0.3833727969573094,
        0.369821880872433,
        0.3921136906513801,
        0.3726385863927694,
        0.3907281935214996,
        0.40673583149909975,
        0.42569219286625204,
        0.4376694949773642,
        0.4528985619544983,
        0.451037286565854,
        0.45435368372843815,
        0.4569674496467297,
        0.45827236954982464,
        0.4634894439807305,
        0.4676648772679842,
        0.45596778576190655,
        0.45684475623644316,
        0.46197983851799596,
        0.4551641665972196,
        0.4544268956551185,
        0.4582675099372864,
        0.46290540374242345
    ],
    "val_accuracy": [
        0.35282651072124754,
        0.33528265107212474,
        0.3313840155945419,
        0.3255360623781676,
        0.35769980506822613,
        0.35477582846003897,
        0.3684210526315789,
        0.33528265107212474,
        0.341130604288499,
        0.3382066276803119,
        0.35477582846003897,
        0.35769980506822613,
        0.3538011695906433,
        0.32943469785575047,
        0.3460038986354776,
        0.33430799220272905,
        0.34990253411306044,
        0.361598440545809,
        0.34405458089668617,
        0.34405458089668617,
        0.32748538011695905,
        0.3382066276803119
    ]
}