{
    "0.0": {
        "precision": 0.3302919708029197,
        "recall": 0.434052757793765,
        "f1-score": 0.37512953367875645,
        "support": 417.0
    },
    "1.0": {
        "precision": 0.3264705882352941,
        "recall": 0.2569444444444444,
        "f1-score": 0.28756476683937826,
        "support": 432.0
    },
    "2.0": {
        "precision": 0.3256997455470738,
        "recall": 0.2962962962962963,
        "f1-score": 0.3103030303030303,
        "support": 432.0
    },
    "accuracy": 0.32786885245901637,
    "macro avg": {
        "precision": 0.3274874348617625,
        "recall": 0.32909783284483524,
        "f1-score": 0.324332443607055,
        "support": 1281.0
    },
    "weighted avg": {
        "precision": 0.3274545948624516,
        "recall": 0.32786885245901637,
        "f1-score": 0.3237376299059812,
        "support": 1281.0
    }
}