{
    "0": {
        "precision": 0.5668789808917197,
        "recall": 0.413953488372093,
        "f1-score": 0.478494623655914,
        "support": 430.0
    },
    "1": {
        "precision": 0.5418181818181819,
        "recall": 0.6866359447004609,
        "f1-score": 0.6056910569105691,
        "support": 434.0
    },
    "accuracy": 0.5509259259259259,
    "macro avg": {
        "precision": 0.5543485813549508,
        "recall": 0.5502947165362769,
        "f1-score": 0.5420928402832416,
        "support": 864.0
    },
    "weighted avg": {
        "precision": 0.5542905702459843,
        "recall": 0.5509259259259259,
        "f1-score": 0.542387276471331,
        "support": 864.0
    }
}