{
    "train_loss": [
        0.5201454981794498,
        0.511301430868985,
        0.5054073217760753,
        0.5038254691168592,
        0.5087557415950474,
        0.4999732555720606,
        0.4935839996842915,
        0.5010622659046662,
        0.5010904894380147,
        0.5027682503749584,
        0.5023049565371621,
        0.49494258464850815,
        0.5000563359319283,
        0.49488450858393324,
        0.49963474391129215,
        0.48954706165590894,
        0.49236611544792286,
        0.48976803956360654,
        0.4844110790144634,
        0.4816874377245973,
        0.4791405823430404,
        0.47522966512318315,
        0.4723650764655597,
        0.4660202452701888,
        0.46275329281543864,
        0.45657972323483437
    ],
    "val_loss": [
        0.5105153673620366,
        0.5142445831156489,
        0.49707479574787083,
        0.5048440258894393,
        0.5067794349656176,
        0.4820647862420153,
        0.48863093265846597,
        0.49018734159754285,
        0.5105798400160092,
        0.5299620948620697,
        0.5350114534150309,
        0.5059711047962531,
        0.5316489966058019,
        0.4991943053345182,
        0.4876506199587637,
        0.5437367442828506,
        0.5172831820907877,
        0.5228915436943965,
        0.5359746346722788,
        0.513577750369684,
        0.5866931988232171,
        0.5721490360907654,
        0.5618955257223613,
        0.5480759348442306,
        0.5678896392459301,
        0.5693366274015227
    ],
    "val_accuracy": [
        0.351123595505618,
        0.3408239700374532,
        0.6114232209737828,
        0.3782771535580524,
        0.38857677902621723,
        0.6554307116104869,
        0.6348314606741573,
        0.5917602996254682,
        0.3717228464419476,
        0.3408239700374532,
        0.34925093632958804,
        0.4550561797752809,
        0.3604868913857678,
        0.49063670411985016,
        0.5262172284644194,
        0.4157303370786517,
        0.47659176029962547,
        0.4737827715355805,
        0.4297752808988764,
        0.48220973782771537,
        0.41292134831460675,
        0.4147940074906367,
        0.43258426966292135,
        0.4541198501872659,
        0.44288389513108617,
        0.46254681647940077
    ]
}