{
    "train_loss": [
        0.5245485128146674,
        0.5103841266902209,
        0.5112578310989981,
        0.5014686926538721,
        0.5018635085357234,
        0.5031208462022209,
        0.5046498865035954,
        0.49823713552188403,
        0.4954887866386639,
        0.5045464376510658,
        0.501390415165812,
        0.5007570722126609,
        0.5032070277653304,
        0.49892749413480897,
        0.49982433175218516,
        0.498928542354424,
        0.49527715873248473,
        0.4938660148035717,
        0.4906622249210997,
        0.48758693105481526,
        0.4888402179544195,
        0.4899136106956181,
        0.47851429622748803,
        0.4817785494433248,
        0.46905011070772934,
        0.47763743776405976,
        0.46767930679133374,
        0.46488541394031696,
        0.46640256619805776,
        0.4573335383325962,
        0.46358072053035493,
        0.45308972344609905,
        0.4489711241181848,
        0.4422730621445942,
        0.4370496603362079,
        0.428021658964345,
        0.4275733501159499,
        0.42879163191236297,
        0.4283015035056128,
        0.421093875184435,
        0.4200925937867517,
        0.4197677190374271,
        0.4131604915328801,
        0.40409773558818646,
        0.4147351927357941,
        0.405099397442611,
        0.39484016134821137,
        0.4045007791865635,
        0.39682766897925015,
        0.3974930334267358,
        0.4084686816032297,
        0.3885876573071691,
        0.39368769328288844,
        0.38944375823284016,
        0.3836347900441128,
        0.3785026276052879,
        0.37915530331029096
    ],
    "val_loss": [
        0.471403303875852,
        0.49143629999303107,
        0.49172073291308843,
        0.47776806354522705,
        0.49052222273243007,
        0.49173824066546423,
        0.4838191337549864,
        0.48906314595421746,
        0.487186123186083,
        0.496153237214729,
        0.4718372639435441,
        0.4770021278466751,
        0.47002487084758815,
        0.47522450427510843,
        0.4451657698225619,
        0.4776698177430167,
        0.470525442664303,
        0.42214397307652146,
        0.42813901758905665,
        0.42182191316761186,
        0.43346041752331294,
        0.44887365022702,
        0.39370485739921457,
        0.4189840386162943,
        0.3985241433577751,
        0.4686319916995604,
        0.40768005687799025,
        0.3860155375146154,
        0.40532560290685343,
        0.42225316789612843,
        0.48684761728813397,
        0.43558664642163175,
        0.5146561687562003,
        0.4129479007044835,
        0.4077847043969738,
        0.40794716085960614,
        0.3737314018740583,
        0.436047363859504,
        0.40479856729507446,
        0.4561645421964019,
        0.4623441774008879,
        0.480959780625443,
        0.4159359489359073,
        0.4112966129584099,
        0.47455138635279526,
        0.5087867123422338,
        0.48260248263380423,
        0.4511112392838322,
        0.45212241762609623,
        0.48005768345363103,
        0.4563465554322769,
        0.48845754185719276,
        0.4645731900610141,
        0.464744154419472,
        0.4534335487814092,
        0.48373081879829294,
        0.45008956429673663
    ],
    "val_accuracy": [
        0.6629213483146067,
        0.6647940074906367,
        0.6629213483146067,
        0.6610486891385767,
        0.6582397003745318,
        0.6610486891385767,
        0.6610486891385767,
        0.6544943820224719,
        0.6582397003745318,
        0.6207865168539326,
        0.6601123595505618,
        0.6563670411985019,
        0.6610486891385767,
        0.6526217228464419,
        0.6563670411985019,
        0.6554307116104869,
        0.649812734082397,
        0.6610486891385767,
        0.6629213483146067,
        0.6591760299625468,
        0.6666666666666666,
        0.6320224719101124,
        0.6676029962546817,
        0.6563670411985019,
        0.648876404494382,
        0.5383895131086143,
        0.6395131086142322,
        0.6638576779026217,
        0.6376404494382022,
        0.6095505617977528,
        0.5149812734082397,
        0.5674157303370787,
        0.47659176029962547,
        0.602996254681648,
        0.6104868913857678,
        0.6104868913857678,
        0.6441947565543071,
        0.5739700374531835,
        0.6142322097378277,
        0.549625468164794,
        0.5421348314606742,
        0.5159176029962547,
        0.5926966292134831,
        0.596441947565543,
        0.5252808988764045,
        0.4850187265917603,
        0.5327715355805244,
        0.5571161048689138,
        0.5627340823970037,
        0.5299625468164794,
        0.549625468164794,
        0.5149812734082397,
        0.545880149812734,
        0.5411985018726592,
        0.5514981273408239,
        0.5280898876404494,
        0.5589887640449438
    ]
}