{
    "train_loss": [
        0.5331779489376275,
        0.5130274905066184,
        0.5095524282878255,
        0.5079520152413787,
        0.5048629453616776,
        0.5034847070137268,
        0.5024724265037499,
        0.5021574238838233,
        0.5017261431722219,
        0.49825533035353486,
        0.5018660261713225,
        0.49902884449277607,
        0.4990443472791775,
        0.49850986391452734,
        0.49921182972457023,
        0.4949217849764331,
        0.4973866528478162,
        0.49191270702578166,
        0.49246058337794146,
        0.4903816708496639,
        0.49181476059218343,
        0.4800900408787093,
        0.46971788180285484,
        0.47304968748773846,
        0.4765181610443322,
        0.4585888283006076,
        0.45866246249875414,
        0.4591887985250633,
        0.46051461253260156,
        0.4505563740953436,
        0.44542801248028946,
        0.44583481109788264,
        0.4417499726629022,
        0.44598786496176507,
        0.4394278135792962,
        0.44292615273315916,
        0.43235096717115695,
        0.42984734358165066,
        0.4254939839464103,
        0.4239298006877523
    ],
    "val_loss": [
        0.5040251421394633,
        0.5131515059898148,
        0.5193153446290031,
        0.5127116157047784,
        0.477798371172663,
        0.48956841808646473,
        0.48803186639031365,
        0.49931970861420705,
        0.4892107377301401,
        0.4819828414205295,
        0.49130157926189366,
        0.4871037179854379,
        0.47572687090332827,
        0.49547878352563773,
        0.48541415760766216,
        0.47925398687818155,
        0.4953857242171444,
        0.5067896918574376,
        0.49547609775813656,
        0.47032619723633157,
        0.5025190404101983,
        0.5464167545980482,
        0.4864974297694306,
        0.5814444587301852,
        0.5007803991659364,
        0.5230827585085115,
        0.505035159747992,
        0.5032337370203502,
        0.5369790596748466,
        0.49236291202146615,
        0.5745587735923369,
        0.5841177110351733,
        0.5215416328230901,
        0.5266589557946618,
        0.5396629402886576,
        0.49104041039054075,
        0.5168603583058314,
        0.48946359242076304,
        0.4893591595229818,
        0.48902250982042567
    ],
    "val_accuracy": [
        0.3445692883895131,
        0.33707865168539325,
        0.33707865168539325,
        0.33707865168539325,
        0.6629213483146067,
        0.6619850187265918,
        0.6610486891385767,
        0.5327715355805244,
        0.6610486891385767,
        0.6563670411985019,
        0.6161048689138576,
        0.6020599250936329,
        0.6479400749063671,
        0.552434456928839,
        0.6020599250936329,
        0.5852059925093633,
        0.5102996254681648,
        0.4812734082397004,
        0.5084269662921348,
        0.5664794007490637,
        0.5131086142322098,
        0.46722846441947563,
        0.5355805243445693,
        0.4101123595505618,
        0.5093632958801498,
        0.499063670411985,
        0.5084269662921348,
        0.5159176029962547,
        0.4803370786516854,
        0.5196629213483146,
        0.45224719101123595,
        0.4157303370786517,
        0.49063670411985016,
        0.48408239700374533,
        0.4606741573033708,
        0.5084269662921348,
        0.49625468164794007,
        0.5346441947565543,
        0.5271535580524345,
        0.5196629213483146
    ]
}