{
    "train_loss": [
        0.5204054077564202,
        0.506390750848601,
        0.5065971683398843,
        0.502742359790896,
        0.507620571722538,
        0.5006542326194312,
        0.4984857272632016,
        0.5009922169405838,
        0.4989609888621739,
        0.504170254239895,
        0.5013812171120949,
        0.5015339518121897,
        0.49871368463990723,
        0.49732683048459697,
        0.5002756434414775,
        0.5000762967346924,
        0.5033815680759881,
        0.49824088826555335,
        0.4914983833951903,
        0.5005870593592451,
        0.48449877755982534,
        0.4898039895325459,
        0.48787836106539945,
        0.47878079373261023,
        0.4734109270161596,
        0.4760670162774072,
        0.4688496914109573,
        0.4662645209599011,
        0.46638010831302024,
        0.46343895484661235,
        0.46049261988677415,
        0.4518683292889243,
        0.44792524376526255,
        0.44259635017716825,
        0.440590917917308,
        0.44077196438324273,
        0.4323428939715982,
        0.43005344902940573,
        0.42027999798358956,
        0.42332896825128,
        0.41562250931861955,
        0.41893312408419076,
        0.4100563298598886,
        0.41733300384923155,
        0.4042332555566515,
        0.4088012399197799,
        0.4039991427524924,
        0.3947915871595514,
        0.40172417036124636,
        0.39067615884278206,
        0.3992108669627476,
        0.39787507717832554,
        0.3932146667846905,
        0.3902792266290176
    ],
    "val_loss": [
        0.4838938201541331,
        0.4957032857546166,
        0.49834490044793084,
        0.4870469792565303,
        0.4955358829960894,
        0.4860881237841364,
        0.5069972476852473,
        0.5065249538243707,
        0.5016708467433701,
        0.4866775834738319,
        0.5100182566180158,
        0.49724005095994295,
        0.47303609661201934,
        0.45253538462653087,
        0.513073000000484,
        0.494778859081553,
        0.5284028155590171,
        0.4902045593332888,
        0.5054736644474428,
        0.4792188828560843,
        0.4667875588829838,
        0.4264484061234033,
        0.45063197479319217,
        0.472776386720031,
        0.47085297063215453,
        0.47042942892259626,
        0.48057149728732323,
        0.47312551692350585,
        0.4599321315537638,
        0.45693446228753276,
        0.4746040265951584,
        0.49932078905959626,
        0.4625119691464438,
        0.42429798040817035,
        0.47754848848527937,
        0.5001964137625339,
        0.4710444260889025,
        0.48442283495148614,
        0.4528057770942574,
        0.4575266282060253,
        0.48513514826546855,
        0.4556582323206005,
        0.4483405874291463,
        0.4598164396054709,
        0.44333602888370627,
        0.5164380193646274,
        0.43011098343934584,
        0.46613307519635155,
        0.45670006146181874,
        0.42575538736670765,
        0.456354568698513,
        0.4737118971881582,
        0.4591425723993956,
        0.47157982747946214
    ],
    "val_accuracy": [
        0.6638576779026217,
        0.6301498127340824,
        0.5655430711610487,
        0.6610486891385767,
        0.650749063670412,
        0.6601123595505618,
        0.33801498127340823,
        0.3389513108614232,
        0.5112359550561798,
        0.6563670411985019,
        0.33707865168539325,
        0.6104868913857678,
        0.6601123595505618,
        0.6619850187265918,
        0.36704119850187267,
        0.5880149812734082,
        0.33707865168539325,
        0.5880149812734082,
        0.5056179775280899,
        0.5861423220973783,
        0.5720973782771536,
        0.6226591760299626,
        0.5861423220973783,
        0.5589887640449438,
        0.550561797752809,
        0.547752808988764,
        0.5215355805243446,
        0.5393258426966292,
        0.549625468164794,
        0.5608614232209738,
        0.5271535580524345,
        0.5168539325842697,
        0.5440074906367042,
        0.5805243445692884,
        0.5234082397003745,
        0.49812734082397003,
        0.5355805243445693,
        0.5327715355805244,
        0.552434456928839,
        0.5580524344569289,
        0.5205992509363296,
        0.549625468164794,
        0.5720973782771536,
        0.547752808988764,
        0.5683520599250936,
        0.48782771535580527,
        0.5795880149812734,
        0.5552434456928839,
        0.549625468164794,
        0.5795880149812734,
        0.547752808988764,
        0.5308988764044944,
        0.5440074906367042,
        0.5337078651685393
    ]
}