{
    "0": {
        "precision": 0.45901639344262296,
        "recall": 0.15555555555555556,
        "f1-score": 0.23236514522821577,
        "support": 180.0
    },
    "1": {
        "precision": 0.678646934460888,
        "recall": 0.9067796610169492,
        "f1-score": 0.7762998790810157,
        "support": 354.0
    },
    "accuracy": 0.653558052434457,
    "macro avg": {
        "precision": 0.5688316639517554,
        "recall": 0.5311676082862524,
        "f1-score": 0.5043325121546157,
        "support": 534.0
    },
    "weighted avg": {
        "precision": 0.6046141678255177,
        "recall": 0.653558052434457,
        "f1-score": 0.5929510923890607,
        "support": 534.0
    }
}