{
    "0": {
        "precision": 0.3445378151260504,
        "recall": 0.45555555555555555,
        "f1-score": 0.3923444976076555,
        "support": 180.0
    },
    "1": {
        "precision": 0.668918918918919,
        "recall": 0.559322033898305,
        "f1-score": 0.6092307692307692,
        "support": 354.0
    },
    "accuracy": 0.5243445692883895,
    "macro avg": {
        "precision": 0.5067283670224847,
        "recall": 0.5074387947269303,
        "f1-score": 0.5007876334192124,
        "support": 534.0
    },
    "weighted avg": {
        "precision": 0.5595769738201993,
        "recall": 0.5243445692883895,
        "f1-score": 0.536123037222978,
        "support": 534.0
    }
}