{
    "0": {
        "precision": 0.4336283185840708,
        "recall": 0.2722222222222222,
        "f1-score": 0.33447098976109213,
        "support": 180.0
    },
    "1": {
        "precision": 0.6888361045130641,
        "recall": 0.8192090395480226,
        "f1-score": 0.7483870967741936,
        "support": 354.0
    },
    "accuracy": 0.6348314606741573,
    "macro avg": {
        "precision": 0.5612322115485675,
        "recall": 0.5457156308851224,
        "f1-score": 0.5414290432676429,
        "support": 534.0
    },
    "weighted avg": {
        "precision": 0.6028110081325045,
        "recall": 0.6348314606741573,
        "f1-score": 0.6088648135113505,
        "support": 534.0
    }
}