{
    "0": {
        "precision": 0.5522184300341297,
        "recall": 0.5162731333758774,
        "f1-score": 0.533641160949868,
        "support": 1567.0
    },
    "1": {
        "precision": 0.5549031121550205,
        "recall": 0.5902560899437851,
        "f1-score": 0.5720338983050848,
        "support": 1601.0
    },
    "accuracy": 0.5536616161616161,
    "macro avg": {
        "precision": 0.5535607710945751,
        "recall": 0.5532646116598312,
        "f1-score": 0.5528375296274763,
        "support": 3168.0
    },
    "weighted avg": {
        "precision": 0.5535751775327239,
        "recall": 0.5536616161616161,
        "f1-score": 0.5530435512610113,
        "support": 3168.0
    }
}