{
    "train_loss": [
        0.5156784382733431,
        0.38358192877335984,
        0.29870626574212855,
        0.2728571661493995,
        0.23156275993043726,
        0.202434402839704,
        0.2060811300169338,
        0.1891613006591797,
        0.18318278003822674,
        0.17543491639874198,
        0.16068105697631835,
        0.1655451078306545,
        0.15114628212018447,
        0.1465300742875446,
        0.14430599104274403,
        0.13585007759657772,
        0.14074630019339648,
        0.14151747199622067,
        0.14235120903361928,
        0.1339036777615547,
        0.1202892923896963,
        0.12545778439803557,
        0.12632687444036658,
        0.12141129618341273,
        0.12424808131022887,
        0.12208188548684121,
        0.10984525125135075,
        0.11589738523418253,
        0.1177610990676013,
        0.13864012157375163,
        0.11380519650199196,
        0.11487168168479746,
        0.10286504592407833,
        0.10201786241748116,
        0.1043885890733112,
        0.10700843334197999,
        0.10501299182122403,
        0.09635878896171396,
        0.09212100600654428,
        0.09994358122348786,
        0.0969346628270366,
        0.08737164749340577,
        0.09355995851484213,
        0.09679652960463003,
        0.08802809776230291,
        0.09322422614151782,
        0.0842019368979064,
        0.07975759350440718,
        0.08183165795423768
    ],
    "val_loss": [
        0.6188305240411025,
        0.5900850410644825,
        0.43701938597055584,
        0.45643011790055493,
        0.37538226934579705,
        0.5149354205681728,
        0.4805197757024031,
        0.5170095292421487,
        0.5882669948614561,
        0.49939187581722555,
        0.5551817027422098,
        0.46355189360105076,
        0.6123088616591233,
        0.4256317711793459,
        0.4248946043161245,
        0.4270553277089046,
        0.46740545401206385,
        0.3685089248877305,
        0.46400758486527666,
        0.40054540680005,
        0.3966472932925591,
        0.48476467636915355,
        0.47644346723189723,
        0.44899687675329353,
        0.4949954628944397,
        0.4609601937807523,
        0.43224894541960496,
        0.5599840278808887,
        0.35305896676503695,
        0.4143589817560636,
        0.45327837421343875,
        0.5095518158032344,
        0.4718466887107262,
        0.5753329405417809,
        0.5437103000970988,
        0.5583280535844656,
        0.4881902442528651,
        0.46802055789874153,
        0.4246660287563617,
        0.4316461728169368,
        0.5618041290686681,
        0.42893283779804525,
        0.47861972038562484,
        0.5575391086248251,
        0.4741320467912234,
        0.4711696106653947,
        0.48418199465825007,
        0.46696299176949724,
        0.4849375073726361
    ],
    "val_accuracy": [
        0.2699805068226121,
        0.3723196881091618,
        0.6091617933723197,
        0.5730994152046783,
        0.7319688109161794,
        0.48927875243664715,
        0.5409356725146199,
        0.4649122807017544,
        0.34307992202729043,
        0.4980506822612086,
        0.42007797270955166,
        0.5760233918128655,
        0.310916179337232,
        0.6393762183235867,
        0.6569200779727096,
        0.6345029239766082,
        0.5672514619883041,
        0.7426900584795322,
        0.5828460038986355,
        0.6812865497076024,
        0.6929824561403509,
        0.5331384015594542,
        0.5497076023391813,
        0.6159844054580896,
        0.5185185185185185,
        0.580896686159844,
        0.6296296296296297,
        0.38596491228070173,
        0.7680311890838206,
        0.6676413255360624,
        0.5916179337231969,
        0.4873294346978557,
        0.5633528265107213,
        0.35477582846003897,
        0.4064327485380117,
        0.39278752436647174,
        0.52046783625731,
        0.5672514619883041,
        0.6569200779727096,
        0.6335282651072125,
        0.3820662768031189,
        0.652046783625731,
        0.5467836257309941,
        0.38596491228070173,
        0.5458089668615984,
        0.5516569200779727,
        0.5341130604288499,
        0.564327485380117,
        0.5165692007797271
    ]
}