{
    "0": {
        "precision": 0.8948979591836734,
        "recall": 0.765938864628821,
        "f1-score": 0.8254117647058824,
        "support": 1145.0
    },
    "1": {
        "precision": 0.11258278145695365,
        "recall": 0.24817518248175183,
        "f1-score": 0.1548974943052392,
        "support": 137.0
    },
    "accuracy": 0.7106084243369735,
    "macro avg": {
        "precision": 0.5037403703203135,
        "recall": 0.5070570235552864,
        "f1-score": 0.49015462950556077,
        "support": 1282.0
    },
    "weighted avg": {
        "precision": 0.8112964152300379,
        "recall": 0.7106084243369735,
        "f1-score": 0.7537577436100258,
        "support": 1282.0
    }
}