{
    "0": {
        "precision": 0.8914069877242682,
        "recall": 0.8244541484716157,
        "f1-score": 0.8566243194192378,
        "support": 1145.0
    },
    "1": {
        "precision": 0.09865470852017937,
        "recall": 0.16058394160583941,
        "f1-score": 0.12222222222222222,
        "support": 137.0
    },
    "accuracy": 0.7535101404056163,
    "macro avg": {
        "precision": 0.49503084812222375,
        "recall": 0.49251904503872757,
        "f1-score": 0.48942327082073,
        "support": 1282.0
    },
    "weighted avg": {
        "precision": 0.8066900904926299,
        "recall": 0.7535101404056163,
        "f1-score": 0.7781429720588702,
        "support": 1282.0
    }
}