{
    "0": {
        "precision": 0.8983700862895494,
        "recall": 0.8183406113537118,
        "f1-score": 0.856489945155393,
        "support": 1145.0
    },
    "1": {
        "precision": 0.1297071129707113,
        "recall": 0.22627737226277372,
        "f1-score": 0.16489361702127658,
        "support": 137.0
    },
    "accuracy": 0.7550702028081123,
    "macro avg": {
        "precision": 0.5140385996301303,
        "recall": 0.5223089918082428,
        "f1-score": 0.5106917810883348,
        "support": 1282.0
    },
    "weighted avg": {
        "precision": 0.816227475256257,
        "recall": 0.7550702028081123,
        "f1-score": 0.7825830052533852,
        "support": 1282.0
    }
}