{
    "0": {
        "precision": 0.8936970837253058,
        "recall": 0.8296943231441049,
        "f1-score": 0.8605072463768116,
        "support": 1145.0
    },
    "1": {
        "precision": 0.10550458715596331,
        "recall": 0.16911764705882354,
        "f1-score": 0.12994350282485875,
        "support": 136.0
    },
    "accuracy": 0.7595628415300546,
    "macro avg": {
        "precision": 0.49960083544063455,
        "recall": 0.49940598510146417,
        "f1-score": 0.4952253746008352,
        "support": 1281.0
    },
    "weighted avg": {
        "precision": 0.8100170060255161,
        "recall": 0.7595628415300546,
        "f1-score": 0.7829454437826934,
        "support": 1281.0
    }
}