{
    "train_loss": [
        0.500732470670836,
        0.47510804563948195,
        0.4522096692766034,
        0.42969592637236015,
        0.4122162725877962,
        0.38947273259767695,
        0.3736016844366082,
        0.3498033906803691,
        0.33459917451225735,
        0.31340543222877215,
        0.2952424928827106,
        0.28073208177739467,
        0.26379393651862815,
        0.24606833934971373,
        0.22738307597314786,
        0.21767220877314014,
        0.19986416799342357,
        0.18865642893426823,
        0.18379932106228494,
        0.1752491233639997,
        0.16012448113044603,
        0.15300993629159168,
        0.1494178938009704,
        0.14138225012261663,
        0.1355762831726164,
        0.12822622299756645,
        0.12320330223572329,
        0.1169894317543794,
        0.11570772169786554,
        0.11603424741068476,
        0.10552550432129726,
        0.09648198103317425,
        0.09798760021367038,
        0.09995712829164115,
        0.08826238401156052,
        0.09071630737363542,
        0.0807907886674288,
        0.07866679868256708,
        0.07489266238552157,
        0.08181970037785466,
        0.07668993134340525,
        0.06822076145817274,
        0.07254315601111208,
        0.06613134166159407,
        0.06562866675286735
    ],
    "val_loss": [
        0.4957246707295472,
        0.5083890105568388,
        0.49192264132529684,
        0.488020140419966,
        0.5000047378195157,
        0.49008516639283617,
        0.49228104199253536,
        0.4895434261492963,
        0.5357887437508541,
        0.4955154797940884,
        0.515739158264496,
        0.49606064374341907,
        0.5076636165942786,
        0.5030834121899035,
        0.4867730161303994,
        0.4853331000549988,
        0.5018379744493736,
        0.4904123617793029,
        0.5100265785395725,
        0.49286921968999897,
        0.47872935057436145,
        0.4910051845154672,
        0.48752295633531967,
        0.4829057310737154,
        0.47459427928024867,
        0.4824202077568702,
        0.47521999375250357,
        0.47867936345766177,
        0.487861341744099,
        0.4775919573112104,
        0.4838118075199847,
        0.4935548925924601,
        0.4998282722707065,
        0.48920864119844615,
        0.4849421278860584,
        0.4811084230178557,
        0.48797817893748013,
        0.48324922786193825,
        0.4854140356651642,
        0.47705433972226746,
        0.47493131693054297,
        0.4759317284110207,
        0.49250243426119006,
        0.48631882461361914,
        0.48372369311140767
    ],
    "val_accuracy": [
        0.5163193079040503,
        0.49941014549744395,
        0.5241840346047975,
        0.5292961069602832,
        0.5237907982697602,
        0.5292961069602832,
        0.5359811246559182,
        0.5253637436099096,
        0.5241840346047975,
        0.5403067243413291,
        0.5241840346047975,
        0.5406999606763665,
        0.5277231616201337,
        0.5155328352339756,
        0.5367675973259929,
        0.5367675973259929,
        0.520251671254424,
        0.5261502162799843,
        0.5308690523004326,
        0.5237907982697602,
        0.5430593786865906,
        0.5277231616201337,
        0.5277231616201337,
        0.5344081793157688,
        0.5497443963822257,
        0.5348014156508062,
        0.5391270153362171,
        0.5418796696814786,
        0.521431380259536,
        0.5391270153362171,
        0.5292961069602832,
        0.517105780574125,
        0.5186787259142744,
        0.5186787259142744,
        0.5230043255996855,
        0.5348014156508062,
        0.5285096342902084,
        0.5316555249705073,
        0.525756979944947,
        0.5316555249705073,
        0.5355878883208809,
        0.5351946519858435,
        0.517105780574125,
        0.5233975619347228,
        0.5210381439244987
    ]
}