{
    "0": {
        "precision": 0.5255474452554745,
        "recall": 0.570975416336241,
        "f1-score": 0.5473204104903079,
        "support": 1261.0
    },
    "1": {
        "precision": 0.5391822827938672,
        "recall": 0.49337490257209665,
        "f1-score": 0.5152625152625152,
        "support": 1283.0
    },
    "accuracy": 0.5318396226415094,
    "macro avg": {
        "precision": 0.5323648640246708,
        "recall": 0.5321751594541688,
        "f1-score": 0.5312914628764116,
        "support": 2544.0
    },
    "weighted avg": {
        "precision": 0.5324238196901278,
        "recall": 0.5318396226415094,
        "f1-score": 0.5311528477633983,
        "support": 2544.0
    }
}