{
    "0": {
        "precision": 0.5203651685393258,
        "recall": 0.5762052877138414,
        "f1-score": 0.5468634686346864,
        "support": 1286.0
    },
    "1": {
        "precision": 0.5133928571428571,
        "recall": 0.45707472178060415,
        "f1-score": 0.48359966358284273,
        "support": 1258.0
    },
    "accuracy": 0.5172955974842768,
    "macro avg": {
        "precision": 0.5168790128410914,
        "recall": 0.5166400047472228,
        "f1-score": 0.5152315661087645,
        "support": 2544.0
    },
    "weighted avg": {
        "precision": 0.5169173824792795,
        "recall": 0.5172955974842768,
        "f1-score": 0.5155797159793328,
        "support": 2544.0
    }
}