{
    "0": {
        "precision": 0.5282331511839709,
        "recall": 0.7004830917874396,
        "f1-score": 0.6022845275181724,
        "support": 1242.0
    },
    "1": {
        "precision": 0.5852842809364549,
        "recall": 0.4032258064516129,
        "f1-score": 0.47748976807639837,
        "support": 1302.0
    },
    "accuracy": 0.5483490566037735,
    "macro avg": {
        "precision": 0.5567587160602129,
        "recall": 0.5518544491195263,
        "f1-score": 0.5398871477972854,
        "support": 2544.0
    },
    "weighted avg": {
        "precision": 0.557431488816728,
        "recall": 0.5483490566037735,
        "f1-score": 0.5384155114831136,
        "support": 2544.0
    }
}