{
    "train_loss": [
        0.5819976596345364,
        0.5322880120764316,
        0.5120906456255577,
        0.5000573597323726,
        0.4901590036674285,
        0.48015858812231416,
        0.469651658686114,
        0.4593445764461034,
        0.45655900856978454,
        0.44912346756794086,
        0.44129785030660496,
        0.4399591484959696,
        0.43699862293794123,
        0.4332373214439607,
        0.4290636785433326,
        0.42574634749284934,
        0.4230846937903216,
        0.4199816006589943,
        0.417670386085208,
        0.4154429182200365,
        0.4138266902994102,
        0.4105452047897057,
        0.41059452249130735,
        0.4068530361627189,
        0.4066009577940887,
        0.4041559636173114,
        0.4024302972034669,
        0.40201789025269763,
        0.3989304310838941,
        0.40000033645142974,
        0.40019081963199965,
        0.3985244546138065,
        0.3985309728854139,
        0.3971703674801638,
        0.39760337408999324,
        0.39658650036009263,
        0.39292301057090223,
        0.39345630577332535,
        0.39167745619172784,
        0.3915670743290807
    ],
    "val_loss": [
        0.46276207953691484,
        0.45411341279745104,
        0.47367280066013334,
        0.4711693578958511,
        0.48488576740026473,
        0.400837562084198,
        0.37056278020143507,
        0.45820472955703734,
        0.4202293589711189,
        0.43490389585494993,
        0.39454790979623794,
        0.3488324719667435,
        0.3728351281583309,
        0.3429654735326767,
        0.33504342898726464,
        0.3165752252936363,
        0.3178702788054943,
        0.3284225790947676,
        0.3511782217025757,
        0.30514945738017557,
        0.3229438810050487,
        0.3170463372766972,
        0.30947597213089467,
        0.310004239231348,
        0.31826943188905715,
        0.30630875170230865,
        0.3167751630395651,
        0.3155683246999979,
        0.31194419659674166,
        0.32793760634958746,
        0.34518450118601324,
        0.32865980960428715,
        0.3080519247800112,
        0.33464741468429565,
        0.3558694796264172,
        0.3185684486478567,
        0.3244364055991173,
        0.3419609996676445,
        0.3370110721886158,
        0.34128601387143137
    ],
    "val_accuracy": [
        0.7825,
        0.785,
        0.7525,
        0.72625,
        0.5925,
        0.739375,
        0.75,
        0.5975,
        0.638125,
        0.623125,
        0.645,
        0.689375,
        0.659375,
        0.68875,
        0.693125,
        0.703125,
        0.705625,
        0.685625,
        0.67375,
        0.706875,
        0.685625,
        0.721875,
        0.700625,
        0.698125,
        0.689375,
        0.70875,
        0.6925,
        0.7025,
        0.705,
        0.673125,
        0.683125,
        0.681875,
        0.70625,
        0.679375,
        0.673125,
        0.695,
        0.6925,
        0.685625,
        0.67375,
        0.6825
    ]
}