{
    "train_loss": [
        0.5813462349016275,
        0.5279493494265115,
        0.5098737029442146,
        0.5036670836050119,
        0.48984908701768565,
        0.478553952165504,
        0.4681152496764909,
        0.4608743208557812,
        0.45064570770334844,
        0.4459991040514476,
        0.4402263243696583,
        0.43195912108492496,
        0.42978894103374055,
        0.4274567108990541,
        0.4211016533534918,
        0.41794092341590283,
        0.4178958642838606,
        0.4123126576863118,
        0.4087552906861946,
        0.4067201381743844,
        0.4048941183223653,
        0.40474683032996617
    ],
    "val_loss": [
        0.4965878775715828,
        0.46171400099992754,
        0.506778008043766,
        0.4708198535442352,
        0.4732026979327202,
        0.5025607234239579,
        0.5078620278835296,
        0.520801742374897,
        0.5443607354164124,
        0.5543983826041221,
        0.5788414636254311,
        0.5720896244049072,
        0.5891100856661796,
        0.587514677643776,
        0.6013144192099571,
        0.5949044600129128,
        0.6022849580645562,
        0.5838990086317062,
        0.6065300697088242,
        0.6335199511051178,
        0.6204742449522018,
        0.6207570219039917
    ],
    "val_accuracy": [
        0.598125,
        0.67625,
        0.336875,
        0.691875,
        0.6675,
        0.471875,
        0.405,
        0.375625,
        0.37625,
        0.37625,
        0.378125,
        0.378125,
        0.37625,
        0.37625,
        0.37625,
        0.37625,
        0.37625,
        0.37625,
        0.375625,
        0.375625,
        0.37625,
        0.37625
    ]
}