{
    "0": {
        "precision": 0.4398216939078752,
        "recall": 0.8705882352941177,
        "f1-score": 0.5844027640671273,
        "support": 340.0
    },
    "1": {
        "precision": 0.6535433070866141,
        "recall": 0.18043478260869567,
        "f1-score": 0.282793867120954,
        "support": 460.0
    },
    "accuracy": 0.47375,
    "macro avg": {
        "precision": 0.5466825004972447,
        "recall": 0.5255115089514066,
        "f1-score": 0.43359831559404066,
        "support": 800.0
    },
    "weighted avg": {
        "precision": 0.5627116214856501,
        "recall": 0.47375,
        "f1-score": 0.4109776483230776,
        "support": 800.0
    }
}