{
    "0": {
        "precision": 0.3902439024390244,
        "recall": 0.5866666666666667,
        "f1-score": 0.46870838881491345,
        "support": 300.0
    },
    "1": {
        "precision": 0.6446991404011462,
        "recall": 0.45,
        "f1-score": 0.5300353356890459,
        "support": 500.0
    },
    "accuracy": 0.50125,
    "macro avg": {
        "precision": 0.5174715214200853,
        "recall": 0.5183333333333333,
        "f1-score": 0.4993718622519797,
        "support": 800.0
    },
    "weighted avg": {
        "precision": 0.5492784261653505,
        "recall": 0.50125,
        "f1-score": 0.5070377306112462,
        "support": 800.0
    }
}