{
    "train_loss": [
        0.37286945731932936,
        0.35173747992990817,
        0.346725067327981,
        0.3442166153576683,
        0.33920445384773307,
        0.33712488858406725,
        0.33295775712328496,
        0.3295485450579875,
        0.32627187362342974,
        0.32488744891561144,
        0.3211145671796165,
        0.320862041458339,
        0.31813968549733146,
        0.3155619395135645,
        0.3130532945707391,
        0.3108006710328929,
        0.31041482828582245,
        0.3052964175856391,
        0.30401323097092764,
        0.29945125522407584,
        0.29812920662849846,
        0.29330953366534657,
        0.292283929859681,
        0.2891202617523282,
        0.2868661139890601,
        0.2841780335701185,
        0.28157740648204704,
        0.2790573870521843,
        0.27814542346222454,
        0.2766442298394105,
        0.27564499705435824,
        0.272294157367212,
        0.2719070994081687,
        0.2704591906545962,
        0.26866071074705977,
        0.2694393864204717,
        0.2684698726647716,
        0.26822396679673083,
        0.26623818038210917,
        0.26419971507055023,
        0.26311644629584596,
        0.26379740109475347,
        0.2633655244032806,
        0.2618500208636851,
        0.262638437861818,
        0.261296128934602,
        0.26313383934208723,
        0.26156901531045224,
        0.2599655303151108,
        0.25771475645196795,
        0.25942982475820964,
        0.25757092888470107,
        0.2581157145706126,
        0.25745966089920347,
        0.2580168994756236,
        0.2570994173074482,
        0.2553675817047243,
        0.2581258667663878,
        0.2553419215338571,
        0.25348816076881464,
        0.2536303580698381,
        0.25423219948511977,
        0.2538728763494777,
        0.252039747900543,
        0.25258249319173964,
        0.2522544367764875,
        0.25253348483199695,
        0.2522718668281042,
        0.2521855107623081,
        0.25062571673892264,
        0.2512828596555117,
        0.2490977535018097,
        0.24895908285019008,
        0.24884054799907626
    ],
    "val_loss": [
        0.28026741565163454,
        0.27759105033838927,
        0.27998996692806927,
        0.2932759783606031,
        0.2792702343926501,
        0.2663577886214897,
        0.27822121399552074,
        0.25588971643305536,
        0.2510518596243502,
        0.27266450537674464,
        0.26843801652317617,
        0.2410702505218449,
        0.24384371691675327,
        0.24479623739399128,
        0.24112778924294373,
        0.25410465050989123,
        0.24679270342214785,
        0.2449976810768469,
        0.23780684506715233,
        0.26795203138643237,
        0.25371778167005793,
        0.2554212966516836,
        0.26600961720765526,
        0.2518206528985678,
        0.24027979907704822,
        0.24768425657678006,
        0.254698474571776,
        0.2344448456346099,
        0.2555320100553,
        0.2582940660528283,
        0.24806887600848923,
        0.2645014523347812,
        0.24959204712910438,
        0.25815445629518424,
        0.26164742548074293,
        0.2597989177525933,
        0.2486833633104367,
        0.26617212904923,
        0.23959406298487934,
        0.23329082131385803,
        0.2525494875970171,
        0.23380075350626192,
        0.25159241948554767,
        0.2606569918901173,
        0.24639899583894814,
        0.2592379475262628,
        0.26146661634765456,
        0.24667010723210092,
        0.24257111927466607,
        0.23011140831148447,
        0.23973256983418964,
        0.2500329442433457,
        0.25477561376877683,
        0.2283236388283879,
        0.23996743771122464,
        0.25177245720553754,
        0.2560490998091982,
        0.2446518647136973,
        0.26188425363889384,
        0.23338010173235366,
        0.23878268419361826,
        0.2638654608779879,
        0.2325283227794206,
        0.2489528585948161,
        0.2516657901344015,
        0.24978273261838885,
        0.24765326015984834,
        0.2385777844421899,
        0.2556435512517815,
        0.24985636948649562,
        0.24786917353743937,
        0.25596923036361807,
        0.2550216730850846,
        0.26316802870871414
    ],
    "val_accuracy": [
        0.7415730337078652,
        0.7415730337078652,
        0.7406367041198502,
        0.7378277153558053,
        0.7397003745318352,
        0.7387640449438202,
        0.7331460674157303,
        0.7415730337078652,
        0.7415730337078652,
        0.7303370786516854,
        0.7359550561797753,
        0.7415730337078652,
        0.7406367041198502,
        0.7331460674157303,
        0.7397003745318352,
        0.7256554307116105,
        0.7265917602996255,
        0.7322097378277154,
        0.7350187265917603,
        0.6638576779026217,
        0.7237827715355806,
        0.6704119850187266,
        0.6732209737827716,
        0.650749063670412,
        0.702247191011236,
        0.6853932584269663,
        0.7059925093632958,
        0.6404494382022472,
        0.6966292134831461,
        0.6058052434456929,
        0.6170411985018727,
        0.4850187265917603,
        0.6048689138576779,
        0.5608614232209738,
        0.7219101123595506,
        0.6554307116104869,
        0.600187265917603,
        0.7303370786516854,
        0.7322097378277154,
        0.5880149812734082,
        0.6554307116104869,
        0.6376404494382022,
        0.5159176029962547,
        0.599250936329588,
        0.7172284644194756,
        0.5243445692883895,
        0.5599250936329588,
        0.6985018726591761,
        0.6367041198501873,
        0.7181647940074907,
        0.6217228464419475,
        0.6114232209737828,
        0.7097378277153558,
        0.7088014981273408,
        0.7069288389513109,
        0.5608614232209738,
        0.4859550561797753,
        0.5814606741573034,
        0.5468164794007491,
        0.7153558052434457,
        0.5805243445692884,
        0.6685393258426966,
        0.6273408239700374,
        0.548689138576779,
        0.7088014981273408,
        0.7209737827715356,
        0.5374531835205992,
        0.6189138576779026,
        0.5749063670411985,
        0.5318352059925093,
        0.6760299625468165,
        0.5926966292134831,
        0.7209737827715356,
        0.5196629213483146
    ]
}