{
    "train_loss": [
        0.3745972943860431,
        0.35691426788453645,
        0.34977202775866484,
        0.34363678211587606,
        0.3405407536465464,
        0.33649122185287283,
        0.3345175688448934,
        0.33021810898353093,
        0.3285019010602438,
        0.32621084455635857,
        0.3237947147351959,
        0.32142620803509836,
        0.3193999279377072,
        0.31735853751830484,
        0.31466113040811594,
        0.3134371961816601,
        0.3094886978005254,
        0.3077008925700108,
        0.3043550868763084,
        0.3035161021440924,
        0.30100723279274977,
        0.29902202702835945,
        0.2966645443657308,
        0.2928745545125087,
        0.29022343763679365,
        0.2875590457571701,
        0.28571508572347143,
        0.2820228934288025,
        0.27995648039535825,
        0.2788083184003038,
        0.27639734957899365,
        0.2742653855948749,
        0.2727385616282688,
        0.27024955260397193,
        0.2704096422143949,
        0.26712908251737044
    ],
    "val_loss": [
        0.3186392150263288,
        0.3204998516324741,
        0.31813731633905157,
        0.31226513301258657,
        0.3203447923731448,
        0.3185486433221333,
        0.3162579794428242,
        0.3177993359850414,
        0.30642694879823656,
        0.31380673798162545,
        0.31141618161059137,
        0.31787422432828305,
        0.31116533501824334,
        0.3117523217823968,
        0.3074999820830217,
        0.30229419514314454,
        0.32736453280520084,
        0.3080861194809871,
        0.3159294639950368,
        0.30946264449340194,
        0.30947145953107236,
        0.31418125487085596,
        0.3114866729992539,
        0.32126683841890363,
        0.3139041628855378,
        0.3160857671677177,
        0.3105030231066604,
        0.3128484254007909,
        0.31764307373495243,
        0.3117968969380678,
        0.31072106979676145,
        0.3096994366218795,
        0.3119141334918008,
        0.31229082750740333,
        0.31090776333168374,
        0.3180046766551573
    ],
    "val_accuracy": [
        0.5842696629213483,
        0.5842696629213483,
        0.5842696629213483,
        0.5833333333333334,
        0.5795880149812734,
        0.5795880149812734,
        0.5777153558052435,
        0.5777153558052435,
        0.5823970037453183,
        0.5664794007490637,
        0.5711610486891385,
        0.5552434456928839,
        0.5571161048689138,
        0.5617977528089888,
        0.5720973782771536,
        0.5739700374531835,
        0.5093632958801498,
        0.5636704119850188,
        0.5271535580524345,
        0.550561797752809,
        0.5411985018726592,
        0.5327715355805244,
        0.5449438202247191,
        0.4691011235955056,
        0.5140449438202247,
        0.4943820224719101,
        0.5168539325842697,
        0.48220973782771537,
        0.49063670411985016,
        0.5037453183520599,
        0.4307116104868914,
        0.4438202247191011,
        0.4887640449438202,
        0.5561797752808989,
        0.47846441947565543,
        0.3857677902621723
    ]
}