{
    "train_loss": [
        0.3446465900471044,
        0.3116160254937866,
        0.3044311352742471,
        0.2994125498291662,
        0.2976192450800607,
        0.2942497688175436,
        0.2921036963298471,
        0.29074981887871243,
        0.2894770580272738,
        0.2882627872286049,
        0.28762891321780276,
        0.28661669732575795,
        0.2859732810117032,
        0.2856178783202092,
        0.28482232395052115,
        0.28483393496255144,
        0.2847571519893467,
        0.2840833004774445,
        0.28403083612504987,
        0.28406827570096993,
        0.28378040434489415,
        0.28224361014932986,
        0.2825458225023707,
        0.28238640976853147,
        0.2821435137370298,
        0.2817706318813503,
        0.28153488224378453,
        0.2818193267102653,
        0.2820951936401402,
        0.28125494723502187,
        0.2813439634056186,
        0.2807309655503577,
        0.27967362860805567,
        0.2778836338722033,
        0.2766294641748219,
        0.27489716876483833,
        0.2739754292457999,
        0.2720043022569232,
        0.2698181866114322,
        0.26730996068331886,
        0.2652243840882548,
        0.26314313261710925,
        0.2621159026541583,
        0.25858020883957017,
        0.2573083896573596,
        0.2555485309482215,
        0.2518945155646714,
        0.24886883971005974,
        0.24924991262513538,
        0.247466653065626,
        0.24520974091418163,
        0.2430599198067109,
        0.24184278455683558,
        0.24249028228842143,
        0.23954624644298095,
        0.23716445812998815,
        0.2344039829565441,
        0.2357209260108265
    ],
    "val_loss": [
        0.4142315189785032,
        0.4149051769011056,
        0.4265763052363894,
        0.41286194635860957,
        0.42406702508677296,
        0.420085162369173,
        0.41086669021577976,
        0.40726828886501826,
        0.4142362393105208,
        0.4104224565758634,
        0.41441784198604414,
        0.40752065448618646,
        0.4071629534461605,
        0.40928700855418815,
        0.4035290750994611,
        0.41017853346333577,
        0.4089824154750625,
        0.4085715095053858,
        0.4101218750227743,
        0.40890742549255715,
        0.40785278891449545,
        0.4105907489559544,
        0.4090926776181406,
        0.4065199258612163,
        0.4055268797856658,
        0.4074045448605694,
        0.4089240167123168,
        0.4052023540681867,
        0.4061436510797757,
        0.40631629015082743,
        0.4073062316695256,
        0.4077381598415659,
        0.40394232766841776,
        0.399623870627204,
        0.40123134161998975,
        0.4034864588904737,
        0.3974463601610554,
        0.39580235574672473,
        0.40369732210885234,
        0.4013346805056529,
        0.3997159124310337,
        0.3978680218778439,
        0.3991595649007541,
        0.3997606933116913,
        0.3998879274325584,
        0.40039046219925384,
        0.3976041470000993,
        0.3966146582987771,
        0.3991957217899721,
        0.4015595419193382,
        0.4037336600360586,
        0.406250988147152,
        0.401574531820283,
        0.40502605309237294,
        0.40516058033082025,
        0.40694264022272025,
        0.4120129495859146,
        0.41466688664991463
    ],
    "val_accuracy": [
        0.39325842696629215,
        0.39325842696629215,
        0.39325842696629215,
        0.39325842696629215,
        0.39325842696629215,
        0.39325842696629215,
        0.39325842696629215,
        0.39325842696629215,
        0.39325842696629215,
        0.39325842696629215,
        0.39325842696629215,
        0.39325842696629215,
        0.39325842696629215,
        0.39325842696629215,
        0.39325842696629215,
        0.39325842696629215,
        0.39325842696629215,
        0.39325842696629215,
        0.39325842696629215,
        0.39325842696629215,
        0.39325842696629215,
        0.39325842696629215,
        0.39325842696629215,
        0.39325842696629215,
        0.39325842696629215,
        0.39325842696629215,
        0.39325842696629215,
        0.39325842696629215,
        0.39325842696629215,
        0.39325842696629215,
        0.39325842696629215,
        0.39325842696629215,
        0.39325842696629215,
        0.39325842696629215,
        0.39325842696629215,
        0.39325842696629215,
        0.38857677902621723,
        0.3913857677902622,
        0.39325842696629215,
        0.39232209737827717,
        0.3904494382022472,
        0.3782771535580524,
        0.3801498127340824,
        0.3848314606741573,
        0.3838951310861423,
        0.3651685393258427,
        0.3604868913857678,
        0.37359550561797755,
        0.3604868913857678,
        0.3707865168539326,
        0.36797752808988765,
        0.350187265917603,
        0.34363295880149813,
        0.3539325842696629,
        0.3258426966292135,
        0.33614232209737827,
        0.33146067415730335,
        0.32303370786516855
    ]
}