{
    "train_loss": [
        0.33036732262749213,
        0.3048122342539784,
        0.2985998686167885,
        0.2942376322673009,
        0.29086252490052356,
        0.28905543358222985,
        0.2874621115006086,
        0.2849713580750944,
        0.28459213518126064,
        0.2835024107383731,
        0.28236612756782986,
        0.28235289449509593,
        0.28158031614416856,
        0.28129699346037007,
        0.2807363401665244,
        0.280568918986772,
        0.2801410151379449,
        0.2797380360090901,
        0.2805327847104928,
        0.2817634523805986,
        0.28087074326914413,
        0.2799759960634343,
        0.2790877288300235,
        0.2799506585710865,
        0.2793689738723923,
        0.2794171800447065,
        0.2800630506288966,
        0.27947451765850134,
        0.2792539260910199,
        0.28004548603365587,
        0.2802493444758396,
        0.2795252673253665,
        0.2791859316716955,
        0.27887228966699884,
        0.279548917225627,
        0.27916306551805764,
        0.27917688253313994,
        0.27889929692016485,
        0.2790024246636815,
        0.27899762631650776,
        0.2786536827633943,
        0.278775175197972,
        0.2793736822726793,
        0.27971740198194783,
        0.2783598431271572,
        0.2783283694118162,
        0.2783526558664154,
        0.2774439761507947,
        0.27786393344798355,
        0.27711977500258095,
        0.277216809235538,
        0.27527344504068063,
        0.27554893243649475,
        0.2745095721362437,
        0.2731512589411086,
        0.2731559464082963,
        0.2723055710873731,
        0.2713003298793718,
        0.27240758673891274,
        0.27198559273517015,
        0.2699746451900647,
        0.27009603721507364,
        0.27049643006732693,
        0.26944270539422366,
        0.26936063670438787,
        0.26740394293816383,
        0.26745266140596413,
        0.26770854813117917,
        0.26692596946740865
    ],
    "val_loss": [
        0.2900010905603864,
        0.2911026297665354,
        0.286918324543469,
        0.28696703399295237,
        0.28955683734879567,
        0.28608662623967696,
        0.2863821863238491,
        0.2853368583010204,
        0.2868328681632654,
        0.28415749611249613,
        0.2851786764700021,
        0.2826156627331207,
        0.2842365561136559,
        0.2838013158805335,
        0.28465228561145156,
        0.28332807612952904,
        0.28245988132348704,
        0.2831498164294371,
        0.28289744435851255,
        0.28514443204474094,
        0.2822767960936276,
        0.28231722894889205,
        0.2822355823730355,
        0.28347542014584615,
        0.28214426094026707,
        0.28320681337100356,
        0.2827377199237026,
        0.2838054617394262,
        0.28452600939060324,
        0.2828029220673575,
        0.2824883071789101,
        0.28216109947482154,
        0.28414052724838257,
        0.2831368962330605,
        0.2820125535797717,
        0.28457293581606735,
        0.28344297253373846,
        0.28220065938892647,
        0.28292676116993176,
        0.2828105390071869,
        0.2825556697685327,
        0.2832894242966353,
        0.2847594160642197,
        0.2841998716788505,
        0.28454027447237895,
        0.2832122738681622,
        0.28410285377680367,
        0.2846045714260927,
        0.2819012521363016,
        0.2827530596683274,
        0.28264749539432243,
        0.28549506103814537,
        0.28272758402041537,
        0.28440178530429727,
        0.2830739675173119,
        0.28382424543152995,
        0.2838588964138458,
        0.28278244186693163,
        0.2844534725395601,
        0.2833442423325866,
        0.28323920493695276,
        0.28401236058171114,
        0.2862056802902649,
        0.28251840463325156,
        0.28306745949076184,
        0.28308436741579823,
        0.28212749535468085,
        0.28441446352360855,
        0.28363486190340415
    ],
    "val_accuracy": [
        0.5786516853932584,
        0.5786516853932584,
        0.5786516853932584,
        0.5786516853932584,
        0.5786516853932584,
        0.5786516853932584,
        0.5786516853932584,
        0.5786516853932584,
        0.5786516853932584,
        0.5786516853932584,
        0.5786516853932584,
        0.5786516853932584,
        0.5786516853932584,
        0.5786516853932584,
        0.5786516853932584,
        0.5786516853932584,
        0.5786516853932584,
        0.5786516853932584,
        0.5786516853932584,
        0.5767790262172284,
        0.5786516853932584,
        0.5786516853932584,
        0.5786516853932584,
        0.5786516853932584,
        0.5786516853932584,
        0.5786516853932584,
        0.5786516853932584,
        0.5786516853932584,
        0.5786516853932584,
        0.5786516853932584,
        0.5786516853932584,
        0.5786516853932584,
        0.5786516853932584,
        0.5786516853932584,
        0.5786516853932584,
        0.5786516853932584,
        0.5786516853932584,
        0.5786516853932584,
        0.5786516853932584,
        0.5786516853932584,
        0.5786516853932584,
        0.5786516853932584,
        0.5795880149812734,
        0.5786516853932584,
        0.5786516853932584,
        0.5786516853932584,
        0.5786516853932584,
        0.5795880149812734,
        0.5814606741573034,
        0.5786516853932584,
        0.5795880149812734,
        0.5786516853932584,
        0.5795880149812734,
        0.5786516853932584,
        0.5777153558052435,
        0.5786516853932584,
        0.5777153558052435,
        0.5786516853932584,
        0.5767790262172284,
        0.5749063670411985,
        0.5767790262172284,
        0.5767790262172284,
        0.5749063670411985,
        0.5795880149812734,
        0.5805243445692884,
        0.5805243445692884,
        0.5805243445692884,
        0.5749063670411985,
        0.5777153558052435
    ]
}