{
    "0.0": {
        "precision": 0.5674157303370787,
        "recall": 1.0,
        "f1-score": 0.7240143369175627,
        "support": 303.0
    },
    "1.0": {
        "precision": 0.0,
        "recall": 0.0,
        "f1-score": 0.0,
        "support": 183.0
    },
    "2.0": {
        "precision": 0.0,
        "recall": 0.0,
        "f1-score": 0.0,
        "support": 48.0
    },
    "accuracy": 0.5674157303370787,
    "macro avg": {
        "precision": 0.18913857677902624,
        "recall": 0.3333333333333333,
        "f1-score": 0.24133811230585422,
        "support": 534.0
    },
    "weighted avg": {
        "precision": 0.32196061103396034,
        "recall": 0.5674157303370787,
        "f1-score": 0.41081712375659457,
        "support": 534.0
    }
}