{
    "train_loss": [
        0.5018771468560295,
        0.49700923924251356,
        0.4948142879080064,
        0.48211409623670104,
        0.4720553076171344,
        0.4653255214527397,
        0.4580751838033447,
        0.45253267085714505,
        0.4512963235046309,
        0.4480384945279301,
        0.448332534826333,
        0.4356689160081125,
        0.44393524184527966,
        0.4392014700495223,
        0.434931233414624,
        0.4298619389681533,
        0.42872377837279646,
        0.4247186733317552,
        0.42293787787732956,
        0.4259178790143958,
        0.4239951886494856,
        0.41870688883089785,
        0.41855754310468046,
        0.4155665005990627,
        0.4134918793501093,
        0.4123410392220658,
        0.40967940888137067,
        0.40702146904930325,
        0.4010469888678134,
        0.4027813368449264,
        0.39764932951530313,
        0.39475518861545783,
        0.3928991209918467,
        0.39271246884387023,
        0.3909686366096139,
        0.3939878016198515,
        0.38781902177425304,
        0.39082152352179633,
        0.38798025018065285,
        0.3851482946112162,
        0.38471959540528233,
        0.3906897679974076,
        0.38539189480171343,
        0.38294632656333766,
        0.3854719827523326,
        0.3814347579828602,
        0.38411774631995377,
        0.3804877047694408,
        0.3799158492665,
        0.3762799280022483,
        0.3756610911182764,
        0.3752761287430283
    ],
    "val_loss": [
        0.4664531150460243,
        0.4543058863282204,
        0.48806946218013764,
        0.4656707520782948,
        0.48113256946206095,
        0.45920697748661043,
        0.4540148478746414,
        0.4671466687321663,
        0.479763939678669,
        0.4669013586640358,
        0.451446694880724,
        0.44697003945708275,
        0.4693620830774307,
        0.47139753520488736,
        0.4634492565691471,
        0.45067097336053846,
        0.44310792326927184,
        0.4580212298035622,
        0.4869786369800568,
        0.45788012027740477,
        0.47726903632283213,
        0.46017463341355325,
        0.4581092631816864,
        0.4708165529370308,
        0.45340396016836165,
        0.46518496245145796,
        0.49215558260679243,
        0.4732672370970249,
        0.46449352234601976,
        0.46302989691495894,
        0.4753149497509003,
        0.4355161179602146,
        0.4732132233679295,
        0.4461219619214535,
        0.45574299529194834,
        0.47096623316407205,
        0.4582117132842541,
        0.46933762952685354,
        0.46702689439058304,
        0.46457035571336747,
        0.46192774653434754,
        0.46531390517950055,
        0.46234146028757095,
        0.4689731316268444,
        0.4502894997596741,
        0.45718904823064804,
        0.46824051916599274,
        0.4588678804039955,
        0.46718270897865294,
        0.47230822309851644,
        0.47269113481044767,
        0.4574841649830341
    ],
    "val_accuracy": [
        0.575,
        0.575,
        0.525625,
        0.5425,
        0.525625,
        0.544375,
        0.5575,
        0.54,
        0.525,
        0.53125,
        0.550625,
        0.55875,
        0.536875,
        0.535625,
        0.539375,
        0.554375,
        0.559375,
        0.548125,
        0.51875,
        0.549375,
        0.526875,
        0.545,
        0.544375,
        0.529375,
        0.550625,
        0.534375,
        0.50375,
        0.531875,
        0.538125,
        0.540625,
        0.526875,
        0.56625,
        0.530625,
        0.555625,
        0.546875,
        0.528125,
        0.544375,
        0.5325,
        0.5325,
        0.53875,
        0.540625,
        0.535625,
        0.54,
        0.5325,
        0.548125,
        0.544375,
        0.53375,
        0.543125,
        0.535625,
        0.526875,
        0.529375,
        0.545
    ]
}