{
    "train_loss": [
        0.504571398000906,
        0.4991059584709087,
        0.4897547812745123,
        0.48161784825053544,
        0.4736141213538623,
        0.4630943664008438,
        0.45751549733230973,
        0.45038863771253884,
        0.4474100494886389,
        0.44322248367537365,
        0.4367925896687378,
        0.4310406342997114,
        0.42715800120172526,
        0.42571485669601083,
        0.42064993356419084,
        0.4148874761407623,
        0.41312771923102365,
        0.41006011512167384,
        0.4019400291329268,
        0.39454939615645324,
        0.3891158758634978,
        0.383495613019729,
        0.38080687429018245,
        0.37583506610797773,
        0.3724469042447682,
        0.3669535031468414,
        0.36603810515549806,
        0.36507107544284645
    ],
    "val_loss": [
        0.4931823500990868,
        0.5379990866780281,
        0.5217888706922531,
        0.505191196501255,
        0.4899784392118454,
        0.4918413171172142,
        0.49549433052539826,
        0.4787857723236084,
        0.5006197789311408,
        0.48823226124048236,
        0.5089529705047607,
        0.493353345990181,
        0.5073726201057434,
        0.5064201389253139,
        0.5050470350682735,
        0.5046381668746471,
        0.5054562270641327,
        0.4997837400436401,
        0.5101510380208493,
        0.5075106248259544,
        0.49869433537125585,
        0.4958355975151062,
        0.5031191077828407,
        0.49738096818327904,
        0.4871905991435051,
        0.4953207466006279,
        0.5266757518053055,
        0.4986945563554764
    ],
    "val_accuracy": [
        0.569375,
        0.428125,
        0.47125,
        0.4975,
        0.493125,
        0.50125,
        0.509375,
        0.52625,
        0.49875,
        0.52,
        0.490625,
        0.51375,
        0.501875,
        0.4975,
        0.494375,
        0.501875,
        0.494375,
        0.50125,
        0.494375,
        0.485625,
        0.498125,
        0.509375,
        0.500625,
        0.5075,
        0.514375,
        0.5025,
        0.473125,
        0.50125
    ]
}