{
    "train_loss": [
        0.5039211011832894,
        0.4998811831199887,
        0.4923220175032568,
        0.4876860103173421,
        0.4735811661080559,
        0.459893235992087,
        0.45449593502769964,
        0.4485155985607664,
        0.44284264778367954,
        0.4385309263067965,
        0.43461053929116467,
        0.4317182730330099,
        0.4277300475404994,
        0.42211592590233477,
        0.42175701575925445,
        0.41702709007215233,
        0.41763840228466703,
        0.4116344406075849,
        0.4135613249670161,
        0.4031720082321675,
        0.40371033796431993,
        0.39977536638184347
    ],
    "val_loss": [
        0.48653713911771773,
        0.4507660427689552,
        0.556550378203392,
        0.49367851912975313,
        0.49700290232896804,
        0.4827661496400833,
        0.49399517208337784,
        0.4860952839255333,
        0.48812726259231565,
        0.49613854914903643,
        0.49284527599811556,
        0.49713660925626757,
        0.4842836670577526,
        0.4968518282473087,
        0.4852549782395363,
        0.4827868528664112,
        0.4896463617682457,
        0.4741950933635235,
        0.4937839224934578,
        0.515395555794239,
        0.4941814851760864,
        0.4906442742049694
    ],
    "val_accuracy": [
        0.574375,
        0.575,
        0.429375,
        0.513125,
        0.50375,
        0.526875,
        0.504375,
        0.5225,
        0.5125,
        0.5075,
        0.508125,
        0.505,
        0.518125,
        0.50625,
        0.520625,
        0.51125,
        0.51625,
        0.5325,
        0.506875,
        0.4825,
        0.509375,
        0.511875
    ]
}