{
    "train_loss": [
        0.5034176021593042,
        0.49188128766594547,
        0.492081995315776,
        0.4797382860785664,
        0.47368223387932423,
        0.46444589808804565,
        0.4517939032820782,
        0.4468308144645526,
        0.44155329600492915,
        0.4397834393721406,
        0.4330563285747672,
        0.4297281014410281,
        0.42643182527384543,
        0.42573302318480344,
        0.424881124260402,
        0.41871686571157807,
        0.41961210194311227,
        0.41570241502163435,
        0.4174595749614262,
        0.41199561318216643,
        0.40943112890558814
    ],
    "val_loss": [
        0.4794826880097389,
        0.5090425676107406,
        0.526099500656128,
        0.520751910507679,
        0.5049043050408364,
        0.5185440787672997,
        0.5324166241288185,
        0.49719255238771437,
        0.506261573433876,
        0.5039435580372811,
        0.5119797709584236,
        0.5116561305522919,
        0.511745892316103,
        0.49814508885145187,
        0.5053573828935624,
        0.4995221844315529,
        0.48929432705044745,
        0.5190250341594219,
        0.492841262370348,
        0.5022615817189217,
        0.49992710798978807
    ],
    "val_accuracy": [
        0.574375,
        0.44875,
        0.473125,
        0.47125,
        0.484375,
        0.478125,
        0.46875,
        0.5,
        0.489375,
        0.4975,
        0.4875,
        0.488125,
        0.486875,
        0.503125,
        0.4975,
        0.5025,
        0.51125,
        0.47875,
        0.50625,
        0.500625,
        0.508125
    ]
}