{
    "train_loss": [
        0.5011780358260811,
        0.49924860754520584,
        0.49133160241907187,
        0.48383253923442104,
        0.47635885479279083,
        0.4664539347522625,
        0.45975957274215645,
        0.45547119347323284,
        0.4505509729174399,
        0.44661547546044433,
        0.4444317001259268,
        0.4374628559603254,
        0.4353900665583292,
        0.43540305382396916,
        0.42911276042387625,
        0.4273262567965701,
        0.42256976833733,
        0.42035565007072273,
        0.41908899762916685,
        0.4158134475571684,
        0.4128171161259755,
        0.4073793052668028
    ],
    "val_loss": [
        0.49128164887428283,
        0.46384324729442594,
        0.5324589785933495,
        0.5118771091103553,
        0.4845877349376678,
        0.49641288816928864,
        0.5064311376214028,
        0.49306045413017274,
        0.4878233426809311,
        0.4877886328101158,
        0.4750018298625946,
        0.49122422099113466,
        0.4725934764742851,
        0.4926783782243729,
        0.4936401179432869,
        0.48537286937236784,
        0.4897250014543533,
        0.4881109440326691,
        0.4853283214569092,
        0.4770253713428974,
        0.48823109090328215,
        0.4867606107890606
    ],
    "val_accuracy": [
        0.565,
        0.575,
        0.46125,
        0.48375,
        0.5225,
        0.51,
        0.494375,
        0.508125,
        0.513125,
        0.5175,
        0.52375,
        0.503125,
        0.526875,
        0.5125,
        0.504375,
        0.51,
        0.5125,
        0.518125,
        0.5125,
        0.52625,
        0.5175,
        0.5175
    ]
}