{
    "0": {
        "precision": 0.458628841607565,
        "recall": 0.5705882352941176,
        "f1-score": 0.508519003931848,
        "support": 340.0
    },
    "1": {
        "precision": 0.6127320954907162,
        "recall": 0.5021739130434782,
        "f1-score": 0.5519713261648745,
        "support": 460.0
    },
    "accuracy": 0.53125,
    "macro avg": {
        "precision": 0.5356804685491405,
        "recall": 0.536381074168798,
        "f1-score": 0.5302451650483613,
        "support": 800.0
    },
    "weighted avg": {
        "precision": 0.547238212590377,
        "recall": 0.53125,
        "f1-score": 0.5335040892158383,
        "support": 800.0
    }
}