{
    "0": {
        "precision": 0.5238095238095238,
        "recall": 0.03235294117647059,
        "f1-score": 0.060941828254847646,
        "support": 340.0
    },
    "1": {
        "precision": 0.5776636713735558,
        "recall": 0.9782608695652174,
        "f1-score": 0.7263922518159807,
        "support": 460.0
    },
    "accuracy": 0.57625,
    "macro avg": {
        "precision": 0.5507365975915398,
        "recall": 0.505306905370844,
        "f1-score": 0.39366704003541414,
        "support": 800.0
    },
    "weighted avg": {
        "precision": 0.5547756586588422,
        "recall": 0.57625,
        "f1-score": 0.44357582180249916,
        "support": 800.0
    }
}