{
    "0": {
        "precision": 0.4607142857142857,
        "recall": 0.37941176470588234,
        "f1-score": 0.4161290322580645,
        "support": 340.0
    },
    "1": {
        "precision": 0.5942307692307692,
        "recall": 0.6717391304347826,
        "f1-score": 0.6306122448979592,
        "support": 460.0
    },
    "accuracy": 0.5475,
    "macro avg": {
        "precision": 0.5274725274725275,
        "recall": 0.5255754475703325,
        "f1-score": 0.5233706385780119,
        "support": 800.0
    },
    "weighted avg": {
        "precision": 0.5374862637362638,
        "recall": 0.5475,
        "f1-score": 0.539456879526004,
        "support": 800.0
    }
}