{
    "0": {
        "precision": 0.5151515151515151,
        "recall": 0.55,
        "f1-score": 0.5320056899004267,
        "support": 340.0
    },
    "1": {
        "precision": 0.6498855835240275,
        "recall": 0.6173913043478261,
        "f1-score": 0.633221850613155,
        "support": 460.0
    },
    "accuracy": 0.58875,
    "macro avg": {
        "precision": 0.5825185493377714,
        "recall": 0.5836956521739131,
        "f1-score": 0.5826137702567908,
        "support": 800.0
    },
    "weighted avg": {
        "precision": 0.5926236044657098,
        "recall": 0.58875,
        "f1-score": 0.5902049823102454,
        "support": 800.0
    }
}