{
    "0": {
        "precision": 0.47686832740213525,
        "recall": 0.3941176470588235,
        "f1-score": 0.43156199677938806,
        "support": 340.0
    },
    "1": {
        "precision": 0.603082851637765,
        "recall": 0.6804347826086956,
        "f1-score": 0.6394279877425945,
        "support": 460.0
    },
    "accuracy": 0.55875,
    "macro avg": {
        "precision": 0.5399755895199501,
        "recall": 0.5372762148337595,
        "f1-score": 0.5354949922609913,
        "support": 800.0
    },
    "weighted avg": {
        "precision": 0.5494416788376223,
        "recall": 0.55875,
        "f1-score": 0.5510849415832317,
        "support": 800.0
    }
}