{
    "0": {
        "precision": 0.550210970464135,
        "recall": 0.4826054774241303,
        "f1-score": 0.5141955835962145,
        "support": 1351.0
    },
    "1": {
        "precision": 0.5299260255548084,
        "recall": 0.5965177895533686,
        "f1-score": 0.5612535612535613,
        "support": 1321.0
    },
    "accuracy": 0.5389221556886228,
    "macro avg": {
        "precision": 0.5400684980094717,
        "recall": 0.5395616334887494,
        "f1-score": 0.5377245724248879,
        "support": 2672.0
    },
    "weighted avg": {
        "precision": 0.5401823730744567,
        "recall": 0.5389221556886228,
        "f1-score": 0.5374603996461229,
        "support": 2672.0
    }
}