{
    "0": {
        "precision": 0.5268735806207419,
        "recall": 0.5252830188679245,
        "f1-score": 0.5260770975056689,
        "support": 1325.0
    },
    "1": {
        "precision": 0.5344189489267209,
        "recall": 0.5360059391239792,
        "f1-score": 0.5352112676056338,
        "support": 1347.0
    },
    "accuracy": 0.530688622754491,
    "macro avg": {
        "precision": 0.5306462647737313,
        "recall": 0.5306444789959519,
        "f1-score": 0.5306441825556514,
        "support": 2672.0
    },
    "weighted avg": {
        "precision": 0.5306773272929551,
        "recall": 0.530688622754491,
        "f1-score": 0.5306817858008234,
        "support": 2672.0
    }
}