{
    "train_loss": [
        0.5165323486087822,
        0.5048343758338054,
        0.5021811016345684,
        0.50116785659856,
        0.48825036083521106,
        0.4771944506484058,
        0.4663023360868688,
        0.4547603024913388,
        0.4509492796282523,
        0.4425896112862312,
        0.4392712535005313,
        0.43236753232629876,
        0.4275406851716664,
        0.42665390537779324,
        0.427831482363077,
        0.41567917748284433,
        0.4131534683551242,
        0.41434586631215137,
        0.4105853033749011,
        0.4093070821210801,
        0.4029299093800571,
        0.4006830426190682,
        0.40565549373155524,
        0.40339365018450696,
        0.4024246898682221,
        0.396974046180842,
        0.3981610833715073,
        0.4007600224300807,
        0.3936963796380009,
        0.3893428173637673,
        0.39620596514977957,
        0.3899341775435704,
        0.39270797604510904,
        0.38819289466609125,
        0.3829324340720186,
        0.3920696870729386,
        0.37876245011336246,
        0.3849345565931835,
        0.38871489329771564,
        0.3804742393227434,
        0.3880368532399415,
        0.3911798412915275,
        0.3879047675507342,
        0.38223155402383313,
        0.38652619118747034,
        0.37658517536791886,
        0.3864948439444949,
        0.3839182510029657,
        0.38884072447482776,
        0.3826130885086041,
        0.38022003154980805,
        0.375708694867937,
        0.36973400889590324,
        0.3784903180251715,
        0.38131782827758975,
        0.39205989006008557,
        0.37564147081181937,
        0.3750985946520986,
        0.37222134884402686,
        0.3779618635685312,
        0.38352107456903684,
        0.37250582488040207,
        0.37238201874459215,
        0.37211894653295813,
        0.37499552237775485,
        0.3714994835582646,
        0.3733727527936928,
        0.36933272738348355,
        0.3752304221183179
    ],
    "val_loss": [
        0.46827310865575617,
        0.5085075358775529,
        0.5132047152993354,
        0.4708808436989784,
        0.4429546594619751,
        0.4358744553544305,
        0.405548947524618,
        0.4376818183809519,
        0.4111866338855841,
        0.3911815769970417,
        0.377927316098728,
        0.4220273258079859,
        0.37901278847659176,
        0.40705341794951394,
        0.37824442864141683,
        0.40934535691683943,
        0.4281009108844129,
        0.4104908427054232,
        0.37141335963017563,
        0.4229856099594723,
        0.39660001021217217,
        0.3952486169609157,
        0.36102397011762316,
        0.4419912835583091,
        0.4191161741248586,
        0.3867712009020827,
        0.3814547648653388,
        0.3732600736601109,
        0.34486835409717803,
        0.3898555774834346,
        0.37475993107496336,
        0.3851533842442388,
        0.3784015411087735,
        0.3949688991785727,
        0.36658470825800166,
        0.37134258580309426,
        0.4025941181250594,
        0.40173530527813867,
        0.362612307833677,
        0.4088281023908745,
        0.3659548574889248,
        0.35759450220079586,
        0.38887569596144284,
        0.38184282174122264,
        0.3566726196387952,
        0.38969940243458207,
        0.4132646257057786,
        0.40406077363612974,
        0.3368138599590483,
        0.36674815661866556,
        0.3479928620244292,
        0.36990068010477856,
        0.35660602198913693,
        0.35251501435413957,
        0.38172611357136205,
        0.38107956454835157,
        0.3820556068623608,
        0.3746549653058702,
        0.3530569283545695,
        0.34360470284115185,
        0.3620574202981185,
        0.3884072026915171,
        0.44424455282701686,
        0.39319899009371345,
        0.34388741753487423,
        0.3701638109791516,
        0.35915000084787607,
        0.3966066569767215,
        0.37780890410596674
    ],
    "val_accuracy": [
        0.6409801136363636,
        0.3639914772727273,
        0.3625710227272727,
        0.62890625,
        0.6274857954545454,
        0.6178977272727273,
        0.6150568181818182,
        0.5887784090909091,
        0.6058238636363636,
        0.6260653409090909,
        0.6463068181818182,
        0.6012073863636364,
        0.6363636363636364,
        0.5969460227272727,
        0.6342329545454546,
        0.5941051136363636,
        0.58203125,
        0.5973011363636364,
        0.6349431818181818,
        0.5962357954545454,
        0.6086647727272727,
        0.6090198863636364,
        0.6452414772727273,
        0.5539772727272727,
        0.5990767045454546,
        0.6186079545454546,
        0.6203835227272727,
        0.6324573863636364,
        0.6661931818181818,
        0.6125710227272727,
        0.6360085227272727,
        0.640625,
        0.6278409090909091,
        0.6051136363636364,
        0.6466619318181818,
        0.6317471590909091,
        0.59765625,
        0.6065340909090909,
        0.6455965909090909,
        0.5919744318181818,
        0.6384943181818182,
        0.6587357954545454,
        0.6203835227272727,
        0.6232244318181818,
        0.6477272727272727,
        0.6218039772727273,
        0.5870028409090909,
        0.5994318181818182,
        0.6722301136363636,
        0.6399147727272727,
        0.6654829545454546,
        0.6420454545454546,
        0.6509232954545454,
        0.6612215909090909,
        0.6242897727272727,
        0.6232244318181818,
        0.62109375,
        0.6296164772727273,
        0.6537642045454546,
        0.6715198863636364,
        0.6491477272727273,
        0.6129261363636364,
        0.5564630681818182,
        0.6115056818181818,
        0.6704545454545454,
        0.6338778409090909,
        0.65234375,
        0.6058238636363636,
        0.6278409090909091
    ]
}