{
    "train_loss": [
        0.5283568635170639,
        0.5073838996086196,
        0.5069749952540568,
        0.5051947078803782,
        0.4977506849723371,
        0.495729294160138,
        0.48984942594064557,
        0.47923385066241614,
        0.4675816844692343,
        0.4598580862104657,
        0.45503677598572534,
        0.44642486685349536,
        0.43993045053934393,
        0.43732180378653784,
        0.43139856953630334,
        0.42818448306779144,
        0.42275402527081635,
        0.42201106753862894,
        0.41663077894760214,
        0.4142724292669372,
        0.4082180483067931,
        0.40786706750454166,
        0.40070376583474426,
        0.4036818230046114,
        0.39857224651829526,
        0.3996766656784436,
        0.40071041999833856,
        0.3985273163368108,
        0.39275787105202203,
        0.3910163511400637,
        0.3883136210175371,
        0.38906266104444687,
        0.38649727962174907,
        0.38572074561251013,
        0.3844143733264429,
        0.3848654514421587,
        0.3777140531792,
        0.3827237477710125,
        0.3836592735626952,
        0.37753633654164703,
        0.3852954079570035,
        0.38702562195156875,
        0.38067208457252255,
        0.37608126668708597,
        0.37527524603331985,
        0.37505689743361453,
        0.3811733397570523,
        0.37735399204810616,
        0.37636740133166313,
        0.3756847624545512,
        0.3714829695083407,
        0.3726877135486,
        0.3690344441107846,
        0.3734262193085648,
        0.3746757810795496,
        0.37058522357888846,
        0.37216187898702774,
        0.3683402734282224,
        0.37531788270228467,
        0.37446382515161875,
        0.36953797418138257,
        0.375862636540836,
        0.37166171132222464,
        0.37490921286431694,
        0.3659803594201214,
        0.3682598051257991,
        0.36660735235501657,
        0.36966856464508024,
        0.36328854140910233,
        0.36945080983897916
    ],
    "val_loss": [
        0.4666138105094433,
        0.49351406723938207,
        0.4854576328599995,
        0.4805726913565939,
        0.5022952619262717,
        0.4382424141195687,
        0.41311474135992204,
        0.41007768269628286,
        0.37946285197341983,
        0.38085003129460593,
        0.3847255004061894,
        0.4249288256872784,
        0.36672202082858846,
        0.3510518804277209,
        0.37667876422743907,
        0.35660979206758464,
        0.39287621959705243,
        0.3938987608152357,
        0.3802676427347416,
        0.3604249114340002,
        0.35670160726559436,
        0.3770722860301083,
        0.4206307977437973,
        0.385715700939975,
        0.37535652674903924,
        0.39435107447206974,
        0.36231467208232393,
        0.37350591708144004,
        0.360836483199488,
        0.4176080282777548,
        0.3384858729656447,
        0.36144149904562667,
        0.3746323339979757,
        0.3692805841565132,
        0.3787067864428867,
        0.3639973399483345,
        0.3716264403933151,
        0.44083171439441765,
        0.37251713884655724,
        0.35123009044169023,
        0.39802504440938885,
        0.3554019291292537,
        0.3910685036839409,
        0.37060669233853166,
        0.36402946888384496,
        0.3391285796692087,
        0.3506202986887233,
        0.3547290590253066,
        0.4026304732754149,
        0.3367471641606905,
        0.3367483416910876,
        0.35051714650101284,
        0.36604273738339543,
        0.3728293821384961,
        0.36006515460427513,
        0.36315966194326227,
        0.3891577044163238,
        0.36648939215493476,
        0.39248410637744446,
        0.3719362233850089,
        0.3815422857349569,
        0.3872434802099385,
        0.38792416152798315,
        0.3912530639632182,
        0.36718621786514466,
        0.34554003712467174,
        0.3471204159696671,
        0.34970288994637405,
        0.34617028872228484,
        0.3447239829057997
    ],
    "val_accuracy": [
        0.6409801136363636,
        0.6111505681818182,
        0.6374289772727273,
        0.6381392045454546,
        0.5060369318181818,
        0.6264204545454546,
        0.6264204545454546,
        0.6228693181818182,
        0.6463068181818182,
        0.6409801136363636,
        0.6381392045454546,
        0.59765625,
        0.6505681818181818,
        0.6740056818181818,
        0.6431107954545454,
        0.6509232954545454,
        0.6246448863636364,
        0.6164772727272727,
        0.6232244318181818,
        0.6491477272727273,
        0.6498579545454546,
        0.6335227272727273,
        0.5855823863636364,
        0.6246448863636364,
        0.6338778409090909,
        0.6100852272727273,
        0.6452414772727273,
        0.6321022727272727,
        0.6420454545454546,
        0.5827414772727273,
        0.67578125,
        0.6427556818181818,
        0.6299715909090909,
        0.6424005681818182,
        0.6328125,
        0.6413352272727273,
        0.6335227272727273,
        0.5625,
        0.6324573863636364,
        0.6516335227272727,
        0.6079545454545454,
        0.6526988636363636,
        0.6147017045454546,
        0.6313920454545454,
        0.6463068181818182,
        0.6725852272727273,
        0.6583806818181818,
        0.6534090909090909,
        0.5965909090909091,
        0.6693892045454546,
        0.6722301136363636,
        0.6551846590909091,
        0.6363636363636364,
        0.6306818181818182,
        0.6431107954545454,
        0.6395596590909091,
        0.6122159090909091,
        0.6363636363636364,
        0.6139914772727273,
        0.6324573863636364,
        0.6200284090909091,
        0.6203835227272727,
        0.6242897727272727,
        0.6196732954545454,
        0.6420454545454546,
        0.6637073863636364,
        0.6654829545454546,
        0.6569602272727273,
        0.6580255681818182,
        0.6605113636363636
    ]
}