{
    "train_loss": [
        0.5113237931323146,
        0.5020724606843805,
        0.49596940257803723,
        0.49139705294441327,
        0.4820948413944998,
        0.4708749678412916,
        0.45825830708614923,
        0.4498805759452548,
        0.4423536096106876,
        0.43460278642978595,
        0.4304058634539838,
        0.4239024061694918,
        0.42373696873663913,
        0.41664836923831067,
        0.4149892303076657,
        0.40919128690548096,
        0.4065248529194843,
        0.4033842703158205,
        0.3984524193017379,
        0.4041543596759144,
        0.3973666006927434,
        0.3908807654743609,
        0.3954458027901386,
        0.39651645608099084,
        0.39816454273792123,
        0.3910058294772631,
        0.3867705076815111,
        0.3883038643497252,
        0.38457821274227777,
        0.38847323792725214,
        0.3857375693179873,
        0.3857247040500283,
        0.39163456200493185,
        0.3820973413116612,
        0.38366451082022296,
        0.38796087319082895,
        0.3943451431546758,
        0.38763169635072525,
        0.38455716040530225,
        0.3849922430962913,
        0.3875409728689156,
        0.388857373283079,
        0.3832477323504776,
        0.37853017985349585,
        0.3783419472956846,
        0.3687875923284664,
        0.3795445310798558,
        0.37282510007558606,
        0.3880739045796894,
        0.37310239410565305,
        0.3751444588654597,
        0.3764055706118878,
        0.3760733928958418,
        0.3762005826995778,
        0.37571102943227225
    ],
    "val_loss": [
        0.5288651417940855,
        0.47929789616980334,
        0.5177819041365926,
        0.4726705143058842,
        0.42395495758815244,
        0.4354919891973788,
        0.4141711317510767,
        0.4217995009808378,
        0.4258188662034544,
        0.424979712729427,
        0.40794880129396915,
        0.38671365786682477,
        0.39159240878441115,
        0.3750356078486551,
        0.37614254623820836,
        0.38457325333729386,
        0.3857074018398469,
        0.39810120077295735,
        0.3922575815919448,
        0.40533048121935944,
        0.37759892104870896,
        0.3838430080054836,
        0.3859656123359772,
        0.4038705496879464,
        0.423056716776707,
        0.37824895821342414,
        0.3994371123103933,
        0.4365567833354527,
        0.3735909324816682,
        0.40505310452797194,
        0.36484579530290584,
        0.3939809526570819,
        0.38140669888393447,
        0.3785230064425956,
        0.3459599540060894,
        0.36854893019930884,
        0.36150105365298013,
        0.38857002065263013,
        0.36723626929927955,
        0.35569744906388223,
        0.4009769107638435,
        0.42886246444488113,
        0.38253898706964473,
        0.38768627342175355,
        0.37827841175550764,
        0.3565917830406265,
        0.3970887027257545,
        0.37544941317967395,
        0.3721914472989738,
        0.36497665848582983,
        0.35272690234705806,
        0.4130158515816385,
        0.43479613875123585,
        0.43135066432031716,
        0.37026773672550917
    ],
    "val_accuracy": [
        0.35901988636363635,
        0.6349431818181818,
        0.42720170454545453,
        0.5472301136363636,
        0.6058238636363636,
        0.6026278409090909,
        0.6029829545454546,
        0.6068892045454546,
        0.6061789772727273,
        0.5962357954545454,
        0.6036931818181818,
        0.6264204545454546,
        0.6182528409090909,
        0.6345880681818182,
        0.6281960227272727,
        0.6321022727272727,
        0.6246448863636364,
        0.6175426136363636,
        0.61328125,
        0.6065340909090909,
        0.6285511363636364,
        0.6228693181818182,
        0.6189630681818182,
        0.5969460227272727,
        0.5774147727272727,
        0.6274857954545454,
        0.6008522727272727,
        0.5607244318181818,
        0.6345880681818182,
        0.6004971590909091,
        0.6473721590909091,
        0.609375,
        0.6239346590909091,
        0.6281960227272727,
        0.6615767045454546,
        0.6395596590909091,
        0.6484375,
        0.6257102272727273,
        0.6473721590909091,
        0.6629971590909091,
        0.6033380681818182,
        0.5731534090909091,
        0.6193181818181818,
        0.6164772727272727,
        0.6271306818181818,
        0.65234375,
        0.60546875,
        0.6342329545454546,
        0.6352982954545454,
        0.6473721590909091,
        0.6530539772727273,
        0.5916193181818182,
        0.5656960227272727,
        0.5696022727272727,
        0.6420454545454546
    ]
}