{
    "0.0": {
        "precision": 0.36885245901639346,
        "recall": 0.1465798045602606,
        "f1-score": 0.2097902097902098,
        "support": 307.0
    },
    "1.0": {
        "precision": 0.3173431734317343,
        "recall": 0.6187050359712231,
        "f1-score": 0.4195121951219512,
        "support": 278.0
    },
    "2.0": {
        "precision": 0.335,
        "recall": 0.24014336917562723,
        "f1-score": 0.2797494780793319,
        "support": 279.0
    },
    "accuracy": 0.3287037037037037,
    "macro avg": {
        "precision": 0.3403985441493759,
        "recall": 0.3351427365690369,
        "f1-score": 0.3030172943304976,
        "support": 864.0
    },
    "weighted avg": {
        "precision": 0.34134734621765617,
        "recall": 0.3287037037037037,
        "f1-score": 0.29986121415929445,
        "support": 864.0
    }
}