{
    "train_loss": [
        0.642300070413036,
        0.5877638991941442,
        0.5568100053411691,
        0.5458770766468246,
        0.5267344710122736,
        0.5150946641215388,
        0.5063007274748748,
        0.49905835254204706,
        0.49139666449220687,
        0.4821737838687057,
        0.479385087835974,
        0.4764798851828501,
        0.4684039575139476,
        0.45687121523476637,
        0.45957104954386,
        0.45358955767488235,
        0.448282440246078,
        0.4479937278544965,
        0.44453306256798264,
        0.4393319435070216,
        0.43722632357493585,
        0.4370771109131334,
        0.42943375252689103,
        0.4222950316926976,
        0.424642919104334,
        0.4200265809044319,
        0.4199037195178511,
        0.41802570548082263,
        0.4155212833010471,
        0.40836049809357045,
        0.4069945103455084,
        0.40681524667406327,
        0.40428464747772314,
        0.4047425134503162,
        0.402721907808373,
        0.40038561612522044,
        0.39946612190706127,
        0.39646790172769614,
        0.3959501861290611,
        0.3941995655162347,
        0.3901065459832009,
        0.38114136793298425,
        0.38615606933677754,
        0.3894874195669599,
        0.3766512142716294,
        0.3822295436432942,
        0.3744455392959822,
        0.3788238564612334,
        0.37849284445992404,
        0.3728440356069278,
        0.3715980330897119,
        0.3636272750370243,
        0.36728384141168446,
        0.36599087699707306,
        0.3640409593369059,
        0.3594653025809965,
        0.36097787150756067,
        0.36112482830341613,
        0.3657075992828824,
        0.3597966141110875,
        0.35901725963916187,
        0.35175294216741554,
        0.35566476358033217,
        0.3550077758999686,
        0.351939224362991,
        0.35165717734574037,
        0.3494140847822545,
        0.3520554454678699,
        0.34446814965089984,
        0.3480465020694881,
        0.3437116513598151,
        0.34148234738895933,
        0.34765051112273815,
        0.3427327857039135,
        0.34105229354584154,
        0.34182264621084835,
        0.3440368727544429,
        0.3415353826290585,
        0.3368292850456707,
        0.3301023640163204,
        0.3327381494286147
    ],
    "val_loss": [
        0.49863961522395794,
        0.4943094129745777,
        0.4929026076426873,
        0.48936168138797465,
        0.48529693255057704,
        0.48107957243919375,
        0.47482133507728574,
        0.47184721919206474,
        0.46778739599081187,
        0.46506739396315355,
        0.4564925308410938,
        0.4561277522490575,
        0.45211963011668277,
        0.4498262038597694,
        0.44939095102823695,
        0.4526992366864131,
        0.44159945157858044,
        0.442383722617076,
        0.43452402811784013,
        0.4331539800533882,
        0.43051106746380147,
        0.4284364049251263,
        0.42472997032679044,
        0.4271802535423866,
        0.4229586170269893,
        0.4221190489255465,
        0.417793754201669,
        0.41945839386719924,
        0.41855345826882584,
        0.4133398622274399,
        0.41859662303557765,
        0.4072450124300443,
        0.4110821043069546,
        0.4028696149587631,
        0.4096558087147199,
        0.4057017269042822,
        0.40030028544939483,
        0.41073374633605664,
        0.39421133536558883,
        0.3896090317230958,
        0.39054184624781974,
        0.3980493126007227,
        0.38672601076272817,
        0.389021314565952,
        0.38915393696381495,
        0.37688421125595384,
        0.38922029252235707,
        0.38117939187930183,
        0.37326702292148883,
        0.3699579628614279,
        0.3858956281955426,
        0.3708851152887711,
        0.3781956688715861,
        0.3774880696947758,
        0.3688520240669067,
        0.37176714384785065,
        0.3670188525548348,
        0.3770549891659847,
        0.36697156068224174,
        0.3704975174023555,
        0.36696041942789004,
        0.37512149976996273,
        0.3708880917384074,
        0.3750856828231078,
        0.37053760450619916,
        0.3756834643964584,
        0.3773933713252728,
        0.37036267530459627,
        0.37185197736208253,
        0.37636241362645073,
        0.3914365745507754,
        0.3740459647316199,
        0.3881335634451646,
        0.3790410619515639,
        0.38433736929526696,
        0.3781406655907631,
        0.3790745991926927,
        0.39032261016277164,
        0.3854855552315712,
        0.3779126521486502,
        0.3827814826598534
    ],
    "val_accuracy": [
        0.5297560975609756,
        0.511219512195122,
        0.5073170731707317,
        0.5258536585365854,
        0.5726829268292682,
        0.5551219512195122,
        0.5658536585365853,
        0.5648780487804878,
        0.5619512195121952,
        0.5746341463414634,
        0.5795121951219512,
        0.5639024390243902,
        0.584390243902439,
        0.5853658536585366,
        0.5892682926829268,
        0.5795121951219512,
        0.6,
        0.5960975609756097,
        0.6029268292682927,
        0.6097560975609756,
        0.6078048780487805,
        0.6039024390243902,
        0.608780487804878,
        0.6117073170731707,
        0.6107317073170732,
        0.6126829268292683,
        0.6195121951219512,
        0.6165853658536585,
        0.6204878048780488,
        0.6224390243902439,
        0.624390243902439,
        0.6273170731707317,
        0.6282926829268293,
        0.6321951219512195,
        0.6224390243902439,
        0.6331707317073171,
        0.6380487804878049,
        0.6292682926829268,
        0.6409756097560976,
        0.6497560975609756,
        0.6429268292682927,
        0.6478048780487805,
        0.6439024390243903,
        0.64,
        0.64,
        0.6497560975609756,
        0.6341463414634146,
        0.6458536585365854,
        0.6507317073170732,
        0.655609756097561,
        0.6390243902439025,
        0.6507317073170732,
        0.6507317073170732,
        0.6448780487804878,
        0.6507317073170732,
        0.646829268292683,
        0.646829268292683,
        0.6448780487804878,
        0.6497560975609756,
        0.6497560975609756,
        0.6536585365853659,
        0.6380487804878049,
        0.6478048780487805,
        0.6507317073170732,
        0.6546341463414634,
        0.6351219512195122,
        0.6458536585365854,
        0.6517073170731708,
        0.6458536585365854,
        0.6497560975609756,
        0.64,
        0.6448780487804878,
        0.6282926829268293,
        0.6439024390243903,
        0.6439024390243903,
        0.6360975609756098,
        0.6321951219512195,
        0.6351219512195122,
        0.6341463414634146,
        0.6380487804878049,
        0.6321951219512195
    ]
}