{
    "train_loss": [
        0.6272348154702952,
        0.5737610548889082,
        0.5507892702218782,
        0.5412906831410265,
        0.5300956346828085,
        0.5234038908555718,
        0.5079287112994515,
        0.49896231278236663,
        0.49128557193464567,
        0.4896284028347292,
        0.48455035346777325,
        0.47889558608050176,
        0.4716166585220574,
        0.4659624482683567,
        0.4612413555229266,
        0.46220963760978817,
        0.45241695935862053,
        0.4529232296301293,
        0.4420157581413348,
        0.44348034401631725,
        0.44029792386633126,
        0.43738828205691715,
        0.4324842240526269,
        0.4243843459712409,
        0.4233064373540137,
        0.4204955832945868,
        0.41372256621795617,
        0.41582303837791007,
        0.4110164472476188,
        0.41108407288635335,
        0.4084129429234124,
        0.402119649120563,
        0.4037198639749863,
        0.40394919616570746,
        0.3960500154933781,
        0.393778293552794,
        0.38766831947114183,
        0.39290627675044104,
        0.387035483523354,
        0.38181246909761674,
        0.3845069067156994,
        0.3812626266726558,
        0.37629416687269285,
        0.3759350875498717,
        0.37407995683232736,
        0.37588734693168974,
        0.37439344722989926,
        0.3687421658650581,
        0.37006329625381706,
        0.36611480902822524,
        0.3665877984441006,
        0.36941681219351724,
        0.36575878631574504,
        0.3619110056155704,
        0.35976791520810497,
        0.35763945496144073,
        0.35968945241036193,
        0.3603352841781211,
        0.3559996656340021,
        0.35641546956615744,
        0.3541013483402025,
        0.35504223792355294,
        0.35758456271238276,
        0.3522749728489416,
        0.34745134675749845,
        0.35117494307188174,
        0.3485616993718814,
        0.34289570399825436,
        0.34773395048367545,
        0.3454705851220096,
        0.3421556040104189,
        0.3443135198379428,
        0.3440114370899497,
        0.340476886827711,
        0.33852607559972475,
        0.34221674424687815,
        0.3382006026611427,
        0.33833827510707737
    ],
    "val_loss": [
        0.4987167262114011,
        0.4959632680966304,
        0.49084782692102286,
        0.4885291214172657,
        0.48508343192247244,
        0.48096495270729067,
        0.4670619208079118,
        0.46267280211815465,
        0.4511016841118152,
        0.448695143369528,
        0.4502648848753709,
        0.43715091668642486,
        0.42967871931883006,
        0.43381458108241744,
        0.4275865165086893,
        0.41801452682568474,
        0.41583268092228814,
        0.41344528977687545,
        0.40928883323302634,
        0.4161450505256653,
        0.4067075578066019,
        0.3999207473718203,
        0.40105964701909286,
        0.3979973919116534,
        0.3917142430177102,
        0.39318360250729784,
        0.38814897491381717,
        0.3871340345877867,
        0.3841064425615164,
        0.38660376690901244,
        0.38159663127018856,
        0.38218824038138755,
        0.38287423665706927,
        0.3821045240530601,
        0.3815864368126943,
        0.3864130540536,
        0.37657391337248,
        0.3794648736715317,
        0.36747353650056397,
        0.3679957797894111,
        0.3629616740804452,
        0.36181248541061695,
        0.3594789139353312,
        0.35910660372330594,
        0.3579306975007057,
        0.35434065186060393,
        0.372827301804836,
        0.3534654796123505,
        0.36942284485468496,
        0.3523414054742226,
        0.35748218916929686,
        0.35363409828681214,
        0.3498972888176258,
        0.351677027459328,
        0.36062629956465503,
        0.34944383788567324,
        0.3446043385909154,
        0.342701909576471,
        0.35911167974655445,
        0.3465408070729329,
        0.34952672782998817,
        0.34745852683599177,
        0.3528586937830998,
        0.3498176599351259,
        0.35368623802295096,
        0.36520200497829,
        0.36383017095235676,
        0.35031593728523985,
        0.352034351344292,
        0.35612478726185287,
        0.36144555383003674,
        0.35461172048862166,
        0.36691944197966503,
        0.3490014344453812,
        0.35519478298150575,
        0.35540762073718585,
        0.36382465351086396,
        0.35500637831596227
    ],
    "val_accuracy": [
        0.49853658536585366,
        0.5521951219512196,
        0.5990243902439024,
        0.5482926829268293,
        0.5570731707317074,
        0.5882926829268292,
        0.624390243902439,
        0.6048780487804878,
        0.6078048780487805,
        0.6107317073170732,
        0.6039024390243902,
        0.6039024390243902,
        0.6078048780487805,
        0.6078048780487805,
        0.6390243902439025,
        0.6370731707317073,
        0.6360975609756098,
        0.6448780487804878,
        0.6380487804878049,
        0.6458536585365854,
        0.6507317073170732,
        0.6478048780487805,
        0.6526829268292683,
        0.6517073170731708,
        0.6604878048780488,
        0.6497560975609756,
        0.655609756097561,
        0.6604878048780488,
        0.6702439024390244,
        0.6643902439024391,
        0.6741463414634147,
        0.6673170731707317,
        0.6673170731707317,
        0.6595121951219513,
        0.6643902439024391,
        0.6653658536585366,
        0.6760975609756098,
        0.6731707317073171,
        0.6760975609756098,
        0.6721951219512196,
        0.6702439024390244,
        0.6702439024390244,
        0.6741463414634147,
        0.6741463414634147,
        0.6760975609756098,
        0.6760975609756098,
        0.6692682926829269,
        0.6760975609756098,
        0.6731707317073171,
        0.6702439024390244,
        0.6751219512195122,
        0.6741463414634147,
        0.6741463414634147,
        0.6741463414634147,
        0.6770731707317074,
        0.671219512195122,
        0.6760975609756098,
        0.6663414634146342,
        0.671219512195122,
        0.6673170731707317,
        0.6663414634146342,
        0.6653658536585366,
        0.6731707317073171,
        0.6653658536585366,
        0.6624390243902439,
        0.6673170731707317,
        0.671219512195122,
        0.655609756097561,
        0.6614634146341464,
        0.6663414634146342,
        0.6663414634146342,
        0.6643902439024391,
        0.6663414634146342,
        0.6653658536585366,
        0.6663414634146342,
        0.6643902439024391,
        0.6643902439024391,
        0.6604878048780488
    ]
}