{
    "0": {
        "precision": 0.6924829157175398,
        "recall": 0.6055776892430279,
        "f1-score": 0.6461211477151966,
        "support": 502.0
    },
    "1": {
        "precision": 0.6621160409556314,
        "recall": 0.7418738049713193,
        "f1-score": 0.6997294860234445,
        "support": 523.0
    },
    "accuracy": 0.6751219512195122,
    "macro avg": {
        "precision": 0.6772994783365855,
        "recall": 0.6737257471071736,
        "f1-score": 0.6729253168693206,
        "support": 1025.0
    },
    "weighted avg": {
        "precision": 0.6769884030341466,
        "recall": 0.6751219512195122,
        "f1-score": 0.6734744754568686,
        "support": 1025.0
    }
}