{
    "0": {
        "precision": 0.6938775510204082,
        "recall": 0.5494949494949495,
        "f1-score": 0.6133032694475761,
        "support": 495.0
    },
    "1": {
        "precision": 0.6477093206951027,
        "recall": 0.7735849056603774,
        "f1-score": 0.705073086844368,
        "support": 530.0
    },
    "accuracy": 0.6653658536585366,
    "macro avg": {
        "precision": 0.6707934358577554,
        "recall": 0.6615399275776634,
        "f1-score": 0.6591881781459721,
        "support": 1025.0
    },
    "weighted avg": {
        "precision": 0.6700051977790308,
        "recall": 0.6653658536585366,
        "f1-score": 0.660754979906405,
        "support": 1025.0
    }
}