{
    "train_loss": [
        0.5869938481874503,
        0.527550393157432,
        0.5027358758078475,
        0.4754626753265292,
        0.46054124530651225,
        0.44666014617519156,
        0.4338940339097717,
        0.4173946458310005,
        0.406567190755666,
        0.39426872841578975,
        0.38175559878813153,
        0.37152626379918496,
        0.36090195097811956,
        0.35090096521006486,
        0.3430401631830267,
        0.33841433135451976,
        0.3367041431744275,
        0.33603774747495985,
        0.3357932354225723,
        0.3355991832245185,
        0.3353033397448202,
        0.33514895211861756,
        0.33491186327971373,
        0.3347421094833181,
        0.3346247929311448,
        0.3345156260965399,
        0.33443868206632743,
        0.33439370955010794,
        0.33438204165098734,
        0.33433037973099644,
        0.3343306719561031,
        0.3343162672297036,
        0.3342875586641438,
        0.3343046186962944,
        0.334267645726408,
        0.334248814369454,
        0.33425720099809103,
        0.3341980201956827,
        0.3341712160796971,
        0.33413470742303575,
        0.33412155161108026
    ],
    "val_loss": [
        0.4394297764851497,
        0.4245082534276522,
        0.4214012930026421,
        0.4092937231063843,
        0.40630605083245497,
        0.3971437720152048,
        0.3943897256484398,
        0.3757615291155302,
        0.3736857565549704,
        0.3704536442573254,
        0.3621331746761616,
        0.3552959015736213,
        0.34945122278653656,
        0.3425962493969844,
        0.33691125328724203,
        0.3350095845185793,
        0.3350113813693707,
        0.33437834978103637,
        0.33468888998031615,
        0.3341054865947137,
        0.33373163159076985,
        0.33422143321770886,
        0.33397023861224834,
        0.3339518835911384,
        0.3338674238094917,
        0.33394677501458386,
        0.33395958772072426,
        0.33376018404960633,
        0.3338736245265374,
        0.33403919339179994,
        0.33387925120500417,
        0.33385087159963756,
        0.33392533659935,
        0.33376975426307093,
        0.3337912229391245,
        0.3338694682488075,
        0.33384173191510713,
        0.33378611298707817,
        0.33378316989311807,
        0.33375616990602935,
        0.3338648557662964
    ],
    "val_accuracy": [
        0.310916179337232,
        0.3333333333333333,
        0.32651072124756336,
        0.3284600389863548,
        0.3284600389863548,
        0.33430799220272905,
        0.32456140350877194,
        0.3157894736842105,
        0.3255360623781676,
        0.3255360623781676,
        0.32456140350877194,
        0.3255360623781676,
        0.32651072124756336,
        0.32748538011695905,
        0.32748538011695905,
        0.347953216374269,
        0.32748538011695905,
        0.32651072124756336,
        0.3362573099415205,
        0.32748538011695905,
        0.33235867446393763,
        0.33723196881091616,
        0.3284600389863548,
        0.3382066276803119,
        0.3362573099415205,
        0.3362573099415205,
        0.3333333333333333,
        0.3362573099415205,
        0.3362573099415205,
        0.33430799220272905,
        0.3226120857699805,
        0.34502923976608185,
        0.3489278752436647,
        0.3382066276803119,
        0.33235867446393763,
        0.3382066276803119,
        0.33723196881091616,
        0.33235867446393763,
        0.347953216374269,
        0.33723196881091616,
        0.3391812865497076
    ]
}