{
    "0.0": {
        "precision": 0.32297628781684384,
        "recall": 0.947242206235012,
        "f1-score": 0.4817073170731707,
        "support": 417.0
    },
    "1.0": {
        "precision": 0.0,
        "recall": 0.0,
        "f1-score": 0.0,
        "support": 432.0
    },
    "2.0": {
        "precision": 0.2631578947368421,
        "recall": 0.034722222222222224,
        "f1-score": 0.06134969325153374,
        "support": 432.0
    },
    "accuracy": 0.3200624512099922,
    "macro avg": {
        "precision": 0.19537806085122864,
        "recall": 0.3273214761524114,
        "f1-score": 0.18101900344156815,
        "support": 1281.0
    },
    "weighted avg": {
        "precision": 0.19388393641369217,
        "recall": 0.3200624512099922,
        "f1-score": 0.17749806300091708,
        "support": 1281.0
    }
}