{
    "train_loss": [
        0.49182196044824295,
        0.45174770575591033,
        0.4266115258286464,
        0.3987224306733351,
        0.37067977832007704,
        0.3441936450147694,
        0.32075857262331664,
        0.29426231447703843,
        0.27163291582265947,
        0.24976090854097355,
        0.22778485761129513,
        0.21464119109580493,
        0.20289720232010214,
        0.19371671091363668,
        0.17616648165989376,
        0.16620415927890542,
        0.15056956486743436,
        0.14236786040143296,
        0.1365876999997507,
        0.12717360814100723,
        0.12174259028607143
    ],
    "val_loss": [
        0.46566757053136826,
        0.7651122933626175,
        0.7320360273122788,
        0.6180246421694755,
        0.5244226768612862,
        0.5794516536593437,
        0.504016928076744,
        0.5750950548052788,
        0.5795939168334008,
        0.5568052151799202,
        0.5366235134005547,
        0.526958544254303,
        0.5307463598251343,
        0.47829325556755065,
        0.5507615557312966,
        0.5530786475539208,
        0.4941996744275093,
        0.5417164024710656,
        0.5631215327978134,
        0.564242442548275,
        0.5168463343381882
    ],
    "val_accuracy": [
        0.58,
        0.38625,
        0.39,
        0.41375,
        0.478125,
        0.413125,
        0.51375,
        0.425,
        0.424375,
        0.44125,
        0.476875,
        0.45875,
        0.481875,
        0.535625,
        0.445,
        0.4475,
        0.51625,
        0.47375,
        0.431875,
        0.423125,
        0.491875
    ]
}