{
    "train_loss": [
        0.4952066013281294,
        0.45282453362890285,
        0.42941113039315176,
        0.4010896425024211,
        0.3742337580636251,
        0.34910680447979797,
        0.3171252913826661,
        0.2909501872688746,
        0.2694490603298592,
        0.24686794060168507,
        0.22846715007540133,
        0.21074636276248548,
        0.19684283190922772,
        0.18601835660582824,
        0.1746035597307219,
        0.15859607954998667,
        0.1465751415694789,
        0.13604655927248138,
        0.1317297663995259,
        0.11828060888772388,
        0.11055908204197026,
        0.1048779387348633,
        0.11297610297048692,
        0.09507412465302635,
        0.08442827090620994,
        0.0866083149697712,
        0.07571464528014762,
        0.0732200823563466,
        0.0734074909226607,
        0.07307175129598421,
        0.06398232189549817,
        0.060901164798159824,
        0.05733696030680653,
        0.06104670756449588
    ],
    "val_loss": [
        0.4945711264014244,
        0.5583889290690423,
        0.5165414741635322,
        0.49056381076574324,
        0.5279234358668328,
        0.5127292838692665,
        0.5395948314666748,
        0.5273743176460266,
        0.5368760082125664,
        0.5067792275547981,
        0.5156196966767311,
        0.5164933669567108,
        0.5013260272145271,
        0.4809738224744797,
        0.5409939584136009,
        0.5339619407057762,
        0.5554030975699424,
        0.48974766612052917,
        0.5155677938461304,
        0.5027081862092018,
        0.5248153534531593,
        0.5013552150130272,
        0.5296679484844208,
        0.5239692440629006,
        0.5412884375452995,
        0.5269696173071862,
        0.5400043034553528,
        0.5370767351984977,
        0.5087389820814132,
        0.5192202281951904,
        0.5346823424100876,
        0.5322760441899299,
        0.5273155665397644,
        0.5407470029592514
    ],
    "val_accuracy": [
        0.49625,
        0.44625,
        0.468125,
        0.508125,
        0.465625,
        0.5125,
        0.47125,
        0.4725,
        0.473125,
        0.495625,
        0.496875,
        0.506875,
        0.513125,
        0.54,
        0.488125,
        0.495,
        0.47625,
        0.5275,
        0.499375,
        0.505625,
        0.47625,
        0.50875,
        0.48,
        0.479375,
        0.4525,
        0.481875,
        0.468125,
        0.46875,
        0.504375,
        0.49375,
        0.479375,
        0.4675,
        0.48125,
        0.47125
    ]
}