{
    "train_loss": [
        0.49868724571158557,
        0.45595791466188745,
        0.43087586184211124,
        0.4026518523298352,
        0.37640445952778623,
        0.3478251513069039,
        0.3255297201161353,
        0.30149045183958595,
        0.27716922833035323,
        0.2543768712226918,
        0.23323089610661893,
        0.21975434058352022,
        0.20148767005923568,
        0.18694285392169133,
        0.1725282745250803,
        0.15962735108587126,
        0.14971912685806388,
        0.14202753359217518,
        0.13206834790130326,
        0.1270056337710248,
        0.11987558598846,
        0.11125386944719103,
        0.1077818162714606,
        0.09834453290118682
    ],
    "val_loss": [
        0.5740160775184632,
        0.49618166267871855,
        0.5859993213415146,
        0.37233987599611285,
        0.5410702633857727,
        0.4481738784909248,
        0.5786286190152168,
        0.46860825777053833,
        0.5159296879172325,
        0.4661039151251316,
        0.48807369232177733,
        0.4723123672604561,
        0.5325959277153015,
        0.5788249400258064,
        0.5286499825119972,
        0.5871350860595703,
        0.5991766366362572,
        0.4796702714264393,
        0.5294236516952515,
        0.47396143347024916,
        0.4530071073770523,
        0.6036653974652291,
        0.5303445063531399,
        0.530112242102623
    ],
    "val_accuracy": [
        0.310625,
        0.529375,
        0.345625,
        0.705,
        0.44125,
        0.58875,
        0.445625,
        0.573125,
        0.504375,
        0.579375,
        0.520625,
        0.56625,
        0.465625,
        0.449375,
        0.471875,
        0.414375,
        0.399375,
        0.538125,
        0.485,
        0.559375,
        0.57125,
        0.398125,
        0.483125,
        0.486875
    ]
}