{
    "train_loss": [
        0.4953373641522814,
        0.4552836870997729,
        0.427804412865041,
        0.40116720405876805,
        0.37673836002193783,
        0.3511100887505125,
        0.3241419259635187,
        0.2994886619093358,
        0.27790586656597666,
        0.25740660816265015,
        0.24205849036408333,
        0.22266016008130024,
        0.20843881641548323,
        0.19717063394720175,
        0.18044483079510146,
        0.17137530396243655,
        0.16382065366611176,
        0.15128405904267658,
        0.1412846459371549,
        0.13444312704950157,
        0.1244681798035803,
        0.1164408602380819,
        0.10819723739867257,
        0.09959057668187658,
        0.09743104016403135,
        0.09184822327299122,
        0.08398561502876886,
        0.0786794573509635,
        0.07276084359922033,
        0.064905092392563,
        0.06642251836348709,
        0.05942627788368291,
        0.05454680308554332,
        0.053828275841621885,
        0.050616423329623794,
        0.050948644360439194,
        0.05004307554391392,
        0.044399936915658064,
        0.040532840436589085,
        0.036896549198973644,
        0.042777652762736866,
        0.04155467531947331,
        0.03784254679331831,
        0.03416224520700182,
        0.035348241031948155,
        0.03353228373582732,
        0.03444765934663563,
        0.0346187052101644,
        0.032429915078472045,
        0.03262011617458423,
        0.03178664422165966,
        0.03210509270766859,
        0.03043367964161098,
        0.03320660529214588,
        0.025685583670626195,
        0.023618252333746523,
        0.02940039145358135,
        0.02989786259005038,
        0.023704144767093833,
        0.023264234334951613,
        0.024796352790497387,
        0.023767213381873573,
        0.02274050542495854,
        0.027751714114390293,
        0.027405164251233707,
        0.025295418002941026,
        0.020813656311928396,
        0.0216799799312674,
        0.023364145031152164,
        0.025979706723746276,
        0.02054934486393975,
        0.019671670318786107,
        0.023535586936363023,
        0.02350426617099237,
        0.02160179581879677
    ],
    "val_loss": [
        0.5897052764892579,
        0.4912242639064789,
        0.4355611225962639,
        0.4550544422864914,
        0.4437084092199802,
        0.4821055534482002,
        0.5174929386377335,
        0.45957817003130913,
        0.526393612921238,
        0.4524750417470932,
        0.45962881326675414,
        0.44593135625123975,
        0.455445239841938,
        0.46987156063318253,
        0.4629524680972099,
        0.43465750113129614,
        0.4426090118288994,
        0.44729494243860246,
        0.480397829413414,
        0.4718232348561287,
        0.4533194470405579,
        0.44658054649829865,
        0.5022887536883354,
        0.4553410643339157,
        0.4595330563187599,
        0.4543100954592228,
        0.43301396161317823,
        0.4489451485872269,
        0.4499161438643932,
        0.48335874766111375,
        0.48988250106573106,
        0.4485712105035782,
        0.433682045340538,
        0.44991817355155944,
        0.4237333476543427,
        0.40498672500252725,
        0.42197605401277544,
        0.40451613813638687,
        0.46654357701539995,
        0.41977702781558035,
        0.4400658141076565,
        0.46332248896360395,
        0.4168602065742016,
        0.4501358324289322,
        0.42095470055937767,
        0.4266315101087093,
        0.41284197449684146,
        0.4309196710586548,
        0.43639797568321226,
        0.4443601614236832,
        0.40105044171214105,
        0.4472375373542309,
        0.39744344249367713,
        0.4218232883512974,
        0.39339496836066246,
        0.4677964662015438,
        0.4031039333343506,
        0.42176287338137625,
        0.4843056732416153,
        0.4089189811050892,
        0.45167100086808204,
        0.4435470869392157,
        0.4147371509671211,
        0.45383058235049245,
        0.4815258666872978,
        0.4258225479722023,
        0.3947644586861134,
        0.4208533889055252,
        0.4409690251946449,
        0.4124197828769684,
        0.44782508790493014,
        0.49305577501654624,
        0.43151762053370474,
        0.39836440086364744,
        0.43969671323895454
    ],
    "val_accuracy": [
        0.365625,
        0.534375,
        0.62125,
        0.603125,
        0.61625,
        0.53375,
        0.630625,
        0.569375,
        0.639375,
        0.59,
        0.62375,
        0.615625,
        0.5775,
        0.568125,
        0.575,
        0.631875,
        0.606875,
        0.59,
        0.54375,
        0.555625,
        0.568125,
        0.580625,
        0.514375,
        0.56625,
        0.561875,
        0.57125,
        0.5875,
        0.574375,
        0.569375,
        0.534375,
        0.5275,
        0.566875,
        0.57875,
        0.571875,
        0.5875,
        0.611875,
        0.60125,
        0.61375,
        0.544375,
        0.59375,
        0.5775,
        0.55,
        0.595,
        0.56,
        0.595,
        0.59,
        0.59125,
        0.580625,
        0.584375,
        0.570625,
        0.60875,
        0.563125,
        0.6125,
        0.60625,
        0.615,
        0.538125,
        0.605625,
        0.59625,
        0.526875,
        0.60375,
        0.55875,
        0.56875,
        0.60375,
        0.565,
        0.53375,
        0.588125,
        0.6175,
        0.5825,
        0.570625,
        0.594375,
        0.56375,
        0.523125,
        0.584375,
        0.610625,
        0.56875
    ]
}