{
    "0": {
        "precision": 0.1111111111111111,
        "recall": 0.00909090909090909,
        "f1-score": 0.01680672268907563,
        "support": 220.0
    },
    "1": {
        "precision": 0.7212276214833759,
        "recall": 0.9724137931034482,
        "f1-score": 0.8281938325991189,
        "support": 580.0
    },
    "accuracy": 0.7075,
    "macro avg": {
        "precision": 0.41616936629724355,
        "recall": 0.49075235109717863,
        "f1-score": 0.4225002776440973,
        "support": 800.0
    },
    "weighted avg": {
        "precision": 0.5534455811310032,
        "recall": 0.7075,
        "f1-score": 0.605062377373857,
        "support": 800.0
    }
}