{
    "0": {
        "precision": 0.3939393939393939,
        "recall": 0.6933333333333334,
        "f1-score": 0.5024154589371981,
        "support": 300.0
    },
    "1": {
        "precision": 0.6617647058823529,
        "recall": 0.36,
        "f1-score": 0.46632124352331605,
        "support": 500.0
    },
    "accuracy": 0.485,
    "macro avg": {
        "precision": 0.5278520499108734,
        "recall": 0.5266666666666666,
        "f1-score": 0.48436835123025707,
        "support": 800.0
    },
    "weighted avg": {
        "precision": 0.5613302139037433,
        "recall": 0.485,
        "f1-score": 0.47985657430352185,
        "support": 800.0
    }
}