{
    "0": {
        "precision": 0.2814070351758794,
        "recall": 0.23333333333333334,
        "f1-score": 0.255125284738041,
        "support": 240.0
    },
    "1": {
        "precision": 0.6938435940099834,
        "recall": 0.7446428571428572,
        "f1-score": 0.7183462532299741,
        "support": 560.0
    },
    "accuracy": 0.59125,
    "macro avg": {
        "precision": 0.4876253145929314,
        "recall": 0.4889880952380953,
        "f1-score": 0.4867357689840076,
        "support": 800.0
    },
    "weighted avg": {
        "precision": 0.5701126263597522,
        "recall": 0.59125,
        "f1-score": 0.5793799626823942,
        "support": 800.0
    }
}