{
    "0": {
        "precision": 0.5769230769230769,
        "recall": 0.10714285714285714,
        "f1-score": 0.18072289156626506,
        "support": 280.0
    },
    "1": {
        "precision": 0.6657754010695187,
        "recall": 0.9576923076923077,
        "f1-score": 0.7854889589905363,
        "support": 520.0
    },
    "accuracy": 0.66,
    "macro avg": {
        "precision": 0.6213492389962978,
        "recall": 0.5324175824175824,
        "f1-score": 0.4831059252784007,
        "support": 800.0
    },
    "weighted avg": {
        "precision": 0.634677087618264,
        "recall": 0.66,
        "f1-score": 0.5738208353920413,
        "support": 800.0
    }
}