{
    "0": {
        "precision": 0.2907488986784141,
        "recall": 0.33,
        "f1-score": 0.3091334894613583,
        "support": 200.0
    },
    "1": {
        "precision": 0.7661431064572426,
        "recall": 0.7316666666666667,
        "f1-score": 0.7485080988917306,
        "support": 600.0
    },
    "accuracy": 0.63125,
    "macro avg": {
        "precision": 0.5284460025678284,
        "recall": 0.5308333333333334,
        "f1-score": 0.5288207941765445,
        "support": 800.0
    },
    "weighted avg": {
        "precision": 0.6472945545125355,
        "recall": 0.63125,
        "f1-score": 0.6386644465341376,
        "support": 800.0
    }
}