{
    "0": {
        "precision": 0.3993174061433447,
        "recall": 0.34411764705882353,
        "f1-score": 0.3696682464454976,
        "support": 340.0
    },
    "1": {
        "precision": 0.5601577909270217,
        "recall": 0.6173913043478261,
        "f1-score": 0.5873836608066184,
        "support": 460.0
    },
    "accuracy": 0.50125,
    "macro avg": {
        "precision": 0.47973759853518316,
        "recall": 0.4807544757033248,
        "f1-score": 0.478525953626058,
        "support": 800.0
    },
    "weighted avg": {
        "precision": 0.4918006273939589,
        "recall": 0.50125,
        "f1-score": 0.4948546097031421,
        "support": 800.0
    }
}