{
    "0": {
        "precision": 0.55078125,
        "recall": 0.6130434782608696,
        "f1-score": 0.5802469135802469,
        "support": 460.0
    },
    "1": {
        "precision": 0.3819444444444444,
        "recall": 0.3235294117647059,
        "f1-score": 0.3503184713375796,
        "support": 340.0
    },
    "accuracy": 0.49,
    "macro avg": {
        "precision": 0.4663628472222222,
        "recall": 0.4682864450127877,
        "f1-score": 0.4652826924589133,
        "support": 800.0
    },
    "weighted avg": {
        "precision": 0.47902560763888885,
        "recall": 0.49,
        "f1-score": 0.4825273256271133,
        "support": 800.0
    }
}