{
    "0": {
        "precision": 0.48148148148148145,
        "recall": 0.065,
        "f1-score": 0.1145374449339207,
        "support": 400.0
    },
    "1": {
        "precision": 0.49865951742627346,
        "recall": 0.93,
        "f1-score": 0.6492146596858639,
        "support": 400.0
    },
    "accuracy": 0.4975,
    "macro avg": {
        "precision": 0.4900704994538775,
        "recall": 0.49750000000000005,
        "f1-score": 0.3818760523098923,
        "support": 800.0
    },
    "weighted avg": {
        "precision": 0.4900704994538775,
        "recall": 0.4975,
        "f1-score": 0.3818760523098923,
        "support": 800.0
    }
}