{
    "0": {
        "precision": 0.49252336448598133,
        "recall": 0.3522727272727273,
        "f1-score": 0.4107560405300078,
        "support": 1496.0
    },
    "1": {
        "precision": 0.6044897959183674,
        "recall": 0.7317193675889329,
        "f1-score": 0.6620473848904783,
        "support": 2024.0
    },
    "accuracy": 0.5704545454545454,
    "macro avg": {
        "precision": 0.5485065802021744,
        "recall": 0.5419960474308301,
        "f1-score": 0.5364017127102431,
        "support": 3520.0
    },
    "weighted avg": {
        "precision": 0.5569040625596033,
        "recall": 0.5704545454545454,
        "f1-score": 0.5552485635372784,
        "support": 3520.0
    }
}