{
    "0": {
        "precision": 0.46938775510204084,
        "recall": 0.3074866310160428,
        "f1-score": 0.3715670436187399,
        "support": 1496.0
    },
    "1": {
        "precision": 0.5921259842519685,
        "recall": 0.7430830039525692,
        "f1-score": 0.6590709903593339,
        "support": 2024.0
    },
    "accuracy": 0.5579545454545455,
    "macro avg": {
        "precision": 0.5307568696770046,
        "recall": 0.525284817484306,
        "f1-score": 0.5153190169890369,
        "support": 3520.0
    },
    "weighted avg": {
        "precision": 0.5399622368632493,
        "recall": 0.5579545454545455,
        "f1-score": 0.5368818129945815,
        "support": 3520.0
    }
}