{
    "train_loss": [
        0.5991625198979437,
        0.5534332782765965,
        0.5292669788554862,
        0.5112481911977133,
        0.49919337659706303,
        0.48602425849732056,
        0.472059452239378,
        0.46381709421122513,
        0.44889985392858955,
        0.4445216672288047,
        0.43329525619377324,
        0.41998503973454604,
        0.4156330704321096,
        0.40864529101936903,
        0.3990040842765643,
        0.39292033826127465,
        0.3894853941452356,
        0.3786616214999446,
        0.3741549637950497,
        0.3679860180910723,
        0.36374281751520837,
        0.3577022984807874,
        0.35315278577215875,
        0.3489215029978458,
        0.34445454161844136,
        0.34143686165780196,
        0.33878584022139324,
        0.337902753625387,
        0.33755870163440704,
        0.33691964565235893,
        0.3367011984925211,
        0.3364867003243647,
        0.3360329084558251,
        0.33579857408264535,
        0.33574941165653277,
        0.3353697843389747,
        0.33522683657981733,
        0.3350357174137492,
        0.3349604297567297,
        0.3347714729147193,
        0.334688968864488,
        0.334620068654602,
        0.3344825999236401,
        0.3344915363891625,
        0.33442565651587497,
        0.3343800887649442,
        0.3343839325286724,
        0.3344064748581545,
        0.33436305158668095,
        0.33436990483307544,
        0.3343363700457561,
        0.3342960684755702,
        0.3342704044448005,
        0.3343092409181006,
        0.33428107386018024,
        0.33432541603659405,
        0.33431321584884033,
        0.33421230500127064,
        0.3342673892592206,
        0.3342423893419313,
        0.3342535865527612,
        0.3342302285226775,
        0.3341702342401316,
        0.33418705305199564,
        0.3341733165729193,
        0.33413919272982046
    ],
    "val_loss": [
        0.4342110085266608,
        0.4264945845913004,
        0.43000482353899216,
        0.40793971055083805,
        0.42766073787653885,
        0.421658119669667,
        0.39700033984802385,
        0.39885261710043307,
        0.38812175669051985,
        0.38479269323525606,
        0.3878817839754952,
        0.38083250213552405,
        0.3808609765988809,
        0.3727727002567715,
        0.36622219063617567,
        0.3601229455735948,
        0.3551780918130168,
        0.35688809167455743,
        0.35074567132525974,
        0.3478603258177086,
        0.344979833121653,
        0.3434016511396126,
        0.34096634332780484,
        0.3383873336844974,
        0.3363710509406196,
        0.3351576195822822,
        0.33401692244741654,
        0.3345130466752582,
        0.33421041126604434,
        0.333764460351732,
        0.33475471536318463,
        0.33406413318934264,
        0.33420739626442947,
        0.3350205702914132,
        0.3339357911436646,
        0.3338856525995113,
        0.3337525714326788,
        0.3340112975350133,
        0.3337989957244308,
        0.3338808544256069,
        0.3339968113987534,
        0.33377792051544897,
        0.33426475138575945,
        0.33379543710637977,
        0.3339695080562874,
        0.333588241427033,
        0.3337660111762859,
        0.33364869874936565,
        0.3338336254711504,
        0.3339244215576737,
        0.3336162429164957,
        0.33388677129039057,
        0.3337223932698921,
        0.33368097963156523,
        0.33371141497735624,
        0.3337398894407131,
        0.33363270318066635,
        0.3336375272936291,
        0.33370946954797814,
        0.33376342334129194,
        0.3337078144152959,
        0.3338189461716899,
        0.3336909192579764,
        0.3337035052202366,
        0.3337935198236395,
        0.33364580792409404
    ],
    "val_accuracy": [
        0.3263888888888889,
        0.37037037037037035,
        0.3645833333333333,
        0.3599537037037037,
        0.4039351851851852,
        0.4166666666666667,
        0.35648148148148145,
        0.37037037037037035,
        0.4027777777777778,
        0.47685185185185186,
        0.45717592592592593,
        0.39351851851851855,
        0.4861111111111111,
        0.5057870370370371,
        0.4386574074074074,
        0.4988425925925926,
        0.4710648148148148,
        0.4675925925925926,
        0.48032407407407407,
        0.49189814814814814,
        0.4895833333333333,
        0.47453703703703703,
        0.4826388888888889,
        0.4444444444444444,
        0.4583333333333333,
        0.4409722222222222,
        0.4444444444444444,
        0.4618055555555556,
        0.4756944444444444,
        0.44675925925925924,
        0.4363425925925926,
        0.41203703703703703,
        0.5011574074074074,
        0.36689814814814814,
        0.4791666666666667,
        0.4652777777777778,
        0.5011574074074074,
        0.4699074074074074,
        0.3900462962962963,
        0.46875,
        0.4444444444444444,
        0.36574074074074076,
        0.4050925925925926,
        0.48148148148148145,
        0.3576388888888889,
        0.4525462962962963,
        0.4652777777777778,
        0.47800925925925924,
        0.4027777777777778,
        0.42476851851851855,
        0.4525462962962963,
        0.4756944444444444,
        0.45601851851851855,
        0.4548611111111111,
        0.4675925925925926,
        0.4513888888888889,
        0.44212962962962965,
        0.4618055555555556,
        0.4583333333333333,
        0.4236111111111111,
        0.4756944444444444,
        0.4363425925925926,
        0.4675925925925926,
        0.44212962962962965,
        0.42592592592592593,
        0.45717592592592593
    ]
}