{
    "0": {
        "precision": 0.777292576419214,
        "recall": 0.7370600414078675,
        "f1-score": 0.7566418703506907,
        "support": 483.0
    },
    "1": {
        "precision": 0.7603773584905661,
        "recall": 0.7980198019801981,
        "f1-score": 0.778743961352657,
        "support": 505.0
    },
    "accuracy": 0.7682186234817814,
    "macro avg": {
        "precision": 0.76883496745489,
        "recall": 0.7675399216940328,
        "f1-score": 0.7676929158516739,
        "support": 988.0
    },
    "weighted avg": {
        "precision": 0.7686466401297737,
        "recall": 0.7682186234817814,
        "f1-score": 0.7679389917636391,
        "support": 988.0
    }
}