{
    "0": {
        "precision": 0.7981859410430839,
        "recall": 0.676923076923077,
        "f1-score": 0.7325702393340271,
        "support": 520.0
    },
    "1": {
        "precision": 0.6928702010968921,
        "recall": 0.8098290598290598,
        "f1-score": 0.7467980295566502,
        "support": 468.0
    },
    "accuracy": 0.7398785425101214,
    "macro avg": {
        "precision": 0.7455280710699881,
        "recall": 0.7433760683760684,
        "f1-score": 0.7396841344453386,
        "support": 988.0
    },
    "weighted avg": {
        "precision": 0.7482995379106773,
        "recall": 0.7398785425101214,
        "f1-score": 0.7393097189131643,
        "support": 988.0
    }
}