{
    "train_loss": [
        0.5890173952222034,
        0.533011510906718,
        0.516472139909474,
        0.5066035687513496,
        0.5057675733116994,
        0.5013348690581289,
        0.5049175642625502,
        0.5010149178839451,
        0.5003561806727964,
        0.4976202888206734,
        0.4986760751171322,
        0.49771921375594735,
        0.4954230293447083,
        0.4962398674251945,
        0.4947377073551634,
        0.4923608669962483,
        0.4940416012702323,
        0.4916455710032619,
        0.49254843928790976,
        0.49049627936689855,
        0.49083821387369664,
        0.488811815088356,
        0.4860734362385788,
        0.48920982612868286,
        0.48687137841686423,
        0.4869329738731725,
        0.4837669210388047,
        0.48438812925530267,
        0.4827782851957717,
        0.4811249505702862,
        0.48206870165618937,
        0.48031140328929384,
        0.48041681393960484,
        0.47810923339904093,
        0.4763436104277305,
        0.47680621142236534,
        0.47832040486670263,
        0.4751649173450601,
        0.47809369208232244,
        0.47602349015508755,
        0.47416522586526044
    ],
    "val_loss": [
        0.48497057171428903,
        0.5052736156127032,
        0.5058592056526857,
        0.506685468379189,
        0.4996517672258265,
        0.49895104555522696,
        0.4982085375224843,
        0.49369333701975204,
        0.49395693260080675,
        0.4901445529040168,
        0.48437287667218376,
        0.47847800920991335,
        0.48448207904310786,
        0.48724019737804636,
        0.48179539126508375,
        0.49053570558043086,
        0.48210760284872617,
        0.46865873617284437,
        0.4812776775921092,
        0.46185573058969837,
        0.45886153613819797,
        0.47849340018104103,
        0.47241818764630483,
        0.4723922768059899,
        0.47042640167124133,
        0.4718389044789707,
        0.4708106994628906,
        0.4679581870050991,
        0.4599811708225923,
        0.46347055189749775,
        0.4705852063263164,
        0.4699083061779247,
        0.478358811490676,
        0.4672313490334679,
        0.4727965123513166,
        0.46224075625924504,
        0.46226668498095347,
        0.4709597626153161,
        0.4648706281886381,
        0.4706797165029189,
        0.46737341109444114
    ],
    "val_accuracy": [
        0.55,
        0.45,
        0.45,
        0.45,
        0.5183823529411765,
        0.5286764705882353,
        0.549264705882353,
        0.5529411764705883,
        0.5551470588235294,
        0.5529411764705883,
        0.5507352941176471,
        0.5507352941176471,
        0.5529411764705883,
        0.5580882352941177,
        0.5551470588235294,
        0.5514705882352942,
        0.5551470588235294,
        0.5536764705882353,
        0.5566176470588236,
        0.5522058823529412,
        0.5522058823529412,
        0.5573529411764706,
        0.5551470588235294,
        0.5566176470588236,
        0.5588235294117647,
        0.5558823529411765,
        0.5558823529411765,
        0.5610294117647059,
        0.5588235294117647,
        0.5566176470588236,
        0.5661764705882353,
        0.5661764705882353,
        0.5588235294117647,
        0.5647058823529412,
        0.5544117647058824,
        0.5654411764705882,
        0.5713235294117647,
        0.5632352941176471,
        0.5617647058823529,
        0.5507352941176471,
        0.5477941176470589
    ]
}