{
    "train_loss": [
        0.5898495050867125,
        0.5334186590029416,
        0.5156405459489914,
        0.5087330490965627,
        0.5036558430985211,
        0.4995448553250613,
        0.5011728472771966,
        0.5003011390628316,
        0.49978507524343435,
        0.49918616535411087,
        0.498179350504357,
        0.49427319237093814,
        0.4962164346830717,
        0.49510999030063374,
        0.4937570270514718,
        0.4936588641046002,
        0.4895566197258242,
        0.4927271582811374,
        0.48864925411905186,
        0.4899880048989266,
        0.4855610041621627,
        0.4892162276429356,
        0.48784279626534105,
        0.48485937702278653,
        0.48816879247372874,
        0.4851876229170756,
        0.48541180861209415,
        0.4830622230714092,
        0.48259647364793484,
        0.4822977636588489,
        0.4807881374306659,
        0.4821346744054613,
        0.47845550600895365,
        0.47900606964444525
    ],
    "val_loss": [
        0.49596916963072385,
        0.499901645674425,
        0.4888748982373406,
        0.4946136390461641,
        0.4986452400684357,
        0.4852528386256274,
        0.4976807366399204,
        0.4904948494013618,
        0.4900574400144465,
        0.4864281678900999,
        0.4959626257419586,
        0.49508007344077615,
        0.4883518082254073,
        0.4829320318558637,
        0.4837392807006836,
        0.48558086402275985,
        0.4900125759489396,
        0.48298053846639744,
        0.4945546185269075,
        0.4865085805163664,
        0.4963454414816464,
        0.4941205052768483,
        0.4856396517332862,
        0.4924013716333053,
        0.4978001752320458,
        0.4997204026755165,
        0.4977791316369001,
        0.49516052393352283,
        0.4950370792080374,
        0.4957415124949287,
        0.4969813273233526,
        0.49834898640127745,
        0.49645162505262036,
        0.5001803896006416
    ],
    "val_accuracy": [
        0.5419117647058823,
        0.5257352941176471,
        0.55,
        0.5441176470588235,
        0.5441176470588235,
        0.55,
        0.538235294117647,
        0.5455882352941176,
        0.5426470588235294,
        0.5455882352941176,
        0.5110294117647058,
        0.5139705882352941,
        0.5272058823529412,
        0.5455882352941176,
        0.5433823529411764,
        0.5433823529411764,
        0.5088235294117647,
        0.5338235294117647,
        0.5088235294117647,
        0.525,
        0.5117647058823529,
        0.4963235294117647,
        0.5316176470588235,
        0.5338235294117647,
        0.5036764705882353,
        0.4948529411764706,
        0.49926470588235294,
        0.4985294117647059,
        0.5080882352941176,
        0.5110294117647058,
        0.5154411764705882,
        0.5051470588235294,
        0.5161764705882353,
        0.5058823529411764
    ]
}