{
    "train_loss": [
        0.5944135359179695,
        0.5355511374535882,
        0.5206557995597467,
        0.5096564763513851,
        0.5043593422090827,
        0.5044143573781975,
        0.49853119758333103,
        0.4994741427357292,
        0.4996264068181774,
        0.4974561384078397,
        0.4967699694092369,
        0.4971126583616212,
        0.4931979586858369,
        0.49676847298010834,
        0.49153395605874356,
        0.4938218364033443,
        0.49204430873653093,
        0.49353896989455087,
        0.49126239278785466,
        0.4907251887915059,
        0.48792769939240266,
        0.4875414050100922,
        0.4912561426218471,
        0.4887592748647871,
        0.4873283022945488,
        0.4873519951818406,
        0.4863686104506213,
        0.4841074856226185,
        0.4841298234675905,
        0.4839321335949301,
        0.482831530098738,
        0.4847305813058698,
        0.48303560906460064,
        0.4802828167950763,
        0.48178397703203574,
        0.480865174835289,
        0.4777846231831153,
        0.47765592187438083,
        0.47822298669093577,
        0.4787352140864775,
        0.4774306284922189,
        0.4765605155424698,
        0.4755854055264957,
        0.4736037529400323,
        0.4712535336798126,
        0.4710544722854189,
        0.4711598475582826,
        0.46974581287356487,
        0.4686858941797049
    ],
    "val_loss": [
        0.49809893019059126,
        0.5030903763630811,
        0.49276474118232727,
        0.5023680655395284,
        0.5067144541179432,
        0.4949694458176108,
        0.5000263796133153,
        0.4983171224594116,
        0.49704049510114334,
        0.49445385897860805,
        0.4976369535221773,
        0.48857805974343244,
        0.4876390492214876,
        0.49274871559704053,
        0.4898943760815789,
        0.4918968305868261,
        0.49168032442822174,
        0.4968380065525279,
        0.4913591749527875,
        0.48183723162202274,
        0.48593680472934947,
        0.48264591764001286,
        0.4875011128537795,
        0.4948133587837219,
        0.49308672757709726,
        0.49019320256569804,
        0.49657951383029714,
        0.4893818518694709,
        0.4768816720036899,
        0.4940893446697908,
        0.4919672566301682,
        0.48859511683968937,
        0.49105824302224554,
        0.49137711489901825,
        0.49598782974130967,
        0.4957535379073199,
        0.49415685534477233,
        0.49455284055541543,
        0.489994359367034,
        0.49228298944585464,
        0.49114665459184087,
        0.4873866144348593,
        0.49582631132181954,
        0.4899519559215097,
        0.483740115516326,
        0.4899446757400737,
        0.4832170623190263,
        0.49208243769757887,
        0.49113153429592354
    ],
    "val_accuracy": [
        0.5573529411764706,
        0.4441176470588235,
        0.55,
        0.44926470588235295,
        0.45,
        0.5676470588235294,
        0.44926470588235295,
        0.4948529411764706,
        0.5786764705882353,
        0.5735294117647058,
        0.5566176470588236,
        0.5602941176470588,
        0.5551470588235294,
        0.5882352941176471,
        0.5845588235294118,
        0.5713235294117647,
        0.5845588235294118,
        0.4808823529411765,
        0.5727941176470588,
        0.5661764705882353,
        0.575,
        0.5683823529411764,
        0.5713235294117647,
        0.4963235294117647,
        0.5213235294117647,
        0.5602941176470588,
        0.49117647058823527,
        0.5566176470588236,
        0.5713235294117647,
        0.5169117647058824,
        0.5227941176470589,
        0.5419117647058823,
        0.5338235294117647,
        0.5198529411764706,
        0.49779411764705883,
        0.49926470588235294,
        0.5139705882352941,
        0.5161764705882353,
        0.5257352941176471,
        0.5161764705882353,
        0.5169117647058824,
        0.5264705882352941,
        0.5044117647058823,
        0.5147058823529411,
        0.5367647058823529,
        0.5110294117647058,
        0.5235294117647059,
        0.5139705882352941,
        0.5169117647058824
    ]
}