{
    "0": {
        "precision": 0.4888888888888889,
        "recall": 0.35947712418300654,
        "f1-score": 0.4143126177024482,
        "support": 306.0
    },
    "1": {
        "precision": 0.5692307692307692,
        "recall": 0.6925133689839572,
        "f1-score": 0.6248492159227985,
        "support": 374.0
    },
    "accuracy": 0.5426470588235294,
    "macro avg": {
        "precision": 0.5290598290598291,
        "recall": 0.5259952465834818,
        "f1-score": 0.5195809168126233,
        "support": 680.0
    },
    "weighted avg": {
        "precision": 0.5330769230769231,
        "recall": 0.5426470588235294,
        "f1-score": 0.5301077467236409,
        "support": 680.0
    }
}