{
    "0": {
        "precision": 0.4729815638906548,
        "recall": 0.6555066079295154,
        "f1-score": 0.5494830132939439,
        "support": 1135.0
    },
    "1": {
        "precision": 0.7244538407329105,
        "recall": 0.5535810446957459,
        "f1-score": 0.6275946275946276,
        "support": 1857.0
    },
    "accuracy": 0.5922459893048129,
    "macro avg": {
        "precision": 0.5987177023117827,
        "recall": 0.6045438263126306,
        "f1-score": 0.5885388204442857,
        "support": 2992.0
    },
    "weighted avg": {
        "precision": 0.629059110045758,
        "recall": 0.5922459893048129,
        "f1-score": 0.5979633835333722,
        "support": 2992.0
    }
}