{
    "0": {
        "precision": 0.5226264418811003,
        "recall": 0.44152923538230887,
        "f1-score": 0.47866720845184885,
        "support": 1334.0
    },
    "1": {
        "precision": 0.5242656449553001,
        "recall": 0.6041206769683591,
        "f1-score": 0.5613675213675213,
        "support": 1359.0
    },
    "accuracy": 0.5235796509468994,
    "macro avg": {
        "precision": 0.5234460434182002,
        "recall": 0.522824956175334,
        "f1-score": 0.5200173649096851,
        "support": 2693.0
    },
    "weighted avg": {
        "precision": 0.5234536520473972,
        "recall": 0.5235796509468994,
        "f1-score": 0.5204012319395572,
        "support": 2693.0
    }
}