{
    "0": {
        "precision": 0.5352323838080959,
        "recall": 0.2638580931263858,
        "f1-score": 0.35346534653465345,
        "support": 1353.0
    },
    "1": {
        "precision": 0.508390918065153,
        "recall": 0.7686567164179104,
        "f1-score": 0.6120023767082591,
        "support": 1340.0
    },
    "accuracy": 0.5150389899740067,
    "macro avg": {
        "precision": 0.5218116509366244,
        "recall": 0.5162574047721481,
        "f1-score": 0.48273386162145626,
        "support": 2693.0
    },
    "weighted avg": {
        "precision": 0.5218764372445818,
        "recall": 0.5150389899740067,
        "f1-score": 0.48210983982564176,
        "support": 2693.0
    }
}