{
    "train_loss": [
        0.4584679141490146,
        0.35457372228906614,
        0.30894024060531095,
        0.28718426206497233,
        0.24719948099568637,
        0.2222578926294139,
        0.21027128018363558,
        0.19959622979013605,
        0.17772298178287468,
        0.1643137220631946,
        0.14287440023488468,
        0.14093042413393655,
        0.1305961316884166,
        0.12415215361750487,
        0.11652792670359516,
        0.10913132390741145,
        0.10845661908388138,
        0.09997166883238036,
        0.09055663822124703,
        0.09174772915477404,
        0.08219195597551086,
        0.08318549414362872,
        0.07712891688476307,
        0.07878565625522775,
        0.06802365130208658,
        0.078731997907538,
        0.06308854554751606,
        0.06524970965704532,
        0.0621052836491303,
        0.07134095579385757,
        0.06184882589738176,
        0.06290104156454103,
        0.05651327611107116,
        0.05448394506755802,
        0.052590157394532606,
        0.05247148109430617,
        0.06088899646537623,
        0.05358338120365233,
        0.0577900423480179,
        0.05758485651923099,
        0.05681437025825032,
        0.04325012320821935,
        0.04515050038356672,
        0.04444797430187464,
        0.04770981768296674,
        0.050113127882018535,
        0.0433803963277376,
        0.041077056264674124,
        0.03800743883193442,
        0.03902342412244491,
        0.03593463453492432,
        0.03590845542423653,
        0.043196453759917104,
        0.03711210968763088,
        0.03999430537600108,
        0.04366027156003949,
        0.04762238928239153,
        0.03607096052211192,
        0.031171782170375337,
        0.043823167876895476,
        0.03160088536837562,
        0.027045234322848947,
        0.03286274256081217,
        0.030386094594223784,
        0.03468266479445226,
        0.03044987202509109,
        0.0393999264777798,
        0.026226908175481692,
        0.027324432794079936,
        0.032091834415408846
    ],
    "val_loss": [
        0.39244572291007407,
        0.3655172742330111,
        0.3696341186761856,
        0.3725503703722587,
        0.3762055041698309,
        0.3793323576450348,
        0.41864465520932126,
        0.35454152043049153,
        0.4216471213560838,
        0.34198906536285695,
        0.3444607416024575,
        0.33141324863984034,
        0.34687057320888226,
        0.3257236572412344,
        0.33395248124232657,
        0.3410568906710698,
        0.3775748537136958,
        0.33409943133592607,
        0.4497286801154797,
        0.33056417394142884,
        0.3435195416212082,
        0.318033634355435,
        0.3038998723603212,
        0.34588296940693486,
        0.3200752095534251,
        0.3096274605164161,
        0.34563884826806873,
        0.3806074156210973,
        0.3879542855116037,
        0.3063143664827714,
        0.32335487455129625,
        0.33297096261611353,
        0.29944954331104573,
        0.31178883554843756,
        0.3323296780769642,
        0.34787259640601964,
        0.507174593439469,
        0.3253890466231566,
        0.30817824109242514,
        0.3208490517276984,
        0.3116635727767761,
        0.30979981537048634,
        0.30755132385171374,
        0.2996569709135936,
        0.30040910507623964,
        0.3182757570193364,
        0.35509821463089725,
        0.354839282310926,
        0.32311949328734324,
        0.28929513783122485,
        0.31132777086817304,
        0.33240993871138647,
        0.3513687532681685,
        0.30201277744311555,
        0.3230908901645587,
        0.3083796368768582,
        0.3151649205730512,
        0.30655894812483053,
        0.36320073489959426,
        0.3068530786495942,
        0.3108386337757111,
        0.30129592223809315,
        0.30000095057945986,
        0.31410996570036964,
        0.3173816396926458,
        0.31284507192098177,
        0.3399485818468607,
        0.3066230019697776,
        0.39117971521157485,
        0.3202643933204504
    ],
    "val_accuracy": [
        0.7066276803118908,
        0.732943469785575,
        0.7290448343079922,
        0.7134502923976608,
        0.7007797270955166,
        0.7348927875243665,
        0.6247563352826511,
        0.7309941520467836,
        0.6461988304093568,
        0.716374269005848,
        0.7153996101364523,
        0.7192982456140351,
        0.6890838206627681,
        0.7280701754385965,
        0.7105263157894737,
        0.6910331384015594,
        0.6627680311890838,
        0.7056530214424951,
        0.5818713450292398,
        0.702729044834308,
        0.6871345029239766,
        0.7095516569200779,
        0.7270955165692008,
        0.6783625730994152,
        0.7095516569200779,
        0.7144249512670565,
        0.6783625730994152,
        0.6325536062378168,
        0.6432748538011696,
        0.7319688109161794,
        0.6988304093567251,
        0.6861598440545809,
        0.7222222222222222,
        0.7046783625730995,
        0.682261208576998,
        0.6734892787524367,
        0.4951267056530214,
        0.6968810916179338,
        0.7144249512670565,
        0.6988304093567251,
        0.7115009746588694,
        0.7085769980506823,
        0.7076023391812866,
        0.7222222222222222,
        0.7183235867446394,
        0.6939571150097466,
        0.6598440545808967,
        0.6627680311890838,
        0.6929824561403509,
        0.7270955165692008,
        0.702729044834308,
        0.6783625730994152,
        0.6559454191033138,
        0.7134502923976608,
        0.6920077972709552,
        0.7066276803118908,
        0.6910331384015594,
        0.7124756335282652,
        0.6374269005847953,
        0.7066276803118908,
        0.6929824561403509,
        0.7124756335282652,
        0.7066276803118908,
        0.6920077972709552,
        0.6939571150097466,
        0.6939571150097466,
        0.6666666666666666,
        0.7095516569200779,
        0.6169590643274854,
        0.6861598440545809
    ]
}