{
    "0": {
        "precision": 0.7182628062360802,
        "recall": 0.8185279187817259,
        "f1-score": 0.7651245551601423,
        "support": 788.0
    },
    "1": {
        "precision": 0.6266318537859008,
        "recall": 0.486815415821501,
        "f1-score": 0.547945205479452,
        "support": 493.0
    },
    "accuracy": 0.6908665105386417,
    "macro avg": {
        "precision": 0.6724473300109906,
        "recall": 0.6526716673016135,
        "f1-score": 0.6565348803197972,
        "support": 1281.0
    },
    "weighted avg": {
        "precision": 0.6829981227404218,
        "recall": 0.6908665105386417,
        "f1-score": 0.6815418702322888,
        "support": 1281.0
    }
}