{
    "0": {
        "precision": 0.775,
        "recall": 0.8261421319796954,
        "f1-score": 0.7997542997542998,
        "support": 788.0
    },
    "1": {
        "precision": 0.6900452488687783,
        "recall": 0.6174089068825911,
        "f1-score": 0.6517094017094017,
        "support": 494.0
    },
    "accuracy": 0.7457098283931357,
    "macro avg": {
        "precision": 0.7325226244343892,
        "recall": 0.7217755194311433,
        "f1-score": 0.7257318507318508,
        "support": 1282.0
    },
    "weighted avg": {
        "precision": 0.7422639258511518,
        "recall": 0.7457098283931357,
        "f1-score": 0.7427073577619601,
        "support": 1282.0
    }
}