{
    "train_loss": [
        0.5556828578469881,
        0.5114871485376208,
        0.5038910092145487,
        0.502374310457744,
        0.5004310530348907,
        0.4956964889911447,
        0.4920409920181762,
        0.49367642289832564,
        0.4925546459501098,
        0.49236289423534924,
        0.4907242695239816,
        0.48802193632637286,
        0.4878344057768301,
        0.4865244959337102,
        0.4835889599864791,
        0.4868085452528782,
        0.48209389569443484,
        0.4813510593649717,
        0.4788148232062908,
        0.4800217882127792,
        0.47737497829300374,
        0.4784018740951075,
        0.4794876014208568,
        0.47784298428037564,
        0.4744696568709443,
        0.4739340433750995,
        0.4731911952469251,
        0.47496372108767837,
        0.47516750537258595,
        0.4741951018947908,
        0.47313483867923545,
        0.4710721847386766,
        0.4702272987704172,
        0.4685884511997271,
        0.47276986618335315,
        0.4675168628666303,
        0.4679603523542452,
        0.46600493600691906,
        0.4683489787747807,
        0.4698358871019225,
        0.4680784686882789,
        0.46629002004015707,
        0.46715249031876166,
        0.46618625874210984,
        0.4663415198634476,
        0.4666394085538124,
        0.4633857155635906,
        0.46414512823620807,
        0.4624362279564048,
        0.46208277137873677,
        0.46272058230281254,
        0.4626951699941316,
        0.4608002420667594,
        0.4595614645383335,
        0.46482530269148975,
        0.46104452723772366
    ],
    "val_loss": [
        0.5024710424583066,
        0.499090670353987,
        0.49843942069194536,
        0.4950757378881628,
        0.494942644611001,
        0.49168771522288973,
        0.49277102100578224,
        0.490436825054613,
        0.4895002471113747,
        0.48835568519478495,
        0.48737662454897707,
        0.4848600123077631,
        0.4826411882584745,
        0.4838789381425489,
        0.48165044459429657,
        0.4840180045840415,
        0.4788443889807571,
        0.4807615525681864,
        0.48030574568970635,
        0.4835875867442651,
        0.484379569915208,
        0.4802030858329751,
        0.4810648060996424,
        0.4813391932032325,
        0.47760527343912557,
        0.47896152396093716,
        0.4766913371329958,
        0.4755580990829251,
        0.47696090218695725,
        0.47718149254267866,
        0.47745888375423173,
        0.4749311215498231,
        0.47417160851711576,
        0.4737293820150874,
        0.47584959712218156,
        0.4717000921002843,
        0.47586555321785534,
        0.4773871873251416,
        0.4745144905014472,
        0.4757485550574281,
        0.4746268550780686,
        0.4755321441387588,
        0.47498271631246264,
        0.47405299510468135,
        0.4774000014771115,
        0.47655003873462026,
        0.47530947490171954,
        0.47694293494251644,
        0.47332469204610045,
        0.47529948062517424,
        0.47492628629234707,
        0.47682434862310236,
        0.47283886068246583,
        0.47373063540594146,
        0.4749415117231282,
        0.4740374938330867
    ],
    "val_accuracy": [
        0.5017755681818182,
        0.5095880681818182,
        0.5134943181818182,
        0.5205965909090909,
        0.5266335227272727,
        0.54296875,
        0.5344460227272727,
        0.5440340909090909,
        0.5479403409090909,
        0.5539772727272727,
        0.5522017045454546,
        0.5550426136363636,
        0.5614346590909091,
        0.5575284090909091,
        0.5553977272727273,
        0.5553977272727273,
        0.5642755681818182,
        0.5621448863636364,
        0.5571732954545454,
        0.5628551136363636,
        0.5550426136363636,
        0.5621448863636364,
        0.5536221590909091,
        0.5557528409090909,
        0.5653409090909091,
        0.5603693181818182,
        0.5614346590909091,
        0.5617897727272727,
        0.5571732954545454,
        0.5543323863636364,
        0.5614346590909091,
        0.5596590909090909,
        0.5603693181818182,
        0.5596590909090909,
        0.5596590909090909,
        0.5646306818181818,
        0.55859375,
        0.5571732954545454,
        0.5600142045454546,
        0.5553977272727273,
        0.5568181818181818,
        0.5564630681818182,
        0.5550426136363636,
        0.5600142045454546,
        0.5589488636363636,
        0.5564630681818182,
        0.5578835227272727,
        0.5561079545454546,
        0.5617897727272727,
        0.5603693181818182,
        0.5546875,
        0.5543323863636364,
        0.5550426136363636,
        0.55859375,
        0.5582386363636364,
        0.5603693181818182
    ]
}