{
    "train_loss": [
        0.5196169598809552,
        0.5115192019694987,
        0.5028944444205107,
        0.5000244341438125,
        0.4993445835655044,
        0.4958404969623788,
        0.4964044000072058,
        0.49397806912566583,
        0.49461767279575297,
        0.49337221226105554,
        0.4895545125759738,
        0.49060419488592477,
        0.4919061150272562,
        0.4895013559033818,
        0.48744581329521697,
        0.487258893223215,
        0.4842932246366886,
        0.48707757077006514,
        0.48272643959860695,
        0.48131437815890327,
        0.48203785449548475,
        0.48254114036868423,
        0.4827097248673815,
        0.4818455554803463,
        0.4794609794387306,
        0.4774137767331457,
        0.4778936545743551,
        0.47827897641561007,
        0.47662562334011027,
        0.47527232009341663,
        0.4769973393870453,
        0.474977748439139,
        0.4756105162367836,
        0.47429497549398464,
        0.4719212859963017,
        0.4723222258057128,
        0.4713566684948533,
        0.47027813932309015,
        0.4725859907899369,
        0.4715960769905277,
        0.4732229395619702,
        0.47379535568249337,
        0.46935411747133693,
        0.4683687769652165,
        0.4687270687111545,
        0.47006180149147564,
        0.4686370918803411,
        0.466725298517886,
        0.4668903622529484,
        0.46514344483331926,
        0.4665243913322593,
        0.46593184308486785,
        0.46431704109963556,
        0.46748741817211126,
        0.4634575215329883,
        0.4671119897147458,
        0.4640415747553016,
        0.46397451374809073,
        0.463568098114492,
        0.4621767850140292
    ],
    "val_loss": [
        0.5014284207400951,
        0.4995275813747536,
        0.49991656247187743,
        0.4967056976800615,
        0.4978996931829236,
        0.495203946293755,
        0.49463712491772394,
        0.4952515565197576,
        0.49482411196963355,
        0.4913958888500929,
        0.4895949839529666,
        0.4926736028018323,
        0.48902728222310543,
        0.4885534234344959,
        0.4872890026731925,
        0.4860330540686846,
        0.4880295373838056,
        0.4871880385008725,
        0.48523734391412954,
        0.48786124265329406,
        0.4853662323545326,
        0.4837457068603147,
        0.4830846974456852,
        0.4841379982165315,
        0.482727306640961,
        0.48350031877105887,
        0.48711144704033027,
        0.484713679518212,
        0.4835443219000643,
        0.48435706696049735,
        0.48260799880054867,
        0.48415155488659034,
        0.48302355340935965,
        0.48249206404117023,
        0.4827435150403868,
        0.48363803479481826,
        0.48340278762308037,
        0.4853484947234392,
        0.48525254750116303,
        0.4821187007156285,
        0.48321120779622684,
        0.4823841383172707,
        0.4847004173154181,
        0.48299998028034513,
        0.4822166639972817,
        0.4824226229366931,
        0.4827496072446758,
        0.48326169411567127,
        0.48361723294312303,
        0.4867575690150261,
        0.4846805809912356,
        0.4833050165325403,
        0.484380935064771,
        0.48354819078337063,
        0.4822182897478342,
        0.48493975976651366,
        0.48563270711086015,
        0.4823237210512161,
        0.48350488783960993,
        0.48463812233372167
    ],
    "val_accuracy": [
        0.5024857954545454,
        0.5028409090909091,
        0.49644886363636365,
        0.5174005681818182,
        0.5088778409090909,
        0.5237926136363636,
        0.5255681818181818,
        0.5237926136363636,
        0.5248579545454546,
        0.5490056818181818,
        0.5553977272727273,
        0.5259232954545454,
        0.5486505681818182,
        0.5511363636363636,
        0.5561079545454546,
        0.5564630681818182,
        0.546875,
        0.5475852272727273,
        0.5532670454545454,
        0.5340909090909091,
        0.5493607954545454,
        0.5532670454545454,
        0.5568181818181818,
        0.5522017045454546,
        0.5589488636363636,
        0.5525568181818182,
        0.5340909090909091,
        0.5447443181818182,
        0.5486505681818182,
        0.5447443181818182,
        0.5578835227272727,
        0.5493607954545454,
        0.5465198863636364,
        0.5596590909090909,
        0.5482954545454546,
        0.5415482954545454,
        0.5450994318181818,
        0.5390625,
        0.5394176136363636,
        0.5475852272727273,
        0.5522017045454546,
        0.5589488636363636,
        0.54296875,
        0.5422585227272727,
        0.5447443181818182,
        0.5458096590909091,
        0.5436789772727273,
        0.5426136363636364,
        0.5408380681818182,
        0.5316051136363636,
        0.5408380681818182,
        0.5436789772727273,
        0.5362215909090909,
        0.5326704545454546,
        0.5447443181818182,
        0.5337357954545454,
        0.5369318181818182,
        0.5440340909090909,
        0.5362215909090909,
        0.5419034090909091
    ]
}