{
    "0": {
        "precision": 0.5054794520547945,
        "recall": 0.23295454545454544,
        "f1-score": 0.31892826274848746,
        "support": 1584.0
    },
    "1": {
        "precision": 0.5645161290322581,
        "recall": 0.8135330578512396,
        "f1-score": 0.6665256030469742,
        "support": 1936.0
    },
    "accuracy": 0.5522727272727272,
    "macro avg": {
        "precision": 0.5349977905435264,
        "recall": 0.5232438016528925,
        "f1-score": 0.49272693289773084,
        "support": 3520.0
    },
    "weighted avg": {
        "precision": 0.5379496243923996,
        "recall": 0.5522727272727272,
        "f1-score": 0.5101067999126552,
        "support": 3520.0
    }
}