{
    "0": {
        "precision": 0.49637389202256244,
        "recall": 0.3888888888888889,
        "f1-score": 0.4361061946902655,
        "support": 1584.0
    },
    "1": {
        "precision": 0.5752523036419482,
        "recall": 0.6771694214876033,
        "f1-score": 0.6220640569395017,
        "support": 1936.0
    },
    "accuracy": 0.5474431818181819,
    "macro avg": {
        "precision": 0.5358130978322553,
        "recall": 0.5330291551882461,
        "f1-score": 0.5290851258148837,
        "support": 3520.0
    },
    "weighted avg": {
        "precision": 0.5397570184132247,
        "recall": 0.5474431818181819,
        "f1-score": 0.5383830189273455,
        "support": 3520.0
    }
}