{
    "0": {
        "precision": 0.5068912710566615,
        "recall": 0.41792929292929293,
        "f1-score": 0.4581314878892734,
        "support": 1584.0
    },
    "1": {
        "precision": 0.5835591689250226,
        "recall": 0.6673553719008265,
        "f1-score": 0.6226506024096385,
        "support": 1936.0
    },
    "accuracy": 0.5551136363636363,
    "macro avg": {
        "precision": 0.5452252199908421,
        "recall": 0.5426423324150598,
        "f1-score": 0.540391045149456,
        "support": 3520.0
    },
    "weighted avg": {
        "precision": 0.5490586148842601,
        "recall": 0.5551136363636363,
        "f1-score": 0.5486170008754742,
        "support": 3520.0
    }
}