{
    "0": {
        "precision": 0.5284090909090909,
        "recall": 0.36328125,
        "f1-score": 0.4305555555555556,
        "support": 512.0
    },
    "1": {
        "precision": 0.6490850376749193,
        "recall": 0.7841352405721717,
        "f1-score": 0.7102473498233216,
        "support": 769.0
    },
    "accuracy": 0.6159250585480094,
    "macro avg": {
        "precision": 0.5887470642920052,
        "recall": 0.5737082452860858,
        "f1-score": 0.5704014526894385,
        "support": 1281.0
    },
    "weighted avg": {
        "precision": 0.6008523407630504,
        "recall": 0.6159250585480094,
        "f1-score": 0.5984579675710997,
        "support": 1281.0
    }
}