{
    "0": {
        "precision": 0.6044776119402985,
        "recall": 0.47368421052631576,
        "f1-score": 0.5311475409836065,
        "support": 513.0
    },
    "1": {
        "precision": 0.6931818181818182,
        "recall": 0.7932379713914174,
        "f1-score": 0.739842328684051,
        "support": 769.0
    },
    "accuracy": 0.6653666146645866,
    "macro avg": {
        "precision": 0.6488297150610584,
        "recall": 0.6334610909588666,
        "f1-score": 0.6354949348338288,
        "support": 1282.0
    },
    "weighted avg": {
        "precision": 0.6576862972755002,
        "recall": 0.6653666146645866,
        "f1-score": 0.6563318559146843,
        "support": 1282.0
    }
}