{
    "0": {
        "precision": 0.6491228070175439,
        "recall": 0.36062378167641324,
        "f1-score": 0.46365914786967416,
        "support": 513.0
    },
    "1": {
        "precision": 0.6710130391173521,
        "recall": 0.8699609882964889,
        "f1-score": 0.7576443941109853,
        "support": 769.0
    },
    "accuracy": 0.6661466458658346,
    "macro avg": {
        "precision": 0.660067923067448,
        "recall": 0.6152923849864511,
        "f1-score": 0.6106517709903297,
        "support": 1282.0
    },
    "weighted avg": {
        "precision": 0.6622535312646207,
        "recall": 0.6661466458658346,
        "f1-score": 0.6400044320815058,
        "support": 1282.0
    }
}