{
    "train_loss": [
        0.5626531408672713,
        0.5031511619241531,
        0.4802469123043491,
        0.45950706110048134,
        0.44273821113513556,
        0.4271879577359488,
        0.4078224823126365,
        0.39512490849954346,
        0.38105323564174565,
        0.36751033509292474,
        0.35560858318972033,
        0.34567838719120847,
        0.338426924128073,
        0.3362260979671415,
        0.33554494014610087,
        0.33513099380901884,
        0.334888141317621,
        0.3346932770999959,
        0.33450953885170315,
        0.3344321992508201,
        0.33439606933102656,
        0.3344187902849774,
        0.3343695682346623,
        0.3343630713283818,
        0.3343368989486631,
        0.3343477715487496,
        0.334326592592702,
        0.33431482889327496,
        0.33427056561276763,
        0.3342834056611869,
        0.3342460326578134,
        0.3342077363765121,
        0.3341532085227016,
        0.33415083671329027,
        0.33411429342241383,
        0.33406822665585234
    ],
    "val_loss": [
        0.42989347630472324,
        0.42101376136737084,
        0.416098313989924,
        0.40263727707649344,
        0.393173377905319,
        0.384873649077629,
        0.38027101532736823,
        0.36683716035600916,
        0.35927684182551367,
        0.3499825361059673,
        0.34387878295200974,
        0.3377673630394153,
        0.3348121571896681,
        0.33400359349464304,
        0.33415715952417746,
        0.33362524945344496,
        0.33388235853679143,
        0.3340501340467538,
        0.3336727125431175,
        0.33399050449257467,
        0.334085958217507,
        0.3339390478917022,
        0.3337954442892502,
        0.33394913175212804,
        0.33379349245953915,
        0.3339178081768662,
        0.3339347808218714,
        0.33400862608382953,
        0.3340194056283182,
        0.3337450427795524,
        0.3337825563416552,
        0.33381321003187947,
        0.33373436998965134,
        0.3337502617444565,
        0.3336599891755118,
        0.33365113432727644
    ],
    "val_accuracy": [
        0.33707865168539325,
        0.33707865168539325,
        0.33707865168539325,
        0.33707865168539325,
        0.33707865168539325,
        0.352059925093633,
        0.33801498127340823,
        0.33614232209737827,
        0.3445692883895131,
        0.3333333333333333,
        0.33707865168539325,
        0.33707865168539325,
        0.33707865168539325,
        0.3267790262172285,
        0.3389513108614232,
        0.32303370786516855,
        0.33707865168539325,
        0.33707865168539325,
        0.33707865168539325,
        0.33707865168539325,
        0.3464419475655431,
        0.3267790262172285,
        0.3333333333333333,
        0.3408239700374532,
        0.33801498127340823,
        0.33707865168539325,
        0.33707865168539325,
        0.33707865168539325,
        0.33707865168539325,
        0.3249063670411985,
        0.33707865168539325,
        0.32397003745318353,
        0.33614232209737827,
        0.3155430711610487,
        0.32397003745318353,
        0.3267790262172285
    ]
}