{
    "0.0": {
        "precision": 0.30303030303030304,
        "recall": 0.45977011494252873,
        "f1-score": 0.365296803652968,
        "support": 174.0
    },
    "1.0": {
        "precision": 0.3854166666666667,
        "recall": 0.20555555555555555,
        "f1-score": 0.26811594202898553,
        "support": 180.0
    },
    "2.0": {
        "precision": 0.3333333333333333,
        "recall": 0.32222222222222224,
        "f1-score": 0.327683615819209,
        "support": 180.0
    },
    "accuracy": 0.32771535580524347,
    "macro avg": {
        "precision": 0.3405934343434343,
        "recall": 0.32918263090676886,
        "f1-score": 0.3203654538337209,
        "support": 534.0
    },
    "weighted avg": {
        "precision": 0.34101549199863807,
        "recall": 0.32771535580524347,
        "f1-score": 0.3198606072065383,
        "support": 534.0
    }
}