{
    "0": {
        "precision": 0.0,
        "recall": 0.0,
        "f1-score": 0.0,
        "support": 415.0
    },
    "1": {
        "precision": 0.5191193511008111,
        "recall": 0.9977728285077951,
        "f1-score": 0.6829268292682927,
        "support": 449.0
    },
    "accuracy": 0.5185185185185185,
    "macro avg": {
        "precision": 0.25955967555040554,
        "recall": 0.49888641425389757,
        "f1-score": 0.34146341463414637,
        "support": 864.0
    },
    "weighted avg": {
        "precision": 0.26977382944937983,
        "recall": 0.5185185185185185,
        "f1-score": 0.3549006323396568,
        "support": 864.0
    }
}