{
    "train_loss": [
        0.369101561432661,
        0.3155308519288947,
        0.3028861809014482,
        0.29167759854136116,
        0.2783111922467666,
        0.27067516803543434,
        0.2554446340498338,
        0.24493102169908162,
        0.23599373685363123,
        0.2253472411454318,
        0.21325355575132213,
        0.20433163702289925,
        0.19316893197175275,
        0.18278346161212636,
        0.17267396291130008,
        0.16270870331711942,
        0.14934920955238945,
        0.14407275619597926,
        0.13474642784888563,
        0.12793617199277166,
        0.12306258597247229,
        0.11655543378223217,
        0.1146737112357371
    ],
    "val_loss": [
        0.36766787851924326,
        0.3686726366850867,
        0.356259115151505,
        0.3613146392267142,
        0.372934697501695,
        0.40127537499612836,
        0.38689004885616585,
        0.38958332476331226,
        0.38912378184830965,
        0.3920252372079821,
        0.39755093739993536,
        0.38483499924638376,
        0.3942135797062917,
        0.3984607991887562,
        0.4010149458451058,
        0.42215110695184166,
        0.39925865895712553,
        0.4242917027936053,
        0.4136043600182035,
        0.3916282309080238,
        0.3858691560688303,
        0.39822011251947775,
        0.443076216018022
    ],
    "val_accuracy": [
        0.5664794007490637,
        0.5674157303370787,
        0.5571161048689138,
        0.5589887640449438,
        0.5702247191011236,
        0.5037453183520599,
        0.5187265917602997,
        0.5243445692883895,
        0.4681647940074906,
        0.5234082397003745,
        0.4943820224719101,
        0.5318352059925093,
        0.5028089887640449,
        0.4850187265917603,
        0.5187265917602997,
        0.4250936329588015,
        0.5149812734082397,
        0.4204119850187266,
        0.4616104868913858,
        0.5102996254681648,
        0.5177902621722846,
        0.5009363295880149,
        0.37546816479400746
    ]
}