{
    "train_loss": [
        0.35862658195123326,
        0.30978115957440727,
        0.29408991039789395,
        0.2846466105839739,
        0.27261443683673375,
        0.26291666830892974,
        0.251722873148332,
        0.23923030173857743,
        0.22788729540929445,
        0.21886304570392912,
        0.2061687138092478,
        0.19526123201035187,
        0.18606658938319184,
        0.17986608484753738,
        0.16651594916055368,
        0.1594858186635068,
        0.14918251833151344,
        0.14129980363917113,
        0.13166482971851215,
        0.1280807159172736,
        0.12345491926436408,
        0.1136916324719044
    ],
    "val_loss": [
        0.3503885418176651,
        0.3371452117588983,
        0.3565147132126253,
        0.3688621340847727,
        0.3632249064854722,
        0.37568989640741207,
        0.38538816793641045,
        0.37359850620155904,
        0.36779950447936555,
        0.37348399722754066,
        0.3836891588880055,
        0.3654136579872957,
        0.40690831195062666,
        0.3976906573594506,
        0.41192215770038204,
        0.37327499554228427,
        0.44317581849311716,
        0.4391429393149134,
        0.3994259411719308,
        0.36531538705327615,
        0.3972768191970996,
        0.3714764825443723
    ],
    "val_accuracy": [
        0.5655430711610487,
        0.5674157303370787,
        0.5664794007490637,
        0.5664794007490637,
        0.5664794007490637,
        0.5646067415730337,
        0.5121722846441947,
        0.5056179775280899,
        0.5280898876404494,
        0.50187265917603,
        0.47097378277153557,
        0.5402621722846442,
        0.4307116104868914,
        0.4756554307116105,
        0.45318352059925093,
        0.5440074906367042,
        0.37265917602996257,
        0.3904494382022472,
        0.4681647940074906,
        0.548689138576779,
        0.4606741573033708,
        0.5252808988764045
    ]
}