{
    "train_loss": [
        0.34924821243729703,
        0.30133426634972277,
        0.28904652531162844,
        0.28095763396979173,
        0.269952576223798,
        0.25848295784669856,
        0.24916400921305154,
        0.24012996078131602,
        0.23056339574018586,
        0.22035388851482607,
        0.21206745455827428,
        0.19948206861747855,
        0.19452158208206247,
        0.18420105957212637,
        0.17329882793252255,
        0.1818682557572162,
        0.16317632843885707,
        0.15295012102174602,
        0.14759254126354707,
        0.13792304085734675,
        0.13157485720030096,
        0.12545509700759305,
        0.12098817302044047,
        0.11114091146427928,
        0.10618245173431314
    ],
    "val_loss": [
        0.41949680358616276,
        0.4185420612790691,
        0.4055462021436264,
        0.3985894048836694,
        0.38873247112800824,
        0.39931036865533287,
        0.4006690943419044,
        0.4066725929281605,
        0.4031237305989906,
        0.44552863978627905,
        0.4308265509890087,
        0.4416238438727251,
        0.4508156914319565,
        0.4410029783177732,
        0.4415638704798115,
        0.4514300765386268,
        0.45083123801359487,
        0.4409255923619911,
        0.43727374877502667,
        0.453172892332077,
        0.44577353258631125,
        0.4383584607892962,
        0.45589471085747674,
        0.43819257661477845,
        0.4512148210361822
    ],
    "val_accuracy": [
        0.39325842696629215,
        0.39325842696629215,
        0.39232209737827717,
        0.39325842696629215,
        0.3661048689138577,
        0.37453183520599254,
        0.3904494382022472,
        0.35767790262172283,
        0.35767790262172283,
        0.2893258426966292,
        0.36797752808988765,
        0.32303370786516855,
        0.34363295880149813,
        0.3249063670411985,
        0.34363295880149813,
        0.3707865168539326,
        0.33052434456928836,
        0.36797752808988765,
        0.3595505617977528,
        0.3604868913857678,
        0.34176029962546817,
        0.34269662921348315,
        0.3539325842696629,
        0.350187265917603,
        0.32209737827715357
    ]
}