{
    "0.0": {
        "precision": 0.54510556621881,
        "recall": 0.9759450171821306,
        "f1-score": 0.6995073891625616,
        "support": 291.0
    },
    "1.0": {
        "precision": 0.375,
        "recall": 0.022222222222222223,
        "f1-score": 0.04195804195804196,
        "support": 135.0
    },
    "2.0": {
        "precision": 0.2,
        "recall": 0.009259259259259259,
        "f1-score": 0.017699115044247787,
        "support": 108.0
    },
    "accuracy": 0.5393258426966292,
    "macro avg": {
        "precision": 0.37336852207293664,
        "recall": 0.3358088328878707,
        "f1-score": 0.25305484872161715,
        "support": 534.0
    },
    "weighted avg": {
        "precision": 0.4323047186698009,
        "recall": 0.5393258426966292,
        "f1-score": 0.39537919538468136,
        "support": 534.0
    }
}