{
    "train_loss": [
        0.5766802387128414,
        0.5211227974841293,
        0.5051565491397616,
        0.4929985345774133,
        0.484367091366103,
        0.47791757167015275,
        0.4722245522368122,
        0.46657349116785424,
        0.46302003392451246,
        0.45936405338661773,
        0.45373882143430305,
        0.45305038841677386,
        0.45151093056504155,
        0.4507267445220914,
        0.44759992819646716,
        0.4459433099648482,
        0.44449985268670067,
        0.4453135406677152,
        0.4421067120848407,
        0.43989595665898124,
        0.4413989299095013,
        0.437508918135099,
        0.4379896780764553,
        0.4345801210319492,
        0.4344570933198425,
        0.4361749004939912,
        0.4347653405767092,
        0.4322383022329337,
        0.43141318395943706,
        0.4312540697799602,
        0.43093450335969385,
        0.4282465801167656,
        0.42620774164376124,
        0.4282415151648538,
        0.42771853847612795,
        0.4271612566121867
    ],
    "val_loss": [
        0.5491483635762159,
        0.545874376857982,
        0.5235000214155983,
        0.523917784059749,
        0.520695451778524,
        0.5225659521187053,
        0.503085741926642,
        0.49339992053368514,
        0.48417492263457357,
        0.4889743920634775,
        0.4804348244386561,
        0.48043522414039164,
        0.4788427717545453,
        0.48427667968413407,
        0.47857144089306103,
        0.4753729553783641,
        0.4812648629440981,
        0.48719045274397904,
        0.487700778947157,
        0.4904136927688823,
        0.48718137355411756,
        0.48942891429452334,
        0.4883252287612242,
        0.4918174007359673,
        0.49056123284732595,
        0.49480342339066896,
        0.4956953904208015,
        0.4970637472236858,
        0.49860474817893086,
        0.4979882219258477,
        0.49583930828992057,
        0.4937087332501131,
        0.5000517007182627,
        0.5009853906491224,
        0.4990570033297819,
        0.4997574592337889
    ],
    "val_accuracy": [
        0.5360294117647059,
        0.5455882352941176,
        0.5397058823529411,
        0.5411764705882353,
        0.5433823529411764,
        0.5669117647058823,
        0.5816176470588236,
        0.5786764705882353,
        0.5823529411764706,
        0.5794117647058824,
        0.5838235294117647,
        0.586764705882353,
        0.5875,
        0.586764705882353,
        0.5875,
        0.5838235294117647,
        0.5860294117647059,
        0.5852941176470589,
        0.5808823529411765,
        0.5860294117647059,
        0.5838235294117647,
        0.5794117647058824,
        0.5779411764705882,
        0.5676470588235294,
        0.5698529411764706,
        0.5573529411764706,
        0.5580882352941177,
        0.5485294117647059,
        0.5345588235294118,
        0.5411764705882353,
        0.5448529411764705,
        0.5477941176470589,
        0.5279411764705882,
        0.524264705882353,
        0.5183823529411765,
        0.5154411764705882
    ]
}