{
    "train_loss": [
        0.5686915817490795,
        0.5216334685421826,
        0.5067169697138301,
        0.4988141822187524,
        0.49036125462306174,
        0.4803972628032952,
        0.4792876646706932,
        0.4709786616396486,
        0.4662722272308249,
        0.46747637600229497,
        0.4591641942137166,
        0.45700201444458544,
        0.45431112809139385,
        0.45366646992532833,
        0.4519547107972597,
        0.4510164820311362,
        0.4466729970877631,
        0.4487568996977388,
        0.4484123233640403,
        0.44493826978039325,
        0.4452385655097794,
        0.4437306971926438,
        0.4430687903312215,
        0.4407923181328857,
        0.4436997956874078,
        0.4405064020763364,
        0.440757358126473,
        0.43997759107957807
    ],
    "val_loss": [
        0.49884205250179064,
        0.5028316385605756,
        0.5033701135831721,
        0.5030549918904024,
        0.4958308318082024,
        0.49414242506027223,
        0.49312374661950503,
        0.49004140601438634,
        0.4957149319788989,
        0.4950224511763629,
        0.5011578402098488,
        0.4914897627690259,
        0.5013571339495042,
        0.499693330596475,
        0.5085689400925356,
        0.5017440147259656,
        0.5118853001033559,
        0.5033990400678972,
        0.5043188259882085,
        0.5003388594178593,
        0.503780067317626,
        0.5046471329296336,
        0.49552294787238627,
        0.4977601030293633,
        0.5035950937691857,
        0.4993094332077924,
        0.49987438075682694,
        0.49283362837398753
    ],
    "val_accuracy": [
        0.5308823529411765,
        0.4904411764705882,
        0.4948529411764706,
        0.4963235294117647,
        0.586764705882353,
        0.5926470588235294,
        0.6029411764705882,
        0.6139705882352942,
        0.5889705882352941,
        0.5926470588235294,
        0.525,
        0.6161764705882353,
        0.5220588235294118,
        0.5411764705882353,
        0.44338235294117645,
        0.5029411764705882,
        0.40661764705882353,
        0.49264705882352944,
        0.49264705882352944,
        0.5323529411764706,
        0.4919117647058823,
        0.4860294117647059,
        0.5691176470588235,
        0.5455882352941176,
        0.4963235294117647,
        0.5360294117647059,
        0.5205882352941177,
        0.5661764705882353
    ]
}