{
    "train_loss": [
        0.6106680471661896,
        0.5205062461337916,
        0.5084553103283497,
        0.49884447106549573,
        0.4877901384762697,
        0.47715589947325726,
        0.47220780015191105,
        0.4683459289496559,
        0.4614771763018541,
        0.45710734803740394,
        0.4554371586611438,
        0.4500881650774774,
        0.4465331867785757,
        0.4462640788343838,
        0.443457655384389,
        0.44316172619727145,
        0.4411145545616995,
        0.439571044466966,
        0.43469458967945646,
        0.4361968761602772,
        0.4363085797498856,
        0.43378769200183076
    ],
    "val_loss": [
        0.49520905719083896,
        0.4939544519957374,
        0.5005620777606964,
        0.509678511058583,
        0.5156270419850069,
        0.5227752257795895,
        0.5239456096116234,
        0.5309588274535011,
        0.5225257266970241,
        0.5256977712406832,
        0.5221576743266162,
        0.5107776028268477,
        0.5140672957195955,
        0.5199609255089479,
        0.5114661640980664,
        0.5068754108513103,
        0.5093749621335197,
        0.5112771139425389,
        0.499362249584759,
        0.5054806197390836,
        0.5018520498976988,
        0.5008844238870284
    ],
    "val_accuracy": [
        0.5360294117647059,
        0.5147058823529411,
        0.44191176470588234,
        0.40661764705882353,
        0.40808823529411764,
        0.38382352941176473,
        0.3845588235294118,
        0.37426470588235294,
        0.4088235294117647,
        0.40588235294117647,
        0.41544117647058826,
        0.44338235294117645,
        0.44191176470588234,
        0.43529411764705883,
        0.44779411764705884,
        0.45955882352941174,
        0.45073529411764707,
        0.44926470588235295,
        0.4698529411764706,
        0.45808823529411763,
        0.4647058823529412,
        0.4676470588235294
    ]
}