{
    "train_loss": [
        0.5605297418339039,
        0.5171478655912093,
        0.5065957760966536,
        0.49907412168694965,
        0.4929413990075909,
        0.48651923183629764,
        0.48204513906098123,
        0.4798377666121988,
        0.48021722573842573,
        0.47512418326379646,
        0.47138136847695306,
        0.47179850307640747,
        0.46838687443688737,
        0.46921188495497207,
        0.4661389749441574,
        0.46378932137097884,
        0.46214861995471057,
        0.4641363248229027,
        0.45802891059820333,
        0.4564042471126834,
        0.4585739005523831,
        0.4537967053144725,
        0.4564473352103091,
        0.4554544564948153,
        0.4529283895754992,
        0.45106954160910934,
        0.4494969958244865,
        0.448592953856534,
        0.4488190993555446,
        0.44675593895476257,
        0.44734630789329755,
        0.4465865756371128,
        0.44464838666035167,
        0.4452533180366701,
        0.44384778074141756,
        0.4405664017618592,
        0.4426192261223028,
        0.4422081968566375,
        0.44244866356698437,
        0.4393720887045362,
        0.44147124858712083,
        0.43859098373509164,
        0.43935996016014867,
        0.43799688061004255,
        0.4411107458507837,
        0.4385400624083939,
        0.4378947878617849,
        0.4385106810438099,
        0.4369361502910728,
        0.436148558701597,
        0.43625207748542083,
        0.4365027296954571,
        0.43537746870250843,
        0.4358773263755129,
        0.4346878084896216,
        0.43053005738600864,
        0.43411116396535687,
        0.4342307222923681,
        0.4318165917005112,
        0.4311419275881194,
        0.43277472446658716,
        0.43005741123499264,
        0.4300305217282096,
        0.4305742488089782
    ],
    "val_loss": [
        0.4940389201921575,
        0.49395269751548765,
        0.49337306478444265,
        0.4915262867422665,
        0.4900038883966558,
        0.4905865777941311,
        0.4902616385151358,
        0.4899018336744869,
        0.48692452592008256,
        0.48670351645525767,
        0.4857977951274199,
        0.48672281854292926,
        0.48063954851206614,
        0.48019384215859806,
        0.47854520047412197,
        0.4777481776826522,
        0.4781038364943336,
        0.47597532272338866,
        0.4735106801285463,
        0.4704934362102957,
        0.47063938764964836,
        0.4662408713032218,
        0.4661546661573298,
        0.46790699222508597,
        0.4656494585906758,
        0.46183301911634556,
        0.4596491803141201,
        0.46000911979114306,
        0.45798579980345333,
        0.4558313485454111,
        0.4528012051301844,
        0.4518046726198757,
        0.44973282077733207,
        0.45099137320238003,
        0.45131797229542453,
        0.4493461012840271,
        0.44788596209357767,
        0.44778296807233026,
        0.4458395070889417,
        0.44619440611670996,
        0.4417806972475613,
        0.4465613281025606,
        0.44671994377585017,
        0.43764144322451426,
        0.44464837698375476,
        0.4406434550004847,
        0.4441205470000996,
        0.44311580412528095,
        0.44191062801024494,
        0.44174658515874077,
        0.4382224258254556,
        0.44701957316959606,
        0.44069067730623135,
        0.44172395397635067,
        0.4426035085145165,
        0.4416826602290658,
        0.4396084256031934,
        0.44166449729134055,
        0.4386820614337921,
        0.4395575207822463,
        0.43927028494722703,
        0.4434277843026554,
        0.4467464969438665,
        0.44550621825106
    ],
    "val_accuracy": [
        0.5183823529411765,
        0.48308823529411765,
        0.46838235294117647,
        0.4632352941176471,
        0.4661764705882353,
        0.46691176470588236,
        0.4661764705882353,
        0.46911764705882353,
        0.4698529411764706,
        0.47205882352941175,
        0.47352941176470587,
        0.46911764705882353,
        0.47573529411764703,
        0.47941176470588237,
        0.48308823529411765,
        0.4889705882352941,
        0.4985294117647059,
        0.5220588235294118,
        0.55,
        0.6242647058823529,
        0.6463235294117647,
        0.6426470588235295,
        0.6433823529411765,
        0.6191176470588236,
        0.638235294117647,
        0.6691176470588235,
        0.6867647058823529,
        0.6801470588235294,
        0.6823529411764706,
        0.6889705882352941,
        0.6852941176470588,
        0.6823529411764706,
        0.6705882352941176,
        0.6683823529411764,
        0.6610294117647059,
        0.6698529411764705,
        0.6588235294117647,
        0.6573529411764706,
        0.6448529411764706,
        0.6522058823529412,
        0.6507352941176471,
        0.6507352941176471,
        0.625,
        0.6367647058823529,
        0.6294117647058823,
        0.6375,
        0.6257352941176471,
        0.6367647058823529,
        0.6610294117647059,
        0.6514705882352941,
        0.6272058823529412,
        0.6455882352941177,
        0.6433823529411765,
        0.6397058823529411,
        0.6551470588235294,
        0.6551470588235294,
        0.6470588235294118,
        0.6448529411764706,
        0.6433823529411765,
        0.6551470588235294,
        0.6595588235294118,
        0.6669117647058823,
        0.6257352941176471,
        0.6132352941176471
    ]
}