{
    "train_loss": [
        0.5627792241155274,
        0.5215805424894724,
        0.5073114135820005,
        0.5018414148233004,
        0.49872793288280565,
        0.49250138820045525,
        0.4890199579919378,
        0.48322162089041537,
        0.478765320032835,
        0.4772671388151745,
        0.4716081979374091,
        0.4678655434399843,
        0.46942419382847017,
        0.4659804489153127,
        0.46456895442679524,
        0.46344367197404307,
        0.45886997712983024,
        0.45898088285078603,
        0.4597720408605205,
        0.45690587333713967,
        0.4566633762895233,
        0.4559944369830191,
        0.4540007716148264,
        0.4529316380826963,
        0.4510138272825215,
        0.4503127664017181
    ],
    "val_loss": [
        0.4940668049980612,
        0.4851304131395677,
        0.4818608806413763,
        0.46810793420847724,
        0.46055696361205156,
        0.4572835350737852,
        0.4612451139618369,
        0.460826907789006,
        0.4767077386379242,
        0.4817893035271589,
        0.5021473523448495,
        0.5074698009911706,
        0.5245979708783767,
        0.5364359708393321,
        0.5457941132433274,
        0.5461012009312125,
        0.5471619350068709,
        0.5450379298013799,
        0.556631283900317,
        0.5443736118428847,
        0.5486664589713601,
        0.547500637699576,
        0.5462242932880625,
        0.5490986561073976,
        0.5495114687611075,
        0.5467700828524197
    ],
    "val_accuracy": [
        0.513235294117647,
        0.6426470588235295,
        0.6860294117647059,
        0.7683823529411765,
        0.7838235294117647,
        0.7897058823529411,
        0.7669117647058824,
        0.6764705882352942,
        0.5448529411764705,
        0.5139705882352941,
        0.47058823529411764,
        0.4647058823529412,
        0.43161764705882355,
        0.3948529411764706,
        0.38823529411764707,
        0.4,
        0.3977941176470588,
        0.40441176470588236,
        0.3845588235294118,
        0.41544117647058826,
        0.4198529411764706,
        0.4323529411764706,
        0.4308823529411765,
        0.42426470588235293,
        0.43014705882352944,
        0.4411764705882353
    ]
}