{
    "train_loss": [
        0.5447518866218574,
        0.5137613082819796,
        0.4992430156215708,
        0.48966551175776946,
        0.4810091183117941,
        0.4729909209917623,
        0.4673249095361284,
        0.45962905646004576,
        0.4599217721228058,
        0.45374447688566033,
        0.4535814992396544,
        0.44898905885135026,
        0.45002025001226587,
        0.4481041391796254,
        0.44554145739856343,
        0.4423821502437828,
        0.4411008350075559,
        0.4409197732172114,
        0.43887636033778493,
        0.438857791192354,
        0.4355667693976392,
        0.4344604807701094
    ],
    "val_loss": [
        0.5641194764305564,
        0.5552378938478582,
        0.576389293460285,
        0.5968031718450434,
        0.6093475871226367,
        0.6161298955188078,
        0.5967835636699901,
        0.5839463391724755,
        0.5816755445564494,
        0.580419461516773,
        0.5747347389950471,
        0.5740821610478793,
        0.5765344837132622,
        0.569694990270278,
        0.5643845582709593,
        0.5631083684809067,
        0.5691591953530031,
        0.5692678216625663,
        0.5780113711076624,
        0.5663128947510438,
        0.5653707511284772,
        0.5649831256445716
    ],
    "val_accuracy": [
        0.425,
        0.40955882352941175,
        0.4139705882352941,
        0.42058823529411765,
        0.42426470588235293,
        0.42058823529411765,
        0.42058823529411765,
        0.4235294117647059,
        0.4235294117647059,
        0.4213235294117647,
        0.4235294117647059,
        0.4227941176470588,
        0.42058823529411765,
        0.4183823529411765,
        0.4147058823529412,
        0.40441176470588236,
        0.41323529411764703,
        0.4051470588235294,
        0.39705882352941174,
        0.40147058823529413,
        0.4183823529411765,
        0.3897058823529412
    ]
}