{
    "train_loss": [
        0.5460299455383425,
        0.5153753798371932,
        0.503581040719361,
        0.49339194833516664,
        0.4804364543529563,
        0.4694233911421859,
        0.46572840878321414,
        0.4580423167905104,
        0.45855047409366784,
        0.4543321359116667,
        0.4516689557051781,
        0.44970640698591596,
        0.4466722611190933,
        0.44510162254958374,
        0.44384021775902444,
        0.44269769923764685,
        0.44227960751764156,
        0.4388178193855449,
        0.43802410967354094,
        0.43843564830758763,
        0.4328684798644705,
        0.4344813492449438,
        0.433053732991832,
        0.4331869028291408
    ],
    "val_loss": [
        0.9141149496330935,
        0.8665862661950728,
        0.8194151394507464,
        0.7929707348346711,
        0.81795254945755,
        0.8224541804369758,
        0.864458713461371,
        0.8886929252568413,
        0.886994054036982,
        0.8911091769442839,
        0.9670819520950318,
        0.9172659488285289,
        0.9148113832754248,
        0.9595541280858657,
        0.9856118111049428,
        1.0183838276302113,
        0.9887859765221091,
        1.0783481128075543,
        1.0740225630647995,
        1.115032149062437,
        1.1140575205578525,
        1.1451390673132504,
        1.0986843137180105,
        1.1039580520461587
    ],
    "val_accuracy": [
        0.5345588235294118,
        0.5661764705882353,
        0.5786764705882353,
        0.5926470588235294,
        0.5566176470588236,
        0.549264705882353,
        0.5669117647058823,
        0.5617647058823529,
        0.5433823529411764,
        0.5669117647058823,
        0.5419117647058823,
        0.5566176470588236,
        0.5448529411764705,
        0.5397058823529411,
        0.5198529411764706,
        0.5176470588235295,
        0.5125,
        0.5044117647058823,
        0.5051470588235294,
        0.5102941176470588,
        0.5110294117647058,
        0.5088235294117647,
        0.5073529411764706,
        0.5066176470588235
    ]
}