{
    "0": {
        "precision": 0.12352941176470589,
        "recall": 0.24705882352941178,
        "f1-score": 0.16470588235294117,
        "support": 85.0
    },
    "1": {
        "precision": 0.8745098039215686,
        "recall": 0.7495798319327731,
        "f1-score": 0.8072398190045249,
        "support": 595.0
    },
    "accuracy": 0.6867647058823529,
    "macro avg": {
        "precision": 0.49901960784313726,
        "recall": 0.49831932773109244,
        "f1-score": 0.485972850678733,
        "support": 680.0
    },
    "weighted avg": {
        "precision": 0.7806372549019608,
        "recall": 0.6867647058823529,
        "f1-score": 0.7269230769230769,
        "support": 680.0
    }
}