{
    "0": {
        "precision": 0.5322338830584707,
        "recall": 0.9943977591036415,
        "f1-score": 0.693359375,
        "support": 357.0
    },
    "1": {
        "precision": 0.8461538461538461,
        "recall": 0.034055727554179564,
        "f1-score": 0.06547619047619048,
        "support": 323.0
    },
    "accuracy": 0.538235294117647,
    "macro avg": {
        "precision": 0.6891938646061584,
        "recall": 0.5142267433289105,
        "f1-score": 0.37941778273809523,
        "support": 680.0
    },
    "weighted avg": {
        "precision": 0.6813458655287741,
        "recall": 0.538235294117647,
        "f1-score": 0.3951148623511905,
        "support": 680.0
    }
}