{
    "0": {
        "precision": 0.5714285714285714,
        "recall": 0.0106951871657754,
        "f1-score": 0.02099737532808399,
        "support": 374.0
    },
    "1": {
        "precision": 0.45022288261515603,
        "recall": 0.9901960784313726,
        "f1-score": 0.6189989785495403,
        "support": 306.0
    },
    "accuracy": 0.4514705882352941,
    "macro avg": {
        "precision": 0.5108257270218637,
        "recall": 0.500445632798574,
        "f1-score": 0.31999817693881216,
        "support": 680.0
    },
    "weighted avg": {
        "precision": 0.5168860114625344,
        "recall": 0.4514705882352941,
        "f1-score": 0.29009809677773934,
        "support": 680.0
    }
}