{
    "0": {
        "precision": 0.47761194029850745,
        "recall": 0.33217993079584773,
        "f1-score": 0.39183673469387753,
        "support": 289.0
    },
    "1": {
        "precision": 0.5970772442588727,
        "recall": 0.731457800511509,
        "f1-score": 0.6574712643678161,
        "support": 391.0
    },
    "accuracy": 0.5617647058823529,
    "macro avg": {
        "precision": 0.53734459227869,
        "recall": 0.5318188656536784,
        "f1-score": 0.5246539995308468,
        "support": 680.0
    },
    "weighted avg": {
        "precision": 0.5463044900757175,
        "recall": 0.5617647058823529,
        "f1-score": 0.5445765892563922,
        "support": 680.0
    }
}