{
    "0": {
        "precision": 0.5566218809980806,
        "recall": 0.8529411764705882,
        "f1-score": 0.6736353077816493,
        "support": 340.0
    },
    "1": {
        "precision": 0.6855345911949685,
        "recall": 0.3205882352941177,
        "f1-score": 0.43687374749499,
        "support": 340.0
    },
    "accuracy": 0.586764705882353,
    "macro avg": {
        "precision": 0.6210782360965246,
        "recall": 0.586764705882353,
        "f1-score": 0.5552545276383196,
        "support": 680.0
    },
    "weighted avg": {
        "precision": 0.6210782360965246,
        "recall": 0.586764705882353,
        "f1-score": 0.5552545276383196,
        "support": 680.0
    }
}