{
    "0": {
        "precision": 0.3661417322834646,
        "recall": 0.7294117647058823,
        "f1-score": 0.4875491480996068,
        "support": 255.0
    },
    "1": {
        "precision": 0.5988372093023255,
        "recall": 0.24235294117647058,
        "f1-score": 0.34505862646566166,
        "support": 425.0
    },
    "accuracy": 0.425,
    "macro avg": {
        "precision": 0.48248947079289506,
        "recall": 0.48588235294117643,
        "f1-score": 0.41630388728263423,
        "support": 680.0
    },
    "weighted avg": {
        "precision": 0.5115764054202526,
        "recall": 0.425,
        "f1-score": 0.3984925720783911,
        "support": 680.0
    }
}