{
    "0": {
        "precision": 0.21656050955414013,
        "recall": 0.18181818181818182,
        "f1-score": 0.19767441860465115,
        "support": 187.0
    },
    "1": {
        "precision": 0.7074569789674953,
        "recall": 0.7505070993914807,
        "f1-score": 0.7283464566929134,
        "support": 493.0
    },
    "accuracy": 0.5941176470588235,
    "macro avg": {
        "precision": 0.4620087442608177,
        "recall": 0.46616264060483126,
        "f1-score": 0.4630104376487823,
        "support": 680.0
    },
    "weighted avg": {
        "precision": 0.5724604498788226,
        "recall": 0.5941176470588235,
        "f1-score": 0.5824116462186414,
        "support": 680.0
    }
}