{
    "train_loss": [
        0.697199136018753,
        0.6588696837425232,
        0.6176263151260523,
        0.6112103657080576,
        0.584968215571,
        0.5622528149531438,
        0.5657226426097063,
        0.5497345838409203,
        0.5597518877341197,
        0.5860544145107269,
        0.5510921357915952,
        0.5534865495104057,
        0.539283522619651,
        0.5387938830714959,
        0.5382529061574203,
        0.5348384907612433,
        0.5361512326277219,
        0.5216464113730651,
        0.5408441120615373,
        0.526854491004577,
        0.5328107865957113,
        0.5217328977126342,
        0.5394272345762986,
        0.5155118600680277,
        0.514534409229572,
        0.5140951333137659,
        0.5183440486972148,
        0.5112430367332238,
        0.5150347890762182,
        0.5113015323877335,
        0.5133630644816619,
        0.5120081351353571,
        0.49739650235726285,
        0.5086881243265592,
        0.49809109419584274,
        0.5093218552378508,
        0.5041108343463677,
        0.49242149751919967,
        0.49661958848054594,
        0.4913144358075582,
        0.4889199710809268,
        0.49042685329914093,
        0.4927823543548584,
        0.4812601816195708,
        0.49370928223316485,
        0.48348915634246975,
        0.49170523480727124,
        0.4852260895646535,
        0.48180055904846925,
        0.4785110532091214,
        0.4766388707436048,
        0.4722758491451924,
        0.47774910353697264,
        0.49042738515597123,
        0.47162238279214275,
        0.46853492523615176,
        0.47938475815149456,
        0.4677259773015976,
        0.47269510936278564,
        0.4685078314863719,
        0.4879166776171097,
        0.47687115520238876,
        0.47883217609845674,
        0.46414870539536845,
        0.4630187119428928,
        0.4841381592246202,
        0.47351435457284635,
        0.46162498971590626,
        0.47481840963547045,
        0.461208592240627,
        0.4702575034820117,
        0.4811604315271744,
        0.4763700090921842,
        0.462919960801418,
        0.4593647053608528,
        0.46368237928702283,
        0.45545930759264874,
        0.4367239440862949,
        0.4518110333726956,
        0.4457912869178332,
        0.4484250694513321,
        0.4445068051035588
    ],
    "val_loss": [
        0.5052654842535654,
        0.506309202975697,
        0.501762459675471,
        0.5014569974607892,
        0.5047323720322715,
        0.5011701368623309,
        0.5026653657356898,
        0.5029058853785197,
        0.50132674144374,
        0.4990728414720959,
        0.49885424143738216,
        0.5056504375404782,
        0.5002243568499883,
        0.5018480602237914,
        0.4996032516161601,
        0.5004442367288802,
        0.49864758882257676,
        0.4993058542410533,
        0.5010228057702383,
        0.49999626643127865,
        0.4997539636161592,
        0.5001046243641112,
        0.49852874378363293,
        0.4998210502995385,
        0.4961322661903169,
        0.4960721565617455,
        0.4963770591550403,
        0.49622395303514266,
        0.49594593710369533,
        0.49530091881752014,
        0.49814504716131425,
        0.4970479756593704,
        0.49283621542983586,
        0.49478894140985274,
        0.496654040283627,
        0.4947829958465364,
        0.49281322128242916,
        0.49174004130893284,
        0.49359049399693805,
        0.49271346628665924,
        0.49304722415076363,
        0.49429941839641994,
        0.49516170223553974,
        0.49272654950618744,
        0.492095473739836,
        0.4911904036998749,
        0.49387913445631665,
        0.4933035108778212,
        0.4901031421290504,
        0.49036650359630585,
        0.4877392401297887,
        0.488843344979816,
        0.4899357573853599,
        0.4876534442106883,
        0.48983265293969047,
        0.4851380106475618,
        0.4853327059083515,
        0.48535403940412736,
        0.4843036068810357,
        0.48581697709030575,
        0.4842795431613922,
        0.48179134395387435,
        0.4822964668273926,
        0.48512249026033616,
        0.48651083641582066,
        0.4829886605342229,
        0.4850130163960987,
        0.48746510843435925,
        0.4870291319158342,
        0.48439954386817086,
        0.48776623275544906,
        0.48345847096708083,
        0.48469265467590755,
        0.48330939809481305,
        0.48484044273694354,
        0.48373659286234116,
        0.4847975820302963,
        0.4829958726962407,
        0.48453538285361397,
        0.4854191409216987,
        0.4836921625667148,
        0.483291937245263
    ],
    "val_accuracy": [
        0.45985401459854014,
        0.43795620437956206,
        0.4927007299270073,
        0.5328467153284672,
        0.4562043795620438,
        0.5255474452554745,
        0.4343065693430657,
        0.4306569343065693,
        0.48905109489051096,
        0.5255474452554745,
        0.5145985401459854,
        0.4708029197080292,
        0.5255474452554745,
        0.4635036496350365,
        0.5255474452554745,
        0.5328467153284672,
        0.5437956204379562,
        0.5364963503649635,
        0.5145985401459854,
        0.5291970802919708,
        0.5145985401459854,
        0.48905109489051096,
        0.5474452554744526,
        0.5364963503649635,
        0.5291970802919708,
        0.5437956204379562,
        0.5583941605839416,
        0.5620437956204379,
        0.5583941605839416,
        0.551094890510949,
        0.5218978102189781,
        0.5583941605839416,
        0.5401459854014599,
        0.5583941605839416,
        0.5364963503649635,
        0.5364963503649635,
        0.5547445255474452,
        0.551094890510949,
        0.572992700729927,
        0.5802919708029197,
        0.5656934306569343,
        0.5437956204379562,
        0.5145985401459854,
        0.5656934306569343,
        0.5583941605839416,
        0.551094890510949,
        0.5364963503649635,
        0.5474452554744526,
        0.5437956204379562,
        0.5255474452554745,
        0.5583941605839416,
        0.5583941605839416,
        0.551094890510949,
        0.5620437956204379,
        0.551094890510949,
        0.5693430656934306,
        0.5583941605839416,
        0.5547445255474452,
        0.5656934306569343,
        0.5656934306569343,
        0.5620437956204379,
        0.5474452554744526,
        0.5474452554744526,
        0.5547445255474452,
        0.5656934306569343,
        0.5437956204379562,
        0.5474452554744526,
        0.5547445255474452,
        0.5474452554744526,
        0.5583941605839416,
        0.5401459854014599,
        0.5474452554744526,
        0.5474452554744526,
        0.5693430656934306,
        0.5437956204379562,
        0.5693430656934306,
        0.5547445255474452,
        0.5437956204379562,
        0.5474452554744526,
        0.5583941605839416,
        0.5583941605839416,
        0.5620437956204379
    ]
}