{
    "0": {
        "precision": 1.0,
        "recall": 0.061068702290076333,
        "f1-score": 0.11510791366906475,
        "support": 131.0
    },
    "1": {
        "precision": 0.5375939849624061,
        "recall": 1.0,
        "f1-score": 0.6992665036674817,
        "support": 143.0
    },
    "accuracy": 0.551094890510949,
    "macro avg": {
        "precision": 0.768796992481203,
        "recall": 0.5305343511450382,
        "f1-score": 0.4071872086682732,
        "support": 274.0
    },
    "weighted avg": {
        "precision": 0.7586713133197959,
        "recall": 0.551094890510949,
        "f1-score": 0.4199790026098444,
        "support": 274.0
    }
}