{
    "0": {
        "precision": 0.5096774193548387,
        "recall": 0.5563380281690141,
        "f1-score": 0.531986531986532,
        "support": 142.0
    },
    "1": {
        "precision": 0.47058823529411764,
        "recall": 0.42424242424242425,
        "f1-score": 0.44621513944223107,
        "support": 132.0
    },
    "accuracy": 0.4927007299270073,
    "macro avg": {
        "precision": 0.49013282732447816,
        "recall": 0.49029022620571916,
        "f1-score": 0.48910083571438157,
        "support": 274.0
    },
    "weighted avg": {
        "precision": 0.49084613360295853,
        "recall": 0.4927007299270073,
        "f1-score": 0.4906660071111753,
        "support": 274.0
    }
}