{
    "train_loss": [
        0.48662610098778497,
        0.42619578504986444,
        0.39720657302928064,
        0.3695819760146348,
        0.3443728097872772,
        0.3204100566360319,
        0.29169505177868216,
        0.2770481543990934,
        0.24946423790789404,
        0.2364345928543641,
        0.21968257949934175,
        0.19926742465776418,
        0.1869360714296814,
        0.17088732060059728,
        0.16113080938343002,
        0.14779632172654034,
        0.13743756059189088,
        0.1342083466692051,
        0.13144676745850814,
        0.12102383209517587,
        0.10851742268683529,
        0.1015184556351231,
        0.09775226723343841,
        0.09911107208226391,
        0.09246864473528188,
        0.09187017898020065,
        0.08601712860652934,
        0.07572230715819969,
        0.07699729198877048,
        0.06920998439693404,
        0.07526069296811055,
        0.06632002894564168,
        0.06138955349132065,
        0.05838398273165518,
        0.05988235663615255,
        0.05199931480962297
    ],
    "val_loss": [
        0.48862620104442944,
        0.48234728537499905,
        0.44414778731086035,
        0.40368161096491595,
        0.4143975151872093,
        0.43675016425549984,
        0.41895300505513494,
        0.4720716525546529,
        0.44536054506897926,
        0.4280130531300198,
        0.47950670089234004,
        0.4663350480523976,
        0.4701071080159057,
        0.4015870416028933,
        0.431892162358219,
        0.39717845381660893,
        0.4517772030931982,
        0.44221470708196814,
        0.45355215372348373,
        0.49910679341039876,
        0.4479023501784964,
        0.4361744143746116,
        0.4166458849371834,
        0.4499560318548571,
        0.44059745755723934,
        0.478111125359481,
        0.4143192581832409,
        0.4214391479776664,
        0.43662284153767605,
        0.4458961198953065,
        0.46338258539749816,
        0.45145794639194553,
        0.40862104478715494,
        0.4080544937486676,
        0.4387944055382501,
        0.4892185789278962
    ],
    "val_accuracy": [
        0.5529119318181818,
        0.5600142045454546,
        0.5923295454545454,
        0.6598011363636364,
        0.6516335227272727,
        0.6129261363636364,
        0.6381392045454546,
        0.5603693181818182,
        0.5738636363636364,
        0.6214488636363636,
        0.5490056818181818,
        0.5564630681818182,
        0.5447443181818182,
        0.6498579545454546,
        0.5930397727272727,
        0.6313920454545454,
        0.5724431818181818,
        0.5763494318181818,
        0.5681818181818182,
        0.5223721590909091,
        0.5777698863636364,
        0.5948153409090909,
        0.6061789772727273,
        0.5731534090909091,
        0.5749289772727273,
        0.5369318181818182,
        0.5965909090909091,
        0.5930397727272727,
        0.5809659090909091,
        0.5713778409090909,
        0.5443892045454546,
        0.5642755681818182,
        0.6079545454545454,
        0.6068892045454546,
        0.5727982954545454,
        0.5166903409090909
    ]
}