{
    "0": {
        "precision": 0.507563025210084,
        "recall": 0.2389240506329114,
        "f1-score": 0.32490586336740185,
        "support": 1264.0
    },
    "1": {
        "precision": 0.6711111111111111,
        "recall": 0.8701241134751773,
        "f1-score": 0.757768770507624,
        "support": 2256.0
    },
    "accuracy": 0.6434659090909091,
    "macro avg": {
        "precision": 0.5893370681605976,
        "recall": 0.5545240820540444,
        "f1-score": 0.541337316937513,
        "support": 3520.0
    },
    "weighted avg": {
        "precision": 0.6123824802648332,
        "recall": 0.6434659090909091,
        "f1-score": 0.602331635670908,
        "support": 3520.0
    }
}