{
    "0": {
        "precision": 0.4801980198019802,
        "recall": 0.46044303797468356,
        "f1-score": 0.4701130856219709,
        "support": 1264.0
    },
    "1": {
        "precision": 0.7045060658578857,
        "recall": 0.7207446808510638,
        "f1-score": 0.7125328659070991,
        "support": 2256.0
    },
    "accuracy": 0.6272727272727273,
    "macro avg": {
        "precision": 0.5923520428299329,
        "recall": 0.5905938594128737,
        "f1-score": 0.591322975764535,
        "support": 3520.0
    },
    "weighted avg": {
        "precision": 0.6239590856832651,
        "recall": 0.6272727272727273,
        "f1-score": 0.6254821266228939,
        "support": 3520.0
    }
}