{
    "train_loss": [
        0.4173285883885843,
        0.3597293612029817,
        0.33588046001063454,
        0.31370977450300147,
        0.2955154925584793,
        0.27443504986571676,
        0.25206177681684494,
        0.23704807285541368,
        0.22108326594770691,
        0.20457854885378002,
        0.18779761206220696,
        0.1787317587453642,
        0.17273307338724903,
        0.16095143170268447,
        0.1543971130417453,
        0.14524985192182624,
        0.1483142724559631,
        0.14953125369401626,
        0.14191399859609427,
        0.1333479106794169,
        0.13243992898015328
    ],
    "val_loss": [
        0.3825956952792627,
        0.39301661319202846,
        0.38778246608045364,
        0.39867060438350393,
        0.42048271828227574,
        0.4256101112674784,
        0.4207654843727748,
        0.4211342434088389,
        0.4232227432507056,
        0.42124256933176957,
        0.4263434128628837,
        0.41919722932356374,
        0.4158877377156858,
        0.41904640087374934,
        0.4202776794080381,
        0.4184013147045065,
        0.4263456524522216,
        0.42053121769869767,
        0.4139816573372594,
        0.42590380432429137,
        0.4187687933444977
    ],
    "val_accuracy": [
        0.40625,
        0.4212962962962963,
        0.44328703703703703,
        0.4305555555555556,
        0.4340277777777778,
        0.4224537037037037,
        0.45601851851851855,
        0.4363425925925926,
        0.4270833333333333,
        0.44328703703703703,
        0.4270833333333333,
        0.44560185185185186,
        0.45949074074074076,
        0.44212962962962965,
        0.4409722222222222,
        0.4363425925925926,
        0.44328703703703703,
        0.4270833333333333,
        0.4409722222222222,
        0.4097222222222222,
        0.4236111111111111
    ]
}