{
    "0.0": {
        "precision": 0.32558139534883723,
        "recall": 0.14893617021276595,
        "f1-score": 0.20437956204379562,
        "support": 282.0
    },
    "1.0": {
        "precision": 0.38786279683377306,
        "recall": 0.5121951219512195,
        "f1-score": 0.44144144144144143,
        "support": 287.0
    },
    "2.0": {
        "precision": 0.5084269662921348,
        "recall": 0.6135593220338983,
        "f1-score": 0.5560675883256528,
        "support": 295.0
    },
    "accuracy": 0.42824074074074076,
    "macro avg": {
        "precision": 0.40729038615824836,
        "recall": 0.4248968713992946,
        "f1-score": 0.40062953060363,
        "support": 864.0
    },
    "weighted avg": {
        "precision": 0.40869968893037584,
        "recall": 0.42824074074074076,
        "f1-score": 0.403204477715407,
        "support": 864.0
    }
}