{
    "0.0": {
        "precision": 0.37404580152671757,
        "recall": 0.1701388888888889,
        "f1-score": 0.23389021479713604,
        "support": 288.0
    },
    "1.0": {
        "precision": 0.40130151843817785,
        "recall": 0.6654676258992805,
        "f1-score": 0.5006765899864682,
        "support": 278.0
    },
    "2.0": {
        "precision": 0.5220588235294118,
        "recall": 0.47651006711409394,
        "f1-score": 0.4982456140350877,
        "support": 298.0
    },
    "accuracy": 0.4351851851851852,
    "macro avg": {
        "precision": 0.43246871449810237,
        "recall": 0.4373721939674211,
        "f1-score": 0.410937472939564,
        "support": 864.0
    },
    "weighted avg": {
        "precision": 0.43386636849221394,
        "recall": 0.4351851851851852,
        "f1-score": 0.4109093366438304,
        "support": 864.0
    }
}