{
    "train_loss": [
        0.6196340325041714,
        0.5598777126297991,
        0.5505269225845989,
        0.524186426630387,
        0.5101745611327326,
        0.48523067243588275,
        0.47595283860324794,
        0.4543003807974677,
        0.44969927283943206,
        0.43570744736581785,
        0.4174441963943661,
        0.4088710268211161,
        0.3937474634402838,
        0.38495170267728657,
        0.3780851925158093,
        0.3719237746718602,
        0.36141225880282557,
        0.3553213172743463,
        0.3436098728551824,
        0.34173241544228333,
        0.3356722899609142,
        0.3302613760416324,
        0.3222893170184559,
        0.32287215963642824,
        0.3187928699020647,
        0.3119868372495358,
        0.31269194058373445,
        0.31015873413819534,
        0.3024133022269632,
        0.301266753870962,
        0.3010315582410902,
        0.29841438833719647,
        0.29090131870192343,
        0.2918923567885008,
        0.2885531817809639,
        0.2863165428304774,
        0.2853960392948909,
        0.28159015023937595,
        0.2811570491992001,
        0.28303275585301924,
        0.27386156854848576,
        0.27384498610328406,
        0.27330226018133325,
        0.2720822972428595,
        0.27201688900972026,
        0.26537934149432385,
        0.2681775730517175,
        0.26845616796332544,
        0.2640905463351653,
        0.26444522253213787,
        0.2632402788179043,
        0.26237669695391613,
        0.26328648458051884,
        0.2638278337370636,
        0.256390119337628,
        0.26320729557520306,
        0.2600356851441738,
        0.2582456989802866,
        0.26330130989862305,
        0.25628582773427677,
        0.2582361920394449,
        0.2586640461196757,
        0.2567639141064933,
        0.25452184345987106,
        0.258802375000002,
        0.2532842515243424,
        0.2520943441643165,
        0.25307708216082847,
        0.2500037196546029,
        0.25309309194612706,
        0.25071143715554833,
        0.24624508628860498,
        0.2490272823179889
    ],
    "val_loss": [
        0.476449589231121,
        0.46864982950153633,
        0.4671082923661417,
        0.4635927183414573,
        0.47895456161072003,
        0.43938497064718557,
        0.4466027359464275,
        0.46079402850635015,
        0.4537838070250269,
        0.43835374890868345,
        0.4547715502888409,
        0.4488507429165627,
        0.42478897277988603,
        0.4554432114558433,
        0.4246114763750959,
        0.44904815928259895,
        0.4490724557371282,
        0.465902336497805,
        0.45722171664237976,
        0.4755935660049097,
        0.509554608544307,
        0.49777572679875504,
        0.48543539509844424,
        0.4862423076558469,
        0.47112041178034314,
        0.49166310723148177,
        0.4575478763722662,
        0.47426275797744294,
        0.4795138853699414,
        0.4688743588639729,
        0.4412248730659485,
        0.45788062508426497,
        0.42307761356012147,
        0.40299215067678423,
        0.3974035876010781,
        0.42151220787816973,
        0.4074123368334414,
        0.3891368950925656,
        0.3994010453348729,
        0.3863558493443389,
        0.395485629563901,
        0.3917307913748186,
        0.39461413759793806,
        0.383606237484448,
        0.3975674510002136,
        0.38578438047152847,
        0.3821516693083208,
        0.38462204586214094,
        0.37171213173154577,
        0.37854085973839263,
        0.3825243179922673,
        0.37161043664412713,
        0.36260380540321124,
        0.37464150675197144,
        0.3693745683378248,
        0.37409027365606223,
        0.38761823012757657,
        0.37175499970343573,
        0.37832342132703584,
        0.39352297604973635,
        0.39112193081805957,
        0.3915397807288526,
        0.37565354291182845,
        0.38426845598576675,
        0.36513015405455634,
        0.37788317763983315,
        0.36779925716457085,
        0.3720761737716732,
        0.38560585032648115,
        0.3844883866719346,
        0.36762339076889095,
        0.3631750776696561,
        0.37360445999387487
    ],
    "val_accuracy": [
        0.6563670411985019,
        0.6526217228464419,
        0.6432584269662921,
        0.6357677902621723,
        0.6198501872659176,
        0.650749063670412,
        0.6413857677902621,
        0.6142322097378277,
        0.6198501872659176,
        0.6273408239700374,
        0.6161048689138576,
        0.6086142322097379,
        0.6395131086142322,
        0.5955056179775281,
        0.6254681647940075,
        0.601123595505618,
        0.601123595505618,
        0.5636704119850188,
        0.5795880149812734,
        0.547752808988764,
        0.4868913857677903,
        0.5112359550561798,
        0.5346441947565543,
        0.5402621722846442,
        0.545880149812734,
        0.5252808988764045,
        0.5636704119850188,
        0.5402621722846442,
        0.5411985018726592,
        0.5571161048689138,
        0.5833333333333334,
        0.5636704119850188,
        0.6132958801498127,
        0.6301498127340824,
        0.6329588014981273,
        0.6114232209737828,
        0.6207865168539326,
        0.6329588014981273,
        0.6292134831460674,
        0.6292134831460674,
        0.6245318352059925,
        0.6451310861423221,
        0.6226591760299626,
        0.6357677902621723,
        0.6170411985018727,
        0.6348314606741573,
        0.6376404494382022,
        0.6395131086142322,
        0.6395131086142322,
        0.6320224719101124,
        0.6292134831460674,
        0.6451310861423221,
        0.6451310861423221,
        0.6385767790262172,
        0.6348314606741573,
        0.6404494382022472,
        0.6367041198501873,
        0.6404494382022472,
        0.6357677902621723,
        0.6264044943820225,
        0.6338951310861424,
        0.6395131086142322,
        0.6432584269662921,
        0.650749063670412,
        0.6441947565543071,
        0.6432584269662921,
        0.6404494382022472,
        0.6423220973782772,
        0.6432584269662921,
        0.6413857677902621,
        0.6432584269662921,
        0.6460674157303371,
        0.6441947565543071
    ]
}