{
    "train_loss": [
        0.6213785949824513,
        0.5575759775108762,
        0.5390053107830637,
        0.523012677108608,
        0.5118719612918614,
        0.5050899014956709,
        0.48298429823728,
        0.46749932308127917,
        0.4544339095048858,
        0.44218306610549707,
        0.4354583777955189,
        0.4216729932361179,
        0.4181601170468446,
        0.4102367442011257,
        0.39919111694114795,
        0.3874655940394471,
        0.3775735993460181,
        0.3691890053271096,
        0.3670838547933505,
        0.36067001068073773,
        0.3517829739817099,
        0.35317152695379395,
        0.34299551922342053,
        0.3388814346657859,
        0.3389452801666398,
        0.33199001294403263
    ],
    "val_loss": [
        0.500953897166608,
        0.4899320059747838,
        0.4849244026995417,
        0.4727119500957318,
        0.47274341601044384,
        0.4412857138398868,
        0.45083765974685325,
        0.44495901420934875,
        0.4548279549648513,
        0.46507201888668004,
        0.47011004944345847,
        0.4939544645707999,
        0.4949570760798098,
        0.5078662322528327,
        0.5143089988338414,
        0.5096556095045004,
        0.5125409996331628,
        0.5206900541462115,
        0.52239533991956,
        0.5549713039576117,
        0.5360802741193059,
        0.5445804840593196,
        0.5327537073128259,
        0.5338998881738577,
        0.523069159753287,
        0.5175063441048807
    ],
    "val_accuracy": [
        0.46441947565543074,
        0.5449438202247191,
        0.5580524344569289,
        0.5823970037453183,
        0.5720973782771536,
        0.6226591760299626,
        0.596441947565543,
        0.6142322097378277,
        0.599250936329588,
        0.6048689138576779,
        0.598314606741573,
        0.6142322097378277,
        0.6086142322097379,
        0.6104868913857678,
        0.602996254681648,
        0.6048689138576779,
        0.601123595505618,
        0.6039325842696629,
        0.6039325842696629,
        0.6114232209737828,
        0.6067415730337079,
        0.6114232209737828,
        0.6123595505617978,
        0.6123595505617978,
        0.6086142322097379,
        0.6048689138576779
    ]
}