{
    "train_loss": [
        0.6192139621194639,
        0.5623026672563597,
        0.5248135081981415,
        0.5091206447718895,
        0.48910429597445276,
        0.4742385642985775,
        0.4651311471309836,
        0.442385311676487,
        0.43702066039930193,
        0.430104800010925,
        0.4193270858292166,
        0.4050592713432225,
        0.3979847892506482,
        0.3938795292078088,
        0.3881525629323367,
        0.3804890301129589,
        0.37853549046603513,
        0.37177464195854587,
        0.3654819527581402,
        0.3660277406510697,
        0.3556135192037173
    ],
    "val_loss": [
        0.5295901062773235,
        0.5402409007300192,
        0.5777906232805394,
        0.5939106104978874,
        0.6270611037069292,
        0.646582270736125,
        0.657401269051566,
        0.6848883059487414,
        0.6878690452718023,
        0.6975039341556493,
        0.7041181557214082,
        0.7211896038767117,
        0.7152688245275127,
        0.7448302658636179,
        0.7274160465197776,
        0.7364661924874605,
        0.7392144381110348,
        0.7432818217064018,
        0.7332463228880469,
        0.7484449397272138,
        0.7802804094641956
    ],
    "val_accuracy": [
        0.4288389513108614,
        0.1601123595505618,
        0.1348314606741573,
        0.10861423220973783,
        0.13670411985018727,
        0.09925093632958802,
        0.10393258426966293,
        0.09831460674157304,
        0.10580524344569288,
        0.10486891385767791,
        0.10205992509363296,
        0.10486891385767791,
        0.10393258426966293,
        0.13389513108614232,
        0.1151685393258427,
        0.1104868913857678,
        0.11704119850187265,
        0.12453183520599251,
        0.14232209737827714,
        0.17134831460674158,
        0.12078651685393259
    ]
}