{
    "train_loss": [
        0.609074806582694,
        0.5636225602206062,
        0.5367387884972142,
        0.5177815411605087,
        0.49550262935021344,
        0.47678772713623796,
        0.4560580767837225,
        0.4462677979001812,
        0.43611318889786216,
        0.4142586020862355,
        0.4089452648279714,
        0.39943292748694326,
        0.3865886593566221,
        0.38296527640492306,
        0.3721618157975814,
        0.3671537859767091,
        0.36259083514120066,
        0.36012331387575935,
        0.3526755365086537,
        0.3465515234891106,
        0.3410487827717089,
        0.33763883715751125,
        0.33537961612729467,
        0.3310970405737559,
        0.33040693045831193
    ],
    "val_loss": [
        0.5105462581364076,
        0.4832937575098294,
        0.49757562333078525,
        0.47172045974589105,
        0.4668063156640352,
        0.4869079096103782,
        0.5175435169419246,
        0.519501458353071,
        0.5399974918187554,
        0.5570338532995822,
        0.5740803755931,
        0.5813544534925205,
        0.5686958974866725,
        0.590773741700756,
        0.585136551910372,
        0.6023130020988521,
        0.6086528101074162,
        0.6033313981632689,
        0.6176356891197945,
        0.586049323651328,
        0.6170303728153457,
        0.6286006881229913,
        0.6144134767019926,
        0.6025643046222516,
        0.6308573511109423
    ],
    "val_accuracy": [
        0.3913857677902622,
        0.6685393258426966,
        0.3960674157303371,
        0.6853932584269663,
        0.6769662921348315,
        0.5898876404494382,
        0.4232209737827715,
        0.49063670411985016,
        0.37359550561797755,
        0.3539325842696629,
        0.351123595505618,
        0.3455056179775281,
        0.34925093632958804,
        0.3464419475655431,
        0.351123595505618,
        0.34925093632958804,
        0.34831460674157305,
        0.34925093632958804,
        0.34831460674157305,
        0.35767790262172283,
        0.34925093632958804,
        0.34831460674157305,
        0.350187265917603,
        0.3548689138576779,
        0.351123595505618
    ]
}