{
    "train_loss": [
        0.6382593580036082,
        0.5831000207581072,
        0.5558168135392361,
        0.5316949140312325,
        0.5065591765774621,
        0.4862482081621121,
        0.4670658477096476,
        0.45775159123616344,
        0.44434324632852507,
        0.42922222665232473,
        0.42135957189095324,
        0.4119448184202879,
        0.40015809709190303,
        0.3878591682156946,
        0.38232022956905204,
        0.37486780148286086,
        0.36764391944703895,
        0.36233330447959083,
        0.35683542139764524,
        0.3536310535974992,
        0.34676385339763427,
        0.3449828585243633,
        0.34340218218982727,
        0.3370779089183889,
        0.3305932639373673,
        0.3315993223307479,
        0.32485333282468665,
        0.323062092384212,
        0.3190463612922746,
        0.3159702147365126
    ],
    "val_loss": [
        0.47489592566419003,
        0.46889808418145823,
        0.4526469854276572,
        0.456157400536893,
        0.4435326599363071,
        0.43088671876423396,
        0.3935968680168266,
        0.38624896843041945,
        0.3957499719377774,
        0.3412583790608306,
        0.4395150573395971,
        0.38563446100078413,
        0.4059182085208039,
        0.4421532919157797,
        0.44005113751140995,
        0.42050508109491264,
        0.4326637213799491,
        0.4348718826450519,
        0.4085781934546001,
        0.4527840801139376,
        0.3987536870721561,
        0.426814083287965,
        0.4242631615097843,
        0.4073689740095566,
        0.45186985695540016,
        0.4232036796078753,
        0.4283391099367569,
        0.4275466475024152,
        0.4115836268930293,
        0.4214939928766507
    ],
    "val_accuracy": [
        0.7397003745318352,
        0.7453183520599251,
        0.7462546816479401,
        0.7705992509363296,
        0.7621722846441947,
        0.7602996254681648,
        0.7537453183520599,
        0.7490636704119851,
        0.7471910112359551,
        0.7471910112359551,
        0.7144194756554307,
        0.7471910112359551,
        0.7172284644194756,
        0.6741573033707865,
        0.6619850187265918,
        0.6788389513108615,
        0.6601123595505618,
        0.6367041198501873,
        0.6807116104868914,
        0.5945692883895131,
        0.6882022471910112,
        0.6573033707865169,
        0.653558052434457,
        0.6732209737827716,
        0.5917602996254682,
        0.6385767790262172,
        0.6329588014981273,
        0.6189138576779026,
        0.6329588014981273,
        0.6198501872659176
    ]
}