{
    "train_loss": [
        0.6100753060917357,
        0.5614072821330075,
        0.5384778057164814,
        0.5178314883317521,
        0.4956680954392277,
        0.4696845091990571,
        0.4560264464634568,
        0.4479038614538772,
        0.43652362372744735,
        0.42373799654974864,
        0.4152961951583179,
        0.4037893036408211,
        0.40537057683539035,
        0.395208857397535,
        0.3836528689262286,
        0.37647727028054384,
        0.368655557359629,
        0.36931668370220794,
        0.36491707004421386,
        0.3598485601630377,
        0.352294320564958,
        0.34680024278697685,
        0.34191636229628947
    ],
    "val_loss": [
        0.5075899789582438,
        0.49206488701834605,
        0.4901263789454503,
        0.5587278488856643,
        0.5528858753282633,
        0.5807374951554768,
        0.6074282798304487,
        0.569614795161717,
        0.5764225334373873,
        0.5599671326466461,
        0.5706005483420927,
        0.5666614406144441,
        0.5908723851638054,
        0.6067030652245479,
        0.5617017528014396,
        0.6130388343512122,
        0.5518496339000872,
        0.5680895180844548,
        0.6193563431056578,
        0.5932835469495005,
        0.5460196577790958,
        0.5688895632081957,
        0.5516104364573066
    ],
    "val_accuracy": [
        0.3792134831460674,
        0.6132958801498127,
        0.5852059925093633,
        0.28745318352059923,
        0.29307116104868913,
        0.2808988764044944,
        0.2893258426966292,
        0.40262172284644193,
        0.4044943820224719,
        0.46348314606741575,
        0.48220973782771537,
        0.47097378277153557,
        0.45692883895131087,
        0.44569288389513106,
        0.5149812734082397,
        0.4653558052434457,
        0.5327715355805244,
        0.49812734082397003,
        0.4700374531835206,
        0.48408239700374533,
        0.552434456928839,
        0.5271535580524345,
        0.5205992509363296
    ]
}