{
    "0": {
        "precision": 0.31645569620253167,
        "recall": 0.6289308176100629,
        "f1-score": 0.42105263157894735,
        "support": 159.0
    },
    "1": {
        "precision": 0.7293577981651376,
        "recall": 0.424,
        "f1-score": 0.5362563237774031,
        "support": 375.0
    },
    "accuracy": 0.4850187265917603,
    "macro avg": {
        "precision": 0.5229067471838347,
        "recall": 0.5264654088050315,
        "f1-score": 0.4786544776781752,
        "support": 534.0
    },
    "weighted avg": {
        "precision": 0.6064150374684065,
        "recall": 0.4850187265917603,
        "f1-score": 0.501954100819436,
        "support": 534.0
    }
}