{
    "0": {
        "precision": 0.5412186379928315,
        "recall": 0.5136054421768708,
        "f1-score": 0.5270506108202443,
        "support": 294.0
    },
    "1": {
        "precision": 0.4392156862745098,
        "recall": 0.4666666666666667,
        "f1-score": 0.45252525252525255,
        "support": 240.0
    },
    "accuracy": 0.49250936329588013,
    "macro avg": {
        "precision": 0.49021716213367067,
        "recall": 0.4901360544217687,
        "f1-score": 0.4897879316727484,
        "support": 534.0
    },
    "weighted avg": {
        "precision": 0.495374614748642,
        "recall": 0.49250936329588013,
        "f1-score": 0.49355606776631544,
        "support": 534.0
    }
}