{
    "0": {
        "precision": 0.3885350318471338,
        "recall": 0.4236111111111111,
        "f1-score": 0.4053156146179402,
        "support": 144.0
    },
    "1": {
        "precision": 0.7798408488063661,
        "recall": 0.7538461538461538,
        "f1-score": 0.7666232073011734,
        "support": 390.0
    },
    "accuracy": 0.6647940074906367,
    "macro avg": {
        "precision": 0.5841879403267499,
        "recall": 0.5887286324786325,
        "f1-score": 0.5859694109595568,
        "support": 534.0
    },
    "weighted avg": {
        "precision": 0.6743201790645507,
        "recall": 0.6647940074906367,
        "f1-score": 0.6691919463528857,
        "support": 534.0
    }
}