{
    "0": {
        "precision": 0.8121442125237192,
        "recall": 0.9839080459770115,
        "f1-score": 0.8898128898128899,
        "support": 435.0
    },
    "1": {
        "precision": 0.0,
        "recall": 0.0,
        "f1-score": 0.0,
        "support": 99.0
    },
    "accuracy": 0.8014981273408239,
    "macro avg": {
        "precision": 0.4060721062618596,
        "recall": 0.49195402298850577,
        "f1-score": 0.44490644490644493,
        "support": 534.0
    },
    "weighted avg": {
        "precision": 0.6615781506513442,
        "recall": 0.8014981273408239,
        "f1-score": 0.7248475787801631,
        "support": 534.0
    }
}