{
    "0": {
        "precision": 0.3333333333333333,
        "recall": 0.003703703703703704,
        "f1-score": 0.007326007326007326,
        "support": 270.0
    },
    "1": {
        "precision": 0.4934086629001883,
        "recall": 0.9924242424242424,
        "f1-score": 0.6591194968553459,
        "support": 264.0
    },
    "accuracy": 0.49250936329588013,
    "macro avg": {
        "precision": 0.4133709981167608,
        "recall": 0.49806397306397304,
        "f1-score": 0.3332227520906766,
        "support": 534.0
    },
    "weighted avg": {
        "precision": 0.41247169851245263,
        "recall": 0.49250936329588013,
        "f1-score": 0.3295609909135455,
        "support": 534.0
    }
}