{
    "train_loss": [
        0.5043653712725975,
        0.49809100921724886,
        0.49086370161721404,
        0.478419435653888,
        0.46105782595318806,
        0.446059033862302,
        0.43407745208119003,
        0.4216306449661792,
        0.4071486161418364,
        0.39148651737142615,
        0.3815060034394264,
        0.3671425203202476,
        0.36202296729029065,
        0.34918719891616157,
        0.3432933058222415,
        0.33795490789056665,
        0.33801459334003675,
        0.33413978840263797,
        0.3271212839954336,
        0.3267049922174971,
        0.3188278769051105,
        0.3190226352891662,
        0.316122340075147,
        0.3179204314579846,
        0.3108559339831937,
        0.3099823324167183,
        0.3091210485081857,
        0.3024495935251176,
        0.30080268030959956,
        0.3010287245079665,
        0.2992593758765765,
        0.2992975725385715,
        0.3032599762213272,
        0.29856264883468686,
        0.29552072153334885,
        0.2948000678556486
    ],
    "val_loss": [
        0.45683089524507525,
        0.5898814809322357,
        0.575894410610199,
        0.5539908862113953,
        0.5618923455476761,
        0.5738957014679908,
        0.47955335408449173,
        0.48105828374624254,
        0.586919121146202,
        0.5791452875733376,
        0.459215404689312,
        0.4433611264824867,
        0.4094234770536423,
        0.5092408260703087,
        0.48052926987409594,
        0.39885933384299277,
        0.5829118037223816,
        0.5094066724181175,
        0.5395979791879654,
        0.41757171630859374,
        0.4854401682317257,
        0.44786380663514136,
        0.5427103462815285,
        0.5284856137633324,
        0.5261838580667972,
        0.46357048928737643,
        0.4548752652108669,
        0.5156190049648285,
        0.4323177829384804,
        0.48077524960041046,
        0.5086341974139214,
        0.4282640178501606,
        0.45880568265914917,
        0.4157354784011841,
        0.5213251641392708,
        0.4694745644927025
    ],
    "val_accuracy": [
        0.763125,
        0.215625,
        0.30625,
        0.401875,
        0.4075,
        0.395,
        0.530625,
        0.526875,
        0.409375,
        0.370625,
        0.5525,
        0.558125,
        0.596875,
        0.4875,
        0.5175,
        0.60875,
        0.410625,
        0.491875,
        0.4625,
        0.5825,
        0.51875,
        0.55875,
        0.46,
        0.47375,
        0.4825,
        0.541875,
        0.554375,
        0.490625,
        0.57125,
        0.529375,
        0.49375,
        0.575625,
        0.54875,
        0.59125,
        0.4825,
        0.531875
    ]
}