{
    "train_loss": [
        0.5024115692766652,
        0.5012760301542483,
        0.4979768742351345,
        0.48480145309282385,
        0.465995752752914,
        0.45315481513362443,
        0.43661946417740316,
        0.4195578734052131,
        0.40024640259619015,
        0.39024872684963624,
        0.3761781058045624,
        0.3708435380609306,
        0.36568412185760235,
        0.3605198691302563,
        0.3578802269438039,
        0.35447902918426216,
        0.3508520187786552,
        0.352159008989829,
        0.3432934430818404,
        0.34127907712028205,
        0.33718170812889037,
        0.33587062837448894,
        0.3372127743121785,
        0.33813032310398566,
        0.329367767183468,
        0.3304933174493687,
        0.3301238854106145,
        0.3304926273171355,
        0.3251903217500089,
        0.3185005503775863,
        0.3250266378862995,
        0.32830622018449435,
        0.3261311475662998,
        0.3263364592109915,
        0.3234394636177582,
        0.32608125030179347,
        0.31756770239847737,
        0.31775602338728487,
        0.32384015475811245
    ],
    "val_loss": [
        0.4284118312597275,
        0.464767082631588,
        0.5061558514833451,
        0.5124439164996147,
        0.4886750057339668,
        0.5308219060301781,
        0.5205433943867683,
        0.48396802008152007,
        0.49983321368694306,
        0.4852782991528511,
        0.481720362752676,
        0.4903149554133415,
        0.5527776104211807,
        0.5302573075890541,
        0.4825275883078575,
        0.541288395524025,
        0.5057970696687698,
        0.5236179003119469,
        0.42345647916197776,
        0.494987013489008,
        0.5009211882948875,
        0.46107742726802825,
        0.5357199284434319,
        0.4938382175564766,
        0.4622745805978775,
        0.46883542984724047,
        0.4816898396611214,
        0.44814461559057234,
        0.4925639654695988,
        0.4524828319251537,
        0.43358551755547525,
        0.49379362910985947,
        0.4621846878528595,
        0.5403820827603341,
        0.4859888131916523,
        0.44396155402064325,
        0.5293189883232117,
        0.45165655136108396,
        0.45024708345532416
    ],
    "val_accuracy": [
        0.675,
        0.67625,
        0.46375,
        0.478125,
        0.530625,
        0.454375,
        0.480625,
        0.519375,
        0.4975,
        0.5075,
        0.521875,
        0.509375,
        0.446875,
        0.47125,
        0.524375,
        0.465625,
        0.498125,
        0.485,
        0.58375,
        0.510625,
        0.50625,
        0.54875,
        0.4675,
        0.510625,
        0.54125,
        0.54125,
        0.52375,
        0.55875,
        0.515625,
        0.55125,
        0.57375,
        0.51,
        0.54375,
        0.46375,
        0.521875,
        0.56125,
        0.475,
        0.55625,
        0.55625
    ]
}