{
    "train_loss": [
        0.5016039463735762,
        0.49270889465771023,
        0.4755925463778632,
        0.45683532418712736,
        0.448135031428602,
        0.4366758114761776,
        0.4280418646714044,
        0.41970485784704725,
        0.41223869122683054,
        0.4006506280766593,
        0.38541610179439423,
        0.37854169469977184,
        0.3663661345484711,
        0.36147758532019836,
        0.3541988184527745,
        0.35018054158205075,
        0.3460409051250844,
        0.3421553797901623,
        0.3429037252795838,
        0.3354280256267105,
        0.33312159036951405
    ],
    "val_loss": [
        0.5159799084067345,
        0.5223256826400757,
        0.5753301644325256,
        0.6139503219723701,
        0.6273794683814049,
        0.6200472375750542,
        0.6102857908606529,
        0.6026376250386238,
        0.6037324193120003,
        0.6014950579404831,
        0.5929914435744286,
        0.5901993614435196,
        0.5919356256723404,
        0.588792527616024,
        0.5817084020376205,
        0.5956528529524803,
        0.5834899517893791,
        0.5804996539652347,
        0.5874426463246345,
        0.5891285797953606,
        0.5931514316797256
    ],
    "val_accuracy": [
        0.41125,
        0.42125,
        0.375625,
        0.358125,
        0.365,
        0.3625,
        0.369375,
        0.390625,
        0.37875,
        0.3875,
        0.401875,
        0.4075,
        0.404375,
        0.408125,
        0.419375,
        0.410625,
        0.418125,
        0.42,
        0.41375,
        0.41625,
        0.408125
    ]
}