{
    "train_loss": [
        0.502615434386348,
        0.4952931421858664,
        0.48365252841519946,
        0.47409682351214283,
        0.4599607577760711,
        0.4444931507793092,
        0.4388126630591982,
        0.4270577716690893,
        0.4164909623506415,
        0.40760906197642555,
        0.38826689422130584,
        0.3787129788112094,
        0.37359969156389017,
        0.3631484813248838,
        0.3593288251348124,
        0.353134452853039,
        0.34516165414043054,
        0.3445666638949445,
        0.33854204019858636,
        0.33586212895981227,
        0.3358160483928127,
        0.32886712830940273,
        0.3307552943219438,
        0.3259188152224053,
        0.3249554129388496,
        0.32691363752570773,
        0.3179767493414515,
        0.3284430814722112,
        0.3179941729379406,
        0.32229763924051785,
        0.318288132411833,
        0.3152058410166784,
        0.3089178507223384,
        0.3164327674012148
    ],
    "val_loss": [
        0.4892057877779007,
        0.48726679384708405,
        0.4954664608836174,
        0.48152883023023607,
        0.5156779164075851,
        0.4929439812898636,
        0.480733805000782,
        0.48729195952415466,
        0.4809858372807503,
        0.4755065181851387,
        0.4821646423637867,
        0.5076329708099365,
        0.48881460130214693,
        0.4732280772924423,
        0.48382149830460547,
        0.49891106963157655,
        0.4793649446964264,
        0.4738733926415443,
        0.48692206531763077,
        0.48608982920646665,
        0.4773615902662277,
        0.4877470996975899,
        0.5058026856184006,
        0.47943201690912246,
        0.47917555898427966,
        0.48314108699560165,
        0.4810550534725189,
        0.4933255335688591,
        0.48664174258708953,
        0.49888087138533593,
        0.47955326452851293,
        0.49482514321804044,
        0.49967127591371535,
        0.49072348326444626
    ],
    "val_accuracy": [
        0.536875,
        0.551875,
        0.501875,
        0.523125,
        0.48625,
        0.505625,
        0.5225,
        0.514375,
        0.52875,
        0.531875,
        0.52125,
        0.49625,
        0.51875,
        0.533125,
        0.52,
        0.505,
        0.52625,
        0.52875,
        0.52,
        0.5175,
        0.526875,
        0.52,
        0.493125,
        0.525625,
        0.525625,
        0.52,
        0.523125,
        0.506875,
        0.52,
        0.50375,
        0.524375,
        0.509375,
        0.501875,
        0.513125
    ]
}