{
    "train_loss": [
        0.5094952635032524,
        0.5007045760771968,
        0.49578455115958603,
        0.485455189287069,
        0.47468670460781026,
        0.4669913596143763,
        0.45182280524356944,
        0.43963716445148926,
        0.4239998558803778,
        0.41482646610709717,
        0.4005953644112198,
        0.3898989355157144,
        0.3776424994127849,
        0.36820710546855057,
        0.36550436582241425,
        0.3592110201292492,
        0.3532730636861212,
        0.3515870643946558,
        0.35009659179731417,
        0.3489114227300645,
        0.34625008244962985,
        0.3430108437751808,
        0.34548885550132685,
        0.33777000380422956,
        0.3371790827915687,
        0.3357035993607675,
        0.3362933954867835,
        0.3286891259851827,
        0.33687422783041154,
        0.32912324833687645,
        0.32443484569108844,
        0.32664823024712536,
        0.3262207957188656,
        0.3207088349331409,
        0.31660998022318904,
        0.3172917452509678
    ],
    "val_loss": [
        0.5928330418467521,
        0.5898331364989281,
        0.4966713312268257,
        0.4743011155724525,
        0.4791885355114937,
        0.47702372193336484,
        0.5026515758037567,
        0.53902253895998,
        0.437580531090498,
        0.45077396363019945,
        0.5180713257193565,
        0.48800111427903176,
        0.4599162074923515,
        0.4950484067201614,
        0.5168128690123558,
        0.4175557968020439,
        0.5265675604343414,
        0.45764290615916253,
        0.4979776559770107,
        0.45490261405706406,
        0.48697037786245345,
        0.493623221218586,
        0.4911885513365269,
        0.49241638436913493,
        0.4314960262179375,
        0.48086032271385193,
        0.4497815145552158,
        0.4762629777193069,
        0.5324900415539742,
        0.4295307782292366,
        0.48878088876605036,
        0.49192643880844117,
        0.4730863250792027,
        0.5147268733382225,
        0.49374751895666125,
        0.5073940220475197
    ],
    "val_accuracy": [
        0.3,
        0.3,
        0.53125,
        0.573125,
        0.531875,
        0.526875,
        0.51375,
        0.451875,
        0.58125,
        0.5725,
        0.49125,
        0.520625,
        0.549375,
        0.51,
        0.49125,
        0.590625,
        0.47625,
        0.55625,
        0.508125,
        0.55625,
        0.516875,
        0.509375,
        0.515625,
        0.51375,
        0.576875,
        0.52125,
        0.5575,
        0.5325,
        0.473125,
        0.579375,
        0.518125,
        0.516875,
        0.531875,
        0.49,
        0.510625,
        0.49625
    ]
}