{
    "train_loss": [
        0.502194808137118,
        0.494803023288509,
        0.4854933419433477,
        0.46950023295487536,
        0.4551742125644989,
        0.44667719134381223,
        0.4351261713461624,
        0.4275379652432412,
        0.4156561564851272,
        0.40509298205126626,
        0.3875263605816783,
        0.3749071285336131,
        0.3626715854785735,
        0.3568143109923286,
        0.3527340273629656,
        0.3475923655258912,
        0.34165932953067146,
        0.3423436082650526,
        0.33097391764174183,
        0.3284370590878189,
        0.32965327831488467,
        0.3287211150335651,
        0.3206304831528896,
        0.324847346576434,
        0.31972886513513943,
        0.3137114620806447,
        0.3161029896613283,
        0.3122989398564801,
        0.3072023100315653,
        0.3075785325310896,
        0.30582875845056223,
        0.30309158353352905,
        0.29971278817613395
    ],
    "val_loss": [
        0.3965731954574585,
        0.5776229524612426,
        0.5517932972311974,
        0.42762264981865883,
        0.5555559125542641,
        0.5086489275097847,
        0.45331493139266965,
        0.5128934898972511,
        0.42448527604341507,
        0.3940839347243309,
        0.4195329423248768,
        0.44995396003127097,
        0.2749872186779976,
        0.422701800763607,
        0.41175789177417754,
        0.42537853851914403,
        0.3997024962306023,
        0.3957823458313942,
        0.4549656467139721,
        0.4800877919793129,
        0.38952071622014045,
        0.39464486807584764,
        0.37202716663479807,
        0.46653522372245787,
        0.3941054666042328,
        0.5381704717874527,
        0.3465361176431179,
        0.38152797043323516,
        0.4032654228806496,
        0.42277680918574334,
        0.43210550807416437,
        0.394495200291276,
        0.38790107764303683
    ],
    "val_accuracy": [
        0.82375,
        0.23625,
        0.423125,
        0.6,
        0.42375,
        0.489375,
        0.5625,
        0.4825,
        0.58875,
        0.61375,
        0.591875,
        0.555625,
        0.74875,
        0.58875,
        0.590625,
        0.57625,
        0.60125,
        0.606875,
        0.55,
        0.525,
        0.611875,
        0.608125,
        0.631875,
        0.533125,
        0.615,
        0.465625,
        0.661875,
        0.6275,
        0.59875,
        0.576875,
        0.5725,
        0.61,
        0.619375
    ]
}