{
    "train_loss": [
        0.49903274399893627,
        0.4894451837880271,
        0.4736188091976302,
        0.4569191838588033,
        0.44429228531462805,
        0.4338619046126093,
        0.42124973429100854,
        0.40926316942487445,
        0.3944148170522281,
        0.378439940693123,
        0.3657491959099259,
        0.362136897072196,
        0.3550590787508658,
        0.3453625174398933,
        0.3413088283900704,
        0.3353051767445036,
        0.33334171221192394,
        0.330264177753457,
        0.3249447529975857,
        0.3228468876970666,
        0.3222033479650106
    ],
    "val_loss": [
        0.4350803181529045,
        0.5241061925888062,
        0.5819050893187523,
        0.5694752046465874,
        0.5161753305792809,
        0.558878778219223,
        0.5987895700335503,
        0.6101605895161629,
        0.6382747766375542,
        0.5155493062734604,
        0.5616386529803276,
        0.5154725268483162,
        0.5955823490023613,
        0.5844954252243042,
        0.5563827404379844,
        0.5669183382391929,
        0.583815883398056,
        0.571696507036686,
        0.5380192130804062,
        0.5873551979660988,
        0.5686471033096313
    ],
    "val_accuracy": [
        0.706875,
        0.4525,
        0.403125,
        0.404375,
        0.48125,
        0.435,
        0.383125,
        0.375,
        0.348125,
        0.504375,
        0.440625,
        0.5,
        0.415,
        0.424375,
        0.45375,
        0.4325,
        0.419375,
        0.429375,
        0.4675,
        0.418125,
        0.434375
    ]
}