{
    "train_loss": [
        0.5049270876032914,
        0.4967988695314387,
        0.48504109566028303,
        0.4695310556690797,
        0.45307514588397735,
        0.43969616006222606,
        0.430749880220196,
        0.4185274503394669,
        0.4031714369763436,
        0.389729996825685,
        0.3811527357561736,
        0.37307980367815513,
        0.36361077042411716,
        0.3555763709958682,
        0.3559117888748016,
        0.3496440605655155,
        0.339845903462212,
        0.33994319338244733,
        0.3399833103762673,
        0.33785263623980466,
        0.33466680715110597
    ],
    "val_loss": [
        0.48748586684465406,
        0.500946703851223,
        0.5040826714038849,
        0.5143602502346039,
        0.512349864244461,
        0.4959577506780624,
        0.5099255901575088,
        0.5106742542982101,
        0.5077833306789398,
        0.4929821461439133,
        0.4981700025498867,
        0.5047884484380484,
        0.48774008989334106,
        0.5101855237782001,
        0.4975931427627802,
        0.5026878507435322,
        0.5075844946503639,
        0.5027061441540718,
        0.4898452979326248,
        0.4965358625352383,
        0.5034172841906548
    ],
    "val_accuracy": [
        0.539375,
        0.509375,
        0.5075,
        0.498125,
        0.5,
        0.513125,
        0.501875,
        0.495,
        0.496875,
        0.51625,
        0.508125,
        0.495625,
        0.513125,
        0.4925,
        0.505625,
        0.50375,
        0.4975,
        0.50375,
        0.515,
        0.508125,
        0.504375
    ]
}