{
    "train_loss": [
        0.5014528659719492,
        0.49514865960030263,
        0.47908199808505997,
        0.4625630046361541,
        0.45028586569076584,
        0.4371789629818874,
        0.425486137420151,
        0.4107450314003916,
        0.3929248807864372,
        0.37863486008996816,
        0.36654641658364456,
        0.3618375888282425,
        0.3518826047310958,
        0.35328910532665797,
        0.34610924583622604,
        0.337824462832165,
        0.33619356979940557,
        0.333941116118287,
        0.32961862832625766,
        0.332053039593895,
        0.3244156007513213,
        0.3263240325904503,
        0.3239214083081798,
        0.3269409472453984,
        0.32105352977028445,
        0.31754080122959394,
        0.31179666474917284,
        0.3173128125624755,
        0.3120432539682724,
        0.31140293248771433,
        0.3072830940892186,
        0.3108770019807992,
        0.31728144741456843,
        0.31272295950401896,
        0.30599892567604736,
        0.3032337905465497,
        0.3013050305838584,
        0.3053739045151797,
        0.3054049381506689,
        0.30107718840728953,
        0.3063427695307674,
        0.3089834365988439,
        0.30216958350998746,
        0.2995618211892387
    ],
    "val_loss": [
        0.4988025149703026,
        0.5172815975546837,
        0.4473758974671364,
        0.5273548537492752,
        0.5111188134551048,
        0.5111604750156402,
        0.4912329983711243,
        0.4880367755889893,
        0.4930327853560448,
        0.4396385562419891,
        0.5005416214466095,
        0.46424674957990647,
        0.49111644104123114,
        0.4729767549037933,
        0.4319587954878807,
        0.4605842843651772,
        0.5022743925452232,
        0.433624272942543,
        0.4924214804172516,
        0.4704320323467255,
        0.4580311380326748,
        0.5001792436838151,
        0.4557162219285965,
        0.4144598250091076,
        0.4584426417946815,
        0.4645196217298508,
        0.4302960672974587,
        0.45808063611388206,
        0.482128908932209,
        0.455117290019989,
        0.4657821613550186,
        0.4703033849596977,
        0.49134948223829267,
        0.5115818789601326,
        0.46609099477529525,
        0.4826061663031578,
        0.4649523112177849,
        0.4787005552649498,
        0.47589257642626764,
        0.48891831666231156,
        0.5133095943927765,
        0.4334187684953213,
        0.42247288569808006,
        0.4412376710772514
    ],
    "val_accuracy": [
        0.514375,
        0.431875,
        0.61125,
        0.455625,
        0.47875,
        0.49375,
        0.53125,
        0.525,
        0.515,
        0.570625,
        0.5,
        0.538125,
        0.51375,
        0.52875,
        0.575,
        0.54625,
        0.503125,
        0.57125,
        0.51125,
        0.535625,
        0.5475,
        0.505625,
        0.546875,
        0.591875,
        0.545,
        0.539375,
        0.573125,
        0.546875,
        0.524375,
        0.54625,
        0.53875,
        0.533125,
        0.513125,
        0.489375,
        0.53875,
        0.52125,
        0.539375,
        0.52375,
        0.529375,
        0.516875,
        0.491875,
        0.569375,
        0.58125,
        0.565
    ]
}