{
    "0": {
        "precision": 0.37373737373737376,
        "recall": 0.12333333333333334,
        "f1-score": 0.18546365914786966,
        "support": 300.0
    },
    "1": {
        "precision": 0.6248216833095578,
        "recall": 0.876,
        "f1-score": 0.7293921731890092,
        "support": 500.0
    },
    "accuracy": 0.59375,
    "macro avg": {
        "precision": 0.4992795285234658,
        "recall": 0.49966666666666665,
        "f1-score": 0.4574279161684394,
        "support": 800.0
    },
    "weighted avg": {
        "precision": 0.5306650672199887,
        "recall": 0.59375,
        "f1-score": 0.5254189804235818,
        "support": 800.0
    }
}