{
    "0": {
        "precision": 0.431438127090301,
        "recall": 0.37941176470588234,
        "f1-score": 0.40375586854460094,
        "support": 340.0
    },
    "1": {
        "precision": 0.5788423153692615,
        "recall": 0.6304347826086957,
        "f1-score": 0.603537981269511,
        "support": 460.0
    },
    "accuracy": 0.52375,
    "macro avg": {
        "precision": 0.5051402212297812,
        "recall": 0.5049232736572891,
        "f1-score": 0.503646924907056,
        "support": 800.0
    },
    "weighted avg": {
        "precision": 0.5161955353507033,
        "recall": 0.52375,
        "f1-score": 0.5186305833614242,
        "support": 800.0
    }
}