{
    "0": {
        "precision": 0.16883116883116883,
        "recall": 0.07222222222222222,
        "f1-score": 0.10116731517509728,
        "support": 180.0
    },
    "1": {
        "precision": 0.7690179806362379,
        "recall": 0.896774193548387,
        "f1-score": 0.8279970215934475,
        "support": 620.0
    },
    "accuracy": 0.71125,
    "macro avg": {
        "precision": 0.4689245747337034,
        "recall": 0.4844982078853046,
        "f1-score": 0.46458216838427235,
        "support": 800.0
    },
    "weighted avg": {
        "precision": 0.6339759479800974,
        "recall": 0.71125,
        "f1-score": 0.6644603376493187,
        "support": 800.0
    }
}