{
    "0": {
        "precision": 0.48095238095238096,
        "recall": 0.2525,
        "f1-score": 0.33114754098360655,
        "support": 400.0
    },
    "1": {
        "precision": 0.49322033898305084,
        "recall": 0.7275,
        "f1-score": 0.5878787878787879,
        "support": 400.0
    },
    "accuracy": 0.49,
    "macro avg": {
        "precision": 0.4870863599677159,
        "recall": 0.49,
        "f1-score": 0.4595131644311972,
        "support": 800.0
    },
    "weighted avg": {
        "precision": 0.48708635996771593,
        "recall": 0.49,
        "f1-score": 0.4595131644311972,
        "support": 800.0
    }
}