{
    "0": {
        "precision": 0.272,
        "recall": 0.15454545454545454,
        "f1-score": 0.19710144927536233,
        "support": 220.0
    },
    "1": {
        "precision": 0.7244444444444444,
        "recall": 0.843103448275862,
        "f1-score": 0.7792828685258965,
        "support": 580.0
    },
    "accuracy": 0.65375,
    "macro avg": {
        "precision": 0.49822222222222223,
        "recall": 0.4988244514106583,
        "f1-score": 0.4881921589006294,
        "support": 800.0
    },
    "weighted avg": {
        "precision": 0.6000222222222223,
        "recall": 0.65375,
        "f1-score": 0.6191829782319995,
        "support": 800.0
    }
}