{
    "0": {
        "precision": 0.2972972972972973,
        "recall": 0.07333333333333333,
        "f1-score": 0.11764705882352941,
        "support": 300.0
    },
    "1": {
        "precision": 0.6170798898071626,
        "recall": 0.896,
        "f1-score": 0.7308319738988581,
        "support": 500.0
    },
    "accuracy": 0.5875,
    "macro avg": {
        "precision": 0.45718859355222996,
        "recall": 0.4846666666666667,
        "f1-score": 0.4242395163611938,
        "support": 800.0
    },
    "weighted avg": {
        "precision": 0.49716141761596305,
        "recall": 0.5875,
        "f1-score": 0.5008876307456098,
        "support": 800.0
    }
}