{
    "train_loss": [
        0.6390294459733096,
        0.6433839982206171,
        0.6101672075011514,
        0.6023661234162071,
        0.5886783941225572,
        0.578915061192079,
        0.5805788544091312,
        0.5690107296813618,
        0.5310438952662728,
        0.5619111906398426,
        0.5338642803105441,
        0.5484276435591958,
        0.5327910108999773,
        0.5239842225204815,
        0.5382802085442977,
        0.5210852222009139,
        0.5368193978613073,
        0.5307980217716911,
        0.543384205753153,
        0.5240071860226718,
        0.5131784211505543,
        0.5188284142450853,
        0.5121520882303064,
        0.5242965519428253
    ],
    "val_loss": [
        0.5006172033456656,
        0.5536810178023118,
        0.6110760083565345,
        0.47065477050267734,
        0.6046782796199505,
        0.5125620855734898,
        0.5727250310090872,
        0.47559316020745496,
        0.5354937993563138,
        0.5748965896092928,
        0.5400005918282729,
        0.524520691541525,
        0.5747418550344614,
        0.5572756427984972,
        0.5391340622535119,
        0.5037151896036588,
        0.5440261171414302,
        0.5098015533043788,
        0.540135592680711,
        0.542774589245136,
        0.5246745558885427,
        0.5354972821015578,
        0.5063172161579133,
        0.4976772244159992
    ],
    "val_accuracy": [
        0.5077972709551657,
        0.12085769980506822,
        0.10623781676413255,
        0.7719298245614035,
        0.10623781676413255,
        0.3489278752436647,
        0.10916179337231968,
        0.7904483430799221,
        0.16861598440545808,
        0.10818713450292397,
        0.145224171539961,
        0.20272904483430798,
        0.10818713450292397,
        0.11695906432748537,
        0.14814814814814814,
        0.4619883040935672,
        0.13742690058479531,
        0.3840155945419103,
        0.16471734892787523,
        0.15692007797270954,
        0.26608187134502925,
        0.20662768031189083,
        0.45419103313840153,
        0.5331384015594542
    ]
}