{
    "train_loss": [
        0.6396666927771135,
        0.6141174310987646,
        0.6026644191958688,
        0.5826815084977583,
        0.5620452257719907,
        0.5671561457894065,
        0.5642172775485299,
        0.5662826933644035,
        0.5578460427847776,
        0.5518603482029655,
        0.5358819538896734,
        0.5413226105950095,
        0.5465258034792814,
        0.5358597305687991,
        0.5409514383836226,
        0.5412219795313749,
        0.5271216620098461,
        0.533080751245672,
        0.5245704076506875,
        0.509657295183702,
        0.5173458933830262,
        0.5109808347441933,
        0.5095382186499509,
        0.5034781206737865,
        0.5099199999462475,
        0.5085480381142009,
        0.5123158704150806,
        0.5000936139713634,
        0.4947391845963218,
        0.4996774781833995,
        0.49609215422110126
    ],
    "val_loss": [
        0.5645946667744564,
        0.46437865358132585,
        0.5238629707923302,
        0.49487414956092834,
        0.5015863070121178,
        0.48970833787551293,
        0.47171297944509066,
        0.5179783390118525,
        0.5043994862299699,
        0.5131599151171171,
        0.4546728326724126,
        0.5352156817913055,
        0.5207377933538877,
        0.47295492795797495,
        0.4849833543484028,
        0.4741911842272832,
        0.49524498994533833,
        0.4624467230760134,
        0.4817053047510294,
        0.573201937858875,
        0.4785136708846459,
        0.46102126240730285,
        0.5182430427808028,
        0.4826715464775379,
        0.5116736760506263,
        0.5174095396812145,
        0.528351361476458,
        0.4908397202308361,
        0.529324706701132,
        0.5120889649941371,
        0.5051243511530069
    ],
    "val_accuracy": [
        0.11695906432748537,
        0.8196881091617934,
        0.24269005847953215,
        0.571150097465887,
        0.4951267056530214,
        0.631578947368421,
        0.8011695906432749,
        0.297270955165692,
        0.4697855750487329,
        0.3732943469785575,
        0.847953216374269,
        0.17446393762183235,
        0.3128654970760234,
        0.7563352826510721,
        0.6842105263157895,
        0.7524366471734892,
        0.5760233918128655,
        0.8050682261208577,
        0.6881091617933723,
        0.11208576998050682,
        0.6949317738791423,
        0.7982456140350878,
        0.3684210526315789,
        0.6666666666666666,
        0.4317738791423002,
        0.38693957115009747,
        0.3128654970760234,
        0.5964912280701754,
        0.30116959064327486,
        0.40545808966861596,
        0.4678362573099415
    ]
}