{
    "train_loss": [
        0.6955314668742093,
        0.6309851429679177,
        0.6103288964791731,
        0.5924406593496149,
        0.5967785374684768,
        0.596368798342618,
        0.5738785890015689,
        0.5740234337069772,
        0.5675637272271243,
        0.5710901905189861,
        0.5628836940635334,
        0.5474526053125208,
        0.5486068525097587,
        0.5500759926709262,
        0.5445000594312495,
        0.5456946714357896,
        0.5446748614311219,
        0.5268482262437993,
        0.526398349350149,
        0.5212202781980688,
        0.5278936321085149,
        0.5274333054369146
    ],
    "val_loss": [
        0.5968743727757381,
        0.49277545259549066,
        0.6115021366339464,
        0.5676908428852375,
        0.606866230414464,
        0.5859072896150442,
        0.5178357188518231,
        0.5791467437377342,
        0.6140858732737028,
        0.5655616806103633,
        0.5671503516343924,
        0.5428549684011019,
        0.6081140976685744,
        0.5573212486047011,
        0.5417798198186434,
        0.5498739306743329,
        0.533431808765118,
        0.5628307425058805,
        0.5658661282979525,
        0.5395838875036973,
        0.5505522241959205,
        0.5237678050994873
    ],
    "val_accuracy": [
        0.11208576998050682,
        0.5789473684210527,
        0.1101364522417154,
        0.11988304093567251,
        0.10721247563352826,
        0.10818713450292397,
        0.2651072124756335,
        0.10916179337231968,
        0.10721247563352826,
        0.11695906432748537,
        0.11500974658869395,
        0.14327485380116958,
        0.10623781676413255,
        0.12962962962962962,
        0.16471734892787523,
        0.14619883040935672,
        0.18226120857699804,
        0.13255360623781676,
        0.1189083820662768,
        0.1783625730994152,
        0.1530214424951267,
        0.2631578947368421
    ]
}