{
    "train_loss": [
        0.6746490088376131,
        0.6398200625723058,
        0.6313134421001781,
        0.5920654128898274,
        0.5875295595689254,
        0.5782037523659793,
        0.5709356633099643,
        0.5672922725027257,
        0.5463837092572993,
        0.5638195227492939,
        0.5493350305340506,
        0.5377364987676794,
        0.5400361922654239,
        0.5449589994820682,
        0.5420113027095794,
        0.5359331304376775,
        0.5287335200743242,
        0.526340881802819,
        0.5185539408163591,
        0.5192219560796564,
        0.5240065319971605,
        0.517649426243522,
        0.52820039879192,
        0.5177041471004487,
        0.511383487961509,
        0.5201988274400885,
        0.5263797169381922
    ],
    "val_loss": [
        0.4388668940617488,
        0.47657941167171186,
        0.419732062633221,
        0.47370724311241735,
        0.47634767660727867,
        0.4687803580210759,
        0.39610595748974725,
        0.4820271317775433,
        0.5057778683992532,
        0.42925229118420527,
        0.4514771709075341,
        0.4418426321103023,
        0.4510167571214529,
        0.47773225903511046,
        0.50883949307295,
        0.47256877651581397,
        0.4503082018632155,
        0.4638235284731938,
        0.4898340335259071,
        0.44118531117072474,
        0.44808852901825535,
        0.4766352428839757,
        0.45995164192639865,
        0.5285629538389353,
        0.45980516855533304,
        0.48388528961401717,
        0.49035956813738896
    ],
    "val_accuracy": [
        0.8440545808966862,
        0.7426900584795322,
        0.8762183235867447,
        0.7592592592592593,
        0.7407407407407407,
        0.7758284600389863,
        0.884990253411306,
        0.6871345029239766,
        0.4220272904483431,
        0.8703703703703703,
        0.8382066276803118,
        0.8460038986354775,
        0.8382066276803118,
        0.716374269005848,
        0.41228070175438597,
        0.7436647173489279,
        0.8284600389863548,
        0.7699805068226121,
        0.6033138401559455,
        0.827485380116959,
        0.8109161793372319,
        0.6764132553606238,
        0.7514619883040936,
        0.3235867446393762,
        0.7475633528265108,
        0.6159844054580896,
        0.5750487329434698
    ]
}