{
    "0": {
        "precision": 0.8946925021061499,
        "recall": 0.9275109170305676,
        "f1-score": 0.9108061749571184,
        "support": 1145.0
    },
    "1": {
        "precision": 0.12631578947368421,
        "recall": 0.08759124087591241,
        "f1-score": 0.10344827586206896,
        "support": 137.0
    },
    "accuracy": 0.8377535101404057,
    "macro avg": {
        "precision": 0.5105041457899171,
        "recall": 0.50755107895324,
        "f1-score": 0.5071272254095937,
        "support": 1282.0
    },
    "weighted avg": {
        "precision": 0.812580482113445,
        "recall": 0.8377535101404057,
        "f1-score": 0.8245284587511731,
        "support": 1282.0
    }
}