{
    "train_loss": [
        0.5032395765992809,
        0.4993029167793067,
        0.48834440053390166,
        0.4854006134524134,
        0.46826867810611067,
        0.4494938913530904,
        0.4406739169447293,
        0.42799564425287573,
        0.40933171868911516,
        0.40193049837215783,
        0.3901631199373988,
        0.3778944839838103,
        0.36517196974437227,
        0.3600631499378552,
        0.35115952158502756,
        0.339947999404569,
        0.3300049026758213,
        0.3121158730954372,
        0.3109569793998314,
        0.29302053913253867,
        0.2713435084875581,
        0.2743519346408656,
        0.261194599819888
    ],
    "val_loss": [
        0.601310113472725,
        0.5492204770223418,
        0.46908596736281666,
        0.5248660698755464,
        0.5148164994681059,
        0.5193848111736241,
        0.5366266049555878,
        0.5231593019926726,
        0.5314402584709338,
        0.5006738709869669,
        0.5157674675557151,
        0.5505553194836005,
        0.4997397550006411,
        0.5224158359107687,
        0.5179618814987923,
        0.5222384435917015,
        0.5234187414397055,
        0.5160013828704606,
        0.5213887277823775,
        0.5036347710819387,
        0.5385873884852252,
        0.5268851156110195,
        0.48898839683675055
    ],
    "val_accuracy": [
        0.33707865168539325,
        0.34269662921348315,
        0.5599250936329588,
        0.4597378277153558,
        0.47284644194756553,
        0.4700374531835206,
        0.45880149812734083,
        0.47846441947565543,
        0.47846441947565543,
        0.5046816479400749,
        0.49812734082397003,
        0.4700374531835206,
        0.5065543071161048,
        0.49625468164794007,
        0.5028089887640449,
        0.5,
        0.49063670411985016,
        0.5028089887640449,
        0.48782771535580527,
        0.5196629213483146,
        0.47752808988764045,
        0.48782771535580527,
        0.5234082397003745
    ]
}