{
    "train_loss": [
        0.5240846894351132,
        0.5016666134002761,
        0.4937524520998518,
        0.49030908222856195,
        0.48057418547827624,
        0.4670599110314411,
        0.4568287009382483,
        0.4443194469794851,
        0.43656336284916974,
        0.42202141447901137,
        0.4141961177581637,
        0.4020740776666867,
        0.39840783009975417,
        0.3907054619395674,
        0.3821260452710936,
        0.3620239033781249,
        0.3712684098135662,
        0.362721661555356,
        0.3550579449519735,
        0.3505804690674608,
        0.34166544991467385,
        0.33856623373888983,
        0.327732329224718,
        0.3261373575244631,
        0.3224921645642501,
        0.32314869985351424,
        0.3153777339041527,
        0.30541691363885487,
        0.30142697005583147,
        0.29801303948381264,
        0.30219400681445163,
        0.29400818827997877,
        0.2992501131859906,
        0.28875422932831524,
        0.2882848255189475,
        0.2837397276327528,
        0.27720277143523026,
        0.27479227449689886,
        0.2754329271761361,
        0.2711286442767223
    ],
    "val_loss": [
        0.5593026796383644,
        0.4811420614150033,
        0.5150263923317638,
        0.5617936751735744,
        0.4663832552397429,
        0.46345338981543016,
        0.5096348248310943,
        0.5458423922311014,
        0.578465262010916,
        0.4628042196159932,
        0.4725885698154791,
        0.4766524153858868,
        0.5182481554906759,
        0.5073129623683531,
        0.5235450628088482,
        0.5180868570929142,
        0.500061742850204,
        0.5201230883153517,
        0.48900458883883346,
        0.4521143534290257,
        0.5101472619754165,
        0.48999341010157743,
        0.5100115097280759,
        0.5105004775435177,
        0.5225073886451437,
        0.5163198033375527,
        0.49439557141332485,
        0.48950354999570705,
        0.5052714165466935,
        0.4921690154431471,
        0.5109867960659426,
        0.5045182099982873,
        0.504250372968503,
        0.5073406304886092,
        0.49215992084190024,
        0.504786594367739,
        0.4700834055000277,
        0.4815294778169091,
        0.4805078108364077,
        0.473477490579904
    ],
    "val_accuracy": [
        0.33707865168539325,
        0.5945692883895131,
        0.4297752808988764,
        0.3913857677902622,
        0.5646067415730337,
        0.5571161048689138,
        0.4803370786516854,
        0.44662921348314605,
        0.4166666666666667,
        0.5580524344569289,
        0.5430711610486891,
        0.5215355805243446,
        0.5009363295880149,
        0.49812734082397003,
        0.4653558052434457,
        0.4803370786516854,
        0.499063670411985,
        0.48782771535580527,
        0.5196629213483146,
        0.5627340823970037,
        0.5,
        0.5243445692883895,
        0.5065543071161048,
        0.4953183520599251,
        0.5074906367041199,
        0.5093632958801498,
        0.5187265917602997,
        0.5271535580524345,
        0.5065543071161048,
        0.5252808988764045,
        0.5121722846441947,
        0.5187265917602997,
        0.5009363295880149,
        0.5009363295880149,
        0.5187265917602997,
        0.5028089887640449,
        0.5430711610486891,
        0.5290262172284644,
        0.5402621722846442,
        0.5411985018726592
    ]
}