{
    "train_loss": [
        0.5015897932898234,
        0.4990018773548709,
        0.4924909890872504,
        0.47868424830178324,
        0.47207831984083054,
        0.4625727867551625,
        0.44887987542622193,
        0.44391682369662033,
        0.4267464028350238,
        0.42290574943490805,
        0.4077526135691281,
        0.4003479990906316,
        0.3902168252638408,
        0.37653476153982096,
        0.3732313471181052,
        0.36269884523499774,
        0.3639042039076096,
        0.3517154784772196,
        0.34564381749759165,
        0.33221796103592577,
        0.3263281326135391,
        0.31757053204357916
    ],
    "val_loss": [
        0.5234621678715321,
        0.38906780797154156,
        0.49205466348733473,
        0.48669864837803056,
        0.5461599444275471,
        0.5089845007924891,
        0.5850449796043226,
        0.5387635577970477,
        0.46147073783091647,
        0.49008363529817384,
        0.5424494000513163,
        0.5446677697238638,
        0.5547889644530282,
        0.5394920697852746,
        0.5238108772840073,
        0.5220826570667437,
        0.5229284696614565,
        0.4857866848582652,
        0.5297559161684406,
        0.5092893798849476,
        0.5542519666365723,
        0.5273197942705297
    ],
    "val_accuracy": [
        0.350187265917603,
        0.6629213483146067,
        0.5355805243445693,
        0.5243445692883895,
        0.42696629213483145,
        0.499063670411985,
        0.39419475655430714,
        0.4288389513108614,
        0.5552434456928839,
        0.5159176029962547,
        0.4541198501872659,
        0.4606741573033708,
        0.4541198501872659,
        0.47284644194756553,
        0.4756554307116105,
        0.48314606741573035,
        0.4934456928838951,
        0.5383895131086143,
        0.4747191011235955,
        0.5,
        0.4541198501872659,
        0.4943820224719101
    ]
}