{
    "train_loss": [
        0.50919977241549,
        0.5025711370806388,
        0.4975143355395406,
        0.48424796209546733,
        0.4774313511813215,
        0.46666440822808025,
        0.45061622068212537,
        0.44026917975230756,
        0.4247778610789717,
        0.41250467498607823,
        0.4039147317849944,
        0.39027664212170493,
        0.38571158668090555,
        0.37128423917763337,
        0.36613309897225477,
        0.36121438796003463,
        0.35120785676787053,
        0.33431407662448037,
        0.32150386640884604,
        0.3232907480353792,
        0.3095714637431605,
        0.2925681797374646,
        0.28177510759806984,
        0.2816957487848592,
        0.2766674153800375,
        0.26186079421800934,
        0.26880022948561927,
        0.26061104550003417,
        0.254338066602869,
        0.2501353905559173,
        0.2533901985642945,
        0.24046394777635635,
        0.23828210984471396,
        0.2318858011290798,
        0.22846528149113574,
        0.23238985928628833,
        0.2330066560047307,
        0.2269513861372553,
        0.22778383158881382,
        0.22424977392031642,
        0.21680578765610756,
        0.20891197125789862,
        0.2137411650306926,
        0.20911835705668763,
        0.20435318190219073,
        0.20536942616692316,
        0.20577731909312932,
        0.20390667836067125,
        0.19596692960103745,
        0.18936444836407165,
        0.19310061691393113,
        0.18905906337932707,
        0.1918328152464822,
        0.18071846434562078,
        0.1862147642583976,
        0.18553480354546031,
        0.18671925882510657,
        0.19336341113182418,
        0.17805966539446064,
        0.1759131657409257,
        0.18582118030068617,
        0.18328858488078775
    ],
    "val_loss": [
        0.5395766278701042,
        0.5871038041008052,
        0.54661485107977,
        0.48803494225687055,
        0.47454202664432243,
        0.5268327242402888,
        0.4883430720265232,
        0.49730249216307454,
        0.49169283126717184,
        0.5403867145972465,
        0.5028227754493257,
        0.4772437401671908,
        0.4869270257985414,
        0.5737295955864351,
        0.556093684772947,
        0.4746179473933889,
        0.5085130476239902,
        0.5304690506031264,
        0.47092455847939446,
        0.5463079454293892,
        0.5018297295961807,
        0.5015206808474526,
        0.4943258121832093,
        0.520744037717136,
        0.4589827572231862,
        0.5132180794851103,
        0.5144207299645267,
        0.508002669286372,
        0.4900659769773483,
        0.5074550166948518,
        0.4800404988562883,
        0.49256134033203125,
        0.5256183156326636,
        0.4859577688708234,
        0.5295240162913479,
        0.5186141764939721,
        0.4572026442680786,
        0.5212572942029184,
        0.47661179815655325,
        0.4969499424767138,
        0.48476424323978706,
        0.4454977621338261,
        0.4900841076872242,
        0.48429577697568865,
        0.4757263128882024,
        0.46624087531175185,
        0.47039890734117423,
        0.5065467315378474,
        0.5150622213954357,
        0.5101927198580841,
        0.4923919461556335,
        0.4958472609964769,
        0.4763553865365128,
        0.49494037387976003,
        0.5263024857684747,
        0.5437189603029792,
        0.48106167787936194,
        0.5222120031492034,
        0.5157237791303378,
        0.47781720357154733,
        0.5103404017081902,
        0.490619706573771
    ],
    "val_accuracy": [
        0.33707865168539325,
        0.33707865168539325,
        0.34363295880149813,
        0.545880149812734,
        0.5514981273408239,
        0.4794007490636704,
        0.5149812734082397,
        0.5074906367041199,
        0.5243445692883895,
        0.46441947565543074,
        0.5280898876404494,
        0.5327715355805244,
        0.5327715355805244,
        0.4297752808988764,
        0.45318352059925093,
        0.5440074906367042,
        0.5074906367041199,
        0.4803370786516854,
        0.550561797752809,
        0.45880149812734083,
        0.5140449438202247,
        0.5084269662921348,
        0.5205992509363296,
        0.4934456928838951,
        0.5571161048689138,
        0.499063670411985,
        0.4943820224719101,
        0.5009363295880149,
        0.5140449438202247,
        0.5084269662921348,
        0.5252808988764045,
        0.5140449438202247,
        0.4747191011235955,
        0.5234082397003745,
        0.4859550561797753,
        0.4868913857677903,
        0.5571161048689138,
        0.4850187265917603,
        0.5308988764044944,
        0.5093632958801498,
        0.5234082397003745,
        0.5608614232209738,
        0.5177902621722846,
        0.5205992509363296,
        0.5308988764044944,
        0.5393258426966292,
        0.5383895131086143,
        0.5,
        0.4887640449438202,
        0.50187265917603,
        0.5149812734082397,
        0.5093632958801498,
        0.5308988764044944,
        0.5102996254681648,
        0.4794007490636704,
        0.46254681647940077,
        0.5271535580524345,
        0.48408239700374533,
        0.49250936329588013,
        0.5271535580524345,
        0.49625468164794007,
        0.5196629213483146
    ]
}