{
    "train_loss": [
        0.513725020908957,
        0.4988640273733092,
        0.4922322641158926,
        0.4837662486607218,
        0.47764888258990396,
        0.46914639746027037,
        0.45922717452049255,
        0.4450069329715127,
        0.43549972772598267,
        0.423906559280574,
        0.4159409336268608,
        0.4052130582150567,
        0.39823958006104815,
        0.3843603450529681,
        0.37889238083597476,
        0.3678509858735089,
        0.36660763636011207,
        0.35196835419227335,
        0.35004242212314324,
        0.3355457847341528,
        0.33597034193905706,
        0.3245718077632594,
        0.32280447708415283
    ],
    "val_loss": [
        0.5096025173343829,
        0.4567613143529465,
        0.44486004959291486,
        0.45434964503814923,
        0.448426955226642,
        0.4971598395660742,
        0.5140227831121701,
        0.48395234479833005,
        0.543879512975465,
        0.5473881314939527,
        0.5274594728626422,
        0.4912147526420764,
        0.5297453861628005,
        0.542344853949191,
        0.5227040955379828,
        0.5637556857137538,
        0.533167477863938,
        0.5456607755440385,
        0.5287958290149917,
        0.5490276168531446,
        0.5163065368559823,
        0.5121144394376385,
        0.5401892737666173
    ],
    "val_accuracy": [
        0.43913857677902624,
        0.6179775280898876,
        0.6320224719101124,
        0.5945692883895131,
        0.6076779026217228,
        0.5,
        0.47284644194756553,
        0.5159176029962547,
        0.4541198501872659,
        0.4447565543071161,
        0.48408239700374533,
        0.5280898876404494,
        0.4897003745318352,
        0.4756554307116105,
        0.48314606741573035,
        0.4616104868913858,
        0.4756554307116105,
        0.49625468164794007,
        0.4812734082397004,
        0.4812734082397004,
        0.49625468164794007,
        0.4897003745318352,
        0.47752808988764045
    ]
}