{
    "train_loss": [
        0.5151566330141621,
        0.49827234013914473,
        0.4905654376950757,
        0.4758469775098885,
        0.46870868678750666,
        0.45497258836999904,
        0.44418630312229024,
        0.42820369404525005,
        0.41896840423492376,
        0.406040005716197,
        0.39577248949429084,
        0.39155934692309996,
        0.38115742846662776,
        0.3719357376174974,
        0.35976508406582725,
        0.3516693220937193,
        0.343262417196053,
        0.33279010814986204,
        0.3103871395435239,
        0.30443614145071046,
        0.29786007278805293,
        0.28928597260431704,
        0.29568972699160645,
        0.2678682460022971,
        0.26539486958622344,
        0.2580684705687861
    ],
    "val_loss": [
        0.5659946452325849,
        0.49950586504011013,
        0.5006445739696275,
        0.5390413372374293,
        0.5044222131593904,
        0.43771329477651794,
        0.4937488418906482,
        0.5269536771881047,
        0.4744887423159471,
        0.5132662044532263,
        0.5034199365928992,
        0.47773339477047994,
        0.5097776259948958,
        0.5305401478240739,
        0.5509148547008856,
        0.5020874752037561,
        0.5205479522249592,
        0.4971483865780617,
        0.5251362363793957,
        0.5411811831282146,
        0.525109585096587,
        0.5136570810382046,
        0.5074526623113832,
        0.5468827067916073,
        0.4587028413566191,
        0.5077518582788866
    ],
    "val_accuracy": [
        0.33707865168539325,
        0.50187265917603,
        0.48314606741573035,
        0.42790262172284643,
        0.49812734082397003,
        0.6114232209737828,
        0.5102996254681648,
        0.4803370786516854,
        0.547752808988764,
        0.5009363295880149,
        0.5102996254681648,
        0.5346441947565543,
        0.5074906367041199,
        0.4934456928838951,
        0.450374531835206,
        0.5196629213483146,
        0.48408239700374533,
        0.5187265917602997,
        0.49157303370786515,
        0.46722846441947563,
        0.46629213483146065,
        0.48314606741573035,
        0.4934456928838951,
        0.449438202247191,
        0.5561797752808989,
        0.50187265917603
    ]
}