{
    "0": {
        "precision": 0.35251798561151076,
        "recall": 0.2722222222222222,
        "f1-score": 0.3072100313479624,
        "support": 180.0
    },
    "1": {
        "precision": 0.6683544303797468,
        "recall": 0.7457627118644068,
        "f1-score": 0.7049399198931909,
        "support": 354.0
    },
    "accuracy": 0.5861423220973783,
    "macro avg": {
        "precision": 0.5104362079956288,
        "recall": 0.5089924670433145,
        "f1-score": 0.5060749756205767,
        "support": 534.0
    },
    "weighted avg": {
        "precision": 0.5618927074241616,
        "recall": 0.5861423220973783,
        "f1-score": 0.5708736653273836,
        "support": 534.0
    }
}