{
    "0": {
        "precision": 0.5,
        "recall": 0.005555555555555556,
        "f1-score": 0.01098901098901099,
        "support": 180.0
    },
    "1": {
        "precision": 0.6635338345864662,
        "recall": 0.9971751412429378,
        "f1-score": 0.7968397291196389,
        "support": 354.0
    },
    "accuracy": 0.6629213483146067,
    "macro avg": {
        "precision": 0.5817669172932332,
        "recall": 0.5013653483992467,
        "f1-score": 0.4039143700543249,
        "support": 534.0
    },
    "weighted avg": {
        "precision": 0.608410070119118,
        "recall": 0.6629213483146067,
        "f1-score": 0.5319462286261688,
        "support": 534.0
    }
}