{
    "0": {
        "precision": 0.0,
        "recall": 0.0,
        "f1-score": 0.0,
        "support": 180.0
    },
    "1": {
        "precision": 0.6622889305816135,
        "recall": 0.9971751412429378,
        "f1-score": 0.7959413754227734,
        "support": 354.0
    },
    "accuracy": 0.6610486891385767,
    "macro avg": {
        "precision": 0.33114446529080677,
        "recall": 0.4985875706214689,
        "f1-score": 0.3979706877113867,
        "support": 534.0
    },
    "weighted avg": {
        "precision": 0.4390454708350022,
        "recall": 0.6610486891385767,
        "f1-score": 0.5276465297746475,
        "support": 534.0
    }
}