{
    "0": {
        "precision": 0.3181818181818182,
        "recall": 0.11666666666666667,
        "f1-score": 0.17073170731707318,
        "support": 180.0
    },
    "1": {
        "precision": 0.6602564102564102,
        "recall": 0.8728813559322034,
        "f1-score": 0.7518248175182481,
        "support": 354.0
    },
    "accuracy": 0.6179775280898876,
    "macro avg": {
        "precision": 0.48921911421911424,
        "recall": 0.49477401129943505,
        "f1-score": 0.4612782624176607,
        "support": 534.0
    },
    "weighted avg": {
        "precision": 0.5449503679840758,
        "recall": 0.6179775280898876,
        "f1-score": 0.5559507354279645,
        "support": 534.0
    }
}