{
    "train_loss": [
        0.5777173150669445,
        0.5588249851356853,
        0.5402409331365066,
        0.5367763595147567,
        0.5252616562626579,
        0.5142138502814553,
        0.5059748313643716,
        0.5166463044556704,
        0.5040066247636622,
        0.5011864878914573,
        0.49811452681368046,
        0.49979339133609424,
        0.48906107544898986,
        0.489061578837308,
        0.49663160605864093,
        0.49613525650717993,
        0.4916222025047649,
        0.48934641805562107,
        0.4816390010443601,
        0.5003205228935589,
        0.4913938950408589,
        0.48150118535215203,
        0.49163017652251506,
        0.4777617487040433,
        0.48217071132226424,
        0.47242825681513007,
        0.46680245399475095,
        0.4763945579528809,
        0.4723883504217321,
        0.4691522078080611,
        0.46847345991568135,
        0.4707165371287953,
        0.4750193774700165,
        0.4666447173465382,
        0.46152198802341116,
        0.4629023459824649,
        0.4654834806919098,
        0.47248218005353754,
        0.4631283223628998,
        0.4626149199225686,
        0.454680012031035,
        0.4627138322049921,
        0.45470882437445903,
        0.4672743331302296,
        0.4543909885666587,
        0.4499880682338368,
        0.4492616821419109,
        0.4546605857935819,
        0.45803341269493103,
        0.4463756582953713,
        0.45188909335569905,
        0.44693653691898694,
        0.4460111753507094,
        0.4444007467139851,
        0.4402484584938396,
        0.45127739093520425,
        0.43411017222837966,
        0.4484006025574424,
        0.45368961095809934,
        0.4496073852885853,
        0.42757417559623717,
        0.4347555631941015,
        0.4393984187733043,
        0.4435744816606695,
        0.4374347204511816,
        0.44379780184138906,
        0.4464352634820071
    ],
    "val_loss": [
        0.5002814334172468,
        0.4979075537278102,
        0.5001175467784588,
        0.5029169339400071,
        0.5033747833508712,
        0.5041096545182742,
        0.49849424362182615,
        0.5034729994260347,
        0.5029806283804087,
        0.49764125026189365,
        0.5014728248119354,
        0.49927005125926094,
        0.49644841184982885,
        0.49220551023116477,
        0.5024063344185169,
        0.49770066417180575,
        0.5015423467526069,
        0.5009673178195954,
        0.4976961291753329,
        0.5048455623479989,
        0.5074997480099018,
        0.49808090237470776,
        0.4982121930672572,
        0.49601337726299577,
        0.49185993258769695,
        0.4967117396684793,
        0.5015027889838586,
        0.500550022492042,
        0.5019955107798943,
        0.5007130531164316,
        0.49777799477944007,
        0.4912176705323733,
        0.49379946543620185,
        0.49706880817046534,
        0.4947434017291436,
        0.4946509627195505,
        0.5019133884173174,
        0.49279235784824077,
        0.4960131429708921,
        0.49460620100681596,
        0.49855788120856653,
        0.4973311016192803,
        0.4963462109749134,
        0.5004948308834662,
        0.5006481803380526,
        0.4984400955530313,
        0.489770305615205,
        0.49437954288262587,
        0.5020699487282679,
        0.5032658118468064,
        0.49082146149415234,
        0.503980801655696,
        0.508248855975958,
        0.5046900639167199,
        0.5024261882671943,
        0.49937162628540627,
        0.5035297866051014,
        0.5026677590150099,
        0.500478451527082,
        0.5064307157809917,
        0.50818788088285,
        0.5112232281611516,
        0.5061502002752745,
        0.5058374423247117,
        0.5045295119285583,
        0.4929537255030412,
        0.4970180768233079
    ],
    "val_accuracy": [
        0.6832358674463938,
        0.6949317738791423,
        0.5955165692007798,
        0.5311890838206628,
        0.5224171539961013,
        0.5116959064327485,
        0.5272904483430799,
        0.5,
        0.4951267056530214,
        0.5233918128654971,
        0.5116959064327485,
        0.5185185185185185,
        0.5341130604288499,
        0.550682261208577,
        0.5,
        0.5253411306042886,
        0.5107212475633528,
        0.5146198830409356,
        0.5350877192982456,
        0.4922027290448343,
        0.48635477582846004,
        0.5350877192982456,
        0.5341130604288499,
        0.5409356725146199,
        0.5487329434697856,
        0.5321637426900585,
        0.5077972709551657,
        0.5087719298245614,
        0.5048732943469786,
        0.5165692007797271,
        0.5263157894736842,
        0.5526315789473685,
        0.543859649122807,
        0.5272904483430799,
        0.5360623781676414,
        0.5360623781676414,
        0.5097465886939572,
        0.5448343079922028,
        0.5224171539961013,
        0.5282651072124757,
        0.5185185185185185,
        0.5272904483430799,
        0.5282651072124757,
        0.51364522417154,
        0.5048732943469786,
        0.5097465886939572,
        0.5370370370370371,
        0.5194931773879142,
        0.5058479532163743,
        0.4902534113060429,
        0.5350877192982456,
        0.49122807017543857,
        0.48148148148148145,
        0.48635477582846004,
        0.5,
        0.50682261208577,
        0.48830409356725146,
        0.4922027290448343,
        0.5029239766081871,
        0.4756335282651072,
        0.4678362573099415,
        0.46101364522417154,
        0.4824561403508772,
        0.48635477582846004,
        0.48830409356725146,
        0.5321637426900585,
        0.5116959064327485
    ]
}