{
    "train_loss": [
        0.7823760368607261,
        0.7235237630930814,
        0.6604215416041288,
        0.6129536455327814,
        0.5812311725182967,
        0.548904005505822,
        0.5485946601087397,
        0.5314168480309573,
        0.5265156789259477,
        0.517346051606265,
        0.5105748301202601,
        0.5087279617786408,
        0.5157789176160639,
        0.5011971744624051,
        0.507080918008631,
        0.5003466925837777,
        0.49709287177432665,
        0.49493139657107266,
        0.4953782108697024,
        0.4871774532578208,
        0.4934039365161549,
        0.4831203590739857,
        0.4812877199866555,
        0.4895000311461362,
        0.4887383769858967,
        0.49123505462299694,
        0.4772219137711958,
        0.48219898776574566,
        0.47740921649065887,
        0.4843400792642073,
        0.4878294408321381
    ],
    "val_loss": [
        0.5260193824768067,
        0.5437647993748005,
        0.5510031956892747,
        0.5475778102874755,
        0.541078115426577,
        0.5279786765575409,
        0.5170957849575923,
        0.5062687346568474,
        0.4957623880643111,
        0.4910248279571533,
        0.4909723676168002,
        0.49425011964944693,
        0.4958329521692716,
        0.4966145506271949,
        0.4972229696237124,
        0.4983505551631634,
        0.4962556275037619,
        0.49275570328419027,
        0.49299994111061096,
        0.4966179751432859,
        0.4951943044479077,
        0.4988163008139684,
        0.49872404841276313,
        0.5028158050317031,
        0.500965613585252,
        0.5009925099519583,
        0.49942253094453076,
        0.4997632838212527,
        0.4987305026787978,
        0.49556563817537747,
        0.4989739518899184
    ],
    "val_accuracy": [
        0.11306042884990253,
        0.11598440545808966,
        0.13937621832358674,
        0.1861598440545809,
        0.24853801169590642,
        0.33235867446393763,
        0.40058479532163743,
        0.4571150097465887,
        0.5,
        0.5194931773879142,
        0.5272904483430799,
        0.5214424951267057,
        0.5253411306042886,
        0.5311890838206628,
        0.5263157894736842,
        0.5282651072124757,
        0.5341130604288499,
        0.5467836257309941,
        0.5487329434697856,
        0.5380116959064327,
        0.543859649122807,
        0.5331384015594542,
        0.5272904483430799,
        0.5077972709551657,
        0.5155945419103314,
        0.5175438596491229,
        0.5185185185185185,
        0.5185185185185185,
        0.5214424951267057,
        0.5380116959064327,
        0.5243664717348928
    ]
}