{
    "train_loss": [
        0.6455512090162797,
        0.5897016584873199,
        0.5837674092162739,
        0.5644929333166643,
        0.5439302834597501,
        0.5289008915424347,
        0.5384992718696594,
        0.5352765392173421,
        0.532628671689467,
        0.5272828253832731,
        0.5182614906267686,
        0.5258731376041066,
        0.5050421367992054,
        0.5122106714682145,
        0.5115824130448428,
        0.5042778405276211,
        0.5055596898902547,
        0.5063958845355294,
        0.5070733547210693,
        0.5059957303784111,
        0.49686638062650507,
        0.51086324615912,
        0.49344623468138954,
        0.49319497888738456,
        0.4959470125761899,
        0.49880708185109224,
        0.47983711741187357,
        0.5018228422511708,
        0.49662354588508606,
        0.48945381099527535,
        0.4855224154212258,
        0.4926851982420141,
        0.48025345693935045,
        0.47845198891379614,
        0.48386411395939916,
        0.4908380074934526,
        0.48598230860450053,
        0.47603418881242926,
        0.5004557333209297,
        0.4748667142607949,
        0.47714170759374447,
        0.4756604015827179,
        0.4777725729075345,
        0.47365258010950956,
        0.4738878309726715,
        0.4788777080449191,
        0.4707440874793313,
        0.4775385715744712,
        0.4687764915553006,
        0.4758978859944777,
        0.4731954422864047,
        0.4697783415967768,
        0.4717312438921495,
        0.4653166196563027,
        0.4620559659871188,
        0.47384763089093296,
        0.46800352172418075,
        0.4688686484640295,
        0.46950016130100597,
        0.47151704972440545,
        0.45780416943810204,
        0.46651455814188175,
        0.4648115797476335,
        0.46488351821899415,
        0.45014682737263767,
        0.46021700609814037,
        0.4622286422686143
    ],
    "val_loss": [
        0.5016151804190415,
        0.5034423461327187,
        0.5061938093258784,
        0.5076275655856499,
        0.5122785586577195,
        0.5132052967181573,
        0.5080570679444533,
        0.5084539587681111,
        0.511890323803975,
        0.5058623336828671,
        0.5086001281554883,
        0.5068345349568587,
        0.49970145042125996,
        0.4970346790093642,
        0.49916523832541243,
        0.500801882835535,
        0.5008089624918424,
        0.5014743002561423,
        0.5011987539438101,
        0.5039317378631005,
        0.5072174727916717,
        0.5080905703397898,
        0.5059094506960649,
        0.4995264731920682,
        0.4974515887407156,
        0.4965792811833895,
        0.498566820529791,
        0.5022984779798068,
        0.495387968650231,
        0.49419577763630795,
        0.5004878979462843,
        0.4989491765315716,
        0.4948273411163917,
        0.4895661074381608,
        0.49299941613123965,
        0.4960844833117265,
        0.48853243864499607,
        0.4874826445029332,
        0.4924269561584179,
        0.492438942193985,
        0.49851125616293684,
        0.4987597630574153,
        0.500153864805515,
        0.4933164468178382,
        0.48755534107868487,
        0.4909089505672455,
        0.4870904647386991,
        0.4930789631146651,
        0.49506313938360946,
        0.4971674405611478,
        0.49085387908495387,
        0.49299496779075036,
        0.49691482461415803,
        0.49163555732140174,
        0.4912832924952874,
        0.4926962435245514,
        0.4947617645447071,
        0.4902765782979818,
        0.49621913937421946,
        0.49235940025402947,
        0.4901484021773705,
        0.49343734154334434,
        0.49615942102212174,
        0.4926807476924016,
        0.49593378626383267,
        0.4961608689564925,
        0.49557482783611007
    ],
    "val_accuracy": [
        0.5077972709551657,
        0.4756335282651072,
        0.4668615984405458,
        0.48635477582846004,
        0.46101364522417154,
        0.48050682261208577,
        0.5058479532163743,
        0.5077972709551657,
        0.49610136452241715,
        0.5243664717348928,
        0.51364522417154,
        0.52046783625731,
        0.5555555555555556,
        0.5662768031189084,
        0.5545808966861598,
        0.5487329434697856,
        0.5477582846003899,
        0.5458089668615984,
        0.5409356725146199,
        0.5341130604288499,
        0.5175438596491229,
        0.5194931773879142,
        0.5263157894736842,
        0.550682261208577,
        0.5565302144249513,
        0.5653021442495126,
        0.5594541910331384,
        0.5428849902534113,
        0.564327485380117,
        0.5721247563352827,
        0.5458089668615984,
        0.550682261208577,
        0.5701754385964912,
        0.5877192982456141,
        0.5779727095516569,
        0.5653021442495126,
        0.5955165692007798,
        0.601364522417154,
        0.5750487329434698,
        0.5740740740740741,
        0.5477582846003899,
        0.5516569200779727,
        0.5428849902534113,
        0.5828460038986355,
        0.5984405458089669,
        0.5896686159844055,
        0.601364522417154,
        0.5789473684210527,
        0.5730994152046783,
        0.5653021442495126,
        0.594541910331384,
        0.5779727095516569,
        0.564327485380117,
        0.5867446393762183,
        0.5925925925925926,
        0.5828460038986355,
        0.5730994152046783,
        0.5955165692007798,
        0.5682261208576999,
        0.5789473684210527,
        0.5818713450292398,
        0.571150097465887,
        0.5584795321637427,
        0.5750487329434698,
        0.564327485380117,
        0.571150097465887,
        0.5760233918128655
    ]
}