{
    "0": {
        "precision": 0.5324614666043904,
        "recall": 0.8892355694227769,
        "f1-score": 0.6660823838737949,
        "support": 1282.0
    },
    "1": {
        "precision": 0.6476426799007444,
        "recall": 0.20681458003169573,
        "f1-score": 0.31351351351351353,
        "support": 1262.0
    },
    "accuracy": 0.5507075471698113,
    "macro avg": {
        "precision": 0.5900520732525674,
        "recall": 0.5480250747272364,
        "f1-score": 0.48979794869365423,
        "support": 2544.0
    },
    "weighted avg": {
        "precision": 0.5895993169109937,
        "recall": 0.5507075471698113,
        "f1-score": 0.4911838326180264,
        "support": 2544.0
    }
}