{
    "0": {
        "precision": 0.5287698412698413,
        "recall": 0.8487261146496815,
        "f1-score": 0.6515892420537898,
        "support": 1256.0
    },
    "1": {
        "precision": 0.6401515151515151,
        "recall": 0.26242236024844723,
        "f1-score": 0.3722466960352423,
        "support": 1288.0
    },
    "accuracy": 0.5518867924528302,
    "macro avg": {
        "precision": 0.5844606782106783,
        "recall": 0.5555742374490644,
        "f1-score": 0.511917969044516,
        "support": 2544.0
    },
    "weighted avg": {
        "precision": 0.58516119188289,
        "recall": 0.5518867924528302,
        "f1-score": 0.5101610976859088,
        "support": 2544.0
    }
}