{
    "train_loss": [
        0.6544482286634117,
        0.5791697049963063,
        0.5584060477799383,
        0.5495581493295473,
        0.5311032360410456,
        0.5423571006417862,
        0.5233835834881355,
        0.5185284712925333,
        0.5116383731365204,
        0.5112456873132678,
        0.5130609516146147,
        0.508439851365066,
        0.5062708424523547,
        0.5038173502595554,
        0.49966961174762897,
        0.5037820271670524,
        0.4961921390641499,
        0.4934907464558268,
        0.49929492476538484,
        0.49419490941639604,
        0.49844998268071067,
        0.49658848205810696,
        0.4929984207517408,
        0.4912157902870272,
        0.48356329278992904,
        0.48558081180004065,
        0.4842899882147465,
        0.48206850357830816,
        0.4829644717900037,
        0.48109626358953017,
        0.47320431368104343,
        0.47997159264945044,
        0.4819310931442994,
        0.47640574800557106,
        0.47383519757557385,
        0.47685613303348934,
        0.4772973520121551
    ],
    "val_loss": [
        0.4848521307333192,
        0.47680832823710656,
        0.4825876693227398,
        0.46826280809160487,
        0.47047512388941065,
        0.48429592465286825,
        0.4974658800594842,
        0.46634473907413765,
        0.4611152672945564,
        0.4883047956139294,
        0.5100780009333767,
        0.4924435464303885,
        0.49552773539699724,
        0.48167058692049625,
        0.46425849644105827,
        0.4755241359347728,
        0.45969291498411946,
        0.476788813053672,
        0.4850054712437872,
        0.4705906790583881,
        0.4944795543578134,
        0.49005299406265146,
        0.4928829923494538,
        0.4840354154359049,
        0.4714680781115347,
        0.4633277819227816,
        0.4857069151615029,
        0.46141372732262115,
        0.4604129564406267,
        0.49459446899926485,
        0.4812178985396428,
        0.5016236754495706,
        0.48439147712579417,
        0.489836991722904,
        0.4957743696312406,
        0.4917095761690567,
        0.46923681026074426
    ],
    "val_accuracy": [
        0.6441947565543071,
        0.6591760299625468,
        0.6573033707865169,
        0.6629213483146067,
        0.6629213483146067,
        0.6629213483146067,
        0.5749063670411985,
        0.6629213483146067,
        0.6629213483146067,
        0.6282771535580525,
        0.3698501872659176,
        0.5880149812734082,
        0.5580524344569289,
        0.6329588014981273,
        0.6610486891385767,
        0.647003745318352,
        0.6573033707865169,
        0.6310861423220974,
        0.6067415730337079,
        0.6367041198501873,
        0.552434456928839,
        0.5702247191011236,
        0.5543071161048689,
        0.5870786516853933,
        0.6048689138576779,
        0.6039325842696629,
        0.5702247191011236,
        0.6058052434456929,
        0.6048689138576779,
        0.5308988764044944,
        0.5664794007490637,
        0.5131086142322098,
        0.5617977528089888,
        0.5402621722846442,
        0.5177902621722846,
        0.5346441947565543,
        0.5758426966292135
    ]
}