{
    "train_loss": [
        0.6309407652892502,
        0.574973130020602,
        0.5638404064284169,
        0.5462287811222922,
        0.54303029194254,
        0.5269026964756068,
        0.5288302017550163,
        0.5248326478626928,
        0.5154596464387302,
        0.5103313824519735,
        0.5096024544955474,
        0.5118529820089857,
        0.5043024389908232,
        0.5062655474752041,
        0.5044473105757107,
        0.5003594657764059,
        0.5067799693257938,
        0.5021931922494485,
        0.4948720589940771,
        0.4966055068182828,
        0.49949877470584925,
        0.49676943750217045,
        0.49998103192287124,
        0.4935533289838894,
        0.4990101305428397,
        0.49090694779245725,
        0.4943697028265798,
        0.49170891448781995,
        0.4955927422774836,
        0.4911469918460094,
        0.48821380984019763,
        0.48678288010540854,
        0.4874581897200035,
        0.481738922924831,
        0.49159309165231113
    ],
    "val_loss": [
        0.4924500077518065,
        0.490721161240962,
        0.4905196010176815,
        0.5034505302336678,
        0.49052124948643927,
        0.5154091738053223,
        0.5135802617713586,
        0.5000529609509369,
        0.5085045810955674,
        0.5047775991817018,
        0.511396517504507,
        0.4909921128358414,
        0.5079460455410516,
        0.4837048374005218,
        0.4783343219045383,
        0.5073389108501264,
        0.5134482997566906,
        0.4987717052893852,
        0.495655451692752,
        0.49374351839521036,
        0.489272164764689,
        0.5181876661172554,
        0.5099338955843626,
        0.49778895680584123,
        0.4889026128534061,
        0.49529231128407947,
        0.4917366784899982,
        0.5058832564460698,
        0.49864939789273843,
        0.4996780148193018,
        0.499787021483948,
        0.4916290658623425,
        0.4994991079195222,
        0.5218200963824543,
        0.4949227913991729
    ],
    "val_accuracy": [
        0.601123595505618,
        0.6357677902621723,
        0.6404494382022472,
        0.4353932584269663,
        0.6479400749063671,
        0.3352059925093633,
        0.33239700374531833,
        0.5056179775280899,
        0.3792134831460674,
        0.4297752808988764,
        0.36704119850187267,
        0.6161048689138576,
        0.41292134831460675,
        0.6479400749063671,
        0.6591760299625468,
        0.4232209737827715,
        0.38202247191011235,
        0.49250936329588013,
        0.5290262172284644,
        0.5430711610486891,
        0.5795880149812734,
        0.4091760299625468,
        0.4297752808988764,
        0.4897003745318352,
        0.5543071161048689,
        0.5065543071161048,
        0.5243445692883895,
        0.45880149812734083,
        0.48408239700374533,
        0.4794007490636704,
        0.48220973782771537,
        0.5196629213483146,
        0.49157303370786515,
        0.43164794007490637,
        0.5084269662921348
    ]
}