{
    "train_loss": [
        0.6056572210612555,
        0.5545343884399959,
        0.5467689740540359,
        0.5385127427249119,
        0.5225681484920051,
        0.523549494338153,
        0.5170992990139083,
        0.5139742246989546,
        0.510703091404121,
        0.5122083073179123,
        0.5038516813604702,
        0.5058946218983881,
        0.5041061462146308,
        0.5008805287001755,
        0.5019197591713497,
        0.49598882072077594,
        0.49617812096191743,
        0.4975538356550809,
        0.4973930985175917,
        0.4925558133959183,
        0.48810174929097366,
        0.4850109884597985,
        0.48563910176601316,
        0.4840843441157505,
        0.48527945849695814,
        0.4857395093135646,
        0.48220605759197854,
        0.4784657009716692,
        0.4818136480641482,
        0.4827511963879534,
        0.47295208532234717,
        0.4768162570857062,
        0.4824835596413448,
        0.4759588364897103,
        0.47867162723846624,
        0.4774150973176721,
        0.47502732761387756,
        0.46948769527115847,
        0.4705241475199244,
        0.4701085851110261,
        0.47433275468830993,
        0.4671493859713888
    ],
    "val_loss": [
        0.4901049626407339,
        0.5215700642386479,
        0.4693677741200177,
        0.4942255238098885,
        0.47823518692557493,
        0.47647444036469533,
        0.47197952021413775,
        0.4973865369362618,
        0.5016562244785365,
        0.49615371716556267,
        0.48671384000066503,
        0.4888781295783484,
        0.5054364600288335,
        0.5365723238062503,
        0.4837121011605903,
        0.4969436962213089,
        0.4853214505893081,
        0.4662442887896922,
        0.4898643658232333,
        0.49450968139207185,
        0.488046505557957,
        0.46450856906264576,
        0.4783288974370529,
        0.5068044577961537,
        0.5008384202843281,
        0.4902137424518813,
        0.48946774762068224,
        0.4738951899222474,
        0.4890548956038347,
        0.4878609100384499,
        0.5052421849165389,
        0.49264613194252127,
        0.47451503018834695,
        0.48296936412355795,
        0.48418229373533334,
        0.49398233018704313,
        0.49654472274566763,
        0.480512281851982,
        0.49863799160985806,
        0.4890473146936787,
        0.50633208031085,
        0.4659816636078393
    ],
    "val_accuracy": [
        0.6441947565543071,
        0.33707865168539325,
        0.6619850187265918,
        0.6020599250936329,
        0.6591760299625468,
        0.6610486891385767,
        0.6629213483146067,
        0.5440074906367042,
        0.4756554307116105,
        0.5552434456928839,
        0.6245318352059925,
        0.6076779026217228,
        0.44756554307116103,
        0.3398876404494382,
        0.6123595505617978,
        0.5140449438202247,
        0.5749063670411985,
        0.6254681647940075,
        0.548689138576779,
        0.5252808988764045,
        0.5374531835205992,
        0.5880149812734082,
        0.5636704119850188,
        0.49625468164794007,
        0.5,
        0.5327715355805244,
        0.5355805243445693,
        0.5711610486891385,
        0.5346441947565543,
        0.5327715355805244,
        0.4887640449438202,
        0.5262172284644194,
        0.5674157303370787,
        0.547752808988764,
        0.549625468164794,
        0.5234082397003745,
        0.5131086142322098,
        0.5636704119850188,
        0.5121722846441947,
        0.5383895131086143,
        0.4887640449438202,
        0.5702247191011236
    ]
}