{
    "0": {
        "precision": 0.47368421052631576,
        "recall": 0.15,
        "f1-score": 0.22784810126582278,
        "support": 180.0
    },
    "1": {
        "precision": 0.6792452830188679,
        "recall": 0.9152542372881356,
        "f1-score": 0.779783393501805,
        "support": 354.0
    },
    "accuracy": 0.6573033707865169,
    "macro avg": {
        "precision": 0.5764647467725919,
        "recall": 0.5326271186440678,
        "f1-score": 0.5038157473838139,
        "support": 534.0
    },
    "weighted avg": {
        "precision": 0.609955033864075,
        "recall": 0.6573033707865169,
        "f1-score": 0.5937377893773166,
        "support": 534.0
    }
}