{
    "train_loss": [
        0.5115969591137601,
        0.505903480156745,
        0.5005284681090579,
        0.4985508849171032,
        0.49674714354694993,
        0.49188419236828596,
        0.48211567398740623,
        0.47608319463547427,
        0.4717273476255915,
        0.4650072589870493,
        0.45997170478813254,
        0.4530751530208814,
        0.45195093292910066,
        0.44885248112882975,
        0.4430709639687022,
        0.441918176856865,
        0.43920428502449577,
        0.4380773567744484,
        0.43129508327053845,
        0.4329568877776883,
        0.433818818082281,
        0.4286338051382973,
        0.4256693399597284,
        0.43016354786846445,
        0.42825742976096187,
        0.4241203297529183,
        0.4257505265381531,
        0.42320631717707674,
        0.42420120224710506,
        0.4224604918845096,
        0.4198794157728356
    ],
    "val_loss": [
        0.4843403846025467,
        0.4961732852458954,
        0.48483849942684176,
        0.48754523545503614,
        0.42889572829008105,
        0.43618739396333694,
        0.370145425349474,
        0.4278348687291145,
        0.3534544487297535,
        0.32693191327154636,
        0.32171273827552793,
        0.3695000822842121,
        0.3776792615652084,
        0.3865631149709225,
        0.38216888830065726,
        0.35508235834538937,
        0.3566023136675358,
        0.37114073932170866,
        0.39403255090117456,
        0.35694724261760713,
        0.3511947840452194,
        0.38949061676859853,
        0.33876471139490605,
        0.45111082643270495,
        0.4582815599441528,
        0.4063878856599331,
        0.35911901518702505,
        0.38657200515270235,
        0.37894762739539145,
        0.33341511614620684,
        0.39311142936348914
    ],
    "val_accuracy": [
        0.7,
        0.68,
        0.695,
        0.565625,
        0.7,
        0.675,
        0.695625,
        0.6275,
        0.67875,
        0.694375,
        0.696875,
        0.6475,
        0.66,
        0.62875,
        0.625625,
        0.6675,
        0.67375,
        0.631875,
        0.613125,
        0.681875,
        0.67625,
        0.620625,
        0.68375,
        0.53875,
        0.546875,
        0.596875,
        0.655625,
        0.6175,
        0.6375,
        0.675,
        0.625625
    ]
}