{
    "train_loss": [
        0.5167991997955514,
        0.503310781159847,
        0.5020495760355065,
        0.4993841976141758,
        0.4916570507365165,
        0.4880779483335481,
        0.48237666007426144,
        0.47535709228447015,
        0.47077382957335,
        0.46510957852541973,
        0.46113183665618623,
        0.45372313183846236,
        0.44997818487153635,
        0.44814082731445914,
        0.44163078832969394,
        0.4375115673104636,
        0.43977130705075296,
        0.4318893168898795,
        0.4308468187884461,
        0.4285751919952228,
        0.4282389876868227,
        0.4251757985181946,
        0.426796850948025,
        0.42408062944309316
    ],
    "val_loss": [
        0.487429957985878,
        0.5013682466745376,
        0.5026963847875595,
        0.4675783753395081,
        0.48351036936044695,
        0.491822666823864,
        0.5073932960629464,
        0.5291046383976936,
        0.5646781304478645,
        0.5563912153244018,
        0.5356449517607689,
        0.5935074332356453,
        0.5998662188649178,
        0.5546078154444695,
        0.5432197242975235,
        0.5707463467121124,
        0.56295041680336,
        0.5575711491703987,
        0.5718011111021042,
        0.5845036691427231,
        0.5332856181263924,
        0.5748319986462593,
        0.5620368826389313,
        0.5618833449482917
    ],
    "val_accuracy": [
        0.5875,
        0.436875,
        0.4675,
        0.588125,
        0.549375,
        0.510625,
        0.49125,
        0.453125,
        0.419375,
        0.42125,
        0.454375,
        0.41875,
        0.42,
        0.448125,
        0.44625,
        0.421875,
        0.42625,
        0.434375,
        0.424375,
        0.4175,
        0.45375,
        0.42625,
        0.433125,
        0.428125
    ]
}