{
    "train_loss": [
        0.5161039313824056,
        0.5047412905761663,
        0.5002281406800524,
        0.49233582800240827,
        0.48657917727669364,
        0.4818887351656989,
        0.47409092788216023,
        0.4709525330889997,
        0.4631049636027796,
        0.46046807825994146,
        0.45567102430106926,
        0.4493709233381765,
        0.44609703728192146,
        0.4429822765665946,
        0.442343935606291,
        0.4387976552942674,
        0.4345213443255253,
        0.433853694046144,
        0.43168226248926395,
        0.43478894921944294,
        0.4238419652842789
    ],
    "val_loss": [
        0.511762824356556,
        0.5267242324352265,
        0.5215229976177216,
        0.5581143561005593,
        0.5711917153000832,
        0.5731091651320458,
        0.5797381481528282,
        0.5858013072609901,
        0.5700272494554519,
        0.5611330243945122,
        0.5563898709416389,
        0.5659651964902878,
        0.5596539455652237,
        0.5508811333775521,
        0.5419866195321084,
        0.5499857154488563,
        0.5398903343081475,
        0.5494557759165763,
        0.5303063455224037,
        0.5511032569408417,
        0.5129615384340286
    ],
    "val_accuracy": [
        0.421875,
        0.4125,
        0.41,
        0.410625,
        0.409375,
        0.408125,
        0.425625,
        0.406875,
        0.41625,
        0.4175,
        0.4325,
        0.411875,
        0.419375,
        0.44875,
        0.449375,
        0.4325,
        0.4575,
        0.445625,
        0.46375,
        0.435,
        0.483125
    ]
}