{
    "train_loss": [
        0.5148029106212996,
        0.5056155983861764,
        0.5026612147221299,
        0.4995968499173897,
        0.49292206316983067,
        0.48434156529086997,
        0.47960874568391465,
        0.47146438678159885,
        0.4682945113064973,
        0.46014888200395593,
        0.4557732893776601,
        0.45370463976105435,
        0.4475944828938332,
        0.44233716709226734,
        0.44058906420109867,
        0.4347042761753233,
        0.4351592000680601,
        0.42855736318503035,
        0.43208734798886766,
        0.42828587624581094,
        0.42728895467349,
        0.4259741307118092,
        0.4252777844870725,
        0.4231194810888452,
        0.42381046200107586,
        0.41460465313549094,
        0.4214613985519292,
        0.42081121230271795,
        0.4196853430237809,
        0.4155129175556958,
        0.41234840115209553,
        0.41482227237699465,
        0.41278070009136913,
        0.41592256523577287,
        0.41537846789516175
    ],
    "val_loss": [
        0.49212991297245023,
        0.48394586563110353,
        0.48961657375097273,
        0.48244828432798387,
        0.5185301980376243,
        0.502766498029232,
        0.45764173805713654,
        0.47896035373210905,
        0.47382000118494033,
        0.4521545726060867,
        0.4310135343670845,
        0.4366260220110416,
        0.4675097945332527,
        0.512025828063488,
        0.4125082467496395,
        0.5046902783215046,
        0.4470328952372074,
        0.4694813621044159,
        0.42556581377983094,
        0.42565238431096075,
        0.49337125837802887,
        0.4269845052063465,
        0.4548147149384022,
        0.4588694208860397,
        0.4325737202167511,
        0.43479070633649824,
        0.5019327789545059,
        0.44400600671768187,
        0.4210590215027332,
        0.43034581169486047,
        0.4503817120194435,
        0.48088496148586274,
        0.4710372042655945,
        0.4179454663395882,
        0.4824557609856129
    ],
    "val_accuracy": [
        0.613125,
        0.6125,
        0.61125,
        0.605,
        0.459375,
        0.503125,
        0.569375,
        0.5275,
        0.528125,
        0.555625,
        0.578125,
        0.576875,
        0.548125,
        0.495625,
        0.6025,
        0.4975,
        0.55125,
        0.54,
        0.593125,
        0.588125,
        0.509375,
        0.5825,
        0.5525,
        0.544375,
        0.581875,
        0.5825,
        0.49625,
        0.55875,
        0.59125,
        0.58,
        0.55125,
        0.519375,
        0.52875,
        0.585625,
        0.51625
    ]
}