{
    "0": {
        "precision": 0.4772727272727273,
        "recall": 0.04565217391304348,
        "f1-score": 0.08333333333333333,
        "support": 460.0
    },
    "1": {
        "precision": 0.4193121693121693,
        "recall": 0.9323529411764706,
        "f1-score": 0.5784671532846716,
        "support": 340.0
    },
    "accuracy": 0.4225,
    "macro avg": {
        "precision": 0.4482924482924483,
        "recall": 0.489002557544757,
        "f1-score": 0.3309002433090025,
        "support": 800.0
    },
    "weighted avg": {
        "precision": 0.4526394901394902,
        "recall": 0.4225,
        "f1-score": 0.29376520681265206,
        "support": 800.0
    }
}