{
    "0": {
        "precision": 0.315028901734104,
        "recall": 0.45416666666666666,
        "f1-score": 0.3720136518771331,
        "support": 240.0
    },
    "1": {
        "precision": 0.711453744493392,
        "recall": 0.5767857142857142,
        "f1-score": 0.6370808678500987,
        "support": 560.0
    },
    "accuracy": 0.54,
    "macro avg": {
        "precision": 0.513241323113748,
        "recall": 0.5154761904761904,
        "f1-score": 0.5045472598636158,
        "support": 800.0
    },
    "weighted avg": {
        "precision": 0.5925262916656057,
        "recall": 0.54,
        "f1-score": 0.557560703058209,
        "support": 800.0
    }
}