{
    "0": {
        "precision": 0.4716981132075472,
        "recall": 0.06944444444444445,
        "f1-score": 0.12106537530266344,
        "support": 360.0
    },
    "1": {
        "precision": 0.5515394912985274,
        "recall": 0.9363636363636364,
        "f1-score": 0.6941870261162595,
        "support": 440.0
    },
    "accuracy": 0.54625,
    "macro avg": {
        "precision": 0.5116188022530372,
        "recall": 0.5029040404040405,
        "f1-score": 0.4076262007094615,
        "support": 800.0
    },
    "weighted avg": {
        "precision": 0.5156108711575862,
        "recall": 0.54625,
        "f1-score": 0.4362822832501412,
        "support": 800.0
    }
}