{
    "0": {
        "precision": 0.5749318801089919,
        "recall": 0.9173913043478261,
        "f1-score": 0.7068676716917923,
        "support": 460.0
    },
    "1": {
        "precision": 0.42424242424242425,
        "recall": 0.08235294117647059,
        "f1-score": 0.13793103448275862,
        "support": 340.0
    },
    "accuracy": 0.5625,
    "macro avg": {
        "precision": 0.49958715217570804,
        "recall": 0.4998721227621484,
        "f1-score": 0.4223993530872755,
        "support": 800.0
    },
    "weighted avg": {
        "precision": 0.5108888613657006,
        "recall": 0.5625,
        "f1-score": 0.465069600877953,
        "support": 800.0
    }
}