{
    "0": {
        "precision": 0.5,
        "recall": 0.052941176470588235,
        "f1-score": 0.09574468085106383,
        "support": 340.0
    },
    "1": {
        "precision": 0.5785340314136126,
        "recall": 0.9608695652173913,
        "f1-score": 0.7222222222222222,
        "support": 460.0
    },
    "accuracy": 0.575,
    "macro avg": {
        "precision": 0.5392670157068062,
        "recall": 0.5069053708439898,
        "f1-score": 0.408983451536643,
        "support": 800.0
    },
    "weighted avg": {
        "precision": 0.5451570680628273,
        "recall": 0.575,
        "f1-score": 0.45596926713947994,
        "support": 800.0
    }
}