{
    "train_loss": [
        0.5411400317844718,
        0.5128822635219554,
        0.5023347861839064,
        0.4927760531203915,
        0.48051196713038163,
        0.4737467192339175,
        0.45110060560582865,
        0.44724037942260203,
        0.43007650053260305,
        0.41960877812269964,
        0.4067203333281507,
        0.3974555620942453,
        0.38694076164804325,
        0.3834223285166904,
        0.37233305760104246,
        0.36975577533847154,
        0.36173212844313996,
        0.3636353493790434,
        0.3584398754467868,
        0.3455207873173434,
        0.35035384581847623,
        0.34323112869804556,
        0.3420665313800176,
        0.33670687005676403,
        0.33081135778415083,
        0.3307326497754665,
        0.3260088178395021,
        0.3214475772898607,
        0.32026763027063526,
        0.32291088565581977,
        0.3191441867237139,
        0.3114951543434702,
        0.3081062892922247,
        0.31405487340508087,
        0.30953040967384976,
        0.3097396304812094,
        0.30227597513132626,
        0.3080078490605258,
        0.30445918297827845,
        0.2964116781949997,
        0.29531366159819594,
        0.2892288798560398,
        0.3042434744085326,
        0.292241270606867,
        0.2900017725322584,
        0.2955637916621536,
        0.2874945699792318,
        0.28841649180259366,
        0.28502447786505775,
        0.287453611729422,
        0.29037921834323144,
        0.28339021577678547,
        0.2870977267321914,
        0.28147690874910114,
        0.2858535548051198,
        0.27841605633647754,
        0.2755881483581933,
        0.2853546009370775,
        0.273609656878192,
        0.2763198673574611,
        0.27228100097390134,
        0.2749339642774577,
        0.2796697270388555,
        0.2764307879513562,
        0.2763487965320096,
        0.2702299160036174,
        0.2697089219635183,
        0.27143696334325906,
        0.2805215627933391,
        0.26139490656328923,
        0.26279708250152944,
        0.26145766336809506,
        0.2725136158705661,
        0.2613279963608342
    ],
    "val_loss": [
        0.4856682158433474,
        0.47549443336633535,
        0.4454193491202134,
        0.3898111370893625,
        0.35410621028680067,
        0.33053648127959323,
        0.3275410199394593,
        0.3193617804692342,
        0.33808687100043666,
        0.29800399782565923,
        0.30208175858625996,
        0.30835807965351986,
        0.3273687556385994,
        0.3524867743253708,
        0.29485310270236087,
        0.29148861662699627,
        0.2949946888364278,
        0.30278282291614095,
        0.2802232752625759,
        0.297685713492907,
        0.301232284708665,
        0.29434299148046056,
        0.2740286738253557,
        0.25343763664937935,
        0.2822720583814841,
        0.2668399696166699,
        0.2837420179293706,
        0.30083929758805494,
        0.25874946925502557,
        0.2574874710578185,
        0.2878793647656074,
        0.260950234073859,
        0.2634241853769009,
        0.2590837460870926,
        0.24931917365353842,
        0.274081635933656,
        0.25055115692890606,
        0.2583643932468616,
        0.2523674956881083,
        0.2521938028243872,
        0.2471790586096736,
        0.25590127749511826,
        0.25061431830892195,
        0.23381132525033677,
        0.2523329590375607,
        0.2395137464054502,
        0.2501210976392031,
        0.2476927587046073,
        0.24423053579834791,
        0.24707524764996308,
        0.23932522194316755,
        0.23302172630165632,
        0.24793451485725548,
        0.23192856330424547,
        0.2521228181054959,
        0.2476839841558383,
        0.2555716347809021,
        0.24778501749611817,
        0.23765975650973045,
        0.25160351418531857,
        0.2542441195020309,
        0.24586478104958168,
        0.25218955599344695,
        0.23601324162804163,
        0.2430438627847112,
        0.24674214502939812,
        0.2405746008341129,
        0.25599477377075414,
        0.26139864738170915,
        0.2702354432298587,
        0.2612668093580466,
        0.2503152882680297,
        0.2510862273665575,
        0.2550152960878152
    ],
    "val_accuracy": [
        0.6296296296296297,
        0.6559454191033138,
        0.665692007797271,
        0.6851851851851852,
        0.7046783625730995,
        0.7173489278752436,
        0.7115009746588694,
        0.7397660818713451,
        0.7368421052631579,
        0.7524366471734892,
        0.7504873294346979,
        0.7543859649122807,
        0.7660818713450293,
        0.753411306042885,
        0.7573099415204678,
        0.7641325536062378,
        0.7651072124756335,
        0.7680311890838206,
        0.7680311890838206,
        0.7582846003898636,
        0.7641325536062378,
        0.7690058479532164,
        0.7660818713450293,
        0.7631578947368421,
        0.767056530214425,
        0.7612085769980507,
        0.7543859649122807,
        0.7543859649122807,
        0.767056530214425,
        0.7563352826510721,
        0.7592592592592593,
        0.7602339181286549,
        0.7612085769980507,
        0.7660818713450293,
        0.7719298245614035,
        0.7612085769980507,
        0.7719298245614035,
        0.7719298245614035,
        0.7641325536062378,
        0.767056530214425,
        0.7660818713450293,
        0.7719298245614035,
        0.7758284600389863,
        0.7729044834307992,
        0.7738791423001949,
        0.7729044834307992,
        0.7660818713450293,
        0.7709551656920078,
        0.7690058479532164,
        0.7690058479532164,
        0.7680311890838206,
        0.7738791423001949,
        0.7651072124756335,
        0.7729044834307992,
        0.7563352826510721,
        0.7699805068226121,
        0.7641325536062378,
        0.7719298245614035,
        0.7719298245614035,
        0.7582846003898636,
        0.7543859649122807,
        0.7602339181286549,
        0.7621832358674464,
        0.7699805068226121,
        0.7612085769980507,
        0.7592592592592593,
        0.7641325536062378,
        0.753411306042885,
        0.7485380116959064,
        0.7407407407407407,
        0.7573099415204678,
        0.7573099415204678,
        0.7582846003898636,
        0.753411306042885
    ]
}