{
    "0": {
        "precision": 0.8169191919191919,
        "recall": 0.8210659898477157,
        "f1-score": 0.8189873417721519,
        "support": 788.0
    },
    "1": {
        "precision": 0.7122448979591837,
        "recall": 0.7064777327935222,
        "f1-score": 0.709349593495935,
        "support": 494.0
    },
    "accuracy": 0.7769110764430577,
    "macro avg": {
        "precision": 0.7645820449391878,
        "recall": 0.763771861320619,
        "f1-score": 0.7641684676340434,
        "support": 1282.0
    },
    "weighted avg": {
        "precision": 0.776584479582028,
        "recall": 0.7769110764430577,
        "f1-score": 0.7767400347140777,
        "support": 1282.0
    }
}