{
    "train_loss": [
        0.5062591818393651,
        0.49106263933191757,
        0.4776362175086759,
        0.4658308495265633,
        0.45132774823741595,
        0.4361201157984744,
        0.42423338947556055,
        0.41065139862351446,
        0.3963594512557084,
        0.3817732929871017,
        0.36279038107120265,
        0.34566450731309456,
        0.33298044234701674,
        0.3206694240152711,
        0.3087412501124966,
        0.2968704235238224,
        0.2894033207411661,
        0.28760803557260733,
        0.2810600606384892,
        0.27847898871768695,
        0.2725899166484174,
        0.26771843060070116,
        0.2682719399344246,
        0.26972184327882043,
        0.253411470559002,
        0.25523462920475054,
        0.24913811375166386,
        0.25014792703701266,
        0.2512467637095811,
        0.24836561117375922,
        0.2492406621079431,
        0.25643654913881664,
        0.24624373971541222,
        0.2462122803924906
    ],
    "val_loss": [
        0.49437755177605824,
        0.4916071172030467,
        0.4925857090725089,
        0.49205702187130285,
        0.486010620429081,
        0.4879088073781451,
        0.48596585359213484,
        0.49088715213649675,
        0.4849206582180359,
        0.487001063876182,
        0.47489271111458353,
        0.46229889407847663,
        0.4724525550626359,
        0.4601553384238069,
        0.46183330232992115,
        0.4682882763679672,
        0.4756495151317345,
        0.4817233010657928,
        0.479425958117599,
        0.4746954944336189,
        0.4852512077715412,
        0.4678405468943734,
        0.4757908123469203,
        0.4750300452769178,
        0.4730152281575233,
        0.47126035710925573,
        0.47715365071341675,
        0.4733684296315571,
        0.47134769806322063,
        0.48192052477560704,
        0.47178118333876506,
        0.47898990684335335,
        0.47471404637930525,
        0.47740151447320134
    ],
    "val_accuracy": [
        0.5241840346047975,
        0.5222178529296106,
        0.5194651985843491,
        0.5249705072748722,
        0.5336217066456941,
        0.5367675973259929,
        0.5383405426661424,
        0.5469917420369642,
        0.5521038143924498,
        0.5391270153362171,
        0.5536767597325993,
        0.5591820684231223,
        0.543452615021628,
        0.5493511600471883,
        0.5465985057019268,
        0.5363743609909556,
        0.5359811246559182,
        0.5253637436099096,
        0.5320487613055447,
        0.5359811246559182,
        0.5237907982697602,
        0.5399134880062918,
        0.5320487613055447,
        0.5316555249705073,
        0.5320487613055447,
        0.5367675973259929,
        0.5308690523004326,
        0.5289028706252458,
        0.5351946519858435,
        0.521431380259536,
        0.5351946519858435,
        0.5261502162799843,
        0.5312622886354699,
        0.5289028706252458
    ]
}