{
    "train_loss": [
        0.50466265162332,
        0.4862984110224422,
        0.475761562710788,
        0.46102616609517383,
        0.45021887201683075,
        0.43953057886169644,
        0.42714896966826243,
        0.4149396546669226,
        0.4037654621358687,
        0.39210356750078423,
        0.3832239751358452,
        0.3687247159408573,
        0.350975980673696,
        0.33175093194848587,
        0.32131359493457545,
        0.3025270307776313,
        0.2930174963060665,
        0.2830063609300919,
        0.27713256519857943,
        0.2760465632835149,
        0.26571911089200395,
        0.26000359627873143,
        0.2612672253693425,
        0.25865553167943434,
        0.25547411985914037,
        0.250175386882022,
        0.24188686072420273,
        0.24065431902884063,
        0.24209245636012694,
        0.23879746072369176,
        0.23295816637192945,
        0.23793724112884304,
        0.24050415188964433,
        0.23824621821740014,
        0.24182017398236683,
        0.23300973026851188,
        0.2384192976764788,
        0.23282240510018118,
        0.2328483864676746,
        0.22886052761672052
    ],
    "val_loss": [
        0.5033063161298164,
        0.4982784592880393,
        0.5034712431190899,
        0.5010600127514053,
        0.49965939450563873,
        0.49820532195223205,
        0.4998035399044085,
        0.5018582711429715,
        0.5030699121127339,
        0.4972113918208476,
        0.5056706400787305,
        0.49961478061646036,
        0.48863870814536353,
        0.48552755064934305,
        0.4877855027996519,
        0.4916566600964504,
        0.47923344551767194,
        0.4874860153258222,
        0.4874730351960884,
        0.4696715785272466,
        0.4868577759970659,
        0.49227692252435024,
        0.4804804248255004,
        0.47787512838840485,
        0.4834117632616991,
        0.4755497290840689,
        0.4832501127472464,
        0.4797631364386037,
        0.48026400935724844,
        0.4795362199627378,
        0.4806207017328754,
        0.48010734941974376,
        0.4755876714703422,
        0.4792145097030784,
        0.48844832842642405,
        0.4708866853758974,
        0.4772127815200098,
        0.47778127647046026,
        0.47084236969737886,
        0.47682798503892226
    ],
    "val_accuracy": [
        0.5033425088478175,
        0.5057019268580417,
        0.4982304364923319,
        0.5100275265434526,
        0.5182854895792371,
        0.5344081793157688,
        0.532441997640582,
        0.5332284703106567,
        0.5139598898938262,
        0.5285096342902084,
        0.5190719622493118,
        0.5222178529296106,
        0.5241840346047975,
        0.5285096342902084,
        0.5186787259142744,
        0.517105780574125,
        0.5281163979551711,
        0.5178922532441997,
        0.5218246165945734,
        0.5363743609909556,
        0.517105780574125,
        0.511600471883602,
        0.5261502162799843,
        0.526936688950059,
        0.5249705072748722,
        0.5265434526150217,
        0.5222178529296106,
        0.5261502162799843,
        0.5218246165945734,
        0.525756979944947,
        0.5253637436099096,
        0.5265434526150217,
        0.5281163979551711,
        0.526936688950059,
        0.5182854895792371,
        0.5328352339756194,
        0.5296893432953205,
        0.5289028706252458,
        0.5336217066456941,
        0.5285096342902084
    ]
}