{
    "0": {
        "precision": 0.5451314854299929,
        "recall": 0.5797430083144369,
        "f1-score": 0.5619047619047619,
        "support": 1323.0
    },
    "1": {
        "precision": 0.5109938434476693,
        "recall": 0.47583947583947583,
        "f1-score": 0.49279050042408823,
        "support": 1221.0
    },
    "accuracy": 0.529874213836478,
    "macro avg": {
        "precision": 0.5280626644388311,
        "recall": 0.5277912420769564,
        "f1-score": 0.5273476311644251,
        "support": 2544.0
    },
    "weighted avg": {
        "precision": 0.5287470275446088,
        "recall": 0.529874213836478,
        "f1-score": 0.528733176500712,
        "support": 2544.0
    }
}