{
    "0": {
        "precision": 0.5388349514563107,
        "recall": 0.5174825174825175,
        "f1-score": 0.5279429250891795,
        "support": 1287.0
    },
    "1": {
        "precision": 0.5252293577981652,
        "recall": 0.5465393794749404,
        "f1-score": 0.5356725146198831,
        "support": 1257.0
    },
    "accuracy": 0.5318396226415094,
    "macro avg": {
        "precision": 0.532032154627238,
        "recall": 0.532010948478729,
        "f1-score": 0.5318077198545312,
        "support": 2544.0
    },
    "weighted avg": {
        "precision": 0.532112376287958,
        "recall": 0.5318396226415094,
        "f1-score": 0.5317621444445626,
        "support": 2544.0
    }
}