{
    "train_loss": [
        0.4987384810111061,
        0.47601175850482313,
        0.4548450915313704,
        0.43577683045700993,
        0.4191704872003289,
        0.4026284111986341,
        0.3871039516323692,
        0.3690256646887184,
        0.3501522366873909,
        0.33439547209586984,
        0.3121017104847115,
        0.29669256886844203,
        0.28084482782922976,
        0.2652694207915746,
        0.24855223100692078,
        0.23606564258557394,
        0.2252436846201857,
        0.20899276344818665,
        0.19897522828290903,
        0.19137327315006541,
        0.17948490723945862,
        0.16694479385794858,
        0.16682612291351503,
        0.14986426846884743,
        0.14416654407164675,
        0.13917004805345637,
        0.12827899315417507,
        0.12142805223999846,
        0.11522591320914385,
        0.10712213145658439,
        0.1063599835869787,
        0.10132565457249139,
        0.09883084701403998,
        0.09081763250202896,
        0.08346926212023396,
        0.07915519342623553,
        0.08309495913236249,
        0.07495667725351396,
        0.08695229871559135,
        0.07274692161808541,
        0.06988494439671437,
        0.06488632867072086,
        0.06299446672580734,
        0.061400375532303576,
        0.05916890061394009,
        0.05963703921387376,
        0.05801338468864018,
        0.05349879786968665,
        0.05514928527322789,
        0.051058727672413054,
        0.05205718735422738,
        0.04974908088272901,
        0.051353910319734866,
        0.04351599529125284,
        0.046482404329294805,
        0.046091022822610066,
        0.04271851119339965,
        0.04419807630307766,
        0.043570394054315495,
        0.041302756724941506,
        0.042069172243326035,
        0.04172488312227475,
        0.03627202055909098,
        0.036964661030985384
    ],
    "val_loss": [
        0.5002015359261457,
        0.48614356868407305,
        0.48266801027690664,
        0.6135482693419737,
        0.46423810720443726,
        0.5038597496116862,
        0.4864449481753742,
        0.48354062473072723,
        0.47320223310414483,
        0.49155622703187607,
        0.4837617386789883,
        0.46927062255494734,
        0.4667004536179935,
        0.46693752688520096,
        0.4856441020965576,
        0.4650026945506825,
        0.47252275426598156,
        0.46573535764918605,
        0.4604834242778666,
        0.47423695641405444,
        0.46242509905029744,
        0.4711505462141598,
        0.4547781164155287,
        0.4607100823346306,
        0.46000083351836485,
        0.45483417773948,
        0.4654865615508136,
        0.46127771235564174,
        0.4551073496832567,
        0.4581057962249307,
        0.4582478509229772,
        0.4586059701793334,
        0.45046876563745386,
        0.45648937838919024,
        0.4683862740502638,
        0.4537932820179883,
        0.45576693661072676,
        0.45624212780419515,
        0.4656333025764017,
        0.46343850896638983,
        0.46203729142160976,
        0.45553055458209096,
        0.4531080573797226,
        0.4461063551552155,
        0.4489943744505153,
        0.45598494296564773,
        0.45521661849582895,
        0.46626997870557446,
        0.4766656714327195,
        0.4496706108836567,
        0.46344012758311104,
        0.46434339898474075,
        0.45935647023074766,
        0.4578966796398163,
        0.4609102871488122,
        0.457768953723066,
        0.4591174543780439,
        0.45360960267922457,
        0.458516253618633,
        0.4560931260094923,
        0.4638360500335693,
        0.4652983711046331,
        0.4688806835342856,
        0.48608060899902794
    ],
    "val_accuracy": [
        0.4904411764705882,
        0.5713235294117647,
        0.5816176470588236,
        0.5742647058823529,
        0.5720588235294117,
        0.5654411764705882,
        0.5669117647058823,
        0.5713235294117647,
        0.5558823529411765,
        0.5625,
        0.5419117647058823,
        0.5735294117647058,
        0.5720588235294117,
        0.5632352941176471,
        0.5698529411764706,
        0.5647058823529412,
        0.5625,
        0.5507352941176471,
        0.5661764705882353,
        0.5676470588235294,
        0.5676470588235294,
        0.5551470588235294,
        0.5683823529411764,
        0.5566176470588236,
        0.5617647058823529,
        0.5588235294117647,
        0.5433823529411764,
        0.5558823529411765,
        0.5580882352941177,
        0.5669117647058823,
        0.55,
        0.5551470588235294,
        0.5617647058823529,
        0.5522058823529412,
        0.5360294117647059,
        0.5639705882352941,
        0.5580882352941177,
        0.55,
        0.5529411764705883,
        0.5455882352941176,
        0.5441176470588235,
        0.5558823529411765,
        0.5566176470588236,
        0.5580882352941177,
        0.5551470588235294,
        0.5580882352941177,
        0.5595588235294118,
        0.5419117647058823,
        0.5352941176470588,
        0.5558823529411765,
        0.5404411764705882,
        0.5463235294117647,
        0.5426470588235294,
        0.55,
        0.5470588235294118,
        0.549264705882353,
        0.5455882352941176,
        0.5514705882352942,
        0.5522058823529412,
        0.5448529411764705,
        0.5397058823529411,
        0.5397058823529411,
        0.5419117647058823,
        0.525
    ]
}