{
    "train_loss": [
        0.5053112096054239,
        0.4834430004745245,
        0.45951364134076383,
        0.4412178090045546,
        0.4259938566011459,
        0.410338336420198,
        0.3867066760033673,
        0.3769546004101699,
        0.35368876319698545,
        0.3341614049161192,
        0.31491535852135877,
        0.299315421732232,
        0.28766385673001693,
        0.26877887356142466,
        0.2548853033798404,
        0.24021053550632065,
        0.22634717381764013,
        0.21628271541632765,
        0.2011572866926981,
        0.19121440440372955,
        0.1775877150060308
    ],
    "val_loss": [
        0.45219017968458286,
        0.5467633938088137,
        0.5187389773481033,
        0.5125333950800054,
        0.4764415285166572,
        0.574788949770086,
        0.4753822421326357,
        0.5085915502379922,
        0.4877597423160777,
        0.49264364347738376,
        0.5008202538770787,
        0.4901211282786201,
        0.5279657402459312,
        0.48083780337782467,
        0.48426815166192894,
        0.5044134571271784,
        0.4913644583786235,
        0.4818073232384289,
        0.48432122223517476,
        0.4907563428668415,
        0.5551617231439142
    ],
    "val_accuracy": [
        0.5727941176470588,
        0.4279411764705882,
        0.4522058823529412,
        0.46176470588235297,
        0.5558823529411765,
        0.46397058823529413,
        0.5514705882352942,
        0.49926470588235294,
        0.5301470588235294,
        0.5198529411764706,
        0.5110294117647058,
        0.5213235294117647,
        0.5007352941176471,
        0.5455882352941176,
        0.5375,
        0.5110294117647058,
        0.5191176470588236,
        0.5367647058823529,
        0.5323529411764706,
        0.5352941176470588,
        0.47352941176470587
    ]
}