{
    "train_loss": [
        0.5015158541337892,
        0.4837536053105733,
        0.4621282876665762,
        0.44432915155023467,
        0.42517118685196925,
        0.40610638672954996,
        0.3906764656175172,
        0.37311566303303845,
        0.35064744166324924,
        0.33259374217782306,
        0.3177302728530448,
        0.3010378655648127,
        0.2828771115173592,
        0.26808310047421047,
        0.2544136466851575,
        0.2420445937538598,
        0.22980368964840406,
        0.21419286323383213,
        0.2038526829478522,
        0.18929100912362554,
        0.1819945267487041
    ],
    "val_loss": [
        0.4759332344812505,
        0.5241449489313014,
        0.5008234907599056,
        0.4965201710953432,
        0.5017250096096711,
        0.5289774379309486,
        0.5100138709825628,
        0.5012077780330882,
        0.49271193251890294,
        0.4956770243013606,
        0.4894834876060486,
        0.4939555273336523,
        0.48943784797892853,
        0.5315251385464388,
        0.5045380203162922,
        0.49443612098693845,
        0.535472687552957,
        0.5114054473007427,
        0.504870367751402,
        0.4791608645635493,
        0.510319853179595
    ],
    "val_accuracy": [
        0.575735294117647,
        0.4566176470588235,
        0.4889705882352941,
        0.5058823529411764,
        0.5080882352941176,
        0.4742647058823529,
        0.5073529411764706,
        0.5213235294117647,
        0.5448529411764705,
        0.5360294117647059,
        0.5294117647058824,
        0.5463235294117647,
        0.538235294117647,
        0.513235294117647,
        0.5169117647058824,
        0.5404411764705882,
        0.49264705882352944,
        0.5058823529411764,
        0.5176470588235295,
        0.5455882352941176,
        0.5117647058823529
    ]
}