{
    "train_loss": [
        0.5045997083534146,
        0.4761688157026771,
        0.45504765119268037,
        0.4349811124402536,
        0.4178361197312673,
        0.39963626939656954,
        0.3827770069740398,
        0.3643541878748148,
        0.34415032602900847,
        0.3268034018066426,
        0.3112533521096953,
        0.2951099115167643,
        0.2785218509328938,
        0.2554317272689839,
        0.250785755538524,
        0.23751073713472665,
        0.2217037436786871,
        0.2119159759001961,
        0.1977623068663838,
        0.1932109573576735,
        0.18009683964272427
    ],
    "val_loss": [
        0.46665196103208206,
        0.5488848528441261,
        0.49710423911319057,
        0.499688562224893,
        0.5089519416584688,
        0.5088307289516225,
        0.5669967875761144,
        0.49679264846970056,
        0.4999145662083345,
        0.5192042659310734,
        0.5305091700133155,
        0.5229422509670257,
        0.5226021423059352,
        0.5287142827230341,
        0.5117885028614717,
        0.5420780805980459,
        0.5301417799556957,
        0.5065458227606381,
        0.48485252611777363,
        0.49727537947542527,
        0.4943083959467271
    ],
    "val_accuracy": [
        0.5691176470588235,
        0.42573529411764705,
        0.4985294117647059,
        0.5007352941176471,
        0.4786764705882353,
        0.5088235294117647,
        0.4522058823529412,
        0.524264705882353,
        0.5088235294117647,
        0.48823529411764705,
        0.4970588235294118,
        0.48161764705882354,
        0.5022058823529412,
        0.49779411764705883,
        0.5022058823529412,
        0.4860294117647059,
        0.49264705882352944,
        0.5139705882352941,
        0.5323529411764706,
        0.5154411764705882,
        0.5316176470588235
    ]
}