{
    "train_loss": [
        0.5038507936910077,
        0.4785351746294002,
        0.45875721336972763,
        0.4346780770036678,
        0.41595906669916544,
        0.39616144475631493,
        0.3813358362021231,
        0.3660679985992773,
        0.3470449365859816,
        0.33328385434209695,
        0.30940637194173304,
        0.2931667488323202,
        0.27759112769079,
        0.2502945605367205,
        0.23607869864898304,
        0.22397409503116358,
        0.20703583311566098,
        0.20045310195421548,
        0.18184358045306961,
        0.16871473249563138,
        0.15874469605595784,
        0.14754121134049508,
        0.13724273651176752
    ],
    "val_loss": [
        0.48932501147775087,
        0.5006145869984346,
        0.48645720131257003,
        0.49994921438834244,
        0.5615483929129208,
        0.5340973443844739,
        0.5796594749478733,
        0.5476768167579875,
        0.549178305794211,
        0.5445530369001277,
        0.5513668989433962,
        0.5111357562682208,
        0.5609662659027997,
        0.5381440380040337,
        0.5316071079057806,
        0.5540716350078583,
        0.5407951421597424,
        0.5322310419643627,
        0.5418220853104311,
        0.5567049980163574,
        0.55707185829387,
        0.5370024197241839,
        0.5418733442530913
    ],
    "val_accuracy": [
        0.5441176470588235,
        0.4970588235294118,
        0.538235294117647,
        0.49264705882352944,
        0.4625,
        0.45808823529411763,
        0.43161764705882355,
        0.4441176470588235,
        0.44485294117647056,
        0.44632352941176473,
        0.44191176470588234,
        0.4963235294117647,
        0.4441176470588235,
        0.4551470588235294,
        0.4610294117647059,
        0.44191176470588234,
        0.4573529411764706,
        0.4610294117647059,
        0.4647058823529412,
        0.4536764705882353,
        0.4470588235294118,
        0.45441176470588235,
        0.4588235294117647
    ]
}