{
    "train_loss": [
        0.4994505056040429,
        0.4758386535372102,
        0.4583408023072122,
        0.4356522612609891,
        0.4201992708956484,
        0.40184342357963104,
        0.3853918710693695,
        0.369309717607637,
        0.35024010788058263,
        0.3315302798364534,
        0.31518824357306247,
        0.2989312011038199,
        0.2837290997892141,
        0.2646100800457306,
        0.24804720935429375,
        0.23777350402685232,
        0.2207231976341299,
        0.2077001429974946,
        0.1983930731227478,
        0.18882337332943122,
        0.17917055780884134,
        0.16398867729405997,
        0.1574118713993346,
        0.14674265801993347,
        0.1374512735423476,
        0.13008102410224848,
        0.12736396028984234,
        0.12418268205058453,
        0.10993198884767649,
        0.10773656982792951,
        0.10314214891947947,
        0.09383623614321629,
        0.09250045770554216
    ],
    "val_loss": [
        0.49433692062602325,
        0.48879231530077316,
        0.4751511756111594,
        0.489378544512917,
        0.4687775646938997,
        0.5156251132488251,
        0.49749640226364134,
        0.5345880546990562,
        0.4871659015907961,
        0.48754541383070105,
        0.5064922508071451,
        0.48721041819628547,
        0.46729293746106765,
        0.493019696894814,
        0.5023353951818803,
        0.5035583671401529,
        0.4973650167970096,
        0.5104183964869555,
        0.4929257154464722,
        0.4892505740418154,
        0.4853395949391758,
        0.5075804868165185,
        0.5067499027532689,
        0.49517773459939396,
        0.49406225330689374,
        0.5023952091441435,
        0.4917604853125179,
        0.5210266548044541,
        0.5311739613028134,
        0.5087340435561012,
        0.5110755629399244,
        0.5128029074739008,
        0.504346288652981
    ],
    "val_accuracy": [
        0.525,
        0.5463235294117647,
        0.5558823529411765,
        0.5257352941176471,
        0.575735294117647,
        0.5235294117647059,
        0.5419117647058823,
        0.5235294117647059,
        0.5345588235294118,
        0.5477941176470589,
        0.5338235294117647,
        0.5610294117647059,
        0.5522058823529412,
        0.5294117647058824,
        0.5198529411764706,
        0.5308823529411765,
        0.5360294117647059,
        0.5029411764705882,
        0.5272058823529412,
        0.538235294117647,
        0.5455882352941176,
        0.5058823529411764,
        0.5029411764705882,
        0.5176470588235295,
        0.524264705882353,
        0.5110294117647058,
        0.524264705882353,
        0.49926470588235294,
        0.48823529411764705,
        0.5073529411764706,
        0.5007352941176471,
        0.4970588235294118,
        0.5051470588235294
    ]
}