{
    "train_loss": [
        0.501582676124538,
        0.4820861687132712,
        0.46452804632061956,
        0.4491625123669487,
        0.42676888803207197,
        0.40920572180241305,
        0.39434513165527385,
        0.37490925316467033,
        0.35644903080605694,
        0.3353077710499062,
        0.31995900090257845,
        0.30504043081441823,
        0.28372597211790224,
        0.2615514144388175,
        0.24440416552701197,
        0.2241532759526758,
        0.2052385882302316,
        0.19149105254088947,
        0.1765133058367598,
        0.16086093897577455,
        0.146606098719516,
        0.1392913281787431,
        0.12489093821685561,
        0.11674262277424075,
        0.10845680375416726,
        0.10233853792627999,
        0.09138338376254147,
        0.08802644218951247,
        0.08234709667196441,
        0.08005449343391381
    ],
    "val_loss": [
        0.5290102152263417,
        0.5342014158473295,
        0.5110405224211075,
        0.4854501783847809,
        0.49242784310789667,
        0.4970173706026638,
        0.49024926704518934,
        0.5061804992311141,
        0.5040461901356192,
        0.47649054036420935,
        0.48767432360088125,
        0.5258186035296496,
        0.49521677704418404,
        0.49465857042985806,
        0.494780414945939,
        0.49070897172479067,
        0.5089834265849169,
        0.5446744329789106,
        0.49540637451059677,
        0.4903943763059728,
        0.499630164048251,
        0.5024638652801514,
        0.507585105825873,
        0.5046329610487994,
        0.5211880312246435,
        0.5096349060535431,
        0.508526281749501,
        0.4950491807040046,
        0.505664123507107,
        0.510400323306813
    ],
    "val_accuracy": [
        0.4360294117647059,
        0.4970588235294118,
        0.4764705882352941,
        0.5588235294117647,
        0.5647058823529412,
        0.5191176470588236,
        0.5404411764705882,
        0.49558823529411766,
        0.5191176470588236,
        0.5698529411764706,
        0.5301470588235294,
        0.49411764705882355,
        0.5433823529411764,
        0.5573529411764706,
        0.5169117647058824,
        0.5419117647058823,
        0.5088235294117647,
        0.4625,
        0.55,
        0.5338235294117647,
        0.5338235294117647,
        0.513235294117647,
        0.49411764705882355,
        0.5102941176470588,
        0.47941176470588237,
        0.4970588235294118,
        0.5007352941176471,
        0.5272058823529412,
        0.5088235294117647,
        0.4963235294117647
    ]
}