{
    "0": {
        "precision": 0.5769230769230769,
        "recall": 0.10380622837370242,
        "f1-score": 0.17595307917888564,
        "support": 289.0
    },
    "1": {
        "precision": 0.5875796178343949,
        "recall": 0.9437340153452686,
        "f1-score": 0.7242394504416094,
        "support": 391.0
    },
    "accuracy": 0.586764705882353,
    "macro avg": {
        "precision": 0.5822513473787359,
        "recall": 0.5237701218594855,
        "f1-score": 0.45009626481024756,
        "support": 680.0
    },
    "weighted avg": {
        "precision": 0.5830505879470848,
        "recall": 0.586764705882353,
        "f1-score": 0.49121774265495183,
        "support": 680.0
    }
}