{
    "0": {
        "precision": 1.0,
        "recall": 0.006920415224913495,
        "f1-score": 0.013745704467353952,
        "support": 289.0
    },
    "1": {
        "precision": 0.5766961651917404,
        "recall": 1.0,
        "f1-score": 0.7315247895229187,
        "support": 391.0
    },
    "accuracy": 0.5779411764705882,
    "macro avg": {
        "precision": 0.7883480825958702,
        "recall": 0.5034602076124568,
        "f1-score": 0.3726352469951363,
        "support": 680.0
    },
    "weighted avg": {
        "precision": 0.7566002949852507,
        "recall": 0.5779411764705882,
        "f1-score": 0.42646867837430374,
        "support": 680.0
    }
}