{
    "0": {
        "precision": 0.44372294372294374,
        "recall": 0.7093425605536332,
        "f1-score": 0.5459387483355526,
        "support": 289.0
    },
    "1": {
        "precision": 0.6146788990825688,
        "recall": 0.34271099744245526,
        "f1-score": 0.4400656814449918,
        "support": 391.0
    },
    "accuracy": 0.4985294117647059,
    "macro avg": {
        "precision": 0.5292009214027562,
        "recall": 0.5260267789980442,
        "f1-score": 0.4930022148902722,
        "support": 680.0
    },
    "weighted avg": {
        "precision": 0.5420226180547281,
        "recall": 0.4985294117647059,
        "f1-score": 0.48506173487348014,
        "support": 680.0
    }
}