{
    "0": {
        "precision": 1.0,
        "recall": 0.0034602076124567475,
        "f1-score": 0.006896551724137931,
        "support": 289.0
    },
    "1": {
        "precision": 0.5758468335787923,
        "recall": 1.0,
        "f1-score": 0.7308411214953271,
        "support": 391.0
    },
    "accuracy": 0.5764705882352941,
    "macro avg": {
        "precision": 0.7879234167893961,
        "recall": 0.5017301038062284,
        "f1-score": 0.3688688366097325,
        "support": 680.0
    },
    "weighted avg": {
        "precision": 0.7561119293078056,
        "recall": 0.5764705882352941,
        "f1-score": 0.42316467934257174,
        "support": 680.0
    }
}