{
    "0": {
        "precision": 0.32,
        "recall": 0.02768166089965398,
        "f1-score": 0.050955414012738856,
        "support": 289.0
    },
    "1": {
        "precision": 0.5709923664122137,
        "recall": 0.9565217391304348,
        "f1-score": 0.7151051625239006,
        "support": 391.0
    },
    "accuracy": 0.5617647058823529,
    "macro avg": {
        "precision": 0.44549618320610684,
        "recall": 0.4921017000150444,
        "f1-score": 0.3830302882683197,
        "support": 680.0
    },
    "weighted avg": {
        "precision": 0.4643206106870229,
        "recall": 0.5617647058823529,
        "f1-score": 0.43284151940665677,
        "support": 680.0
    }
}