{
    "0": {
        "precision": 0.5714285714285714,
        "recall": 0.02768166089965398,
        "f1-score": 0.052805280528052806,
        "support": 289.0
    },
    "1": {
        "precision": 0.5780780780780781,
        "recall": 0.9846547314578005,
        "f1-score": 0.7284768211920529,
        "support": 391.0
    },
    "accuracy": 0.5779411764705882,
    "macro avg": {
        "precision": 0.5747533247533247,
        "recall": 0.5061681961787272,
        "f1-score": 0.39064105086005285,
        "support": 680.0
    },
    "weighted avg": {
        "precision": 0.5752520377520378,
        "recall": 0.5779411764705882,
        "f1-score": 0.44131641640985286,
        "support": 680.0
    }
}