{
    "train_loss": [
        0.6096450436253881,
        0.5500744893107303,
        0.5281055949455083,
        0.51851686987766,
        0.504203530245049,
        0.5028076907923055,
        0.4929441723712655,
        0.4864787800367488,
        0.479571881613066,
        0.47774205776148065,
        0.4729800258264985,
        0.4663508666116138,
        0.46193788259528407,
        0.4605328810769458,
        0.4531703503325928,
        0.453424227099086,
        0.44643424790959024,
        0.44630810140177263,
        0.44557041414948395,
        0.43966345038524896,
        0.43834319870139277,
        0.43602917305258815,
        0.43440312043178914,
        0.43331793879353725,
        0.4316334951409074,
        0.4284715140974799,
        0.42630902930747633,
        0.4262005357548248,
        0.4254252529421518,
        0.4203620229003041,
        0.4197613914345586,
        0.41542965762836986,
        0.41312157913695935,
        0.4156227023449055,
        0.4144245577066444,
        0.4124003414844358,
        0.4107629760406738,
        0.40775346624296765,
        0.40560508671888085,
        0.40808163347632387,
        0.4070061025924461,
        0.4025836793142696,
        0.40285055121017055,
        0.4030124534354653,
        0.4056558446135632,
        0.40132653304310734,
        0.3999359955967859,
        0.3960811446572459,
        0.3949461451796598,
        0.394961842166823,
        0.3946731685552486,
        0.3968597250968911,
        0.39219398034173386,
        0.3906885408731394,
        0.3912562273616014,
        0.38922527605711027,
        0.3918342123197955
    ],
    "val_loss": [
        0.48128898759682975,
        0.5129248426357905,
        0.5011515736579895,
        0.4698777602116267,
        0.4822630254427592,
        0.46228626946608226,
        0.45836686889330547,
        0.46393025159835816,
        0.4595066346724828,
        0.4486335031191508,
        0.4474873814980189,
        0.4315048356850942,
        0.43867505609989166,
        0.41625516980886457,
        0.44689730544885,
        0.4323510338862737,
        0.41061551213264463,
        0.4134157641728719,
        0.4078808104991913,
        0.43119273593028384,
        0.4085730817914009,
        0.42553155779838564,
        0.42232188254594805,
        0.42309978624184924,
        0.4071380257606506,
        0.39453917801380156,
        0.4287040204803149,
        0.39504907300074893,
        0.4046609420577685,
        0.4145882515112559,
        0.40048076142867406,
        0.40194034059842426,
        0.4009352785348892,
        0.37822417308886846,
        0.4002022476991018,
        0.3966084747513135,
        0.3760209486881892,
        0.3947110816836357,
        0.3977162939310074,
        0.39614775439103445,
        0.4058312852183978,
        0.3974196583032608,
        0.3819117069244385,
        0.3797254274288813,
        0.418569451769193,
        0.38151660124460857,
        0.38775832116603853,
        0.3901061137517293,
        0.3866222166021665,
        0.386538482606411,
        0.3770478011171023,
        0.3955438514550527,
        0.39794064660867057,
        0.3929031192262967,
        0.3947843587398529,
        0.38206455767154696,
        0.38962462802728015
    ],
    "val_accuracy": [
        0.6357560568086884,
        0.3688387635756057,
        0.42564745196324144,
        0.650375939849624,
        0.6453634085213033,
        0.6428571428571429,
        0.6390977443609023,
        0.6499582289055973,
        0.6407685881370092,
        0.6532999164578112,
        0.614452798663325,
        0.6595655806182122,
        0.6319966583124478,
        0.6574770258980785,
        0.6077694235588973,
        0.6098579782790309,
        0.6365914786967418,
        0.6570593149540518,
        0.6336675020885547,
        0.5960735171261488,
        0.6236424394319131,
        0.6094402673350042,
        0.6194653299916458,
        0.6040100250626567,
        0.6131996658312447,
        0.6349206349206349,
        0.589390142021721,
        0.6365914786967418,
        0.6198830409356725,
        0.6077694235588973,
        0.6186299081035923,
        0.6257309941520468,
        0.620718462823726,
        0.647451963241437,
        0.6186299081035923,
        0.6353383458646616,
        0.6524644945697577,
        0.631578947368421,
        0.6386800334168755,
        0.6345029239766082,
        0.6035923141186299,
        0.6244778613199666,
        0.6420217209690894,
        0.64578111946533,
        0.5981620718462823,
        0.6365914786967418,
        0.6424394319131161,
        0.6278195488721805,
        0.6449456975772765,
        0.641186299081036,
        0.6449456975772765,
        0.6386800334168755,
        0.6257309941520468,
        0.6324143692564745,
        0.6299081035923141,
        0.6445279866332498,
        0.6407685881370092
    ]
}