{
    "train_loss": [
        0.5744920967797923,
        0.5270015228246931,
        0.5103315961393238,
        0.5056559752400328,
        0.5024823695421219,
        0.49628639851159195,
        0.49505820846169946,
        0.4876202562960183,
        0.48413716442378235,
        0.4835730307712788,
        0.4789668360780571,
        0.4735319073688047,
        0.47068775778378896,
        0.4671972466678154,
        0.4653584556931726,
        0.46249706756454817,
        0.4577146610674173,
        0.4568125813149501,
        0.45119452476501465,
        0.44864942545328684,
        0.4474542300875594,
        0.4468163532737471,
        0.44460552680460097,
        0.4411888520730543,
        0.4395395622343875,
        0.43970653323865516,
        0.4372593604613772,
        0.43693675009942634,
        0.4352746592546866,
        0.43516823429321533,
        0.43385742439164054,
        0.433666649832312,
        0.4312429157133671,
        0.4290834693566247,
        0.4258879993545008,
        0.42627840630488023,
        0.42530485777674004,
        0.42615806487033037,
        0.4250409544564198
    ],
    "val_loss": [
        0.512425836622715,
        0.48581408262252807,
        0.4937530180811882,
        0.506666724383831,
        0.4871805927157402,
        0.5334898698329925,
        0.5085947155952454,
        0.4854977896809578,
        0.4797824549674988,
        0.505408990085125,
        0.5089303031563759,
        0.541984079182148,
        0.5149371567368507,
        0.520996312201023,
        0.5046077728271484,
        0.49394583761692046,
        0.5003929343819619,
        0.49714008182287217,
        0.470345074236393,
        0.48874187618494036,
        0.5362036487460137,
        0.5088035988807679,
        0.538975984454155,
        0.5100250291824341,
        0.5488432025909424,
        0.5500395768880844,
        0.550675707757473,
        0.5551471102237702,
        0.5518426170945168,
        0.5488720610737801,
        0.5536567404866218,
        0.5649632325768471,
        0.5501991894841194,
        0.5608721807599067,
        0.5772240912914276,
        0.5632107678055763,
        0.5944609639048576,
        0.561397859454155,
        0.5726938039064408
    ],
    "val_accuracy": [
        0.365,
        0.63875,
        0.620625,
        0.398125,
        0.63375,
        0.364375,
        0.418125,
        0.565,
        0.5675,
        0.46625,
        0.4625,
        0.415625,
        0.45,
        0.445,
        0.47,
        0.4875,
        0.47625,
        0.48375,
        0.53,
        0.519375,
        0.449375,
        0.488125,
        0.45,
        0.475625,
        0.448125,
        0.448125,
        0.443125,
        0.4475,
        0.449375,
        0.4525,
        0.44375,
        0.44125,
        0.44625,
        0.44,
        0.440625,
        0.43875,
        0.439375,
        0.440625,
        0.44
    ]
}