{
    "train_loss": [
        0.5794691126741739,
        0.5253324345957934,
        0.5120863518093954,
        0.5049599582189305,
        0.502705696856079,
        0.4977001261412267,
        0.4971310903933055,
        0.49247748850945977,
        0.4909428491316798,
        0.4889311400711702,
        0.4836219971309465,
        0.4823919269865934,
        0.47952409682167607,
        0.4753343922016016,
        0.47261720995385004,
        0.4676740533960231,
        0.46504035994701065,
        0.4634742616444909,
        0.461973128046498,
        0.45868116177224183,
        0.4554679822539885,
        0.455160343505878,
        0.4530430120678001,
        0.4481491192884764,
        0.44538941033039253,
        0.4452061002923586,
        0.4447052234726696,
        0.44153467715201605
    ],
    "val_loss": [
        0.4818519330024719,
        0.5018325912952423,
        0.512161927819252,
        0.5023941373825074,
        0.5225272578001022,
        0.5170368844270706,
        0.513722939491272,
        0.4731412360072136,
        0.534435074031353,
        0.495811955332756,
        0.49533407658338546,
        0.5086944329738617,
        0.5321432760357857,
        0.5255645504593849,
        0.5329688146710396,
        0.5340438377857208,
        0.5495582354068757,
        0.5487081623077392,
        0.5436786526441574,
        0.5432293003797531,
        0.537957569360733,
        0.5454164630174637,
        0.561923415362835,
        0.575945154428482,
        0.5771218946576119,
        0.5694297316670418,
        0.5607392466068268,
        0.5709711730480194
    ],
    "val_accuracy": [
        0.5875,
        0.464375,
        0.410625,
        0.47375,
        0.406875,
        0.401875,
        0.4325,
        0.585,
        0.405,
        0.525,
        0.511875,
        0.470625,
        0.4275,
        0.433125,
        0.43125,
        0.42875,
        0.414375,
        0.4175,
        0.42125,
        0.4225,
        0.4275,
        0.42125,
        0.40625,
        0.409375,
        0.40625,
        0.405625,
        0.411875,
        0.4075
    ]
}