{
    "train_loss": [
        0.5910141276611017,
        0.535454912071977,
        0.5154967823419798,
        0.5046322604884272,
        0.5041250058594793,
        0.4997698161411419,
        0.49292025559413316,
        0.4890529369154284,
        0.48494472995212334,
        0.4806589479198964,
        0.48088598548112044,
        0.47444784357036146,
        0.47488525865121445,
        0.4693602040974321,
        0.4665178022494992,
        0.46525486204433575,
        0.4610460957755213,
        0.460900754593365,
        0.4587175874104841,
        0.45716784328096877,
        0.4533560444897388,
        0.4500961546978141,
        0.4488409140877436,
        0.4465559339372841
    ],
    "val_loss": [
        0.496093427836895,
        0.4903308430314064,
        0.4987508201599121,
        0.48619380861520767,
        0.49734313994646073,
        0.49754445284605026,
        0.5045723357796669,
        0.5004183638095856,
        0.5076653489470482,
        0.5132969534397125,
        0.5176292037963868,
        0.5180117720365525,
        0.515241502225399,
        0.5205955222249031,
        0.5122633221745491,
        0.5225249895453453,
        0.5255357399582863,
        0.5231387183070183,
        0.5205442741513252,
        0.5266598778963089,
        0.5199945959448814,
        0.5283688414096832,
        0.5274831593036652,
        0.5245582872629165
    ],
    "val_accuracy": [
        0.541875,
        0.5375,
        0.4875,
        0.5375,
        0.506875,
        0.498125,
        0.449375,
        0.50125,
        0.47,
        0.455,
        0.451875,
        0.456875,
        0.459375,
        0.461875,
        0.47375,
        0.47,
        0.465,
        0.465625,
        0.466875,
        0.475,
        0.47625,
        0.474375,
        0.470625,
        0.469375
    ]
}