{
    "train_loss": [
        0.5871808286984979,
        0.5272362174067295,
        0.5143035982429249,
        0.5070939983710098,
        0.5004235763016371,
        0.497211914148695,
        0.4904428752187492,
        0.4845451952084025,
        0.4792461966102153,
        0.4768444533481442,
        0.4729713400747083,
        0.46865752928904264,
        0.46734712641853915,
        0.4631231273911985,
        0.4588617208791137,
        0.4560385561086959,
        0.45526702911434197,
        0.45223641863135977,
        0.44801681420650197,
        0.4464053611231696,
        0.4442428991828739,
        0.44275437923603134,
        0.4401458086087629,
        0.4388351847822962
    ],
    "val_loss": [
        0.49776624143123627,
        0.5151489222049713,
        0.5111297264695167,
        0.49334302455186846,
        0.497704002559185,
        0.5199236217141151,
        0.5080122202634811,
        0.521707478761673,
        0.5502989667654038,
        0.5557681521773339,
        0.543666398525238,
        0.569913018643856,
        0.5782017576694488,
        0.5790317720174789,
        0.5743801897764206,
        0.6054715269804001,
        0.5774517947435379,
        0.5741416698694229,
        0.568384373486042,
        0.5930681484937668,
        0.5917697572708129,
        0.6161801809072495,
        0.6005622479319572,
        0.6105493354797363
    ],
    "val_accuracy": [
        0.549375,
        0.3875,
        0.38375,
        0.59625,
        0.546875,
        0.3825,
        0.490625,
        0.4525,
        0.375,
        0.3625,
        0.42,
        0.38875,
        0.3775,
        0.37625,
        0.386875,
        0.34875,
        0.4,
        0.3925,
        0.411875,
        0.3775,
        0.374375,
        0.364375,
        0.39875,
        0.368125
    ]
}