{
    "train_loss": [
        0.5815411530330148,
        0.5318766662772273,
        0.5158734271643867,
        0.5093422897684742,
        0.5027001234007553,
        0.5005155091974097,
        0.499387206619894,
        0.49646020011163094,
        0.4877681700276657,
        0.48543463269589654,
        0.47911549731039665,
        0.4777839695903617,
        0.4739062647584458,
        0.4709142978342486,
        0.46766675941541164,
        0.46487388581457273,
        0.460284659308447,
        0.4584908402721647,
        0.45469480992203026,
        0.4517501156095048,
        0.45048285987175685,
        0.4460850250553077,
        0.44488869737571396,
        0.44190245942330697,
        0.4424524298646081,
        0.43786716291182476,
        0.43837118765837707,
        0.43591468306914183,
        0.4350204225577099,
        0.43536927387328217,
        0.4335592766462917,
        0.43292415782179633,
        0.42959800461228465
    ],
    "val_loss": [
        0.5095204296708107,
        0.5123482593894004,
        0.5314139065146446,
        0.4964650121331215,
        0.47546873599290845,
        0.5023143607378006,
        0.4941740387678146,
        0.4957933217287064,
        0.49857871830463407,
        0.47786167085170744,
        0.516674827337265,
        0.48159593999385836,
        0.4605456978082657,
        0.48990944772958755,
        0.499190217256546,
        0.49787301480770113,
        0.4974997055530548,
        0.4992557434737682,
        0.5065426099300384,
        0.5063048841059208,
        0.5106289573013783,
        0.5220195966958999,
        0.5005529989302159,
        0.4963947413861752,
        0.5163841557502746,
        0.4895677489042282,
        0.5144129447638989,
        0.501895690113306,
        0.4897303652763367,
        0.5001855699717999,
        0.49620735421776774,
        0.5096220946311951,
        0.5078150728344917
    ],
    "val_accuracy": [
        0.375,
        0.378125,
        0.375,
        0.54625,
        0.623125,
        0.47375,
        0.540625,
        0.51625,
        0.498125,
        0.538125,
        0.47375,
        0.5175,
        0.551875,
        0.496875,
        0.488125,
        0.49125,
        0.51625,
        0.4975,
        0.493125,
        0.494375,
        0.495,
        0.498125,
        0.496875,
        0.506875,
        0.491875,
        0.5125,
        0.491875,
        0.49625,
        0.518125,
        0.508125,
        0.51625,
        0.50625,
        0.504375
    ]
}