{
    "0": {
        "precision": 0.36363636363636365,
        "recall": 0.14,
        "f1-score": 0.20216606498194944,
        "support": 200.0
    },
    "1": {
        "precision": 0.7621023513139695,
        "recall": 0.9183333333333333,
        "f1-score": 0.8329554043839759,
        "support": 600.0
    },
    "accuracy": 0.72375,
    "macro avg": {
        "precision": 0.5628693574751666,
        "recall": 0.5291666666666667,
        "f1-score": 0.5175607346829627,
        "support": 800.0
    },
    "weighted avg": {
        "precision": 0.6624858543945681,
        "recall": 0.72375,
        "f1-score": 0.6752580695334693,
        "support": 800.0
    }
}