{
    "0": {
        "precision": 0.41964285714285715,
        "recall": 0.16785714285714284,
        "f1-score": 0.23979591836734693,
        "support": 280.0
    },
    "1": {
        "precision": 0.6613372093023255,
        "recall": 0.875,
        "f1-score": 0.7533112582781457,
        "support": 520.0
    },
    "accuracy": 0.6275,
    "macro avg": {
        "precision": 0.5404900332225914,
        "recall": 0.5214285714285715,
        "f1-score": 0.4965535883227463,
        "support": 800.0
    },
    "weighted avg": {
        "precision": 0.5767441860465116,
        "recall": 0.6275,
        "f1-score": 0.5735808893093661,
        "support": 800.0
    }
}