{
    "0": {
        "precision": 0.2550335570469799,
        "recall": 0.95,
        "f1-score": 0.4021164021164021,
        "support": 200.0
    },
    "1": {
        "precision": 0.8181818181818182,
        "recall": 0.075,
        "f1-score": 0.13740458015267176,
        "support": 600.0
    },
    "accuracy": 0.29375,
    "macro avg": {
        "precision": 0.536607687614399,
        "recall": 0.5125,
        "f1-score": 0.26976049113453693,
        "support": 800.0
    },
    "weighted avg": {
        "precision": 0.6773947528981087,
        "recall": 0.29375,
        "f1-score": 0.20358253564360432,
        "support": 800.0
    }
}