{
    "0": {
        "precision": 1.0,
        "recall": 0.0035714285714285713,
        "f1-score": 0.0071174377224199285,
        "support": 280.0
    },
    "1": {
        "precision": 0.6508135168961201,
        "recall": 1.0,
        "f1-score": 0.7884761182714177,
        "support": 520.0
    },
    "accuracy": 0.65125,
    "macro avg": {
        "precision": 0.82540675844806,
        "recall": 0.5017857142857143,
        "f1-score": 0.3977967779969188,
        "support": 800.0
    },
    "weighted avg": {
        "precision": 0.7730287859824782,
        "recall": 0.65125,
        "f1-score": 0.5150005800792685,
        "support": 800.0
    }
}