{
    "0": {
        "precision": 0.1744186046511628,
        "recall": 0.21428571428571427,
        "f1-score": 0.19230769230769232,
        "support": 140.0
    },
    "1": {
        "precision": 0.8248407643312102,
        "recall": 0.7848484848484848,
        "f1-score": 0.8043478260869565,
        "support": 660.0
    },
    "accuracy": 0.685,
    "macro avg": {
        "precision": 0.4996296844911865,
        "recall": 0.49956709956709955,
        "f1-score": 0.4983277591973244,
        "support": 800.0
    },
    "weighted avg": {
        "precision": 0.711016886387202,
        "recall": 0.685,
        "f1-score": 0.6972408026755853,
        "support": 800.0
    }
}