{
    "0": {
        "precision": 0.42777777777777776,
        "recall": 0.22647058823529412,
        "f1-score": 0.29615384615384616,
        "support": 340.0
    },
    "1": {
        "precision": 0.5758064516129032,
        "recall": 0.7760869565217391,
        "f1-score": 0.6611111111111111,
        "support": 460.0
    },
    "accuracy": 0.5425,
    "macro avg": {
        "precision": 0.5017921146953405,
        "recall": 0.5012787723785166,
        "f1-score": 0.4786324786324786,
        "support": 800.0
    },
    "weighted avg": {
        "precision": 0.5128942652329749,
        "recall": 0.5425,
        "f1-score": 0.5060042735042735,
        "support": 800.0
    }
}