{
    "0": {
        "precision": 0.3758300132802125,
        "recall": 0.9433333333333334,
        "f1-score": 0.5375118708452041,
        "support": 300.0
    },
    "1": {
        "precision": 0.6382978723404256,
        "recall": 0.06,
        "f1-score": 0.10968921389396709,
        "support": 500.0
    },
    "accuracy": 0.39125,
    "macro avg": {
        "precision": 0.507063942810319,
        "recall": 0.5016666666666667,
        "f1-score": 0.32360054236958563,
        "support": 800.0
    },
    "weighted avg": {
        "precision": 0.5398724251928456,
        "recall": 0.39125,
        "f1-score": 0.27012271025068096,
        "support": 800.0
    }
}