{
    "train_loss": [
        0.5037761995168489,
        0.49936191695872867,
        0.4897231700264405,
        0.47661211535195325,
        0.46550101860661375,
        0.45596710777728355,
        0.4454439796298464,
        0.43839914979778716,
        0.4330208858039892,
        0.42488119139849584,
        0.41523078579768957,
        0.4126733856223454,
        0.3967412290172042,
        0.3894745566577555,
        0.3752163915990669,
        0.37231047794083566,
        0.36120273880312376,
        0.3572510624739611,
        0.3646496854374342,
        0.35293708463138507,
        0.3401991753377647
    ],
    "val_loss": [
        0.4173838979649273,
        0.5096250946887515,
        0.5333292130380869,
        0.47661631825295364,
        0.5130124930292368,
        0.47012136300856416,
        0.48437748121267016,
        0.46324141238900746,
        0.4861736394126307,
        0.4843573698096655,
        0.49793229726227844,
        0.45339593511413445,
        0.48197269067168236,
        0.4942167362367565,
        0.4391944536261938,
        0.46115279908884654,
        0.5374433780935678,
        0.4521993630650369,
        0.48944643207571725,
        0.4398859262635762,
        0.49416362189433793
    ],
    "val_accuracy": [
        0.6203835227272727,
        0.45454545454545453,
        0.4147727272727273,
        0.5479403409090909,
        0.4989346590909091,
        0.546875,
        0.5319602272727273,
        0.5578835227272727,
        0.5266335227272727,
        0.5209517045454546,
        0.5163352272727273,
        0.5802556818181818,
        0.5259232954545454,
        0.5095880681818182,
        0.5649857954545454,
        0.5436789772727273,
        0.47230113636363635,
        0.5504261363636364,
        0.5053267045454546,
        0.5610795454545454,
        0.5049715909090909
    ]
}