{
    "train_loss": [
        0.5030091681770075,
        0.49865148685802924,
        0.48745484374393927,
        0.47528840726781113,
        0.4640076402191804,
        0.45474393818980063,
        0.4429456692711215,
        0.4344160274924519,
        0.4257126726558275,
        0.42072036416731146,
        0.41553623971538006,
        0.4050801770709385,
        0.3989788027567284,
        0.3893509384627654,
        0.378675351995174,
        0.3634397076390614,
        0.3541062969888482,
        0.34788431288482985,
        0.33090458238654047,
        0.33300881555704315,
        0.32825714703475206,
        0.3249331399380604,
        0.3199322125343519,
        0.3145235797721092,
        0.31098063251821795,
        0.3068957210283413,
        0.305506382137537,
        0.3012933333900487,
        0.2984604695341854,
        0.29128028434988495,
        0.28956731628870297,
        0.29240287499519707,
        0.2882386651690875,
        0.2874490709783875,
        0.2852467400517976,
        0.28830227619994464,
        0.28005474007853837,
        0.27317368161873284,
        0.2715321046204489,
        0.2835196149613813,
        0.278475154494153,
        0.27706364911293313,
        0.2742861661328891,
        0.2760391926236242,
        0.2777167156878337,
        0.2791886646126475,
        0.27330998529062095,
        0.2705426963081009,
        0.27379165016915474,
        0.26940852528977616,
        0.2646134535111835,
        0.26751250254216596,
        0.26459865867395266,
        0.25993305158531554,
        0.27441263838766894,
        0.2667274507232637,
        0.27057657483617,
        0.26255928575818505,
        0.2666839514832909
    ],
    "val_loss": [
        0.5322978742082011,
        0.44103930331766605,
        0.5034557018767704,
        0.5106608593328432,
        0.4874518803236159,
        0.47223684462634,
        0.4910959823226387,
        0.5059135288677432,
        0.4798857088793408,
        0.46006534180857916,
        0.48208890059454873,
        0.4870740525763143,
        0.46967332336035644,
        0.4606368731368672,
        0.4626495025374673,
        0.4607606810432943,
        0.47564991080964153,
        0.44684151877564465,
        0.4361187167127024,
        0.46665628330612724,
        0.44231566752899776,
        0.4372294442728162,
        0.47778495849872177,
        0.492298012345352,
        0.4700737916017798,
        0.45722775195132603,
        0.4748729963532903,
        0.46283339184116234,
        0.4957178778607737,
        0.4395887108350342,
        0.43842952385206113,
        0.4381287344308062,
        0.46440505007789895,
        0.45048416761512106,
        0.4693661294877529,
        0.4197619021446867,
        0.471004523421553,
        0.44920965131710877,
        0.4167069684798745,
        0.45393443073738704,
        0.4649496894668449,
        0.4413015464828773,
        0.4782688374715773,
        0.4546423471448096,
        0.4518346546048468,
        0.4619500330987979,
        0.44257736434652045,
        0.47775050523606216,
        0.4495964203537865,
        0.4243493417108601,
        0.45095594244247134,
        0.47483682590113446,
        0.459242618219419,
        0.42211475214836275,
        0.4464248394254934,
        0.440566556697542,
        0.48560514190996235,
        0.4407979501411319,
        0.45580919264731085
    ],
    "val_accuracy": [
        0.3806818181818182,
        0.6200284090909091,
        0.48579545454545453,
        0.47798295454545453,
        0.5259232954545454,
        0.5475852272727273,
        0.5106534090909091,
        0.51171875,
        0.5365767045454546,
        0.5774147727272727,
        0.5305397727272727,
        0.5177556818181818,
        0.5486505681818182,
        0.5720880681818182,
        0.5564630681818182,
        0.5479403409090909,
        0.5255681818181818,
        0.5632102272727273,
        0.5713778409090909,
        0.5383522727272727,
        0.5642755681818182,
        0.5735085227272727,
        0.5237926136363636,
        0.5120738636363636,
        0.53515625,
        0.546875,
        0.5316051136363636,
        0.54296875,
        0.5134943181818182,
        0.5649857954545454,
        0.5656960227272727,
        0.5692471590909091,
        0.5440340909090909,
        0.5553977272727273,
        0.5358664772727273,
        0.5894886363636364,
        0.5344460227272727,
        0.5553977272727273,
        0.5887784090909091,
        0.5525568181818182,
        0.5383522727272727,
        0.5642755681818182,
        0.5248579545454546,
        0.5522017045454546,
        0.5514914772727273,
        0.54296875,
        0.5617897727272727,
        0.5276988636363636,
        0.5571732954545454,
        0.5791903409090909,
        0.5536221590909091,
        0.5301846590909091,
        0.5472301136363636,
        0.5830965909090909,
        0.5575284090909091,
        0.5635653409090909,
        0.5198863636363636,
        0.5642755681818182,
        0.5529119318181818
    ]
}