{
    "train_loss": [
        0.507369704057123,
        0.4971846916965235,
        0.4873265329365418,
        0.4818888524425364,
        0.4734657800643243,
        0.46091813283545946,
        0.4519530195499135,
        0.441274500004599,
        0.43442940051867585,
        0.42634592440640817,
        0.418380433098178,
        0.4149517153050298,
        0.4060526272682386,
        0.40001651533296173,
        0.39763816263631124,
        0.38827252783507943,
        0.38799112013010223,
        0.38725493725772214,
        0.38025010134850706,
        0.37626261142230477,
        0.36992737510215457,
        0.366498149109778,
        0.36439729877442956,
        0.36215462039842783,
        0.3633840119030988,
        0.3596567752031244,
        0.3563529477219715,
        0.3542939478131098,
        0.35916367655045517,
        0.3520366801558254,
        0.35286479242076385,
        0.3559078880420355,
        0.350821327814989,
        0.3452750998993065,
        0.34854825399467876,
        0.3402759344151644,
        0.3399818914864108,
        0.33896897254146147,
        0.33662436122649186,
        0.3399391931072574,
        0.33500359453887585,
        0.33145517982612144,
        0.33828547021774485,
        0.33897712573269817,
        0.33600865201415303,
        0.33263112362300123,
        0.33524233342331144,
        0.3231882756871876,
        0.3355259458316821,
        0.33171360798389,
        0.34189464924073665,
        0.3344543209003511,
        0.33936895122316396,
        0.33061964422742895,
        0.3280612244784275,
        0.3308513252186441,
        0.3235075306478087
    ],
    "val_loss": [
        0.4697791507298296,
        0.4812097109176896,
        0.44360920532860537,
        0.4652734012766318,
        0.49038817411796615,
        0.4965970020063899,
        0.5067345855588262,
        0.5005790230564096,
        0.47513147274201567,
        0.4972284742715684,
        0.4483631481839852,
        0.4711983648382805,
        0.46956141538579355,
        0.46053854359144514,
        0.467275102622807,
        0.4602284314618869,
        0.4718196593563665,
        0.47909046802669764,
        0.44013495557010174,
        0.44638155739415775,
        0.451869300481948,
        0.4670236502689394,
        0.48480005630038003,
        0.4677267716350881,
        0.4836852906102484,
        0.4389183408242058,
        0.47982006113637576,
        0.44668680717321957,
        0.464913738976148,
        0.44521435748108407,
        0.45265596588565543,
        0.4528051292185079,
        0.43958689721131866,
        0.441318974068219,
        0.4670906092294238,
        0.45712686220014637,
        0.4254422743212093,
        0.43804512765597214,
        0.44991524678400974,
        0.4797284225509925,
        0.44885752781886945,
        0.45353568328375166,
        0.47097180411219597,
        0.4778551703149622,
        0.44069724513048475,
        0.4423566097393632,
        0.46455943965437735,
        0.4557368348945271,
        0.4566705769605257,
        0.45076465979218483,
        0.4469945344396613,
        0.4667958343740214,
        0.46150484909726813,
        0.47618449005213653,
        0.46826981092718517,
        0.4635737305507064,
        0.47511870363219216
    ],
    "val_accuracy": [
        0.6161221590909091,
        0.5713778409090909,
        0.6044034090909091,
        0.5685369318181818,
        0.5280539772727273,
        0.5053267045454546,
        0.49964488636363635,
        0.5049715909090909,
        0.5319602272727273,
        0.49573863636363635,
        0.5628551136363636,
        0.5323153409090909,
        0.5358664772727273,
        0.5536221590909091,
        0.5369318181818182,
        0.54296875,
        0.5316051136363636,
        0.5259232954545454,
        0.5639204545454546,
        0.5568181818181818,
        0.5479403409090909,
        0.5390625,
        0.52734375,
        0.5344460227272727,
        0.5191761363636364,
        0.5653409090909091,
        0.5198863636363636,
        0.5564630681818182,
        0.5422585227272727,
        0.5561079545454546,
        0.5514914772727273,
        0.5479403409090909,
        0.5671164772727273,
        0.5632102272727273,
        0.5401278409090909,
        0.5436789772727273,
        0.5784801136363636,
        0.5646306818181818,
        0.5536221590909091,
        0.5220170454545454,
        0.5553977272727273,
        0.5475852272727273,
        0.5319602272727273,
        0.5220170454545454,
        0.5628551136363636,
        0.5610795454545454,
        0.5397727272727273,
        0.5472301136363636,
        0.5454545454545454,
        0.5511363636363636,
        0.5550426136363636,
        0.5362215909090909,
        0.5394176136363636,
        0.5259232954545454,
        0.5337357954545454,
        0.5372869318181818,
        0.5294744318181818
    ]
}