{
    "train_loss": [
        0.4882718131885872,
        0.4238515113925075,
        0.4068543232507534,
        0.3942815860112508,
        0.38628989517151774,
        0.3762144546788018,
        0.36870995351860114,
        0.358188247707513,
        0.3453081652924821,
        0.33080950175319707,
        0.3113755455693683,
        0.297779462385822,
        0.2920674605144037,
        0.27934087628314086,
        0.2698254349532428,
        0.26420595674095926,
        0.2625360835511405,
        0.2577238494010122,
        0.250819944214445,
        0.25073164903500056,
        0.25007324955417765,
        0.24574692517787486,
        0.23934400152112986,
        0.23896660138559234,
        0.23052505038443719,
        0.2419863407894432,
        0.23430454916748647,
        0.23598550373839366,
        0.2282266846228693,
        0.2333918269270578,
        0.22841809046127506,
        0.23198096025063916,
        0.22916323645459907,
        0.23743484847683896,
        0.22759542511356576,
        0.22291330783753782,
        0.22636711311837038,
        0.22443181968017203,
        0.2271912506940934,
        0.23218086479516986,
        0.2281767663671761,
        0.22207352111183173,
        0.21963264791060005
    ],
    "val_loss": [
        0.48697692962253797,
        0.494130692061256,
        0.5004078787915847,
        0.48406547272906586,
        0.48128367031321806,
        0.4872810693348155,
        0.48138388430371004,
        0.4809508379767923,
        0.48447285575025223,
        0.49592857185532063,
        0.49073643964879654,
        0.5148361760027268,
        0.5058738557731404,
        0.49374561642899234,
        0.48557549013810997,
        0.4684211063034394,
        0.5084739820045583,
        0.48351191632887897,
        0.5306088531718535,
        0.5099271654206163,
        0.4973872118136462,
        0.5180233222596785,
        0.46726533525130326,
        0.49218996307429147,
        0.48232061477268445,
        0.4953140179900562,
        0.4958728792036281,
        0.5284637745688944,
        0.5031183619709576,
        0.5153804160216275,
        0.513294926811667,
        0.5169041191830355,
        0.4866259729160982,
        0.4970604998223922,
        0.5010504764669081,
        0.47635033656569087,
        0.4692278330816942,
        0.4838229873601128,
        0.48550702175673316,
        0.49833699955659755,
        0.49253206288113316,
        0.4921507421661826,
        0.47209818152820365
    ],
    "val_accuracy": [
        0.5330882352941176,
        0.5169117647058824,
        0.5161764705882353,
        0.5485294117647059,
        0.5426470588235294,
        0.5220588235294118,
        0.5316176470588235,
        0.5279411764705882,
        0.524264705882353,
        0.5066176470588235,
        0.5161764705882353,
        0.4933823529411765,
        0.5022058823529412,
        0.5139705882352941,
        0.5213235294117647,
        0.5352941176470588,
        0.49411764705882355,
        0.5213235294117647,
        0.475,
        0.49411764705882355,
        0.5161764705882353,
        0.49117647058823527,
        0.5404411764705882,
        0.5161764705882353,
        0.525,
        0.5110294117647058,
        0.5102941176470588,
        0.4764705882352941,
        0.5036764705882353,
        0.4904411764705882,
        0.4933823529411765,
        0.4889705882352941,
        0.5169117647058824,
        0.5088235294117647,
        0.5066176470588235,
        0.5323529411764706,
        0.5345588235294118,
        0.5213235294117647,
        0.5183823529411765,
        0.5044117647058823,
        0.5117647058823529,
        0.5139705882352941,
        0.5338235294117647
    ]
}