{
    "train_loss": [
        0.4769977408102135,
        0.42470117456285783,
        0.40955231784313334,
        0.3978799556205475,
        0.3892127881496171,
        0.3805881845551768,
        0.3713362161435333,
        0.35770173658148136,
        0.33886418138551555,
        0.3216040518767888,
        0.3107563067057164,
        0.30028449728159734,
        0.2934896379246626,
        0.2853557099923005,
        0.2800108875890622,
        0.2782922534125985,
        0.27115524648780037,
        0.268739644815427,
        0.26727401489525837,
        0.27080901928879075,
        0.2646963143800355,
        0.2552047074632415,
        0.2552838679524808,
        0.25437889442919126,
        0.2519794146932077,
        0.25076329321874413,
        0.2459024491223805,
        0.24795855346951462,
        0.24533200163388125,
        0.240628426127574,
        0.24082354962022282,
        0.24550329522059294,
        0.24076627377950238,
        0.24040104972588178
    ],
    "val_loss": [
        0.48942479841849384,
        0.5131132181952981,
        0.509492979330175,
        0.4836764738840215,
        0.5045403273666607,
        0.5461152038153481,
        0.5177571328247295,
        0.5464072332662695,
        0.47974086719400744,
        0.5774790812941158,
        0.5410906185122097,
        0.5538509151514839,
        0.4964293024119209,
        0.40724440094302683,
        0.5282427812323851,
        0.5476707528619206,
        0.5657059588853051,
        0.5310118738342734,
        0.5564599577118369,
        0.5820557920371785,
        0.5969656306154588,
        0.4915406553184285,
        0.49218365602633535,
        0.5404847611399258,
        0.5424991285099703,
        0.5809420774964725,
        0.6035792676841512,
        0.5009335956152747,
        0.5026858280686771,
        0.46594908956219167,
        0.4230490580201149,
        0.48931224977268895,
        0.5550951849011814,
        0.4549874109380386
    ],
    "val_accuracy": [
        0.5220588235294118,
        0.45588235294117646,
        0.48161764705882354,
        0.5360294117647059,
        0.48676470588235293,
        0.40588235294117647,
        0.46544117647058825,
        0.4323529411764706,
        0.5338235294117647,
        0.41691176470588237,
        0.4610294117647059,
        0.44191176470588234,
        0.5147058823529411,
        0.6044117647058823,
        0.4727941176470588,
        0.4566176470588235,
        0.44191176470588234,
        0.46911764705882353,
        0.44779411764705884,
        0.4294117647058823,
        0.4007352941176471,
        0.5154411764705882,
        0.5110294117647058,
        0.45955882352941174,
        0.4588235294117647,
        0.42058823529411765,
        0.3948529411764706,
        0.5044117647058823,
        0.5066176470588235,
        0.5411764705882353,
        0.5845588235294118,
        0.5205882352941177,
        0.4522058823529412,
        0.5477941176470589
    ]
}