{
    "train_loss": [
        0.4662148382252731,
        0.4102337664028384,
        0.39516072435301325,
        0.3839875796033424,
        0.3737896370540148,
        0.3666092539733311,
        0.35145456501079875,
        0.33257560338665243,
        0.3225568047953102,
        0.30226204541749857,
        0.2942393454331681,
        0.2858887051342384,
        0.2734492535464862,
        0.2763591981069608,
        0.2650665062101075,
        0.26075986674371754,
        0.2577826899842169,
        0.2552490524410895,
        0.2493134626917426,
        0.2540418773084419,
        0.2517884087255209,
        0.2498948907936519,
        0.2484840162315663,
        0.24297199498120803,
        0.24350961730344217,
        0.246851155820333,
        0.24683359570443425,
        0.23629265358610843,
        0.2408605179642399,
        0.2400218435494456,
        0.23718192991137657,
        0.2370454421231769,
        0.23705044320479393,
        0.24468779055909676,
        0.23819493759889954,
        0.23891966954819335,
        0.23679393167267226
    ],
    "val_loss": [
        0.482491379625657,
        0.4961534675429849,
        0.5336878797587227,
        0.5049120008945465,
        0.4938499170191148,
        0.465840421704685,
        0.4828812928760753,
        0.5290717980440925,
        0.5167017396758584,
        0.45232213577803443,
        0.454774312061422,
        0.40970168289016273,
        0.43404268561040654,
        0.42037913080524,
        0.44418374107164493,
        0.41423568813239825,
        0.3784438792396994,
        0.4227286787594066,
        0.4605763002353556,
        0.44386248430785014,
        0.439332515001297,
        0.39385042313267205,
        0.40863182369400475,
        0.44378941970713,
        0.4878217556897332,
        0.49456472835120036,
        0.4419416951782563,
        0.47058662965017206,
        0.5282578868024489,
        0.43423956474837133,
        0.5437996278790866,
        0.46198725963340087,
        0.4779335244613535,
        0.4179045124965556,
        0.4604597943670609,
        0.4603912013418534,
        0.4574930923826554
    ],
    "val_accuracy": [
        0.5227941176470589,
        0.5286764705882353,
        0.46691176470588236,
        0.5044117647058823,
        0.5080882352941176,
        0.5529411764705883,
        0.5397058823529411,
        0.46838235294117647,
        0.48970588235294116,
        0.5544117647058824,
        0.549264705882353,
        0.6,
        0.5772058823529411,
        0.5860294117647059,
        0.5595588235294118,
        0.5948529411764706,
        0.6294117647058823,
        0.5904411764705882,
        0.5470588235294118,
        0.5647058823529412,
        0.5654411764705882,
        0.6110294117647059,
        0.5963235294117647,
        0.5647058823529412,
        0.5183823529411765,
        0.5154411764705882,
        0.5647058823529412,
        0.5323529411764706,
        0.47352941176470587,
        0.5727941176470588,
        0.45808823529411763,
        0.5426470588235294,
        0.5301470588235294,
        0.5904411764705882,
        0.5448529411764705,
        0.5441176470588235,
        0.55
    ]
}