{
    "train_loss": [
        0.4722598075423542,
        0.42828636752185323,
        0.4092531156030286,
        0.3971736890343485,
        0.38907128240096084,
        0.37687287590428353,
        0.363610703747401,
        0.34436423001900923,
        0.3257633587103129,
        0.3118339452103168,
        0.3004800929483649,
        0.2944465607030795,
        0.28374500753752696,
        0.2788634109362738,
        0.2687844175561487,
        0.2689398433943885,
        0.2663724668753302,
        0.26352284278125127,
        0.25327331569655126,
        0.2594615423525632,
        0.2528178275573209,
        0.25038208770929216,
        0.2438578741057156
    ],
    "val_loss": [
        0.5084238161058987,
        0.5037026717382319,
        0.49775838045512927,
        0.49964070810991174,
        0.5038123491932364,
        0.5073550799313713,
        0.5064932609305662,
        0.5007021567400765,
        0.5163378715515137,
        0.5207129126085954,
        0.5182875861139858,
        0.5260773634209353,
        0.5092591511852601,
        0.5266481601140078,
        0.5287083131425521,
        0.5220349329359392,
        0.5240703817676096,
        0.5219044667832992,
        0.5196670633905074,
        0.5215373608995887,
        0.514017239037682,
        0.5248905304600211,
        0.5309623830458697
    ],
    "val_accuracy": [
        0.49411764705882355,
        0.5110294117647058,
        0.5125,
        0.5080882352941176,
        0.4933823529411765,
        0.5022058823529412,
        0.49117647058823527,
        0.5066176470588235,
        0.4852941176470588,
        0.4823529411764706,
        0.4860294117647059,
        0.46838235294117647,
        0.4963235294117647,
        0.4764705882352941,
        0.47205882352941175,
        0.4764705882352941,
        0.48308823529411765,
        0.4875,
        0.48161764705882354,
        0.48676470588235293,
        0.48676470588235293,
        0.4823529411764706,
        0.475
    ]
}