{
    "train_loss": [
        0.4774434804916382,
        0.4330438129211727,
        0.41703935503436806,
        0.4081105093945537,
        0.396509457209654,
        0.38725280466309764,
        0.3717496135255747,
        0.35092800680482594,
        0.33232972798378846,
        0.32333139788294046,
        0.31273470124916025,
        0.3074611870408581,
        0.29777695690199996,
        0.29017377172907194,
        0.2936815728645837,
        0.2883228066785817,
        0.28273525178236397,
        0.28088996631599833,
        0.27176569420190755,
        0.2737489963032044,
        0.27760156288481597,
        0.27912811966972395,
        0.2659502927442653,
        0.27004199753466407,
        0.26969893628306557,
        0.26838233611758866,
        0.2585750550456476,
        0.2587300961118257,
        0.26064430659538823,
        0.2604507107516391,
        0.25655604614794514,
        0.26424195756318797,
        0.25903189051732944,
        0.2614457484694165,
        0.2549517991870903
    ],
    "val_loss": [
        0.5040107422015246,
        0.5000209675115698,
        0.5051269510213067,
        0.5011971596409293,
        0.5067650752909043,
        0.504282055532231,
        0.50426025075071,
        0.5090008556842804,
        0.5082575948799357,
        0.5117040160824271,
        0.5129397081978181,
        0.5113980606198311,
        0.4998065973029417,
        0.524342835300109,
        0.4987896466956419,
        0.5017776730306008,
        0.5162379159646876,
        0.5076656751772937,
        0.5207750218756059,
        0.5332675677888533,
        0.5040618910508997,
        0.5258251833565095,
        0.5076421930509455,
        0.506600880447556,
        0.5030290163615171,
        0.520400607585907,
        0.5049188245745266,
        0.50029976403012,
        0.5116347810801338,
        0.5245338054264292,
        0.5146232043995577,
        0.5150031201979693,
        0.50904659874299,
        0.5246423474129509,
        0.5211821507005131
    ],
    "val_accuracy": [
        0.47941176470588237,
        0.48970588235294116,
        0.4860294117647059,
        0.49558823529411766,
        0.4919117647058823,
        0.48676470588235293,
        0.4970588235294118,
        0.49117647058823527,
        0.49926470588235294,
        0.4875,
        0.4852941176470588,
        0.4919117647058823,
        0.5080882352941176,
        0.4772058823529412,
        0.5073529411764706,
        0.5029411764705882,
        0.48676470588235293,
        0.5066176470588235,
        0.48455882352941176,
        0.46911764705882353,
        0.5036764705882353,
        0.475,
        0.49411764705882355,
        0.49411764705882355,
        0.4970588235294118,
        0.4852941176470588,
        0.4963235294117647,
        0.5073529411764706,
        0.4904411764705882,
        0.48161764705882354,
        0.4919117647058823,
        0.4860294117647059,
        0.4948529411764706,
        0.47941176470588237,
        0.4808823529411765
    ]
}