{
    "train_loss": [
        0.46840898278138493,
        0.421933570765699,
        0.4042463851784239,
        0.3919756170485588,
        0.38084784905049973,
        0.36926778294886187,
        0.34987410180122647,
        0.3341039139900776,
        0.32173485211435926,
        0.3089164046274609,
        0.30241988142890647,
        0.2950269721066024,
        0.28830167610469637,
        0.2871320530562507,
        0.279960491120914,
        0.2830949367505085,
        0.27182620872330193,
        0.27515812840510084,
        0.2699180921132596,
        0.26967882286350164,
        0.2691043874908806
    ],
    "val_loss": [
        0.4013288473381716,
        0.4595400641946232,
        0.4918197477565092,
        0.5047115802764892,
        0.5051248603007372,
        0.5690131836077746,
        0.5466590727076811,
        0.5528270518078523,
        0.5714096346322228,
        0.5629211541484384,
        0.4638326522182016,
        0.608036165377673,
        0.5295321962412666,
        0.4385776579380035,
        0.4083733108113794,
        0.598789528538199,
        0.4272789271438823,
        0.4811753322096432,
        0.5436379082062666,
        0.5138202044893714,
        0.5967178583145142
    ],
    "val_accuracy": [
        0.7272058823529411,
        0.5926470588235294,
        0.5088235294117647,
        0.5022058823529412,
        0.49117647058823527,
        0.3977941176470588,
        0.43676470588235294,
        0.43161764705882355,
        0.4235294117647059,
        0.4308823529411765,
        0.5389705882352941,
        0.3897058823529412,
        0.47573529411764703,
        0.5713235294117647,
        0.5955882352941176,
        0.39705882352941174,
        0.5764705882352941,
        0.5191176470588236,
        0.4602941176470588,
        0.4904411764705882,
        0.4036764705882353
    ]
}