{
    "train_loss": [
        0.4836418959361504,
        0.4150660480553607,
        0.3950909802117533,
        0.3827352795499795,
        0.3736260357994073,
        0.3649068299694112,
        0.35254514818951854,
        0.33767385480681916,
        0.32132103687724883,
        0.30214933013089346,
        0.29244339141612974,
        0.2868289936616911,
        0.28564368858077815,
        0.27193539773275277,
        0.2713477881000025,
        0.26764307970464124,
        0.25812485445185496,
        0.25339090950497467,
        0.2510567700338974,
        0.25050346942309143,
        0.24616173355323476,
        0.24599639714330224,
        0.24467821844422355,
        0.241195399317456,
        0.24123511773405773,
        0.23965899933412566,
        0.2389123653762648,
        0.23939550156761027,
        0.2381689237700545,
        0.24191652845867742,
        0.23944327217286498,
        0.24510755481004268,
        0.23644764093820386
    ],
    "val_loss": [
        0.5039746449274175,
        0.48443767814075245,
        0.49639483339646284,
        0.4948222290067112,
        0.49062890445484836,
        0.49779971171827875,
        0.4940639523898854,
        0.4860254354336683,
        0.49521181969081657,
        0.4969783686539706,
        0.49282002010766196,
        0.5115599018685958,
        0.4786357259049135,
        0.5110180251738604,
        0.5031246765571482,
        0.4986243230455062,
        0.4930060206090703,
        0.5005886565236485,
        0.49412708492840035,
        0.49525956756928385,
        0.48397171953145196,
        0.4901342525201685,
        0.5075933633481755,
        0.491091825856882,
        0.495663113453809,
        0.4890517820330227,
        0.5077278165256276,
        0.4938891181174447,
        0.5035694939248702,
        0.5100672912948272,
        0.48055115307078644,
        0.5081646319697884,
        0.49452069419271805
    ],
    "val_accuracy": [
        0.4852941176470588,
        0.5397058823529411,
        0.5102941176470588,
        0.5154411764705882,
        0.5191176470588236,
        0.5073529411764706,
        0.5073529411764706,
        0.5301470588235294,
        0.5147058823529411,
        0.5095588235294117,
        0.5139705882352941,
        0.4963235294117647,
        0.5323529411764706,
        0.49411764705882355,
        0.5022058823529412,
        0.5073529411764706,
        0.5102941176470588,
        0.5073529411764706,
        0.5139705882352941,
        0.5117647058823529,
        0.524264705882353,
        0.5176470588235295,
        0.5014705882352941,
        0.5169117647058824,
        0.5117647058823529,
        0.5154411764705882,
        0.4963235294117647,
        0.5125,
        0.5051470588235294,
        0.49411764705882355,
        0.525,
        0.4985294117647059,
        0.5095588235294117
    ]
}