{
    "train_loss": [
        0.4806338017446953,
        0.43150723487661596,
        0.41109953420726875,
        0.3987987482234051,
        0.39127109497785567,
        0.3809231444409019,
        0.3702843411188377,
        0.35365494016492577,
        0.3363405446211497,
        0.32214204235035077,
        0.31191107474528906,
        0.29808073656862244,
        0.2919984654245669,
        0.285288046790581,
        0.2830443987394111,
        0.280389132742819,
        0.26864430275010437,
        0.27058569840890795,
        0.2663960598605244,
        0.2646603984300766,
        0.2603575828272784,
        0.25744270517311074,
        0.2564211210301309,
        0.25104501972857274,
        0.25549869117604795,
        0.2534748999696029,
        0.2518209947371169,
        0.24911641181168848,
        0.25212984811841394,
        0.24964771162587823,
        0.2470761381285755,
        0.24150786097733337,
        0.25702394160131614,
        0.24144705290530336,
        0.23821308266927013,
        0.24108713011159316,
        0.24207338138663193,
        0.24241719458317548,
        0.24283133896982723,
        0.24242385553294107,
        0.23828118829416078,
        0.24217938885517548,
        0.23828046300954986,
        0.23253512746131602,
        0.23660319465490287,
        0.23680991442351226
    ],
    "val_loss": [
        0.390847990267417,
        0.48552245217211104,
        0.47135734347736136,
        0.43525252973332124,
        0.4368326436070835,
        0.4144321504761191,
        0.40999510130461525,
        0.3900781421100392,
        0.4162893121733385,
        0.40071241487475,
        0.40199819820768695,
        0.39451221946407766,
        0.3906394317307893,
        0.43227532944258523,
        0.4497907023219501,
        0.3787495748085134,
        0.4166241225074319,
        0.3961839966914233,
        0.388619645290515,
        0.4148899800637189,
        0.40603547254029443,
        0.39639761342721824,
        0.3994251432664254,
        0.4134644962408963,
        0.3998582845225054,
        0.3778325138723149,
        0.4308178126811981,
        0.45220621666487526,
        0.43413016007227057,
        0.42574248752173255,
        0.4066620490130256,
        0.40688853281385756,
        0.4263829264570685,
        0.42660563123576783,
        0.44073608640362233,
        0.44242972617640214,
        0.4730315955246196,
        0.46720642447471616,
        0.44194373365710765,
        0.45665986923610463,
        0.3997699025799246,
        0.4166069128934075,
        0.4076506477944991,
        0.4716206070254831,
        0.41174137267996286,
        0.41064934239668005
    ],
    "val_accuracy": [
        0.6727941176470589,
        0.5536764705882353,
        0.5742647058823529,
        0.6330882352941176,
        0.6242647058823529,
        0.6367647058823529,
        0.6308823529411764,
        0.6411764705882353,
        0.5911764705882353,
        0.6080882352941176,
        0.6051470588235294,
        0.6088235294117647,
        0.6139705882352942,
        0.5676470588235294,
        0.5529411764705883,
        0.6272058823529412,
        0.5845588235294118,
        0.6088235294117647,
        0.6176470588235294,
        0.5926470588235294,
        0.5992647058823529,
        0.611764705882353,
        0.6051470588235294,
        0.5897058823529412,
        0.6066176470588235,
        0.6286764705882353,
        0.5705882352941176,
        0.5558823529411765,
        0.5691176470588235,
        0.5779411764705882,
        0.5970588235294118,
        0.5963235294117647,
        0.5794117647058824,
        0.5816176470588236,
        0.5647058823529412,
        0.5610294117647059,
        0.5330882352941176,
        0.5352941176470588,
        0.5632352941176471,
        0.549264705882353,
        0.6066176470588235,
        0.5889705882352941,
        0.5970588235294118,
        0.5338235294117647,
        0.5955882352941176,
        0.5919117647058824
    ]
}