{
    "train_loss": [
        0.4709911153565907,
        0.41832103350378097,
        0.40184397033765806,
        0.38984587339433374,
        0.3814836058580706,
        0.3728589110393473,
        0.3659753109070849,
        0.3573190790488788,
        0.34140011972040996,
        0.3206281370965513,
        0.30739204637072187,
        0.2943900831255084,
        0.2876747846801547,
        0.2757543942871246,
        0.27506562972982934,
        0.2657335279443374,
        0.26030770285675925,
        0.2571395178431156,
        0.2562693647961033,
        0.2553810807876289,
        0.24949604158904007
    ],
    "val_loss": [
        0.4967431811725392,
        0.5116588525912341,
        0.5118957004126381,
        0.5177924254361321,
        0.5245893103234908,
        0.5204030990600585,
        0.5261740386486053,
        0.5324289956513573,
        0.550616912280812,
        0.5444812711547403,
        0.5424238155869877,
        0.5496604731854271,
        0.5344427019357681,
        0.5378932735499213,
        0.5510163619237788,
        0.546010276149301,
        0.5476236764122459,
        0.5497440194382387,
        0.5312159331405863,
        0.52415091325255,
        0.5567286831491134
    ],
    "val_accuracy": [
        0.5110294117647058,
        0.4838235294117647,
        0.4919117647058823,
        0.47573529411764703,
        0.46397058823529413,
        0.4838235294117647,
        0.48823529411764705,
        0.4602941176470588,
        0.45808823529411763,
        0.4661764705882353,
        0.4713235294117647,
        0.4632352941176471,
        0.4742647058823529,
        0.475,
        0.4536764705882353,
        0.4602941176470588,
        0.45588235294117646,
        0.4536764705882353,
        0.47941176470588237,
        0.4808823529411765,
        0.4551470588235294
    ]
}