{
    "train_loss": [
        0.4818186924105785,
        0.42598321765172675,
        0.4059964762359369,
        0.3959907250570469,
        0.3862847605689627,
        0.37722972800008586,
        0.36780127501878584,
        0.35186952071600275,
        0.3348408359484594,
        0.3212486133712237,
        0.3050951423825788,
        0.29644996359577924,
        0.2921449931552176,
        0.28335224412015225,
        0.2822604468916772,
        0.2751422196229706,
        0.2702173668830121,
        0.27180843182885256,
        0.2679315962630217,
        0.2631623099542788,
        0.2584050235781269,
        0.2596634946305488,
        0.25373449265407244,
        0.25561756269975766,
        0.25666250311693206,
        0.25419436216690255,
        0.2529657594569516,
        0.2507578278067293,
        0.2402702118315902,
        0.2447140711497088,
        0.24896674931629514,
        0.2472696234945391,
        0.24644553063315203,
        0.2444910313338652,
        0.24509437950633345,
        0.24530165649064983,
        0.24271979724805132,
        0.24808489590822186,
        0.241558786183901,
        0.24292089908887618,
        0.24074093074095054,
        0.24346421168597995,
        0.23528715228722966,
        0.2324164121991909,
        0.24020460799000545,
        0.23273953977880663,
        0.2284121971829321,
        0.2298455130026416,
        0.23638184077686583,
        0.23305810958482936,
        0.2389712795813675,
        0.24294457614773,
        0.24768496449639807,
        0.243048988873536,
        0.2367927868926867,
        0.23442297259070835,
        0.23278752239573686,
        0.22457632706958616,
        0.2390200220911046,
        0.24024272393969606,
        0.23500212081784352,
        0.2239151937719129
    ],
    "val_loss": [
        0.5236895084381104,
        0.4988951465662788,
        0.4160727220423081,
        0.38921411984107074,
        0.38181033485076005,
        0.3684624053099576,
        0.38350916136713586,
        0.3517753993763643,
        0.37384497172692244,
        0.45171553212053633,
        0.43667254763491015,
        0.43827806728727675,
        0.43237710472415475,
        0.3660938386531437,
        0.34772777215522876,
        0.3460699084927054,
        0.3422414767391541,
        0.3761189571198295,
        0.3772917933323804,
        0.3944619135821567,
        0.5080483126289704,
        0.386549438623821,
        0.4596106883357553,
        0.45880543203914864,
        0.41420656600419214,
        0.3825786843019373,
        0.4259821616551455,
        0.38423365038983964,
        0.38784814021166636,
        0.37481525191927656,
        0.36779504839111776,
        0.33668282075839884,
        0.4133721446289736,
        0.3179424700491569,
        0.3871987879276276,
        0.38251964300870894,
        0.3629426531931933,
        0.38761610336163466,
        0.36481239199638366,
        0.306566982836846,
        0.38901752093259023,
        0.26847881670383844,
        0.3465353054158828,
        0.3514396336148767,
        0.40327710640781067,
        0.3158422698978992,
        0.39959464266019706,
        0.40485328488490163,
        0.356443612891085,
        0.4014222003081266,
        0.31646953540689804,
        0.41349033169886645,
        0.34302289196673563,
        0.41220192015171053,
        0.3979388941736782,
        0.3677931911805097,
        0.31348864267963694,
        0.32572553894099066,
        0.41980899905457214,
        0.3210383182062822,
        0.34915982318275113,
        0.3469935791457401
    ],
    "val_accuracy": [
        0.45808823529411763,
        0.5154411764705882,
        0.6823529411764706,
        0.7132352941176471,
        0.7154411764705882,
        0.711764705882353,
        0.6772058823529412,
        0.6948529411764706,
        0.6514705882352941,
        0.5647058823529412,
        0.5727941176470588,
        0.5691176470588235,
        0.5801470588235295,
        0.6470588235294118,
        0.6595588235294118,
        0.6617647058823529,
        0.6647058823529411,
        0.6338235294117647,
        0.6294117647058823,
        0.6161764705882353,
        0.4919117647058823,
        0.6235294117647059,
        0.5419117647058823,
        0.5455882352941176,
        0.5904411764705882,
        0.6235294117647059,
        0.5779411764705882,
        0.6205882352941177,
        0.6139705882352942,
        0.6338235294117647,
        0.6375,
        0.6654411764705882,
        0.5889705882352941,
        0.6933823529411764,
        0.6191176470588236,
        0.6227941176470588,
        0.6419117647058824,
        0.6139705882352942,
        0.6411764705882353,
        0.6963235294117647,
        0.6154411764705883,
        0.7382352941176471,
        0.6588235294117647,
        0.6544117647058824,
        0.6,
        0.6889705882352941,
        0.6044117647058823,
        0.6022058823529411,
        0.65,
        0.6036764705882353,
        0.6875,
        0.5904411764705882,
        0.6625,
        0.5933823529411765,
        0.6073529411764705,
        0.6345588235294117,
        0.6889705882352941,
        0.6786764705882353,
        0.5801470588235295,
        0.6816176470588236,
        0.6566176470588235,
        0.6580882352941176
    ]
}