{
    "train_loss": [
        0.4733264806719733,
        0.4205648990374216,
        0.40513342235919453,
        0.39083856950238555,
        0.38079318753115726,
        0.37096757234507044,
        0.36022713560033853,
        0.34480842801047046,
        0.322975806760746,
        0.3103204161637056,
        0.29264877542433604,
        0.2874189704053209,
        0.2786984376110871,
        0.2743949419982784,
        0.26908849914964866,
        0.2638808310484435,
        0.2588777879325175,
        0.2546683062313938,
        0.2507352899451753,
        0.2569984356892413,
        0.24759243669080166,
        0.2512440546186195,
        0.24073157210270285,
        0.23859062283562207
    ],
    "val_loss": [
        0.5138048403403338,
        0.5102313234525568,
        0.507128449047313,
        0.5061025791308459,
        0.5145392656326294,
        0.5197333398987265,
        0.5221425505245433,
        0.5270210760481218,
        0.5370462196714738,
        0.5125028210527757,
        0.5237503086819368,
        0.5170246566043181,
        0.514759496380301,
        0.5239498629289515,
        0.5086264377131181,
        0.5431367186939016,
        0.5204418131533791,
        0.5323140775456148,
        0.5132898339453865,
        0.5268802525366054,
        0.5122741290751626,
        0.5442437974845662,
        0.5362482130527496,
        0.5091508435852388
    ],
    "val_accuracy": [
        0.4602941176470588,
        0.4632352941176471,
        0.47058823529411764,
        0.49264705882352944,
        0.46176470588235297,
        0.46544117647058825,
        0.4772058823529412,
        0.48823529411764705,
        0.4698529411764706,
        0.4985294117647059,
        0.47794117647058826,
        0.49411764705882355,
        0.49264705882352944,
        0.4801470588235294,
        0.49926470588235294,
        0.45955882352941174,
        0.48823529411764705,
        0.4727941176470588,
        0.48970588235294116,
        0.47941176470588237,
        0.49117647058823527,
        0.45955882352941174,
        0.46911764705882353,
        0.4963235294117647
    ]
}