{
    "train_loss": [
        0.4686531357880355,
        0.4169949189175007,
        0.3999540135930817,
        0.38891980841036133,
        0.3788016597092258,
        0.3675431637676543,
        0.3494400724448757,
        0.3285152710481065,
        0.31390500405873295,
        0.3013044366736318,
        0.2979463508922427,
        0.2885083989081954,
        0.28038581830577686,
        0.27946847451647516,
        0.27154222443659853,
        0.26784422053340723,
        0.2595107480150536,
        0.25994080496362154,
        0.26069924658520915,
        0.265288276679494,
        0.2667367622582825
    ],
    "val_loss": [
        0.49820664174416485,
        0.5004803804790272,
        0.5020544816465938,
        0.49916956985698024,
        0.5009130604126875,
        0.5058850586414337,
        0.5146935480482439,
        0.5205765920526841,
        0.5341971551670748,
        0.5294189312878776,
        0.527496993191102,
        0.5452338397502899,
        0.5325937341241276,
        0.530999243960661,
        0.5252374263370738,
        0.5295083873412189,
        0.5214447684147778,
        0.5117086165091571,
        0.502598325995838,
        0.509593546741149,
        0.5256676495075225
    ],
    "val_accuracy": [
        0.4985294117647059,
        0.4919117647058823,
        0.4970588235294118,
        0.4985294117647059,
        0.5044117647058823,
        0.48676470588235293,
        0.4838235294117647,
        0.48676470588235293,
        0.475,
        0.4698529411764706,
        0.4772058823529412,
        0.4610294117647059,
        0.46911764705882353,
        0.475,
        0.47794117647058826,
        0.47205882352941175,
        0.4772058823529412,
        0.49117647058823527,
        0.5029411764705882,
        0.4985294117647059,
        0.4742647058823529
    ]
}