{
    "train_loss": [
        0.4848192875732237,
        0.4412988392052366,
        0.4205505353634927,
        0.4073353256307431,
        0.4001253232804697,
        0.3865001449055636,
        0.3759203042779396,
        0.3592084806773867,
        0.3379619168812659,
        0.32153759789722625,
        0.3152372453417351,
        0.3017097959406118,
        0.29895909447500957,
        0.28497166210201696,
        0.2783121820052724,
        0.2844643609410624,
        0.2761844586886799,
        0.2707739817951597,
        0.27212709243715144,
        0.27016876431168124,
        0.26561630445310097,
        0.27222010746612146,
        0.26524341655130595,
        0.2616017682324928,
        0.2591180256220387,
        0.25216373187184,
        0.2532783693133561,
        0.25515553608550623,
        0.25797675897144895,
        0.25448905607101635,
        0.25896198150124955,
        0.2504172127349858,
        0.2561048674623051,
        0.2597237540089261,
        0.25281975874781554,
        0.24981873963069892,
        0.25745491368640494,
        0.2554262317873454,
        0.25241028555015577,
        0.24733040537580903,
        0.2555512864709095,
        0.25810214335536724,
        0.2554436469617397,
        0.24347302648968605,
        0.2399477105363578,
        0.24007914068417124,
        0.23841635710142775,
        0.2327701225346858,
        0.24357386457615657
    ],
    "val_loss": [
        0.5276842762442197,
        0.5465540675555959,
        0.5371072485166437,
        0.5387677525772768,
        0.5211172791088329,
        0.5230859956320595,
        0.5142356125747456,
        0.5440381512922399,
        0.517826570482815,
        0.5370054211686639,
        0.5306694128934075,
        0.4931149665047141,
        0.5219177098835216,
        0.5255399661905625,
        0.5576815571855096,
        0.5328145412837758,
        0.5620563033749075,
        0.5101850159027997,
        0.5257125041064095,
        0.49930350166909837,
        0.5082801149171942,
        0.5271607644417706,
        0.5470062836128122,
        0.5421749100965612,
        0.4874869548222598,
        0.5544808952247395,
        0.5221400374875349,
        0.5382430073092965,
        0.481292582785382,
        0.5279243563904482,
        0.5492543199483086,
        0.5271776185316198,
        0.5294965442489176,
        0.5669050686499651,
        0.5314486521131853,
        0.5018686082433251,
        0.4833551198244095,
        0.5037361933904536,
        0.5521810047766742,
        0.5479218942277572,
        0.5995177661671358,
        0.5574596836286433,
        0.54245785965639,
        0.5582687532200533,
        0.5286129402763703,
        0.5394872265703538,
        0.5517948946532081,
        0.5210890485959895,
        0.48949762530186597
    ],
    "val_accuracy": [
        0.39338235294117646,
        0.3602941176470588,
        0.4036764705882353,
        0.4,
        0.4602941176470588,
        0.45294117647058824,
        0.47058823529411764,
        0.45,
        0.49117647058823527,
        0.4661764705882353,
        0.47205882352941175,
        0.5102941176470588,
        0.49117647058823527,
        0.48161764705882354,
        0.4426470588235294,
        0.46838235294117647,
        0.4389705882352941,
        0.4963235294117647,
        0.4801470588235294,
        0.5066176470588235,
        0.49779411764705883,
        0.47573529411764703,
        0.45588235294117646,
        0.46397058823529413,
        0.5147058823529411,
        0.44926470588235295,
        0.47941176470588237,
        0.4632352941176471,
        0.525,
        0.4742647058823529,
        0.4536764705882353,
        0.4772058823529412,
        0.475,
        0.44191176470588234,
        0.47058823529411764,
        0.5029411764705882,
        0.5205882352941177,
        0.5051470588235294,
        0.4522058823529412,
        0.45808823529411763,
        0.40294117647058825,
        0.4470588235294118,
        0.4588235294117647,
        0.44485294117647056,
        0.4786764705882353,
        0.46544117647058825,
        0.45808823529411763,
        0.48676470588235293,
        0.513235294117647
    ]
}