{
    "0": {
        "precision": 0.5291666666666667,
        "recall": 0.339572192513369,
        "f1-score": 0.41368078175895767,
        "support": 374.0
    },
    "1": {
        "precision": 0.43863636363636366,
        "recall": 0.630718954248366,
        "f1-score": 0.517426273458445,
        "support": 306.0
    },
    "accuracy": 0.47058823529411764,
    "macro avg": {
        "precision": 0.48390151515151514,
        "recall": 0.4851455733808675,
        "f1-score": 0.4655535276087014,
        "support": 680.0
    },
    "weighted avg": {
        "precision": 0.4884280303030303,
        "recall": 0.47058823529411764,
        "f1-score": 0.4603662530237269,
        "support": 680.0
    }
}