{
    "0": {
        "precision": 0.2079207920792079,
        "recall": 0.13725490196078433,
        "f1-score": 0.16535433070866143,
        "support": 153.0
    },
    "1": {
        "precision": 0.772020725388601,
        "recall": 0.8481973434535104,
        "f1-score": 0.8083182640144665,
        "support": 527.0
    },
    "accuracy": 0.6882352941176471,
    "macro avg": {
        "precision": 0.48997075873390444,
        "recall": 0.49272612270714733,
        "f1-score": 0.486836297361564,
        "support": 680.0
    },
    "weighted avg": {
        "precision": 0.6450982403939876,
        "recall": 0.6882352941176471,
        "f1-score": 0.6636513790206603,
        "support": 680.0
    }
}