{
    "train_loss": [
        0.4948484362946551,
        0.42775674164295197,
        0.4041177243659869,
        0.3913370715107575,
        0.3749474388346187,
        0.3595383685294807,
        0.339040381293143,
        0.32198664325083753,
        0.3015820380143137,
        0.2922258635534542,
        0.2809440521407808,
        0.27684105724724883,
        0.26411801572454624,
        0.26310756820584497,
        0.25819213076889813,
        0.252827064626418,
        0.2513571346257224,
        0.24559550805863167,
        0.24057013876089092,
        0.23561029310428327,
        0.2344210323029505,
        0.2336345990800828,
        0.23634968075910515,
        0.23249603574055597,
        0.2318007134723826,
        0.22277212567701382,
        0.22870182229792954,
        0.23016322017982419,
        0.22977883792332104,
        0.21919640326507334,
        0.2191749872575068,
        0.22135209797121233,
        0.21827072066442102,
        0.22162673792919657,
        0.21520082458909184,
        0.21780898611733768,
        0.215700921440779,
        0.22190031337161217,
        0.21569118845893565,
        0.21067726799279968,
        0.21577106779048372,
        0.2122328213228851
    ],
    "val_loss": [
        0.4531533980811084,
        0.4446647690402137,
        0.4390957942715398,
        0.43172842429743874,
        0.4348251353811335,
        0.4274068330173139,
        0.41951304298860054,
        0.41664228952593274,
        0.4157900948215414,
        0.4204994390408198,
        0.42283108819414067,
        0.41441014265572584,
        0.41408755950353765,
        0.4237647281752692,
        0.4169828356968032,
        0.4241164122466688,
        0.4167786846558253,
        0.4170818222893609,
        0.4196356146423905,
        0.4238293976695449,
        0.42141412871855277,
        0.41372019444350844,
        0.4161960216584029,
        0.4225324720144272,
        0.42096295765152686,
        0.4193600242888486,
        0.4205125856178778,
        0.4166534666661863,
        0.43324673573176065,
        0.42005744554378366,
        0.4190763645701938,
        0.4151274902953042,
        0.42649972836176553,
        0.4156529763230571,
        0.4171915692311746,
        0.4267551408873664,
        0.4191012235703292,
        0.42630777690145705,
        0.42747559348742165,
        0.43038873705599046,
        0.43306181651574593,
        0.4234926667478349
    ],
    "val_accuracy": [
        0.5928338762214984,
        0.6007445323406235,
        0.601675197766403,
        0.5979525360632852,
        0.5928338762214984,
        0.601675197766403,
        0.5942298743601675,
        0.5993485342019544,
        0.5937645416472778,
        0.5881805490926012,
        0.593299208934388,
        0.5946952070730572,
        0.5960912052117264,
        0.5872498836668217,
        0.5914378780828292,
        0.5835272219637041,
        0.5905072126570498,
        0.5960912052117264,
        0.59004187994416,
        0.5825965565379246,
        0.5877152163797115,
        0.5923685435086087,
        0.5923685435086087,
        0.5844578873894835,
        0.5872498836668217,
        0.5886458818054909,
        0.5853885528152629,
        0.5881805490926012,
        0.5723592368543509,
        0.5853885528152629,
        0.5858538855281527,
        0.5914378780828292,
        0.5802698929734761,
        0.5886458818054909,
        0.5891112145183807,
        0.5798045602605864,
        0.5858538855281527,
        0.5816658911121452,
        0.5802698929734761,
        0.5746859004187994,
        0.5746859004187994,
        0.5812005583992554
    ]
}