{
    "train_loss": [
        0.482140764778956,
        0.4295939248859439,
        0.4101874494079325,
        0.39396198193725224,
        0.3827262060813809,
        0.36949964651546763,
        0.35548402801636725,
        0.330399286510335,
        0.31207957551363974,
        0.2970246565031355,
        0.2878697262175621,
        0.27523072193337433,
        0.27134661380173847,
        0.26458719113920226,
        0.25610974194394154,
        0.25177732282884363,
        0.24647458779530845,
        0.2410374577792717,
        0.24046447373020738,
        0.23469414396521177,
        0.2341368408000129,
        0.23223856330916248,
        0.22668346160417308,
        0.23196910385957575,
        0.21774588052238852,
        0.22138412442363373,
        0.21682972033917164,
        0.21991550000315122,
        0.2187423236926939,
        0.21722284484442056,
        0.21661934683159476,
        0.21334879356378658,
        0.20812955610084327,
        0.21045159340071176,
        0.20562283862289735,
        0.20994855567267529
    ],
    "val_loss": [
        0.4449939027980522,
        0.4229710872526522,
        0.41590676561549855,
        0.4113971562297256,
        0.41184987249197785,
        0.41176147758960724,
        0.4045969943205516,
        0.39747611195952803,
        0.3905877436752673,
        0.3828615090361348,
        0.3844757971940217,
        0.3854460324954104,
        0.3880836059097891,
        0.3871137543408959,
        0.39050098569304853,
        0.37595216549105115,
        0.38713001487431703,
        0.38458854103529894,
        0.38829000481852777,
        0.39598518013954165,
        0.391801788409551,
        0.3851412722357997,
        0.3805550543246446,
        0.38960843362190106,
        0.38664875472033466,
        0.38669925298955704,
        0.3819692702205093,
        0.39120208985275695,
        0.3850683554455086,
        0.3830854563801377,
        0.38640358635672817,
        0.39426185477662967,
        0.39005464182959665,
        0.4016299765419077,
        0.39226456897126305,
        0.3977769581256089
    ],
    "val_accuracy": [
        0.6105165193113076,
        0.6221498371335505,
        0.6305258259655654,
        0.6328524895300139,
        0.6323871568171242,
        0.6272684969753374,
        0.6309911586784551,
        0.6291298278268962,
        0.6268031642624476,
        0.6314564913913449,
        0.6323871568171242,
        0.6263378315495579,
        0.6244765006979991,
        0.6221498371335505,
        0.6193578408562121,
        0.6323871568171242,
        0.6235458352722196,
        0.6258724988366682,
        0.6235458352722196,
        0.6095858538855281,
        0.6142391810144253,
        0.6281991624011168,
        0.6295951605397859,
        0.6188925081433225,
        0.6179618427175431,
        0.6216845044206608,
        0.6235458352722196,
        0.614704513727315,
        0.6198231735691019,
        0.6240111679851094,
        0.6198231735691019,
        0.6142391810144253,
        0.6188925081433225,
        0.601675197766403,
        0.6156351791530945,
        0.608189855746859
    ]
}