{
    "0": {
        "precision": 0.6102325581395349,
        "recall": 0.5963636363636363,
        "f1-score": 0.6032183908045977,
        "support": 1100.0
    },
    "1": {
        "precision": 0.5865921787709497,
        "recall": 0.6005719733079123,
        "f1-score": 0.5934997644842205,
        "support": 1049.0
    },
    "accuracy": 0.598417868776175,
    "macro avg": {
        "precision": 0.5984123684552423,
        "recall": 0.5984678048357743,
        "f1-score": 0.5983590776444091,
        "support": 2149.0
    },
    "weighted avg": {
        "precision": 0.5986928848228081,
        "recall": 0.598417868776175,
        "f1-score": 0.5984743987105653,
        "support": 2149.0
    }
}