{
    "0": {
        "precision": 0.5,
        "recall": 0.25874125874125875,
        "f1-score": 0.34101382488479265,
        "support": 143.0
    },
    "1": {
        "precision": 0.47,
        "recall": 0.7175572519083969,
        "f1-score": 0.56797583081571,
        "support": 131.0
    },
    "accuracy": 0.4781021897810219,
    "macro avg": {
        "precision": 0.485,
        "recall": 0.48814925532482784,
        "f1-score": 0.4544948278502513,
        "support": 274.0
    },
    "weighted avg": {
        "precision": 0.4856569343065693,
        "recall": 0.4781021897810219,
        "f1-score": 0.4495248569174575,
        "support": 274.0
    }
}