{
    "train_loss": [
        0.5251447208004423,
        0.5090937108760423,
        0.5030278265476227,
        0.5010870445777874,
        0.4999626397643939,
        0.496619392629012,
        0.4954171141996832,
        0.4942847144338164,
        0.4925328180341437,
        0.49228753673263115,
        0.49227250577642184,
        0.49235137935617185,
        0.4898912551822049,
        0.4904452694745937,
        0.48684149467856574,
        0.48557940457421955,
        0.48632306188787566,
        0.4842309212994457,
        0.4821644016347899,
        0.47996137910845255,
        0.480198638974735,
        0.4797169825080598,
        0.4761011604182791
    ],
    "val_loss": [
        0.49586895942687986,
        0.49691054224967957,
        0.49486167401075365,
        0.4979234105348587,
        0.4976185831427574,
        0.49596743553876876,
        0.49501559644937515,
        0.49815878212451936,
        0.5017655238509178,
        0.4988418874144554,
        0.5006788060069084,
        0.5017196431756019,
        0.500850735604763,
        0.500816077888012,
        0.49831889897584913,
        0.5012035724520684,
        0.4992501416802406,
        0.5014303925633431,
        0.5025988638401031,
        0.5034013190865516,
        0.5047983202338219,
        0.5002588129043579,
        0.5005015787482262
    ],
    "val_accuracy": [
        0.525,
        0.513125,
        0.521875,
        0.509375,
        0.50875,
        0.51,
        0.51125,
        0.5,
        0.49,
        0.5,
        0.495625,
        0.4925,
        0.494375,
        0.4925,
        0.50125,
        0.49625,
        0.501875,
        0.488125,
        0.488125,
        0.481875,
        0.47625,
        0.486875,
        0.49125
    ]
}