{
    "train_loss": [
        0.5565132851721627,
        0.5088138578846904,
        0.5035396236004216,
        0.5034347219337331,
        0.49957605314874415,
        0.49664737771053125,
        0.4963909295747186,
        0.4961385573859852,
        0.495236556018048,
        0.4925197938291153,
        0.4918415244705606,
        0.49093634849137596,
        0.48888413206037906,
        0.488908165973602,
        0.48432071838933644,
        0.4868157896222455,
        0.48627394541065294,
        0.48266756361221325,
        0.4847657112496914,
        0.4839384255580383,
        0.48108448674625687,
        0.4806525890189822,
        0.4800106203275742,
        0.4771493872129681,
        0.47613308859048503,
        0.48026428515515707,
        0.4756566978032046,
        0.47652266381105574,
        0.4730803977218595,
        0.4739293886883424,
        0.47253348925473665,
        0.47517110340961133,
        0.4734226983077455,
        0.47180571399702886,
        0.4698568275659391,
        0.46935722696604115,
        0.4681922206194094,
        0.4681056071773614,
        0.47169800504747006,
        0.4681601758935664,
        0.4684057676482319,
        0.46990810032233155,
        0.4657806368673792,
        0.4639607597105574,
        0.46855831987196855,
        0.4666226415129581,
        0.46344637265889954,
        0.4642668802401807,
        0.4632515369517968,
        0.4619338901916353,
        0.46236098365913525,
        0.46233820929975794,
        0.4606468270320703,
        0.46016465013127517,
        0.4607261788505729,
        0.4591564116354036,
        0.4597617244292604,
        0.457995721867474
    ],
    "val_loss": [
        0.5007197609543801,
        0.5001241874694824,
        0.4916214442253113,
        0.4928919214010239,
        0.4955074656009674,
        0.49649054259061814,
        0.4948040720820427,
        0.4922827664017677,
        0.48896168410778046,
        0.4929624053835869,
        0.4978038209676743,
        0.497285278737545,
        0.5060922512412072,
        0.5038489243388176,
        0.4976358333230019,
        0.5048557335138321,
        0.5024647918343544,
        0.5054060304164887,
        0.49865768194198606,
        0.5003744521737099,
        0.4941014477610588,
        0.4894821253418922,
        0.4888540354371071,
        0.495565835237503,
        0.4976734772324562,
        0.48972254067659376,
        0.4900639033317566,
        0.4912283518910408,
        0.4906853333115578,
        0.49150721937417985,
        0.4907272154092789,
        0.49206619679927827,
        0.4911652457714081,
        0.4942313095927238,
        0.4975944259762764,
        0.49156791895627977,
        0.49624101728200914,
        0.48697717279195785,
        0.49095347344875334,
        0.4908212426304817,
        0.49326967805624006,
        0.49353882282972333,
        0.49156558632850644,
        0.49607413649559023,
        0.5000904178619385,
        0.49491054087877273,
        0.505305754840374,
        0.502201851606369,
        0.4979808321595192,
        0.4933633974194527,
        0.5004035106301308,
        0.500404409468174,
        0.49973588436841965,
        0.5116334131360054,
        0.5098581072688103,
        0.5150843217968941,
        0.5136943066120148,
        0.5017231383919716
    ],
    "val_accuracy": [
        0.525,
        0.5275,
        0.5475,
        0.54375,
        0.529375,
        0.5175,
        0.52375,
        0.525,
        0.534375,
        0.50625,
        0.49375,
        0.48875,
        0.481875,
        0.485625,
        0.508125,
        0.480625,
        0.495625,
        0.48375,
        0.5075,
        0.496875,
        0.510625,
        0.52125,
        0.52375,
        0.509375,
        0.50625,
        0.524375,
        0.530625,
        0.521875,
        0.525625,
        0.518125,
        0.528125,
        0.524375,
        0.529375,
        0.516875,
        0.51375,
        0.52375,
        0.50875,
        0.529375,
        0.52875,
        0.530625,
        0.520625,
        0.519375,
        0.524375,
        0.521875,
        0.51375,
        0.516875,
        0.4975,
        0.504375,
        0.5125,
        0.52125,
        0.5125,
        0.51625,
        0.515,
        0.49625,
        0.494375,
        0.486875,
        0.489375,
        0.50375
    ]
}