{
    "train_loss": [
        0.5485633823393595,
        0.5091891951563925,
        0.5053825649515827,
        0.5028003720880145,
        0.49952961264712975,
        0.4992158150687666,
        0.499363057573538,
        0.4964753769264363,
        0.4975910571468349,
        0.4944585901085693,
        0.49291145816297816,
        0.4926292544396797,
        0.49259930362205695,
        0.4908649497250519,
        0.4928609996960305,
        0.49100233348879485,
        0.48758050585442253,
        0.48819708433186654,
        0.48577203007765335,
        0.48598278649520166,
        0.48474683081454567
    ],
    "val_loss": [
        0.5041412332654,
        0.5047466617822647,
        0.5068569800257683,
        0.5052929499745369,
        0.5049004665017128,
        0.5076440265774727,
        0.5064434516429901,
        0.5079952159523964,
        0.5077786928415299,
        0.5079262199997902,
        0.5060882031917572,
        0.5091399937868119,
        0.5090911260247231,
        0.5096732646226882,
        0.5084810546040535,
        0.5125693488121033,
        0.5089952355623245,
        0.5153273153305054,
        0.5114115092158318,
        0.512350517809391,
        0.512927405834198
    ],
    "val_accuracy": [
        0.49,
        0.476875,
        0.473125,
        0.49375,
        0.491875,
        0.469375,
        0.47875,
        0.4725,
        0.473125,
        0.473125,
        0.4775,
        0.478125,
        0.48125,
        0.48125,
        0.48125,
        0.474375,
        0.48,
        0.465,
        0.476875,
        0.47375,
        0.4675
    ]
}