{
    "train_loss": [
        0.5588276284460975,
        0.5121142222813451,
        0.506284657460038,
        0.5021216100690389,
        0.4989812856558526,
        0.49663621353188364,
        0.4951766951028073,
        0.4957993847161236,
        0.4949264204369323,
        0.4925866663308427,
        0.4909283514733952,
        0.48887035527294226,
        0.4891699305043952,
        0.48762511292306504,
        0.4854082855036353,
        0.48674978352714293,
        0.4843695096597813,
        0.48304096439687333,
        0.4839407357544002,
        0.48215782653429723,
        0.48141067312790614,
        0.479007899798084,
        0.47631180039284254,
        0.47797856959376006,
        0.47643273943426584
    ],
    "val_loss": [
        0.5108766812086105,
        0.5106838428974152,
        0.5091620793938637,
        0.510244779586792,
        0.5069780719280242,
        0.5099399197101593,
        0.5105541765689849,
        0.5109807881712913,
        0.5115361133217812,
        0.5091949352622032,
        0.5082147452235222,
        0.5109882134199143,
        0.5092182767391205,
        0.5120898181200028,
        0.5174379923939705,
        0.5164947244524956,
        0.5155559095740319,
        0.5208668038249016,
        0.521004695892334,
        0.5217243361473084,
        0.5242250296473503,
        0.5284471562504769,
        0.5331518253684044,
        0.5335536515712738,
        0.536938371360302
    ],
    "val_accuracy": [
        0.475625,
        0.475,
        0.4775,
        0.465625,
        0.4825,
        0.47625,
        0.476875,
        0.4675,
        0.4775,
        0.486875,
        0.48625,
        0.478125,
        0.4875,
        0.47625,
        0.455,
        0.466875,
        0.47,
        0.459375,
        0.459375,
        0.44875,
        0.444375,
        0.439375,
        0.433125,
        0.436875,
        0.4375
    ]
}