{
    "train_loss": [
        0.5497315639242677,
        0.5132976870725651,
        0.5050048924023562,
        0.5030655262272546,
        0.49660189855511827,
        0.49611053855554893,
        0.4963260110799629,
        0.4940651731178312,
        0.49252262043923434,
        0.4916376080548409,
        0.4912864777194981,
        0.4904734058914208,
        0.4888261319829686,
        0.489835330349679,
        0.4873983891736163,
        0.48497072175735295,
        0.485434477540231,
        0.48570612784807043,
        0.484661783137829,
        0.48306523053215283,
        0.4817026033628695,
        0.4825542712639464,
        0.4816017084487594,
        0.480733457473245,
        0.47872623410260323,
        0.4792005877462354,
        0.48029571557694145,
        0.4782216146883398
    ],
    "val_loss": [
        0.49871529161930084,
        0.49359650403261185,
        0.4914071583747864,
        0.49240993082523343,
        0.4891660940647125,
        0.4887127673625946,
        0.49001571387052534,
        0.48813658982515334,
        0.4899945130944252,
        0.49031431823968885,
        0.48831010043621065,
        0.4909928062558174,
        0.49033993005752563,
        0.48861138194799425,
        0.4897450605034828,
        0.4892938581109047,
        0.49107625633478164,
        0.4882261943817139,
        0.48951158463954925,
        0.4910657635331154,
        0.49108427613973615,
        0.49253629237413404,
        0.4905111864209175,
        0.49022998511791227,
        0.4903326776623726,
        0.4881420165300369,
        0.4884173494577408,
        0.4911854201555252
    ],
    "val_accuracy": [
        0.523125,
        0.53625,
        0.530625,
        0.53625,
        0.531875,
        0.540625,
        0.525625,
        0.538125,
        0.52875,
        0.533125,
        0.5425,
        0.5275,
        0.531875,
        0.536875,
        0.5375,
        0.53625,
        0.53375,
        0.541875,
        0.53125,
        0.536875,
        0.53,
        0.516875,
        0.526875,
        0.53375,
        0.535,
        0.53375,
        0.53875,
        0.529375
    ]
}