{
    "0": {
        "precision": 0.447887323943662,
        "recall": 0.4676470588235294,
        "f1-score": 0.45755395683453237,
        "support": 340.0
    },
    "1": {
        "precision": 0.5932584269662922,
        "recall": 0.5739130434782609,
        "f1-score": 0.5834254143646409,
        "support": 460.0
    },
    "accuracy": 0.52875,
    "macro avg": {
        "precision": 0.5205728754549771,
        "recall": 0.5207800511508951,
        "f1-score": 0.5204896855995866,
        "support": 800.0
    },
    "weighted avg": {
        "precision": 0.5314757081816743,
        "recall": 0.52875,
        "f1-score": 0.5299300449143448,
        "support": 800.0
    }
}