{
    "0": {
        "precision": 0.41935483870967744,
        "recall": 0.9176470588235294,
        "f1-score": 0.5756457564575646,
        "support": 340.0
    },
    "1": {
        "precision": 0.5,
        "recall": 0.06086956521739131,
        "f1-score": 0.10852713178294573,
        "support": 460.0
    },
    "accuracy": 0.425,
    "macro avg": {
        "precision": 0.45967741935483875,
        "recall": 0.48925831202046033,
        "f1-score": 0.34208644412025513,
        "support": 800.0
    },
    "weighted avg": {
        "precision": 0.46572580645161293,
        "recall": 0.425,
        "f1-score": 0.30705254726965875,
        "support": 800.0
    }
}