{
    "0": {
        "precision": 0.40671641791044777,
        "recall": 0.6411764705882353,
        "f1-score": 0.4977168949771689,
        "support": 340.0
    },
    "1": {
        "precision": 0.5378787878787878,
        "recall": 0.30869565217391304,
        "f1-score": 0.39226519337016574,
        "support": 460.0
    },
    "accuracy": 0.45,
    "macro avg": {
        "precision": 0.4722976028946178,
        "recall": 0.4749360613810742,
        "f1-score": 0.4449910441736673,
        "support": 800.0
    },
    "weighted avg": {
        "precision": 0.48213478064224335,
        "recall": 0.45,
        "f1-score": 0.4370821665531421,
        "support": 800.0
    }
}