{
    "0": {
        "precision": 0.41081081081081083,
        "recall": 0.6705882352941176,
        "f1-score": 0.5094972067039106,
        "support": 340.0
    },
    "1": {
        "precision": 0.5428571428571428,
        "recall": 0.2891304347826087,
        "f1-score": 0.3773049645390071,
        "support": 460.0
    },
    "accuracy": 0.45125,
    "macro avg": {
        "precision": 0.4768339768339768,
        "recall": 0.47985933503836314,
        "f1-score": 0.44340108562145886,
        "support": 800.0
    },
    "weighted avg": {
        "precision": 0.48673745173745175,
        "recall": 0.45125,
        "f1-score": 0.43348666745909115,
        "support": 800.0
    }
}