{
    "0": {
        "precision": 0.4331306990881459,
        "recall": 0.8382352941176471,
        "f1-score": 0.5711422845691383,
        "support": 340.0
    },
    "1": {
        "precision": 0.6126760563380281,
        "recall": 0.1891304347826087,
        "f1-score": 0.28903654485049834,
        "support": 460.0
    },
    "accuracy": 0.465,
    "macro avg": {
        "precision": 0.522903377713087,
        "recall": 0.5136828644501279,
        "f1-score": 0.4300894147098183,
        "support": 800.0
    },
    "weighted avg": {
        "precision": 0.5363692795068282,
        "recall": 0.465,
        "f1-score": 0.4089314842309203,
        "support": 800.0
    }
}