{
    "0": {
        "precision": 0.4213197969543147,
        "recall": 0.24411764705882352,
        "f1-score": 0.3091247672253259,
        "support": 340.0
    },
    "1": {
        "precision": 0.5737976782752903,
        "recall": 0.7521739130434782,
        "f1-score": 0.6509877704609596,
        "support": 460.0
    },
    "accuracy": 0.53625,
    "macro avg": {
        "precision": 0.4975587376148025,
        "recall": 0.4981457800511509,
        "f1-score": 0.48005626884314273,
        "support": 800.0
    },
    "weighted avg": {
        "precision": 0.5089945787138757,
        "recall": 0.53625,
        "f1-score": 0.5056959940858152,
        "support": 800.0
    }
}