{
    "train_loss": [
        0.5864571185312538,
        0.5392985162333908,
        0.5217745994853082,
        0.5100859288300309,
        0.5055749760609921,
        0.5027932690125759,
        0.5001158827933195,
        0.4967161683278663,
        0.4988748857351107,
        0.49616468966564287,
        0.49673612257030525,
        0.4911012630596339,
        0.4900764688153133,
        0.4870144876364236,
        0.4817725344796047,
        0.4843615427195469,
        0.48206871335751544,
        0.47520687502121256,
        0.47552790513662535,
        0.4717905272390241,
        0.4702630874152495,
        0.469057577959845,
        0.46716762692014746,
        0.4685347420589946,
        0.4667160786200907,
        0.4609265725746333,
        0.4621720789191879,
        0.45932849166549256,
        0.4598426004436529,
        0.45705290698559486,
        0.4558956581855489,
        0.4513142900489201,
        0.4512748350049848,
        0.4509843910965964,
        0.4516140980698238,
        0.44528294793356243,
        0.44686429478297723,
        0.4452281263387092,
        0.4455644067481299,
        0.44222529246428305,
        0.4400614368024273,
        0.43918096640399684,
        0.44014326570747053,
        0.43770996087065367,
        0.4368321497863698,
        0.43466581232915413,
        0.4324090947893178,
        0.42745864909385967,
        0.42886588966178,
        0.42896753424238937,
        0.4275673003397255,
        0.42920570613067843,
        0.4238496046199977,
        0.4254624925484167,
        0.4205639613287471,
        0.4227469492738492,
        0.4224463433862847,
        0.420789942730253,
        0.4187156566671122,
        0.420631158212635,
        0.4179264360777686,
        0.4185035664901555,
        0.41291372932006265,
        0.41747704719271617,
        0.41207159181064534,
        0.4134177073418537,
        0.41499663140172155,
        0.40974363787708995,
        0.40994433429196614,
        0.4095986177988141,
        0.41038071337704346,
        0.40833600634169354,
        0.4033397108037895,
        0.41016228488672557,
        0.4057795447166835,
        0.4005418631796525,
        0.40545558636990664,
        0.40260243530028333,
        0.39995932467629974,
        0.4005162927313386,
        0.3995144745178312
    ],
    "val_loss": [
        0.49177214808084746,
        0.49672827463258395,
        0.502128482203592,
        0.5025897102261131,
        0.5065810235047882,
        0.5114733932370489,
        0.4984344244003296,
        0.4855252665213563,
        0.4831028299575502,
        0.4821792510761456,
        0.48304974440146575,
        0.507602487098087,
        0.5015236687931147,
        0.4661482667381113,
        0.4595501890236681,
        0.4614103263752027,
        0.4356791995127093,
        0.4658127394928174,
        0.46985657360743394,
        0.464785349978642,
        0.4530568700283766,
        0.48170892064544285,
        0.4817315482280471,
        0.4658963702280413,
        0.4654612395573746,
        0.4719775952398777,
        0.44062388671392744,
        0.4623140207576481,
        0.4664841560985554,
        0.4623115996576168,
        0.46934171114116907,
        0.45174164612862194,
        0.4443284323946996,
        0.4520934529771859,
        0.4599358258260922,
        0.435065381990915,
        0.4394810211590745,
        0.4449836831878532,
        0.4554870512167161,
        0.41920188306407496,
        0.44856329482387414,
        0.46542870151725685,
        0.4342438219623132,
        0.45540342039682646,
        0.455268928442489,
        0.433422333560884,
        0.43377981140193617,
        0.44388565666634927,
        0.4245052970945835,
        0.45720171894539485,
        0.43446395613930444,
        0.43163177625022153,
        0.43881418522108684,
        0.42736196230080997,
        0.43142007519914344,
        0.43841851832853124,
        0.4485544201663949,
        0.4280534780753607,
        0.43328233003954997,
        0.4120719822292978,
        0.3932098710316826,
        0.4327162133360451,
        0.4192698454823006,
        0.4105830581181429,
        0.4439419373361902,
        0.4332197586243803,
        0.4561728001148863,
        0.43139196475121105,
        0.4039864918979054,
        0.4220396326854825,
        0.41836201115934685,
        0.42239517214792693,
        0.4224271471188827,
        0.45201430816880683,
        0.42760768566619267,
        0.4410249917683276,
        0.41890433456071396,
        0.4445807364853946,
        0.4252255948006429,
        0.4328909453681924,
        0.41648871218785644
    ],
    "val_accuracy": [
        0.609375,
        0.5593039772727273,
        0.4442471590909091,
        0.4421164772727273,
        0.4119318181818182,
        0.390625,
        0.5081676136363636,
        0.5980113636363636,
        0.6029829545454546,
        0.5997869318181818,
        0.5809659090909091,
        0.4549005681818182,
        0.48295454545454547,
        0.5916193181818182,
        0.5980113636363636,
        0.5994318181818182,
        0.6171875,
        0.5713778409090909,
        0.5642755681818182,
        0.5646306818181818,
        0.5891335227272727,
        0.5291193181818182,
        0.5284090909090909,
        0.5564630681818182,
        0.5497159090909091,
        0.5408380681818182,
        0.6004971590909091,
        0.5564630681818182,
        0.5493607954545454,
        0.5543323863636364,
        0.5401278409090909,
        0.5678267045454546,
        0.5802556818181818,
        0.5653409090909091,
        0.5529119318181818,
        0.5884232954545454,
        0.5795454545454546,
        0.5735085227272727,
        0.5575284090909091,
        0.60546875,
        0.56640625,
        0.55078125,
        0.5806107954545454,
        0.5667613636363636,
        0.5625,
        0.5862926136363636,
        0.5830965909090909,
        0.57421875,
        0.5912642045454546,
        0.5511363636363636,
        0.5777698863636364,
        0.5870028409090909,
        0.5777698863636364,
        0.5891335227272727,
        0.5862926136363636,
        0.5724431818181818,
        0.5628551136363636,
        0.5948153409090909,
        0.5745738636363636,
        0.6125710227272727,
        0.6257102272727273,
        0.5749289772727273,
        0.6001420454545454,
        0.6072443181818182,
        0.5681818181818182,
        0.5784801136363636,
        0.5642755681818182,
        0.5862926136363636,
        0.6097301136363636,
        0.5980113636363636,
        0.59765625,
        0.5980113636363636,
        0.5962357954545454,
        0.5688920454545454,
        0.5873579545454546,
        0.5859375,
        0.5969460227272727,
        0.5887784090909091,
        0.6026278409090909,
        0.5870028409090909,
        0.6029829545454546
    ]
}