{
    "0": {
        "precision": 0.44813278008298757,
        "recall": 0.08490566037735849,
        "f1-score": 0.1427627230667548,
        "support": 1272.0
    },
    "1": {
        "precision": 0.5768811341330425,
        "recall": 0.9226744186046512,
        "f1-score": 0.7099082979199284,
        "support": 1720.0
    },
    "accuracy": 0.5665106951871658,
    "macro avg": {
        "precision": 0.5125069571080151,
        "recall": 0.5037900394910049,
        "f1-score": 0.4263355104933416,
        "support": 2992.0
    },
    "weighted avg": {
        "precision": 0.522145871314971,
        "recall": 0.5665106951871658,
        "f1-score": 0.4687956070064134,
        "support": 2992.0
    }
}