{
    "0": {
        "precision": 0.4491803278688525,
        "recall": 0.3231132075471698,
        "f1-score": 0.37585733882030176,
        "support": 1272.0
    },
    "1": {
        "precision": 0.5854597977852672,
        "recall": 0.7069767441860465,
        "f1-score": 0.640505662365025,
        "support": 1720.0
    },
    "accuracy": 0.5437834224598931,
    "macro avg": {
        "precision": 0.5173200628270599,
        "recall": 0.5150449758666081,
        "f1-score": 0.5081815005926634,
        "support": 2992.0
    },
    "weighted avg": {
        "precision": 0.5275228038903209,
        "recall": 0.5437834224598931,
        "f1-score": 0.5279947440666,
        "support": 2992.0
    }
}