{
    "0": {
        "precision": 0.4589041095890411,
        "recall": 0.3162863886703383,
        "f1-score": 0.37447601304145317,
        "support": 1271.0
    },
    "1": {
        "precision": 0.5893194706994329,
        "recall": 0.7245787332945962,
        "f1-score": 0.6499869689861871,
        "support": 1721.0
    },
    "accuracy": 0.5511363636363636,
    "macro avg": {
        "precision": 0.524111790144237,
        "recall": 0.5204325609824673,
        "f1-score": 0.5122314910138202,
        "support": 2992.0
    },
    "weighted avg": {
        "precision": 0.5339190950405733,
        "recall": 0.5511363636363636,
        "f1-score": 0.5329500622329262,
        "support": 2992.0
    }
}