{
    "train_loss": [
        0.40062429966324586,
        0.35919071332956864,
        0.3472997638276249,
        0.3423430862220815,
        0.33960363734204113,
        0.33359157227202507,
        0.32809274190684096,
        0.3191407832790451,
        0.2990634680487389,
        0.2786020109324756,
        0.2554619430604567,
        0.230711468281936,
        0.2108814388612576,
        0.19699061454035516,
        0.1850001456779103,
        0.17102068415115837,
        0.16441940716730796,
        0.15334295389858196,
        0.1468769518342921,
        0.14296489426760975,
        0.13368977155796316,
        0.1296894402054457,
        0.12758122137020592
    ],
    "val_loss": [
        0.3750904638375809,
        0.3621451054046403,
        0.3610499550157519,
        0.3648990503887632,
        0.37425619897557727,
        0.40273138124551344,
        0.4163193898414498,
        0.43752185755701206,
        0.43327507198746523,
        0.4465593593334084,
        0.46352410583353754,
        0.4561241077842997,
        0.46128899704164533,
        0.45976591510559195,
        0.45294600858617184,
        0.46398675219336555,
        0.46126149038770303,
        0.46417777040111485,
        0.4600614811947097,
        0.4558284972141038,
        0.4571632097906141,
        0.45553981056853904,
        0.4504082500934601
    ],
    "val_accuracy": [
        0.33707865168539325,
        0.3352059925093633,
        0.3548689138576779,
        0.33146067415730335,
        0.35580524344569286,
        0.33614232209737827,
        0.3398876404494382,
        0.350187265917603,
        0.36235955056179775,
        0.3595505617977528,
        0.36704119850187267,
        0.3604868913857678,
        0.33801498127340823,
        0.34269662921348315,
        0.3642322097378277,
        0.3352059925093633,
        0.3464419475655431,
        0.3539325842696629,
        0.34363295880149813,
        0.3548689138576779,
        0.3529962546816479,
        0.350187265917603,
        0.34176029962546817
    ]
}