{
    "train_loss": [
        0.4055555354915188,
        0.3581365241956869,
        0.34672053608783454,
        0.34022536170839074,
        0.3359051193311761,
        0.3281010925967828,
        0.3183583849391272,
        0.3046609201403551,
        0.2773403016930799,
        0.25646392100079113,
        0.23170834225277567,
        0.21783262298154674,
        0.19711363934401263,
        0.1838666144201526,
        0.17647865102734678,
        0.1642431009350425,
        0.15972734359015658,
        0.15205685281971365,
        0.14645891772750208,
        0.13908447057899842,
        0.1355758122480985
    ],
    "val_loss": [
        0.37384950491919444,
        0.3757482660350515,
        0.3782032474653045,
        0.3743261387988703,
        0.38733155647320533,
        0.40616480316688763,
        0.41636903383838597,
        0.44748792497079765,
        0.45952703614733115,
        0.45731726199833317,
        0.473237823639343,
        0.4641788028069396,
        0.4748756062628618,
        0.4691735906387443,
        0.46747742482085725,
        0.46515400107227156,
        0.4634024176134992,
        0.46590501070022583,
        0.46750185249456716,
        0.4544792953711837,
        0.4582205775068767
    ],
    "val_accuracy": [
        0.33707865168539325,
        0.3586142322097378,
        0.36142322097378277,
        0.33614232209737827,
        0.31835205992509363,
        0.3249063670411985,
        0.34831460674157305,
        0.33239700374531833,
        0.34269662921348315,
        0.350187265917603,
        0.34737827715355807,
        0.33801498127340823,
        0.34363295880149813,
        0.31835205992509363,
        0.33052434456928836,
        0.3211610486891386,
        0.32771535580524347,
        0.3389513108614232,
        0.3389513108614232,
        0.3464419475655431,
        0.34925093632958804
    ]
}