{
    "train_loss": [
        0.4019928990408432,
        0.357242841657214,
        0.34698815331902616,
        0.3415495695861867,
        0.33645512673545913,
        0.3326576951136225,
        0.32268651072369064,
        0.3073884436359437,
        0.2851751364544777,
        0.26364318922508595,
        0.2362789919606079,
        0.22199640653260128,
        0.20494038742840093,
        0.1876443975490589,
        0.17865237388202915,
        0.1695963402721177,
        0.1603024900702147,
        0.1495776093283365,
        0.14704081641380176,
        0.14130188017291484,
        0.13616314287795578,
        0.12978270870209532
    ],
    "val_loss": [
        0.3652922777987238,
        0.36248330972087917,
        0.36921880761189246,
        0.3636628843065518,
        0.3715710426444438,
        0.38823590572200606,
        0.41106837187240375,
        0.4324315737432508,
        0.44475726761035067,
        0.44795282207318204,
        0.46071461554783494,
        0.4590713675342389,
        0.4592879596930831,
        0.4676193225739607,
        0.46026019729785067,
        0.47789736203293304,
        0.4616706535887362,
        0.46009869050623764,
        0.4813448430886909,
        0.4655408303239452,
        0.4726383023297609,
        0.46172658009315604
    ],
    "val_accuracy": [
        0.33239700374531833,
        0.34363295880149813,
        0.3352059925093633,
        0.34363295880149813,
        0.3445692883895131,
        0.3586142322097378,
        0.3445692883895131,
        0.3398876404494382,
        0.34831460674157305,
        0.3258426966292135,
        0.33801498127340823,
        0.3398876404494382,
        0.3389513108614232,
        0.34363295880149813,
        0.34363295880149813,
        0.3249063670411985,
        0.34269662921348315,
        0.33146067415730335,
        0.33146067415730335,
        0.3258426966292135,
        0.32865168539325845,
        0.3295880149812734
    ]
}