{
    "train_loss": [
        0.4085962789201261,
        0.3578465816586517,
        0.3490427106717892,
        0.34151628821395164,
        0.33396506844168883,
        0.32833518360144276,
        0.3175398275206651,
        0.2946225819100573,
        0.2704888403019636,
        0.24307056751560135,
        0.22419887875203676,
        0.20757871212753345,
        0.19139748640927762,
        0.18047684297411148,
        0.16766224385694015,
        0.16194727388133243,
        0.15263431640558464,
        0.14563745324595823,
        0.14100814380519017,
        0.1384266918630299,
        0.1308216871910317,
        0.1276281033936529,
        0.11910791412936493
    ],
    "val_loss": [
        0.3744705412814866,
        0.3656169861110289,
        0.3626603795521295,
        0.3750836742458059,
        0.38790473831233696,
        0.40875668356667705,
        0.42438256384721446,
        0.44679177252214347,
        0.46176259197405917,
        0.47211082390884856,
        0.4691862664115963,
        0.4937564063428053,
        0.46819556204240714,
        0.47420319025196245,
        0.47175319959868245,
        0.4852802273052842,
        0.4667443877725459,
        0.46345581269975916,
        0.4656074144946995,
        0.4613715823906571,
        0.4617973761772042,
        0.47101944507057986,
        0.45853326747666545
    ],
    "val_accuracy": [
        0.33052434456928836,
        0.3539325842696629,
        0.33801498127340823,
        0.32771535580524347,
        0.3445692883895131,
        0.3333333333333333,
        0.31835205992509363,
        0.3389513108614232,
        0.32397003745318353,
        0.3408239700374532,
        0.33052434456928836,
        0.3249063670411985,
        0.3389513108614232,
        0.33801498127340823,
        0.3258426966292135,
        0.3258426966292135,
        0.33707865168539325,
        0.3445692883895131,
        0.3202247191011236,
        0.31273408239700373,
        0.33614232209737827,
        0.3249063670411985,
        0.3408239700374532
    ]
}