{
    "train_loss": [
        0.40614070577478883,
        0.357489992019742,
        0.3489077721917352,
        0.34066041630763944,
        0.3372255414229295,
        0.33305288915618314,
        0.3250583612245579,
        0.3116163837157215,
        0.2920071769295341,
        0.26893346877985225,
        0.24720808531952854,
        0.22773705729812482,
        0.20815802209599074,
        0.19145478887415407,
        0.17986873356606872,
        0.1743984118945575,
        0.166238635481394,
        0.15040989794406384,
        0.14849130121180384,
        0.14034463678087508,
        0.135036587913171,
        0.13428703027211156,
        0.12782187556903624
    ],
    "val_loss": [
        0.37089918709512965,
        0.3735624115858505,
        0.3610036924703797,
        0.3655748549681991,
        0.38083634625619917,
        0.40845898816834636,
        0.42249281326336646,
        0.43909610207401106,
        0.44321625535167863,
        0.44710024835458445,
        0.46328894549341343,
        0.4617600374257387,
        0.46193848794965603,
        0.46499672532081604,
        0.47774375063269886,
        0.4709559754649205,
        0.4727739091239758,
        0.46099175890879845,
        0.4673783312092966,
        0.4777815555458638,
        0.4658850573781711,
        0.4681668753054605,
        0.46134847491534786
    ],
    "val_accuracy": [
        0.3333333333333333,
        0.34176029962546817,
        0.33239700374531833,
        0.3539325842696629,
        0.3099250936329588,
        0.3333333333333333,
        0.32209737827715357,
        0.33614232209737827,
        0.3398876404494382,
        0.350187265917603,
        0.3258426966292135,
        0.32865168539325845,
        0.3295880149812734,
        0.34363295880149813,
        0.3445692883895131,
        0.32209737827715357,
        0.33614232209737827,
        0.33052434456928836,
        0.31647940074906367,
        0.3099250936329588,
        0.33801498127340823,
        0.3352059925093633,
        0.32397003745318353
    ]
}