{
    "0.0": {
        "precision": 0.32926829268292684,
        "recall": 0.15517241379310345,
        "f1-score": 0.2109375,
        "support": 174.0
    },
    "1.0": {
        "precision": 0.4,
        "recall": 0.2222222222222222,
        "f1-score": 0.2857142857142857,
        "support": 180.0
    },
    "2.0": {
        "precision": 0.3522727272727273,
        "recall": 0.6888888888888889,
        "f1-score": 0.46616541353383456,
        "support": 180.0
    },
    "accuracy": 0.35767790262172283,
    "macro avg": {
        "precision": 0.3605136733185514,
        "recall": 0.35542784163473823,
        "f1-score": 0.3209390664160401,
        "support": 534.0
    },
    "weighted avg": {
        "precision": 0.3608647450110865,
        "recall": 0.35767790262172283,
        "f1-score": 0.3221750390724,
        "support": 534.0
    }
}