{
    "0": {
        "precision": 0.5938375350140056,
        "recall": 0.6342557965594615,
        "f1-score": 0.6133815551537071,
        "support": 1337.0
    },
    "1": {
        "precision": 0.6069131832797428,
        "recall": 0.5655430711610487,
        "f1-score": 0.5854982551376503,
        "support": 1335.0
    },
    "accuracy": 0.5999251497005988,
    "macro avg": {
        "precision": 0.6003753591468741,
        "recall": 0.5998994338602551,
        "f1-score": 0.5994399051456787,
        "support": 2672.0
    },
    "weighted avg": {
        "precision": 0.6003704655659364,
        "recall": 0.5999251497005988,
        "f1-score": 0.5994503405124512,
        "support": 2672.0
    }
}