{
    "0": {
        "precision": 0.6595289079229122,
        "recall": 0.6015625,
        "f1-score": 0.6292134831460674,
        "support": 512.0
    },
    "1": {
        "precision": 0.7493857493857494,
        "recall": 0.7932379713914174,
        "f1-score": 0.7706885660138977,
        "support": 769.0
    },
    "accuracy": 0.7166276346604216,
    "macro avg": {
        "precision": 0.7044573286543307,
        "recall": 0.6974002356957087,
        "f1-score": 0.6999510245799825,
        "support": 1281.0
    },
    "weighted avg": {
        "precision": 0.7134710711429918,
        "recall": 0.7166276346604216,
        "f1-score": 0.7141427093173098,
        "support": 1281.0
    }
}