{
    "train_loss": [
        0.5942888353570102,
        0.5429733608719669,
        0.5174479350636277,
        0.5108947980881743,
        0.5010399063931236,
        0.49374595353623485,
        0.4857873815398679,
        0.47569904693319826,
        0.4712057142569546,
        0.4607411379049599,
        0.4614123329834596,
        0.45431650269635115,
        0.44841053270840947,
        0.4477651931565522,
        0.44479609918996754,
        0.4399539916324213,
        0.4402955496990228,
        0.4348783064240645,
        0.43097010575517825,
        0.42951150989859416,
        0.4250174532585506,
        0.42305691034104753,
        0.4208590122969342,
        0.42077547343219884,
        0.41928528896866973,
        0.4156104071922443,
        0.41475800971818877,
        0.413287074945647,
        0.4068467000868753,
        0.4069712784157021,
        0.4077194992311393,
        0.40650960548391823,
        0.40496290053873624,
        0.40235938266988547,
        0.39969874666964456,
        0.40072961796059386,
        0.39857126873002274,
        0.39777905569423605,
        0.3972982275712339,
        0.39619404893321325,
        0.3943603398113311,
        0.3916224671629914,
        0.3942991563979584,
        0.39382914909582095,
        0.39033431496927,
        0.3923644945025444,
        0.3918240058396939,
        0.3908697668510147,
        0.3865787666369591,
        0.3876095553427809,
        0.38605693476235314,
        0.385399975071225,
        0.3853479811473738,
        0.38307602521236434,
        0.3821118051492715,
        0.3810059347421811,
        0.38349877379614594,
        0.38347777293578483,
        0.38178408906681127,
        0.3791872342804816,
        0.3803871929456916,
        0.3775599881818023,
        0.37790777776311724,
        0.3733226591210325,
        0.37911825152389106,
        0.37267577770767335,
        0.3763364660651875,
        0.37403019744006893,
        0.3740778488071659,
        0.3716033654373909,
        0.37287653754720707,
        0.3726456585627065,
        0.3647044887333983,
        0.37096465344418955,
        0.36767981528355603,
        0.3698223201471542,
        0.3690698280270341
    ],
    "val_loss": [
        0.49837143096742753,
        0.494564779574358,
        0.4925857135389425,
        0.4910341195667846,
        0.4839214229885536,
        0.4742774065536789,
        0.46312893983684006,
        0.4558550194848942,
        0.4464200446500054,
        0.43978483295893367,
        0.44073377549648285,
        0.4275482855265654,
        0.4367503721880007,
        0.4333854579850088,
        0.42368551796372933,
        0.42180834616286844,
        0.41777237278373935,
        0.4146447950337507,
        0.4090651374640344,
        0.4112802241233331,
        0.4061265739647648,
        0.40414111363359645,
        0.40208993786120717,
        0.40230866493303563,
        0.396793388207502,
        0.39814130933601644,
        0.39326713903795313,
        0.3918834924697876,
        0.38783041538694235,
        0.38841337672894516,
        0.38817205355514456,
        0.3876817624402952,
        0.3834163673410687,
        0.3909847825954232,
        0.397329800774025,
        0.38648438717745526,
        0.3964039534330368,
        0.384935101281993,
        0.3864760606349269,
        0.38975602020568484,
        0.38720522075891495,
        0.38411077347737327,
        0.38233040839056426,
        0.38585867034860805,
        0.3848084603683858,
        0.39110046974088575,
        0.3905530936921699,
        0.3900166233129139,
        0.3875067932884904,
        0.40160000918409494,
        0.3844204499280151,
        0.3869700985430162,
        0.3934585776510118,
        0.3874038882270644,
        0.390463913637626,
        0.39544767263946656,
        0.381126446342921,
        0.3982092773989786,
        0.40002383216272425,
        0.39736125552201573,
        0.39569599294587027,
        0.3886040798093699,
        0.3975303170707407,
        0.3843968812423416,
        0.400612880817697,
        0.40833471064703375,
        0.382110020688063,
        0.39575129445595075,
        0.41121528137333785,
        0.40836890890628474,
        0.42495776099871985,
        0.4207378319358524,
        0.4079054691180398,
        0.40254134199098696,
        0.4107200922090796,
        0.4113331750223908,
        0.4012218983490256
    ],
    "val_accuracy": [
        0.5027689873417721,
        0.5114715189873418,
        0.535996835443038,
        0.5249208860759493,
        0.5395569620253164,
        0.5723892405063291,
        0.6135284810126582,
        0.6111550632911392,
        0.6044303797468354,
        0.6135284810126582,
        0.617879746835443,
        0.6238132911392406,
        0.6143196202531646,
        0.6198575949367089,
        0.6277689873417721,
        0.6238132911392406,
        0.625,
        0.6293512658227848,
        0.6309335443037974,
        0.6257911392405063,
        0.629746835443038,
        0.6301424050632911,
        0.6285601265822784,
        0.6277689873417721,
        0.6368670886075949,
        0.6329113924050633,
        0.627373417721519,
        0.6313291139240507,
        0.6356803797468354,
        0.6348892405063291,
        0.6356803797468354,
        0.6340981012658228,
        0.6340981012658228,
        0.6269778481012658,
        0.6305379746835443,
        0.6289556962025317,
        0.6317246835443038,
        0.6301424050632911,
        0.6265822784810127,
        0.6329113924050633,
        0.6333069620253164,
        0.6337025316455697,
        0.6289556962025317,
        0.6333069620253164,
        0.629746835443038,
        0.6281645569620253,
        0.6309335443037974,
        0.6329113924050633,
        0.6372626582278481,
        0.6333069620253164,
        0.6277689873417721,
        0.6293512658227848,
        0.6325158227848101,
        0.6337025316455697,
        0.6305379746835443,
        0.629746835443038,
        0.6317246835443038,
        0.6289556962025317,
        0.6269778481012658,
        0.6269778481012658,
        0.6265822784810127,
        0.6234177215189873,
        0.6242088607594937,
        0.6265822784810127,
        0.6301424050632911,
        0.6329113924050633,
        0.6305379746835443,
        0.6277689873417721,
        0.6305379746835443,
        0.6309335443037974,
        0.625,
        0.6285601265822784,
        0.6313291139240507,
        0.6317246835443038,
        0.6246044303797469,
        0.6333069620253164,
        0.629746835443038
    ]
}