{
    "0": {
        "precision": 0.6556122448979592,
        "recall": 0.5995334370139969,
        "f1-score": 0.6263200649878148,
        "support": 1286.0
    },
    "1": {
        "precision": 0.6190828402366864,
        "recall": 0.6739130434782609,
        "f1-score": 0.6453353893600616,
        "support": 1242.0
    },
    "accuracy": 0.6360759493670886,
    "macro avg": {
        "precision": 0.6373475425673227,
        "recall": 0.6367232402461289,
        "f1-score": 0.6358277271739382,
        "support": 2528.0
    },
    "weighted avg": {
        "precision": 0.6376654408673813,
        "recall": 0.6360759493670886,
        "f1-score": 0.6356622457118379,
        "support": 2528.0
    }
}