{
    "train_loss": [
        0.5427796956087123,
        0.510579709028233,
        0.5073660150428728,
        0.5112322450028679,
        0.5061186481417949,
        0.5088748489156624,
        0.5030744478881704,
        0.5047113976382107,
        0.5011546244855561,
        0.4997718409995812,
        0.49973853182241407,
        0.5016847941916802,
        0.500560408727282,
        0.49833275059055043,
        0.4979434009921344,
        0.4976502779246755,
        0.49629383021696455,
        0.4909619978397568,
        0.4864460121344969,
        0.48598589752450844,
        0.48260051442708585,
        0.47609590639957805,
        0.47064458496997813,
        0.4722420395798766,
        0.45883283708136896,
        0.4696076214313507,
        0.45503545341464136,
        0.45336646582349877,
        0.4565282284868935,
        0.44804083129574107,
        0.4438722354139207,
        0.4412260513774232,
        0.43721753979004874,
        0.4447368755505953,
        0.43471784433188465,
        0.43080386829514034,
        0.42982405312144,
        0.42327052268678744,
        0.41776106812361347,
        0.412564031822833
    ],
    "val_loss": [
        0.46193979382514955,
        0.46757071430866537,
        0.469260055743731,
        0.4979517446114467,
        0.47456870675086976,
        0.4697394375617687,
        0.46899931109868565,
        0.47241376409163843,
        0.4932814061641693,
        0.49794329221432027,
        0.49339705063746525,
        0.4804811230072608,
        0.48806111491643467,
        0.4630578774672288,
        0.42726480731597316,
        0.45965906289907604,
        0.4397735311434819,
        0.44429957820818977,
        0.4351932752590913,
        0.3998761901488671,
        0.4278985553062879,
        0.4686904127781208,
        0.45514918519900394,
        0.47081250685911913,
        0.4664712543670948,
        0.4285832040585004,
        0.4019837443645184,
        0.44904303963367753,
        0.453061004785391,
        0.45286163206283864,
        0.4629588782787323,
        0.48283681731957656,
        0.457878155203966,
        0.47543514531392317,
        0.4451340966499769,
        0.46217357103641216,
        0.4451568841934204,
        0.43567817027752215,
        0.4758135121602278,
        0.515358128455969
    ],
    "val_accuracy": [
        0.6627680311890838,
        0.6608187134502924,
        0.6617933723196882,
        0.5701754385964912,
        0.6578947368421053,
        0.6617933723196882,
        0.6627680311890838,
        0.6530214424951267,
        0.5925925925925926,
        0.5536062378167641,
        0.5916179337231969,
        0.6276803118908382,
        0.5935672514619883,
        0.6491228070175439,
        0.6598440545808967,
        0.6169590643274854,
        0.631578947368421,
        0.6101364522417154,
        0.6120857699805068,
        0.6364522417153996,
        0.5964912280701754,
        0.5380116959064327,
        0.5458089668615984,
        0.5243664717348928,
        0.550682261208577,
        0.5867446393762183,
        0.6267056530214425,
        0.5545808966861598,
        0.550682261208577,
        0.5545808966861598,
        0.5428849902534113,
        0.5331384015594542,
        0.5467836257309941,
        0.5350877192982456,
        0.5692007797270955,
        0.5497076023391813,
        0.5672514619883041,
        0.5692007797270955,
        0.5282651072124757,
        0.4980506822612086
    ]
}