{
    "0": {
        "precision": 0.33248730964467005,
        "recall": 0.9097222222222222,
        "f1-score": 0.48698884758364314,
        "support": 432.0
    },
    "1": {
        "precision": 0.61,
        "recall": 0.07176470588235294,
        "f1-score": 0.12842105263157894,
        "support": 850.0
    },
    "accuracy": 0.3541341653666147,
    "macro avg": {
        "precision": 0.471243654822335,
        "recall": 0.4907434640522876,
        "f1-score": 0.307704950107611,
        "support": 1282.0
    },
    "weighted avg": {
        "precision": 0.5164855832811992,
        "recall": 0.3541341653666147,
        "f1-score": 0.2492488899321185,
        "support": 1282.0
    }
}