{
    "train_loss": [
        0.5016205789996129,
        0.4959595436080892,
        0.48830696685428926,
        0.47884603506103557,
        0.4661678465186168,
        0.45730251777724573,
        0.44823335509567974,
        0.44479148031449783,
        0.43777773368592354,
        0.4312372142830847,
        0.4303309290591833,
        0.42530492782167784,
        0.42031510689573065,
        0.41776746936447906,
        0.41239216543880164,
        0.4093844408498091,
        0.41126916481849346,
        0.40352185267071883,
        0.40423059966846797,
        0.40309147953774627,
        0.4023844246983316,
        0.39525241557502067,
        0.39448520291510325,
        0.39772986416138856,
        0.3894250055844771
    ],
    "val_loss": [
        0.5034265771587902,
        0.49219786419587974,
        0.49474124937133995,
        0.48408302648819707,
        0.48005616266459705,
        0.48345050279469415,
        0.4955353048395983,
        0.492631747601504,
        0.49249594702440147,
        0.490696321515476,
        0.5010751393389574,
        0.4999386143875632,
        0.49813827975867264,
        0.5005319179060624,
        0.49637167952596184,
        0.4948091690234322,
        0.4911003514407153,
        0.49599748802057564,
        0.5007158513056403,
        0.4908601025687182,
        0.4973376547110909,
        0.49273781661681315,
        0.4932644325781633,
        0.49560471357190033,
        0.4899784990332343
    ],
    "val_accuracy": [
        0.4869652406417112,
        0.526403743315508,
        0.5187165775401069,
        0.5294117647058824,
        0.5300802139037433,
        0.5267379679144385,
        0.5056818181818182,
        0.5120320855614974,
        0.509024064171123,
        0.5130347593582888,
        0.5066844919786097,
        0.5056818181818182,
        0.5033422459893048,
        0.5056818181818182,
        0.5053475935828877,
        0.5056818181818182,
        0.5116978609625669,
        0.5080213903743316,
        0.5026737967914439,
        0.5086898395721925,
        0.5103609625668449,
        0.509024064171123,
        0.5066844919786097,
        0.50701871657754,
        0.5120320855614974
    ]
}