{
    "train_loss": [
        0.5038947526783867,
        0.499866434915818,
        0.4954949366642617,
        0.4891983431078321,
        0.4775135971858115,
        0.4634623045696082,
        0.45723082584705793,
        0.45223759138647884,
        0.44550768284661674,
        0.4361910182524492,
        0.43060514078526996,
        0.42333083324891363,
        0.41526143640651636,
        0.4081693758885916,
        0.39951623755767807,
        0.3940256457649663,
        0.39191380722212493,
        0.38386045906314237,
        0.3822093166796069,
        0.377736464806844,
        0.3669278411304249,
        0.3669320098697183,
        0.3616797930682194,
        0.35758198489586085,
        0.35730075223932506,
        0.3515213918000619,
        0.349303123506314,
        0.3441221995176266,
        0.3445108331832869,
        0.3414717454217547,
        0.34088904824964505,
        0.33906585702576314,
        0.33916160530691264,
        0.33264269297295074,
        0.32987563152682975,
        0.33247505669579996,
        0.3338405993533007,
        0.3257778489434305,
        0.3188667835571443,
        0.3268001766115055,
        0.32976468746781135,
        0.326971135050749,
        0.3292089627869759,
        0.3240553279027157,
        0.31625290012481805,
        0.3210396292866764,
        0.32651522181888315,
        0.32617878646933457,
        0.3215479662711608,
        0.3224432638476133,
        0.31886985656471656
    ],
    "val_loss": [
        0.5010392887388321,
        0.49823512798324626,
        0.496923522196989,
        0.495532950296759,
        0.4919189004337086,
        0.49276898952728926,
        0.49173173802421694,
        0.4932857823563132,
        0.4864805281799745,
        0.4935112068041123,
        0.49309381994015394,
        0.49179449454348356,
        0.48936739436445387,
        0.4932803092474606,
        0.49420566458434345,
        0.4993099242767548,
        0.49071580649697205,
        0.4921197059320256,
        0.4904703462825102,
        0.49096509097094204,
        0.485188457736357,
        0.48971780799926923,
        0.489573808835152,
        0.4827977755968583,
        0.4958796452153175,
        0.487218770273229,
        0.494488640424402,
        0.49173894938938123,
        0.4969685993251953,
        0.49891905582206136,
        0.4788202055316558,
        0.4887109074522467,
        0.48997015605635824,
        0.4966339038256655,
        0.4945094996595128,
        0.4878394359892065,
        0.5039157637937821,
        0.49169331820890866,
        0.49290161838824736,
        0.4953836671968195,
        0.48746556796651475,
        0.48590588426207476,
        0.4871407067552607,
        0.4824286106834437,
        0.48671645555585463,
        0.4880835904794581,
        0.4951848084913856,
        0.4839045776721628,
        0.48668828020918176,
        0.48538407380568155,
        0.49100031492544366
    ],
    "val_accuracy": [
        0.4959893048128342,
        0.5033422459893048,
        0.5023395721925134,
        0.5050133689839572,
        0.5080213903743316,
        0.5150401069518716,
        0.5153743315508021,
        0.5073529411764706,
        0.5254010695187166,
        0.5066844919786097,
        0.5147058823529411,
        0.5167112299465241,
        0.5223930481283422,
        0.5200534759358288,
        0.5140374331550802,
        0.50701871657754,
        0.5127005347593583,
        0.5147058823529411,
        0.5157085561497327,
        0.5133689839572193,
        0.5193850267379679,
        0.5143716577540107,
        0.5137032085561497,
        0.5210561497326203,
        0.5053475935828877,
        0.5153743315508021,
        0.5076871657754011,
        0.5110294117647058,
        0.5066844919786097,
        0.5026737967914439,
        0.5254010695187166,
        0.5153743315508021,
        0.5127005347593583,
        0.5046791443850267,
        0.5103609625668449,
        0.5163770053475936,
        0.5023395721925134,
        0.5153743315508021,
        0.5140374331550802,
        0.5056818181818182,
        0.5150401069518716,
        0.5187165775401069,
        0.5170454545454546,
        0.5210561497326203,
        0.5167112299465241,
        0.516042780748663,
        0.508355614973262,
        0.5203877005347594,
        0.5167112299465241,
        0.5177139037433155,
        0.5116978609625669
    ]
}