{
    "0": {
        "precision": 0.51002331002331,
        "recall": 0.7401894451962111,
        "f1-score": 0.6039194038089981,
        "support": 1478.0
    },
    "1": {
        "precision": 0.5466351829988194,
        "recall": 0.3058124174372523,
        "f1-score": 0.3922066920796273,
        "support": 1514.0
    },
    "accuracy": 0.5203877005347594,
    "macro avg": {
        "precision": 0.5283292465110647,
        "recall": 0.5230009313167316,
        "f1-score": 0.49806304794431266,
        "support": 2992.0
    },
    "weighted avg": {
        "precision": 0.5285495051051687,
        "recall": 0.5203877005347594,
        "f1-score": 0.49678937521332045,
        "support": 2992.0
    }
}