{
    "0": {
        "precision": 0.6089285714285714,
        "recall": 0.7118997912317327,
        "f1-score": 0.6564003849855631,
        "support": 479.0
    },
    "1": {
        "precision": 0.677570093457944,
        "recall": 0.5697445972495089,
        "f1-score": 0.6189967982924226,
        "support": 509.0
    },
    "accuracy": 0.638663967611336,
    "macro avg": {
        "precision": 0.6432493324432577,
        "recall": 0.6408221942406208,
        "f1-score": 0.6376985916389928,
        "support": 988.0
    },
    "weighted avg": {
        "precision": 0.6442914608141489,
        "recall": 0.638663967611336,
        "f1-score": 0.6371307234199675,
        "support": 988.0
    }
}