{
    "0": {
        "precision": 0.632183908045977,
        "recall": 0.7623762376237624,
        "f1-score": 0.6912028725314183,
        "support": 505.0
    },
    "1": {
        "precision": 0.683377308707124,
        "recall": 0.5362318840579711,
        "f1-score": 0.6009280742459396,
        "support": 483.0
    },
    "accuracy": 0.6518218623481782,
    "macro avg": {
        "precision": 0.6577806083765505,
        "recall": 0.6493040608408667,
        "f1-score": 0.646065473388679,
        "support": 988.0
    },
    "weighted avg": {
        "precision": 0.657210641365141,
        "recall": 0.6518218623481782,
        "f1-score": 0.6470705571752582,
        "support": 988.0
    }
}