{
    "train_loss": [
        0.5441938767066369,
        0.5170479348072639,
        0.5228864225057456,
        0.5224709240289834,
        0.5109717859671666,
        0.5060179426119877,
        0.5136430217669561,
        0.497801529444181,
        0.5127223748427171,
        0.5056265739294199,
        0.501822848044909,
        0.5032754022341508,
        0.5151748913985033,
        0.511982533106437,
        0.5062406076834752,
        0.5012197911739349,
        0.5035379318090586,
        0.5035764088997474,
        0.502636405137869,
        0.500826593545767,
        0.5018903163763193
    ],
    "val_loss": [
        0.4786758360578053,
        0.526897272956905,
        0.49452581023102377,
        0.5072095340757228,
        0.5384105853180388,
        0.50408975935694,
        0.532406600553598,
        0.5698495685164608,
        0.5311412419845809,
        0.5211698893290847,
        0.5183269683994464,
        0.5451164049888725,
        0.5506977643539657,
        0.536644083350452,
        0.48123968136844353,
        0.5357715069358029,
        0.5161785874793778,
        0.5043301253176448,
        0.5153610350480721,
        0.5183734982760985,
        0.50535127965372
    ],
    "val_accuracy": [
        0.8380149812734082,
        0.10674157303370786,
        0.7031835205992509,
        0.29681647940074907,
        0.10955056179775281,
        0.36891385767790263,
        0.1151685393258427,
        0.10674157303370786,
        0.12078651685393259,
        0.13764044943820225,
        0.15730337078651685,
        0.10674157303370786,
        0.10486891385767791,
        0.11891385767790262,
        0.8146067415730337,
        0.12359550561797752,
        0.22284644194756553,
        0.3970037453183521,
        0.27247191011235955,
        0.3061797752808989,
        0.42790262172284643
    ]
}