{
    "train_loss": [
        0.5656824508538613,
        0.5289956083664528,
        0.5196456748705643,
        0.5336680989999038,
        0.5293338615160722,
        0.5201013285380144,
        0.5218147814273835,
        0.5087399560671586,
        0.4988357355961433,
        0.5109433715160077,
        0.5073955535888672,
        0.503885555267334,
        0.5095343919900748,
        0.5125295065916502,
        0.5101370586798741,
        0.5056033478333399,
        0.5064312705626854,
        0.498501945917423,
        0.5028864347017729,
        0.5003809860119453,
        0.4983026889654306,
        0.5019135640217708,
        0.5072624793419471,
        0.49821374645599953,
        0.5021746997649853,
        0.4924525811122014,
        0.49651502049886265,
        0.4982811703131749,
        0.4907954766200139,
        0.49309308987397416,
        0.4845333869640644,
        0.4993239164352417,
        0.4798351329106551,
        0.4732406464906839,
        0.481761845258566,
        0.4693162560462952,
        0.48017217012552116,
        0.4688778739709121,
        0.46637663291050835,
        0.47059404116410475,
        0.45106383103590747,
        0.4537807134481577,
        0.4621021206562336,
        0.4623831671017867,
        0.4563375147489401,
        0.45331777196664075,
        0.4462948093047509,
        0.4354158360224504,
        0.44116468750513516,
        0.4253664342256693,
        0.4244833652789776,
        0.42135992783766524,
        0.4147549780515524,
        0.41279660417483405,
        0.4295721345222913
    ],
    "val_loss": [
        0.4331805483618779,
        0.4669397099694209,
        0.4957646465123589,
        0.47029679657807993,
        0.47270568048776085,
        0.46340489921285144,
        0.4737397143200262,
        0.47305937178099333,
        0.4789659692280328,
        0.454889094651635,
        0.45220869156851695,
        0.4994755565230526,
        0.4825830468490942,
        0.4505750710394845,
        0.43258463802622327,
        0.4099758414190207,
        0.43793748830681417,
        0.4561354291083208,
        0.47274252016152907,
        0.42963501455178904,
        0.45311724739288217,
        0.39173452978703516,
        0.4228835266027878,
        0.4324268805446909,
        0.43613175224902023,
        0.4683066935681585,
        0.4269915218673535,
        0.40096565591755196,
        0.43218581000370765,
        0.33498069377087836,
        0.3696490913184721,
        0.39825413476175336,
        0.328136696744321,
        0.36300829898065595,
        0.2636887508986601,
        0.4106171495878874,
        0.34383390332335856,
        0.5080584776935293,
        0.3969893406576185,
        0.483789934596019,
        0.3580373376607895,
        0.29212084256890997,
        0.4014397383625828,
        0.3189075188850289,
        0.5007950966037921,
        0.5436067358771367,
        0.48685258271089243,
        0.5078618613196842,
        0.4503170752258443,
        0.673929667294915,
        0.5258342483595236,
        0.48082710557909153,
        0.5399126606201058,
        0.4513125384031837,
        0.5165394691388998
    ],
    "val_accuracy": [
        0.8932584269662921,
        0.8923220973782772,
        0.6872659176029963,
        0.8932584269662921,
        0.8932584269662921,
        0.8932584269662921,
        0.8932584269662921,
        0.8932584269662921,
        0.8923220973782772,
        0.8932584269662921,
        0.8932584269662921,
        0.5205992509363296,
        0.8801498127340824,
        0.8932584269662921,
        0.8932584269662921,
        0.8932584269662921,
        0.8932584269662921,
        0.8876404494382022,
        0.849250936329588,
        0.8923220973782772,
        0.8782771535580525,
        0.8923220973782772,
        0.8876404494382022,
        0.8754681647940075,
        0.8707865168539326,
        0.7443820224719101,
        0.8604868913857678,
        0.8745318352059925,
        0.7818352059925093,
        0.8707865168539326,
        0.8333333333333334,
        0.7546816479400749,
        0.8595505617977528,
        0.802434456928839,
        0.8801498127340824,
        0.6853932584269663,
        0.7855805243445693,
        0.49625468164794007,
        0.6750936329588015,
        0.5430711610486891,
        0.7059925093632958,
        0.795880149812734,
        0.6554307116104869,
        0.7602996254681648,
        0.5318352059925093,
        0.4653558052434457,
        0.5318352059925093,
        0.49157303370786515,
        0.5571161048689138,
        0.25936329588014984,
        0.46254681647940077,
        0.5177902621722846,
        0.4803370786516854,
        0.5795880149812734,
        0.49719101123595505
    ]
}