{
    "train_loss": [
        0.5727594265571008,
        0.5340563769523914,
        0.5187047958374024,
        0.5013274600872627,
        0.5159021836060744,
        0.5109593038375561,
        0.5102725597528311,
        0.5064052338783558,
        0.5104664729191707,
        0.5139643632448636,
        0.5187702683302072,
        0.5073266098132501,
        0.5038126280674567,
        0.5109839361447555,
        0.506261348265868,
        0.5008755633464226,
        0.4989542076220879,
        0.5043797117013198,
        0.49894635402239285,
        0.49716001749038696,
        0.49475138462506807
    ],
    "val_loss": [
        0.42414517411545144,
        0.47502436833595163,
        0.4937238132775719,
        0.5128379495286229,
        0.5302085947634568,
        0.498503523086434,
        0.5376633165487602,
        0.5025471190908062,
        0.5319964592136553,
        0.49806478753018735,
        0.5439073550167368,
        0.5017556992929373,
        0.4982620860213664,
        0.49474041186161893,
        0.48081008400490033,
        0.5026397496017058,
        0.4900255585784343,
        0.5127983280082247,
        0.5122044802601657,
        0.47217793829405486,
        0.4901214998159836
    ],
    "val_accuracy": [
        0.8876404494382022,
        0.8764044943820225,
        0.649812734082397,
        0.2200374531835206,
        0.14700374531835206,
        0.4438202247191011,
        0.11329588014981273,
        0.36142322097378277,
        0.10674157303370786,
        0.5720973782771536,
        0.10674157303370786,
        0.45131086142322097,
        0.6142322097378277,
        0.7237827715355806,
        0.8810861423220974,
        0.3904494382022472,
        0.8698501872659176,
        0.17696629213483145,
        0.1891385767790262,
        0.8932584269662921,
        0.7771535580524345
    ]
}