{
    "train_loss": [
        0.5978538870811463,
        0.5428035690234257,
        0.5369458744159111,
        0.54038444849161,
        0.5318584066170913,
        0.5248470535645118,
        0.5134260438955747,
        0.5084840224339412,
        0.5221157917609581,
        0.5259344036762531,
        0.527113504593189,
        0.510381869169382,
        0.5098440569180709,
        0.5106871774563423,
        0.516886489207928,
        0.4976232340702644,
        0.49811665690862217,
        0.5055308566643641,
        0.5070249131092659,
        0.5042307619865124,
        0.5092712370248941,
        0.5053818643093109,
        0.5075942053244664,
        0.5083902423198406,
        0.5077372913177197,
        0.4949885203288152,
        0.5028443694114685,
        0.5001610114024235,
        0.49740282755631665,
        0.5028166184058556,
        0.5021243934447949,
        0.505017528625635,
        0.49820529589286217,
        0.49038716279543365,
        0.4906565345250643,
        0.48151217515651995,
        0.486612324989759,
        0.4884784968999716,
        0.486613367154048,
        0.4825836844169177,
        0.48989648727270274,
        0.4951967587837806,
        0.47187487070377054,
        0.47376006153913647,
        0.47702881647990303,
        0.47951778998741734,
        0.4641940708343799,
        0.4568900323831118,
        0.4651101327859438,
        0.4584695352957799,
        0.44676940395281867
    ],
    "val_loss": [
        0.5478201134880977,
        0.4766976980131064,
        0.5992690814075186,
        0.6184046126123685,
        0.5309469290633699,
        0.5124058527732963,
        0.5276568051594407,
        0.5452211214535272,
        0.5695334014607899,
        0.5397675090761327,
        0.5001678355594179,
        0.49211379618787054,
        0.49702788555800026,
        0.500620394055523,
        0.48493497674144914,
        0.47420771976015463,
        0.47521888231163595,
        0.48268812939302247,
        0.5037994727269927,
        0.5065838338723824,
        0.5072631746975343,
        0.5168210926340587,
        0.5234062760623533,
        0.49644416926512075,
        0.5126520350797853,
        0.44081044375006834,
        0.45507385926460153,
        0.4868069455694796,
        0.47415686365383775,
        0.4474286014464364,
        0.4218203443199841,
        0.49102673156937554,
        0.4285411901438414,
        0.47053725061131946,
        0.4839249342235167,
        0.5447291362641463,
        0.5415289090640509,
        0.5218493168923393,
        0.5751033127307892,
        0.48807834867221206,
        0.49792555152480283,
        0.5792974816329444,
        0.5436421490427273,
        0.5948039631345379,
        0.5420349204718177,
        0.5670991295309209,
        0.6552073946639673,
        0.44859865396770077,
        0.5468479968718628,
        0.46730914800914364,
        0.5584782842379897
    ],
    "val_accuracy": [
        0.10674157303370786,
        0.8558052434456929,
        0.10674157303370786,
        0.10674157303370786,
        0.10767790262172285,
        0.27902621722846443,
        0.10955056179775281,
        0.10674157303370786,
        0.10674157303370786,
        0.10674157303370786,
        0.5355805243445693,
        0.6872659176029963,
        0.596441947565543,
        0.5365168539325843,
        0.7640449438202247,
        0.8258426966292135,
        0.8099250936329588,
        0.7640449438202247,
        0.4812734082397004,
        0.43726591760299627,
        0.41292134831460675,
        0.25936329588014984,
        0.22659176029962547,
        0.5795880149812734,
        0.4204119850187266,
        0.8417602996254682,
        0.7940074906367042,
        0.6460674157303371,
        0.702247191011236,
        0.7612359550561798,
        0.800561797752809,
        0.598314606741573,
        0.7837078651685393,
        0.6329588014981273,
        0.5945692883895131,
        0.44569288389513106,
        0.4438202247191011,
        0.4934456928838951,
        0.38108614232209737,
        0.5880149812734082,
        0.5636704119850188,
        0.38857677902621723,
        0.5102996254681648,
        0.4110486891385768,
        0.49812734082397003,
        0.48220973782771537,
        0.31273408239700373,
        0.596441947565543,
        0.4812734082397004,
        0.5870786516853933,
        0.49063670411985016
    ]
}