{
    "0": {
        "precision": 0.8930581613508443,
        "recall": 0.9979035639412998,
        "f1-score": 0.9425742574257425,
        "support": 477.0
    },
    "1": {
        "precision": 0.0,
        "recall": 0.0,
        "f1-score": 0.0,
        "support": 57.0
    },
    "accuracy": 0.8913857677902621,
    "macro avg": {
        "precision": 0.44652908067542213,
        "recall": 0.4989517819706499,
        "f1-score": 0.47128712871287126,
        "support": 534.0
    },
    "weighted avg": {
        "precision": 0.7977317283976643,
        "recall": 0.8913857677902621,
        "f1-score": 0.8419623984870397,
        "support": 534.0
    }
}