{
    "0": {
        "precision": 0.89453125,
        "recall": 0.960167714884696,
        "f1-score": 0.9261880687563195,
        "support": 477.0
    },
    "1": {
        "precision": 0.13636363636363635,
        "recall": 0.05263157894736842,
        "f1-score": 0.0759493670886076,
        "support": 57.0
    },
    "accuracy": 0.8632958801498127,
    "macro avg": {
        "precision": 0.5154474431818181,
        "recall": 0.5063996469160322,
        "f1-score": 0.5010687179224635,
        "support": 534.0
    },
    "weighted avg": {
        "precision": 0.813603246297242,
        "recall": 0.8632958801498127,
        "f1-score": 0.8354322522861705,
        "support": 534.0
    }
}