{
    "0": {
        "precision": 0.8944337811900192,
        "recall": 0.9769392033542977,
        "f1-score": 0.9338677354709419,
        "support": 477.0
    },
    "1": {
        "precision": 0.15384615384615385,
        "recall": 0.03508771929824561,
        "f1-score": 0.05714285714285714,
        "support": 57.0
    },
    "accuracy": 0.8764044943820225,
    "macro avg": {
        "precision": 0.5241399675180864,
        "recall": 0.5060134613262717,
        "f1-score": 0.49550529630689955,
        "support": 534.0
    },
    "weighted avg": {
        "precision": 0.8153822928780335,
        "recall": 0.8764044943820225,
        "f1-score": 0.840284742840416,
        "support": 534.0
    }
}