{
    "0": {
        "precision": 0.5041666666666667,
        "recall": 0.5325704225352113,
        "f1-score": 0.5179794520547946,
        "support": 1136.0
    },
    "1": {
        "precision": 0.7036830357142857,
        "recall": 0.6794181034482759,
        "f1-score": 0.6913377192982456,
        "support": 1856.0
    },
    "accuracy": 0.6236631016042781,
    "macro avg": {
        "precision": 0.6039248511904762,
        "recall": 0.6059942629917436,
        "f1-score": 0.6046585856765201,
        "support": 2992.0
    },
    "weighted avg": {
        "precision": 0.6279308314234785,
        "recall": 0.6236631016042781,
        "f1-score": 0.6255172007191814,
        "support": 2992.0
    }
}