{
    "0": {
        "precision": 0.5136157337367625,
        "recall": 0.5982378854625551,
        "f1-score": 0.5527065527065527,
        "support": 1135.0
    },
    "1": {
        "precision": 0.7269461077844311,
        "recall": 0.6537425955842757,
        "f1-score": 0.6884037425574142,
        "support": 1857.0
    },
    "accuracy": 0.6326871657754011,
    "macro avg": {
        "precision": 0.6202809207605968,
        "recall": 0.6259902405234155,
        "f1-score": 0.6205551476319835,
        "support": 2992.0
    },
    "weighted avg": {
        "precision": 0.6460203141533805,
        "recall": 0.6326871657754011,
        "f1-score": 0.6369277029582405,
        "support": 2992.0
    }
}