{
    "train_loss": [
        0.3734145033795176,
        0.3503457855346591,
        0.3448187681131585,
        0.3421988162487448,
        0.3400882515202329,
        0.33891163216872866,
        0.3378563954980666,
        0.337214069608042,
        0.3368291814263873,
        0.3363927125534742,
        0.3362833420897639,
        0.33585376329596256,
        0.3359139825022498,
        0.3355912787969722,
        0.3355042260152557,
        0.3354957347296401,
        0.33521568458341683,
        0.3354251283743849,
        0.3353454798360996,
        0.33523324003251287,
        0.3350582103000527,
        0.33516622609474334,
        0.3349601832339138,
        0.3350983473945694,
        0.33511494610000686,
        0.33509406397905067,
        0.33488665625106456,
        0.3348696096196919,
        0.33474123626452346,
        0.33477920432423436,
        0.33466395309993197,
        0.33488493236988487,
        0.334845812811804,
        0.3346682771099762,
        0.3347240328986779,
        0.33480579443152164,
        0.33457219660084114,
        0.3345852227900115,
        0.33458641300169734,
        0.33453031503084885,
        0.3345646549300894,
        0.3345840810937343,
        0.3344834330074019,
        0.33453993296306395
    ],
    "val_loss": [
        0.34413358302258734,
        0.34274565728742684,
        0.33550312358941603,
        0.3368144835998763,
        0.3377790691247627,
        0.33523504146889077,
        0.33478249631710905,
        0.3342986689574683,
        0.3356104181773627,
        0.33710110721303455,
        0.33638948380057493,
        0.33441419877223116,
        0.33513193121596946,
        0.3342608493655475,
        0.3351634051372756,
        0.3366336697962747,
        0.33592750732578447,
        0.33408443740944366,
        0.3361148144771804,
        0.33529135896198786,
        0.33444287527852984,
        0.3347453817502776,
        0.3354671495174294,
        0.3338509277621312,
        0.3360760278666197,
        0.33435575152511027,
        0.33458779285203166,
        0.33567629999189236,
        0.3357469999968116,
        0.3348178609983245,
        0.3355415934947,
        0.3347581255791792,
        0.33463475686400684,
        0.3355010774598193,
        0.33423809862848536,
        0.33413699580662287,
        0.3339278609005373,
        0.33437136571798753,
        0.33523313323063636,
        0.3344284909874646,
        0.33424288345806635,
        0.33465525330002627,
        0.3344778338475014,
        0.3344968922102629
    ],
    "val_accuracy": [
        0.3155430711610487,
        0.3258426966292135,
        0.33707865168539325,
        0.3352059925093633,
        0.33707865168539325,
        0.34737827715355807,
        0.3258426966292135,
        0.3408239700374532,
        0.33707865168539325,
        0.3249063670411985,
        0.33707865168539325,
        0.32771535580524347,
        0.31273408239700373,
        0.3192883895131086,
        0.33707865168539325,
        0.33707865168539325,
        0.31647940074906367,
        0.33707865168539325,
        0.33707865168539325,
        0.3398876404494382,
        0.33707865168539325,
        0.33614232209737827,
        0.3249063670411985,
        0.31647940074906367,
        0.33052434456928836,
        0.32865168539325845,
        0.3211610486891386,
        0.33614232209737827,
        0.33614232209737827,
        0.33614232209737827,
        0.33614232209737827,
        0.3352059925093633,
        0.34363295880149813,
        0.33614232209737827,
        0.32397003745318353,
        0.3352059925093633,
        0.32397003745318353,
        0.32771535580524347,
        0.3333333333333333,
        0.3211610486891386,
        0.3389513108614232,
        0.33614232209737827,
        0.32397003745318353,
        0.33146067415730335
    ]
}