{
    "train_loss": [
        0.38683630362697613,
        0.3637636227663173,
        0.35756074570342156,
        0.35197957419477827,
        0.3478622681080701,
        0.344521874209179,
        0.3423765189821934,
        0.3403902834039986,
        0.3386621512843921,
        0.338077284370942,
        0.33767499272213425,
        0.33707773487433246,
        0.3367523824257708,
        0.33672705906570155,
        0.33652925253706517,
        0.3360692505226579,
        0.33598934307050865,
        0.3357452238318928,
        0.3357913042619775,
        0.3355000933935476,
        0.3354632582181316,
        0.3355192392569444,
        0.3353931326604761,
        0.3354002540293722,
        0.3352651140618562,
        0.33565665430008773,
        0.3352554097920161,
        0.33520106847500086,
        0.3352335575609112,
        0.3352447507587382,
        0.33515244633256397,
        0.33503030948464657,
        0.33520981986261283,
        0.33496830213901607,
        0.3348918014586566,
        0.3351796719917031,
        0.33490854432416517,
        0.3349998006194929,
        0.3349877569168509,
        0.3350829342472989,
        0.3350064766367409,
        0.3348884508261253,
        0.3349207731774479,
        0.3350490789080775,
        0.3345827763262777,
        0.3341508100793211,
        0.33413209283470713,
        0.33410650036263706,
        0.3341165196855995,
        0.3341142539170097,
        0.334005861088287,
        0.3340146980214357,
        0.3339448025654321,
        0.333985429665575
    ],
    "val_loss": [
        0.3569258122301813,
        0.3469721537027786,
        0.34742092685912973,
        0.34557283013614254,
        0.34405957006696447,
        0.3421750077560766,
        0.33693218364644406,
        0.3369581267904879,
        0.33596565162957603,
        0.3348625457998532,
        0.33629099246281297,
        0.3364475938811231,
        0.3357746289737189,
        0.3369920275994201,
        0.3356059883067857,
        0.3378481486840035,
        0.33487649061786595,
        0.3347931241811211,
        0.33485794467712515,
        0.3351038841169272,
        0.33477849835780127,
        0.33612269919310045,
        0.33561729272799706,
        0.3342666643768994,
        0.33518493620317374,
        0.338429258385701,
        0.33440392853608775,
        0.3363906407534187,
        0.3343193028400193,
        0.3345362455097597,
        0.33513054118227603,
        0.33439577115115837,
        0.33482288246724146,
        0.3342566325593351,
        0.33474500677478847,
        0.33475494696133173,
        0.33471075856863564,
        0.3361561013691461,
        0.3357856843008924,
        0.3351234860384642,
        0.3352322302647491,
        0.33579673517995806,
        0.33506476879119873,
        0.33516982909458787,
        0.3350769481552181,
        0.3348447231214438,
        0.33466338844441657,
        0.3344285270171379,
        0.3348236448729216,
        0.33510575499107587,
        0.33501790886494653,
        0.334415402430207,
        0.33471107527391236,
        0.33500256556183544
    ],
    "val_accuracy": [
        0.33707865168539325,
        0.33707865168539325,
        0.32397003745318353,
        0.31086142322097376,
        0.33707865168539325,
        0.33707865168539325,
        0.3211610486891386,
        0.3211610486891386,
        0.33239700374531833,
        0.30430711610486894,
        0.3333333333333333,
        0.3267790262172285,
        0.3249063670411985,
        0.3258426966292135,
        0.33707865168539325,
        0.3295880149812734,
        0.32209737827715357,
        0.32303370786516855,
        0.33707865168539325,
        0.33707865168539325,
        0.3333333333333333,
        0.33707865168539325,
        0.3258426966292135,
        0.32397003745318353,
        0.33707865168539325,
        0.3267790262172285,
        0.3333333333333333,
        0.32865168539325845,
        0.3136704119850187,
        0.32771535580524347,
        0.33614232209737827,
        0.33239700374531833,
        0.3249063670411985,
        0.31273408239700373,
        0.3258426966292135,
        0.31086142322097376,
        0.31647940074906367,
        0.3333333333333333,
        0.33707865168539325,
        0.3352059925093633,
        0.3249063670411985,
        0.34176029962546817,
        0.3211610486891386,
        0.3146067415730337,
        0.35767790262172283,
        0.3352059925093633,
        0.32865168539325845,
        0.31179775280898875,
        0.31835205992509363,
        0.32771535580524347,
        0.31835205992509363,
        0.31273408239700373,
        0.3192883895131086,
        0.32397003745318353
    ]
}