{
    "train_loss": [
        0.37792880956912756,
        0.36042225875727757,
        0.356658126824718,
        0.35185780725209814,
        0.3493719754424998,
        0.3466849552832569,
        0.34512641827925494,
        0.34350128427296384,
        0.34231720731107895,
        0.3410088965465064,
        0.3404390870336678,
        0.3394119650422537,
        0.33911422083148135,
        0.338472479403613,
        0.33835964236544613,
        0.33778022789083845,
        0.3376805519938865,
        0.3375901504608484,
        0.3372170707316098,
        0.3370540970781713,
        0.33681982369517965,
        0.3366097009855251,
        0.3367171622193929,
        0.3368703839786821,
        0.3363179250611023,
        0.3362557566245133,
        0.3360515398242545,
        0.33626060905646643,
        0.33608744092953957,
        0.3359243787602333,
        0.33565814916873693,
        0.33579586490840213,
        0.3359183393839586,
        0.3356598248315412,
        0.33567384875493983,
        0.33558496813045385,
        0.3356843830343101,
        0.3356619123802629,
        0.33544330749400825,
        0.3353273242811032,
        0.33533520882707896,
        0.33545963718645594,
        0.3353730512417828,
        0.3352966356119048
    ],
    "val_loss": [
        0.354679959478663,
        0.3459182394974267,
        0.34587554611376864,
        0.340069118720382,
        0.3433505559145515,
        0.33771798859781293,
        0.3502956522044851,
        0.3405856325555204,
        0.33660011193645534,
        0.33931577116695805,
        0.3388093385233808,
        0.33739957168920715,
        0.33775566762952663,
        0.3367667376105465,
        0.33959775807252573,
        0.3348115397923028,
        0.3355827029071637,
        0.33602048701314785,
        0.3355542065492317,
        0.3384010173491578,
        0.3360320138397501,
        0.33559935217473047,
        0.33743936223770254,
        0.33477558173350436,
        0.3372422154270001,
        0.3360159837487918,
        0.3349566971188161,
        0.3357176936384457,
        0.3355434510245252,
        0.3353485269333,
        0.3352066318490612,
        0.3356366895917636,
        0.33490153613375195,
        0.33593547789018546,
        0.3360118323297643,
        0.33586426635286704,
        0.33532659642731966,
        0.3355524184098884,
        0.33620433976401143,
        0.3363683721912441,
        0.33657931703240124,
        0.3357603025080553,
        0.33836945980342464,
        0.33615506985294286
    ],
    "val_accuracy": [
        0.33614232209737827,
        0.33614232209737827,
        0.3342696629213483,
        0.31647940074906367,
        0.32865168539325845,
        0.3333333333333333,
        0.33707865168539325,
        0.33707865168539325,
        0.32865168539325845,
        0.3249063670411985,
        0.32771535580524347,
        0.33801498127340823,
        0.3258426966292135,
        0.33146067415730335,
        0.3249063670411985,
        0.3155430711610487,
        0.3267790262172285,
        0.3258426966292135,
        0.3080524344569288,
        0.32771535580524347,
        0.32865168539325845,
        0.3295880149812734,
        0.32771535580524347,
        0.3136704119850187,
        0.3249063670411985,
        0.3249063670411985,
        0.31086142322097376,
        0.3258426966292135,
        0.32397003745318353,
        0.3211610486891386,
        0.32397003745318353,
        0.31273408239700373,
        0.3211610486891386,
        0.3333333333333333,
        0.32397003745318353,
        0.32865168539325845,
        0.3249063670411985,
        0.32865168539325845,
        0.32771535580524347,
        0.3258426966292135,
        0.32209737827715357,
        0.3089887640449438,
        0.33146067415730335,
        0.32209737827715357
    ]
}