{
    "train_loss": [
        0.37952219796339143,
        0.35576277466311407,
        0.3506242242762417,
        0.34640125905556535,
        0.34388642186342283,
        0.34157141439146377,
        0.3393705215961038,
        0.33828570933833074,
        0.33798256298632323,
        0.33713076102773215,
        0.33688811418225995,
        0.33660025978801256,
        0.33607853934218324,
        0.3361015757453006,
        0.33629934088732316,
        0.33572215901260755,
        0.33569572762001393,
        0.3355976970884887,
        0.3353864921881907,
        0.33533135284221055,
        0.33533607349047234,
        0.3354371860375832,
        0.3353809508374363,
        0.33528217752510525,
        0.3351824359838353,
        0.3353429002025199,
        0.3351342404799604,
        0.3350235861401225,
        0.3351483996524367,
        0.33532187312940426,
        0.33504763671330046,
        0.3344880477138532,
        0.3344077350095261,
        0.3344540735613864,
        0.33452052501745,
        0.33449085546886403,
        0.33450443176336064,
        0.3345389859224871,
        0.33448877831630136,
        0.3345164328912564,
        0.3345240691175492,
        0.33453181504807206,
        0.33446528854164176
    ],
    "val_loss": [
        0.3469542669716166,
        0.34291271576240884,
        0.34203080721755524,
        0.34235050740526685,
        0.3370089410845913,
        0.3372898181872581,
        0.3360229054493691,
        0.3360834806712706,
        0.3372752911119319,
        0.33429442368336576,
        0.33592410585773524,
        0.3351773090326964,
        0.33613984798317526,
        0.3353156772122454,
        0.3357506603447359,
        0.3344644005618878,
        0.3385350517372587,
        0.33631237006899134,
        0.3384132616555513,
        0.33507840001761025,
        0.33817565930423454,
        0.33711491814300193,
        0.3342855799553999,
        0.3344429037464199,
        0.3346749148262081,
        0.33645847528728084,
        0.33602639676919627,
        0.33453508588805125,
        0.3373943878643548,
        0.3360396708125499,
        0.33524415875548746,
        0.33505650732054637,
        0.3352745055262722,
        0.33439450077156524,
        0.3350273112752544,
        0.3348299669685648,
        0.3344885600146963,
        0.3345991613259956,
        0.33507369658840236,
        0.33443295777733645,
        0.33507108065619395,
        0.334420829566557,
        0.33496317801190845
    ],
    "val_accuracy": [
        0.3211610486891386,
        0.3258426966292135,
        0.33239700374531833,
        0.31273408239700373,
        0.32397003745318353,
        0.3155430711610487,
        0.2940074906367041,
        0.30711610486891383,
        0.3249063670411985,
        0.3099250936329588,
        0.33614232209737827,
        0.3080524344569288,
        0.32397003745318353,
        0.32771535580524347,
        0.31273408239700373,
        0.32209737827715357,
        0.3267790262172285,
        0.3295880149812734,
        0.3267790262172285,
        0.3267790262172285,
        0.3267790262172285,
        0.3267790262172285,
        0.3136704119850187,
        0.33239700374531833,
        0.3249063670411985,
        0.3202247191011236,
        0.3258426966292135,
        0.32397003745318353,
        0.3267790262172285,
        0.32397003745318353,
        0.3267790262172285,
        0.3295880149812734,
        0.33614232209737827,
        0.3155430711610487,
        0.32771535580524347,
        0.3267790262172285,
        0.32209737827715357,
        0.3146067415730337,
        0.32771535580524347,
        0.3202247191011236,
        0.32865168539325845,
        0.3295880149812734,
        0.3267790262172285
    ]
}