{
    "0.0": {
        "precision": 0.33858267716535434,
        "recall": 0.4942528735632184,
        "f1-score": 0.40186915887850466,
        "support": 174.0
    },
    "1.0": {
        "precision": 0.35251798561151076,
        "recall": 0.5444444444444444,
        "f1-score": 0.4279475982532751,
        "support": 180.0
    },
    "2.0": {
        "precision": 0.0,
        "recall": 0.0,
        "f1-score": 0.0,
        "support": 180.0
    },
    "accuracy": 0.3445692883895131,
    "macro avg": {
        "precision": 0.23036688759228838,
        "recall": 0.3462324393358876,
        "f1-score": 0.2766055857105933,
        "support": 534.0
    },
    "weighted avg": {
        "precision": 0.2291509798442764,
        "recall": 0.3445692883895131,
        "f1-score": 0.27519812983230213,
        "support": 534.0
    }
}