{
    "0.0": {
        "precision": 0.3469387755102041,
        "recall": 0.09770114942528736,
        "f1-score": 0.15246636771300448,
        "support": 174.0
    },
    "1.0": {
        "precision": 0.38345864661654133,
        "recall": 0.2833333333333333,
        "f1-score": 0.3258785942492013,
        "support": 180.0
    },
    "2.0": {
        "precision": 0.3352272727272727,
        "recall": 0.6555555555555556,
        "f1-score": 0.44360902255639095,
        "support": 180.0
    },
    "accuracy": 0.34831460674157305,
    "macro avg": {
        "precision": 0.355208231618006,
        "recall": 0.34553001277139206,
        "f1-score": 0.3073179948395322,
        "support": 534.0
    },
    "weighted avg": {
        "precision": 0.35530114685517233,
        "recall": 0.34831460674157305,
        "f1-score": 0.3090579007623023,
        "support": 534.0
    }
}