{
    "0.0": {
        "precision": 0.2727272727272727,
        "recall": 0.15517241379310345,
        "f1-score": 0.1978021978021978,
        "support": 174.0
    },
    "1.0": {
        "precision": 0.3333333333333333,
        "recall": 0.29444444444444445,
        "f1-score": 0.31268436578171094,
        "support": 180.0
    },
    "2.0": {
        "precision": 0.35507246376811596,
        "recall": 0.5444444444444444,
        "f1-score": 0.4298245614035088,
        "support": 180.0
    },
    "accuracy": 0.3333333333333333,
    "macro avg": {
        "precision": 0.32037768994290733,
        "recall": 0.3313537675606641,
        "f1-score": 0.3134370416624725,
        "support": 534.0
    },
    "weighted avg": {
        "precision": 0.3209130878891504,
        "recall": 0.3333333333333333,
        "f1-score": 0.3147363095710149,
        "support": 534.0
    }
}