{
    "0.0": {
        "precision": 0.32673267326732675,
        "recall": 0.7586206896551724,
        "f1-score": 0.45674740484429066,
        "support": 174.0
    },
    "1.0": {
        "precision": 0.24675324675324675,
        "recall": 0.10555555555555556,
        "f1-score": 0.14785992217898833,
        "support": 180.0
    },
    "2.0": {
        "precision": 0.32075471698113206,
        "recall": 0.09444444444444444,
        "f1-score": 0.1459227467811159,
        "support": 180.0
    },
    "accuracy": 0.3146067415730337,
    "macro avg": {
        "precision": 0.29808021233390186,
        "recall": 0.3195402298850574,
        "f1-score": 0.25017669126813163,
        "support": 534.0
    },
    "weighted avg": {
        "precision": 0.29775827457060494,
        "recall": 0.3146067415730337,
        "f1-score": 0.24785567201446695,
        "support": 534.0
    }
}