{
    "0": {
        "precision": 0.5630983463881636,
        "recall": 0.4353970390309556,
        "f1-score": 0.49108159392789374,
        "support": 1486.0
    },
    "1": {
        "precision": 0.5447639717851329,
        "recall": 0.6666666666666666,
        "f1-score": 0.5995819647656017,
        "support": 1506.0
    },
    "accuracy": 0.5518048128342246,
    "macro avg": {
        "precision": 0.5539311590866483,
        "recall": 0.5510318528488112,
        "f1-score": 0.5453317793467477,
        "support": 2992.0
    },
    "weighted avg": {
        "precision": 0.5538698810966648,
        "recall": 0.5518048128342246,
        "f1-score": 0.5456944142760181,
        "support": 2992.0
    }
}