{
    "0": {
        "precision": 0.5482649842271293,
        "recall": 0.585974376264329,
        "f1-score": 0.5664928292046936,
        "support": 1483.0
    },
    "1": {
        "precision": 0.5636105188343994,
        "recall": 0.5255135851557323,
        "f1-score": 0.5438957475994513,
        "support": 1509.0
    },
    "accuracy": 0.55548128342246,
    "macro avg": {
        "precision": 0.5559377515307644,
        "recall": 0.5557439807100306,
        "f1-score": 0.5551942884020724,
        "support": 2992.0
    },
    "weighted avg": {
        "precision": 0.5560044266477078,
        "recall": 0.55548128342246,
        "f1-score": 0.5550961058950977,
        "support": 2992.0
    }
}