{
    "train_loss": [
        0.5024930211630735,
        0.4715868913553615,
        0.43826589657661114,
        0.4134127466861364,
        0.37614306340030595,
        0.337076142616238,
        0.30970330738235075,
        0.28383337715624063,
        0.25935031526760194,
        0.23967720825829394,
        0.22319118334594681,
        0.2088015564649288,
        0.1974671552233305,
        0.18589534896049056,
        0.17388946544412198,
        0.16236900992412617,
        0.15412137470143364,
        0.1476070700535375,
        0.1385266115679779,
        0.13190256259711244,
        0.11765433325301092,
        0.10916435770995901,
        0.09746735700391193,
        0.08993960685244431,
        0.08323188761577886,
        0.07485722419399098,
        0.07043941479023552,
        0.06487386397446328,
        0.06388658485350443,
        0.05482930741513583,
        0.04935514643031327,
        0.04492397676097518,
        0.04946539861792549,
        0.04143198794202212,
        0.03840056428795352,
        0.03554665837636128,
        0.04248004276869875,
        0.035545656631855084,
        0.03178004748827102,
        0.03141895551134877,
        0.033359237179598385,
        0.030694096878755326,
        0.02851179597397964,
        0.028300865717670497,
        0.03060958333771656,
        0.029317779006658922,
        0.026835344120056604,
        0.024070864525057523,
        0.023707434651234358,
        0.025803452810030197,
        0.026498680740906964,
        0.024886275463158167,
        0.02293255170740838
    ],
    "val_loss": [
        0.5058805249272821,
        0.5041974551856199,
        0.506357037447353,
        0.5072904160634719,
        0.5020447768629553,
        0.5086126979340844,
        0.5031796819704739,
        0.5085630276623894,
        0.5288307523344927,
        0.501995708215683,
        0.5026948952419873,
        0.49820566033934527,
        0.5060684688907257,
        0.49815421244677377,
        0.5035994193133186,
        0.5050061620811728,
        0.4980188332458231,
        0.5014881391257526,
        0.5009799518368461,
        0.5057021451187643,
        0.5051426544865185,
        0.49598948123620795,
        0.5007448333469942,
        0.4955400462775307,
        0.49561456626749295,
        0.4920402067230347,
        0.4908457427101339,
        0.5030501151786131,
        0.4873330260024351,
        0.4918526194312356,
        0.49538655634869866,
        0.49143351845562777,
        0.48157862020048864,
        0.4888866800356676,
        0.48813873784427336,
        0.49741238722189224,
        0.4905112387343524,
        0.4861404392967887,
        0.4919257009411878,
        0.4937943583503764,
        0.4955026759183343,
        0.48771669743532803,
        0.4907595347911916,
        0.48766779469296256,
        0.4914249363430044,
        0.49785168397235363,
        0.492431714015211,
        0.4906681612691777,
        0.49808049409147254,
        0.49312984321844133,
        0.4979740238604061,
        0.4883779133545524,
        0.49323588816877356
    ],
    "val_accuracy": [
        0.4966577540106952,
        0.5013368983957219,
        0.5110294117647058,
        0.5050133689839572,
        0.5193850267379679,
        0.5170454545454546,
        0.5190508021390374,
        0.5130347593582888,
        0.527072192513369,
        0.5200534759358288,
        0.5103609625668449,
        0.5240641711229946,
        0.5167112299465241,
        0.5177139037433155,
        0.509024064171123,
        0.5130347593582888,
        0.5113636363636364,
        0.5207219251336899,
        0.5120320855614974,
        0.5046791443850267,
        0.5066844919786097,
        0.5100267379679144,
        0.5060160427807486,
        0.5157085561497327,
        0.5213903743315508,
        0.5177139037433155,
        0.517379679144385,
        0.5207219251336899,
        0.5203877005347594,
        0.5130347593582888,
        0.5120320855614974,
        0.5147058823529411,
        0.5217245989304813,
        0.5217245989304813,
        0.5167112299465241,
        0.5036764705882353,
        0.5110294117647058,
        0.527072192513369,
        0.5093582887700535,
        0.5123663101604278,
        0.5100267379679144,
        0.5150401069518716,
        0.5150401069518716,
        0.5137032085561497,
        0.516042780748663,
        0.5133689839572193,
        0.50701871657754,
        0.5116978609625669,
        0.5096925133689839,
        0.5073529411764706,
        0.5040106951871658,
        0.5147058823529411,
        0.5106951871657754
    ]
}