{
    "train_loss": [
        0.5052668042680158,
        0.47542104231270027,
        0.4485783855864071,
        0.4137852147035633,
        0.38334770880493463,
        0.3472802024899107,
        0.31086444737864477,
        0.2851884667089279,
        0.2586826100387675,
        0.23544886786616848,
        0.21663992044494326,
        0.20620924396417145,
        0.19380583448099792,
        0.18442509407028157,
        0.17293425079654245,
        0.1626960220422974,
        0.15689420430471127,
        0.14598395701982544,
        0.13617096684620766,
        0.12813319683526503,
        0.1219874115962927,
        0.10937347022713612
    ],
    "val_loss": [
        0.5001044769019367,
        0.49097153751607886,
        0.4918476033975734,
        0.4936323710941376,
        0.5070282797762417,
        0.5287841529769693,
        0.49836551346243385,
        0.4978977986835541,
        0.5107739621942694,
        0.495927023377648,
        0.5155607984665244,
        0.5171275443253033,
        0.5331711144370829,
        0.5016232346468431,
        0.5040399784391577,
        0.500794004947744,
        0.5026824909416749,
        0.4982716641961572,
        0.5027517210990987,
        0.49709362285659914,
        0.5022945402459027,
        0.5061899276978192
    ],
    "val_accuracy": [
        0.5026737967914439,
        0.5193850267379679,
        0.5210561497326203,
        0.5247326203208557,
        0.5110294117647058,
        0.516042780748663,
        0.5170454545454546,
        0.5197192513368984,
        0.5193850267379679,
        0.5207219251336899,
        0.5127005347593583,
        0.5026737967914439,
        0.5106951871657754,
        0.5116978609625669,
        0.5040106951871658,
        0.5133689839572193,
        0.5113636363636364,
        0.5140374331550802,
        0.5123663101604278,
        0.5153743315508021,
        0.5163770053475936,
        0.5080213903743316
    ]
}