{
    "0": {
        "precision": 0.5034569453174105,
        "recall": 0.5379449294828744,
        "f1-score": 0.5201298701298701,
        "support": 1489.0
    },
    "1": {
        "precision": 0.5089221984296931,
        "recall": 0.4743845642049235,
        "f1-score": 0.49104683195592286,
        "support": 1503.0
    },
    "accuracy": 0.5060160427807486,
    "macro avg": {
        "precision": 0.5061895718735518,
        "recall": 0.506164746843899,
        "f1-score": 0.5055883510428965,
        "support": 2992.0
    },
    "weighted avg": {
        "precision": 0.5062023582277584,
        "recall": 0.5060160427807486,
        "f1-score": 0.5055203091755109,
        "support": 2992.0
    }
}