{
    "0": {
        "precision": 0.5411997363216875,
        "recall": 0.5419141914191419,
        "f1-score": 0.5415567282321899,
        "support": 1515.0
    },
    "1": {
        "precision": 0.5294915254237288,
        "recall": 0.5287745429925524,
        "f1-score": 0.5291327913279132,
        "support": 1477.0
    },
    "accuracy": 0.535427807486631,
    "macro avg": {
        "precision": 0.5353456308727081,
        "recall": 0.5353443672058471,
        "f1-score": 0.5353447597800516,
        "support": 2992.0
    },
    "weighted avg": {
        "precision": 0.5354199811424479,
        "recall": 0.535427807486631,
        "f1-score": 0.535423655101302,
        "support": 2992.0
    }
}