{
    "train_loss": [
        0.5887289049332602,
        0.523229233772434,
        0.5105586798218956,
        0.5037187946121595,
        0.5021640493507273,
        0.499291720027812,
        0.49938187993060773,
        0.500392258585545,
        0.49544916041413245,
        0.49307500165805485,
        0.4908850748636569,
        0.49107975405559207,
        0.48927682760166147,
        0.48855439096863507,
        0.4879290824048003,
        0.48469621162665516,
        0.4855017023476941,
        0.4850628743743339,
        0.48411064493028744,
        0.4804130972825993,
        0.47995653846110514,
        0.4786813470703817,
        0.4786701498672976,
        0.47689046713343836,
        0.477095296403818,
        0.47313951682626154
    ],
    "val_loss": [
        0.5002805450558663,
        0.4967703640460968,
        0.5011245849728584,
        0.4957530829310417,
        0.494409841299057,
        0.4912014064192772,
        0.49683775395154955,
        0.5018037739396095,
        0.5008358192443848,
        0.4989326801896095,
        0.505711995959282,
        0.49937707751989363,
        0.5015641310811043,
        0.49419429689645766,
        0.5051116144657135,
        0.509119636118412,
        0.5194400453567505,
        0.5013993000984192,
        0.5144247207045555,
        0.5112081491947174,
        0.5172797822952271,
        0.5044712635874748,
        0.5140110033750535,
        0.5152271735668182,
        0.5441541177034378,
        0.5328941133618355
    ],
    "val_accuracy": [
        0.49375,
        0.55625,
        0.46375,
        0.545625,
        0.539375,
        0.55125,
        0.520625,
        0.496875,
        0.50125,
        0.50625,
        0.488125,
        0.503125,
        0.50125,
        0.504375,
        0.5,
        0.494375,
        0.489375,
        0.50125,
        0.495,
        0.4975,
        0.491875,
        0.499375,
        0.4975,
        0.494375,
        0.478125,
        0.48375
    ]
}