{
    "train_loss": [
        0.5758874099505575,
        0.5248445993975589,
        0.5094999531556291,
        0.5039519505542621,
        0.5018261106042137,
        0.4988305305528362,
        0.4991643824772528,
        0.49478143910218403,
        0.49639801606100203,
        0.49125477737850615,
        0.4902544637521108,
        0.48947783624916746,
        0.4917746751629121,
        0.4895510324957775,
        0.4881815505306623,
        0.48653483104984663,
        0.48673016223293997,
        0.4831581395271926,
        0.48210581063527114,
        0.48370540825247066,
        0.48067595672886276,
        0.4790760666306256,
        0.47960500755505253,
        0.47815622331803304,
        0.47602141311294155,
        0.4748831728745622,
        0.47392164660476105,
        0.47140082535687944,
        0.4741694386590991,
        0.4698259359911868,
        0.46886598669994645,
        0.4658455380919384,
        0.46459652467777857,
        0.4636025981944904,
        0.4609911400323723,
        0.45963864235850105,
        0.4576580297528652,
        0.45568003640537375,
        0.45371902508345263,
        0.453602940889827,
        0.45777072561414617,
        0.4517340647372586,
        0.44980042538447684,
        0.4477425693768507,
        0.4503549350981127,
        0.44682015755720306,
        0.44839101405868753,
        0.44196253354437864,
        0.44368299538629097,
        0.44240483547511855,
        0.4422192089564619,
        0.4391952433781317,
        0.4413311098228421,
        0.4387003515721762,
        0.43794373946580273,
        0.4378261474663751,
        0.4375070284855993,
        0.4359277631281412,
        0.4385245417816597,
        0.43127088916232015,
        0.43310187506048303,
        0.4307269609985296,
        0.432766948736202,
        0.4295255676696175,
        0.43330572374731474,
        0.429534976105941,
        0.42590543406400067,
        0.42840535536147,
        0.4267558699985694,
        0.42396441535991536,
        0.4204824079895577,
        0.4203857294300146,
        0.4211049716897875,
        0.4220853108063079
    ],
    "val_loss": [
        0.48872787684202196,
        0.4903471088409424,
        0.4953783577680588,
        0.4998059564828873,
        0.49794480979442596,
        0.48862156689167024,
        0.49433092564344405,
        0.4961695918440819,
        0.49202798426151273,
        0.49334693521261214,
        0.49101950526237487,
        0.4954388791322708,
        0.49427785992622375,
        0.4975686502456665,
        0.49482665717601776,
        0.4780126944184303,
        0.491185427904129,
        0.4826193654537201,
        0.4822676035761833,
        0.48463726609945296,
        0.48487957537174226,
        0.4832526442408562,
        0.4804843592643738,
        0.48369534224271776,
        0.47456602185964586,
        0.48015088617801666,
        0.4949341994524002,
        0.4899001696705818,
        0.4990104421973228,
        0.4821420356631279,
        0.4845515036582947,
        0.4692278149724007,
        0.4916429328918457,
        0.4844059416651726,
        0.4906449481844902,
        0.4738518097996712,
        0.4832929328083992,
        0.48737147778272627,
        0.480756599009037,
        0.4834419399499893,
        0.46804732918739317,
        0.4766817942261696,
        0.47647121131420134,
        0.48283641785383224,
        0.47505593568086624,
        0.49023048907518385,
        0.48098483711481094,
        0.47901621758937835,
        0.48738389313220976,
        0.47269444704055785,
        0.48433530032634736,
        0.4756572988629341,
        0.4754230713844299,
        0.46445523798465727,
        0.4794446477293968,
        0.48805077984929085,
        0.4940506938099861,
        0.4796077823638916,
        0.4914108097553253,
        0.49832786589860917,
        0.48143697291612625,
        0.47623449325561523,
        0.4948137490451336,
        0.4896500301361084,
        0.47696334794163703,
        0.47883906483650207,
        0.4904402223229408,
        0.4845530900359154,
        0.49518480598926545,
        0.49914048075675965,
        0.4793627253174782,
        0.4951749047636986,
        0.5004400673508644,
        0.49511040061712264
    ],
    "val_accuracy": [
        0.55,
        0.5525,
        0.558125,
        0.508125,
        0.526875,
        0.570625,
        0.535625,
        0.508125,
        0.54,
        0.52125,
        0.5325,
        0.515,
        0.520625,
        0.49375,
        0.51625,
        0.561875,
        0.523125,
        0.536875,
        0.541875,
        0.541875,
        0.534375,
        0.533125,
        0.5375,
        0.53375,
        0.545,
        0.5325,
        0.516875,
        0.53375,
        0.52,
        0.54,
        0.53625,
        0.539375,
        0.5325,
        0.52875,
        0.529375,
        0.536875,
        0.53375,
        0.534375,
        0.528125,
        0.520625,
        0.5325,
        0.5325,
        0.53625,
        0.521875,
        0.529375,
        0.525625,
        0.530625,
        0.530625,
        0.526875,
        0.536875,
        0.519375,
        0.5275,
        0.526875,
        0.53625,
        0.53125,
        0.53125,
        0.52375,
        0.52625,
        0.523125,
        0.51375,
        0.534375,
        0.525625,
        0.51375,
        0.520625,
        0.525625,
        0.52,
        0.519375,
        0.520625,
        0.52,
        0.521875,
        0.5225,
        0.514375,
        0.523125,
        0.521875
    ]
}