{
    "train_loss": [
        0.5781521247144331,
        0.5241172444053561,
        0.508216711233931,
        0.5061103228937116,
        0.5027968142116279,
        0.4998123556898351,
        0.497860439444146,
        0.4961245932425672,
        0.4963676069215027,
        0.49113652242554556,
        0.49383549338195754,
        0.4926062558129517,
        0.49209148869876973,
        0.4918992006639291,
        0.49105664976159036,
        0.4859882285023293,
        0.48358833364575926,
        0.4864318859856031,
        0.4847284898074747,
        0.4856402235421521,
        0.4853317153732679,
        0.4817603478306218,
        0.48152444272013434,
        0.4816678653683579,
        0.47921522569935227,
        0.47811576455657245,
        0.4775612496841721,
        0.476536946965937,
        0.473792147531844,
        0.4734011386570178,
        0.4720377435809688,
        0.469033615386974,
        0.4686623230663656,
        0.46739760062150787,
        0.46508178759736624,
        0.46574282015276236,
        0.46287934964860394,
        0.4633543976566248,
        0.4588146123621199,
        0.45842868431269773,
        0.4573479500430369,
        0.4543756465465702,
        0.4556909612047742,
        0.45568266934470125,
        0.4558240067191988,
        0.4494527017338234,
        0.44974360964451615,
        0.4498565917823747,
        0.4471532983563797,
        0.4457336484863047,
        0.4466176597172754,
        0.44725431510579516,
        0.44758520774674,
        0.44268701859036386,
        0.44249771784620673,
        0.4428218178233208,
        0.44293013964480127
    ],
    "val_loss": [
        0.5018872848153114,
        0.5063048547506332,
        0.5088110488653182,
        0.4982722359895706,
        0.4963627740740776,
        0.4990658417344093,
        0.4947250661253929,
        0.4973517727851868,
        0.501538228392601,
        0.49640954434871676,
        0.48624894380569456,
        0.4948299032449722,
        0.49872939467430116,
        0.48612913012504577,
        0.498279904127121,
        0.4902249178290367,
        0.5002036529779434,
        0.4789979568123817,
        0.5007469630241395,
        0.48597031354904174,
        0.49253647834062575,
        0.4761272892355919,
        0.4858411636948585,
        0.49267990589141847,
        0.5028575736284256,
        0.4863212987780571,
        0.5000493028759956,
        0.49329740285873414,
        0.5056496420502663,
        0.4855192992091179,
        0.4898355680704117,
        0.4791975623369217,
        0.4840307515859604,
        0.49646646857261656,
        0.4738648438453674,
        0.48936347097158434,
        0.4710524412989616,
        0.4801915222406387,
        0.4953738422691822,
        0.498704282194376,
        0.47771781012415887,
        0.4753804111480713,
        0.4874300953745842,
        0.4805486100912094,
        0.4829539470374584,
        0.47686051070690155,
        0.476838016808033,
        0.4796904553472996,
        0.47790343016386033,
        0.4735254120826721,
        0.4871039021015167,
        0.48083687618374826,
        0.47925258934497833,
        0.475644426047802,
        0.4792404794692993,
        0.4789330357313156,
        0.4866324850916863
    ],
    "val_accuracy": [
        0.461875,
        0.45,
        0.45,
        0.53,
        0.545625,
        0.496875,
        0.53875,
        0.49625,
        0.470625,
        0.508125,
        0.566875,
        0.504375,
        0.49125,
        0.550625,
        0.49625,
        0.535625,
        0.4875,
        0.55875,
        0.488125,
        0.53875,
        0.525625,
        0.551875,
        0.54,
        0.51625,
        0.486875,
        0.529375,
        0.49,
        0.51625,
        0.48625,
        0.520625,
        0.51625,
        0.5325,
        0.51375,
        0.514375,
        0.531875,
        0.524375,
        0.539375,
        0.52875,
        0.51,
        0.50625,
        0.5225,
        0.53125,
        0.516875,
        0.528125,
        0.523125,
        0.5275,
        0.523125,
        0.52625,
        0.5175,
        0.531875,
        0.52375,
        0.529375,
        0.525,
        0.525,
        0.526875,
        0.530625,
        0.523125
    ]
}