{
    "train_loss": [
        0.5914542927030931,
        0.5284640942400659,
        0.5123224131893693,
        0.5056399992683478,
        0.5024864755875883,
        0.499448209338718,
        0.5004470937781864,
        0.4963615354041607,
        0.49606032793284854,
        0.4909497078747777,
        0.4932637733325624,
        0.49143397396768046,
        0.4900510747530307,
        0.4877180117264129,
        0.4865211087709282,
        0.4872383226428116,
        0.4847432316046709,
        0.4825075834815265,
        0.48412670106218575,
        0.48074403203021715,
        0.48045264681180316,
        0.4781773462630155,
        0.4770251869806769,
        0.4768917127659446,
        0.47535543504514194,
        0.47111930801854496,
        0.4705125852286467,
        0.4689971519841088,
        0.4664222265893256,
        0.4658332620447839
    ],
    "val_loss": [
        0.5019787803292275,
        0.513511258661747,
        0.4988311004638672,
        0.49858521312475207,
        0.5010639306902885,
        0.49885582745075224,
        0.5057240143418312,
        0.5148115783929825,
        0.5060926473140717,
        0.4851974546909332,
        0.5020360860228539,
        0.5128126674890519,
        0.5042130497097969,
        0.506268295943737,
        0.5109743610024452,
        0.49833929777145386,
        0.5137979596853256,
        0.5076544883847237,
        0.5161337560415268,
        0.5180243921279907,
        0.5188550424575805,
        0.5112145280838013,
        0.5093859988451004,
        0.5049249094724655,
        0.505474633872509,
        0.5072671100497246,
        0.5184694772958756,
        0.5199927109479904,
        0.5034468132257461,
        0.5136274322867393
    ],
    "val_accuracy": [
        0.47625,
        0.45,
        0.523125,
        0.525625,
        0.49,
        0.51375,
        0.4775,
        0.453125,
        0.48625,
        0.535,
        0.484375,
        0.47,
        0.49,
        0.483125,
        0.47625,
        0.49875,
        0.474375,
        0.49375,
        0.46875,
        0.479375,
        0.476875,
        0.488125,
        0.49875,
        0.5025,
        0.50875,
        0.515625,
        0.505625,
        0.510625,
        0.506875,
        0.499375
    ]
}