{
    "train_loss": [
        0.564665011530034,
        0.5212362267120539,
        0.5088342495131911,
        0.503150157935438,
        0.5038204120265113,
        0.4997316744243889,
        0.49942814244164363,
        0.49659847519551104,
        0.49726983350619935,
        0.4938589982819139,
        0.49050566066078277,
        0.4911327196840654,
        0.48915298863461143,
        0.48708530350735313,
        0.4857109190776334,
        0.4868115403150257,
        0.486934479007944,
        0.4859133869583844,
        0.4817952369737346,
        0.4804421333541647,
        0.48082217887828227,
        0.48109193730075456,
        0.4789283857708089,
        0.47864987295970585,
        0.4771535493128481,
        0.47690894736184014,
        0.47635468945168613,
        0.4752057930182295,
        0.4712068638257813,
        0.4732861470409304,
        0.4724422211884058,
        0.4723003051085779,
        0.4693296860881716,
        0.4688422831875539
    ],
    "val_loss": [
        0.5077263748645783,
        0.5032932841777802,
        0.5016957840323448,
        0.49890390813350677,
        0.4902175351977348,
        0.4976475977897644,
        0.5049529048800468,
        0.5032542014122009,
        0.4848214867711067,
        0.48417983263731,
        0.49058377504348755,
        0.49323489516973495,
        0.4883101919293404,
        0.48317979991436005,
        0.49212233155965807,
        0.4862036553025246,
        0.4912809854745865,
        0.48944481402635576,
        0.48571290910243986,
        0.4832720613479614,
        0.48936019122600555,
        0.48740503311157224,
        0.4863129785656929,
        0.4982493448257446,
        0.49691943407058714,
        0.5082135373353958,
        0.48808383017778395,
        0.4900735965371132,
        0.493963879942894,
        0.5041634374856949,
        0.5189734306931496,
        0.5054696133732796,
        0.5136681407690048,
        0.49953614830970766
    ],
    "val_accuracy": [
        0.45,
        0.456875,
        0.465,
        0.533125,
        0.54625,
        0.524375,
        0.458125,
        0.483125,
        0.553125,
        0.54625,
        0.515,
        0.501875,
        0.51125,
        0.524375,
        0.506875,
        0.514375,
        0.5075,
        0.50375,
        0.5125,
        0.513125,
        0.50625,
        0.5075,
        0.51375,
        0.50625,
        0.50875,
        0.511875,
        0.51625,
        0.5075,
        0.50875,
        0.51,
        0.50875,
        0.506875,
        0.506875,
        0.515
    ]
}