{
    "train_loss": [
        0.5726196124191173,
        0.5218620517449072,
        0.5099862873902795,
        0.5044442967713227,
        0.4982725105090448,
        0.4980584849391067,
        0.49688363333194574,
        0.49109996748946566,
        0.4917872207206592,
        0.48966770841364277,
        0.4894674736156798,
        0.4875566898730763,
        0.48523866377378766,
        0.48625518616877106,
        0.4839997887262824,
        0.48327826073295194,
        0.48082400114215607,
        0.47915765151642914,
        0.47772326786615693,
        0.47879252217666446,
        0.4746129601670985
    ],
    "val_loss": [
        0.4907746684551239,
        0.5031776663661003,
        0.5085878133773803,
        0.5011101710796356,
        0.5015805375576019,
        0.5124661692976952,
        0.5069661328196525,
        0.5095382952690124,
        0.5011400046944618,
        0.5040777274966239,
        0.5179859718680382,
        0.5235658836364746,
        0.5134359416365624,
        0.5206961816549301,
        0.5379529574513435,
        0.5283933398127556,
        0.5332272043824196,
        0.5377598637342453,
        0.5421608659625053,
        0.5325507345795631,
        0.553529386818409
    ],
    "val_accuracy": [
        0.55125,
        0.450625,
        0.45,
        0.470625,
        0.47375,
        0.45,
        0.4525,
        0.45375,
        0.485,
        0.47875,
        0.45375,
        0.45125,
        0.463125,
        0.455,
        0.450625,
        0.451875,
        0.45125,
        0.450625,
        0.451875,
        0.454375,
        0.45125
    ]
}