{
    "0": {
        "precision": 0.42911877394636017,
        "recall": 0.3111111111111111,
        "f1-score": 0.3607085346215781,
        "support": 360.0
    },
    "1": {
        "precision": 0.5398886827458256,
        "recall": 0.6613636363636364,
        "f1-score": 0.5944841675178754,
        "support": 440.0
    },
    "accuracy": 0.50375,
    "macro avg": {
        "precision": 0.4845037283460929,
        "recall": 0.48623737373737375,
        "f1-score": 0.47759635106972675,
        "support": 800.0
    },
    "weighted avg": {
        "precision": 0.49004222378606616,
        "recall": 0.50375,
        "f1-score": 0.48928513271454155,
        "support": 800.0
    }
}