{
    "0": {
        "precision": 0.4864864864864865,
        "recall": 0.1,
        "f1-score": 0.16589861751152074,
        "support": 360.0
    },
    "1": {
        "precision": 0.5537190082644629,
        "recall": 0.9136363636363637,
        "f1-score": 0.6895368782161235,
        "support": 440.0
    },
    "accuracy": 0.5475,
    "macro avg": {
        "precision": 0.5201027473754747,
        "recall": 0.5068181818181818,
        "f1-score": 0.4277177478638221,
        "support": 800.0
    },
    "weighted avg": {
        "precision": 0.5234643734643736,
        "recall": 0.5475,
        "f1-score": 0.4538996608990523,
        "support": 800.0
    }
}