{
    "0": {
        "precision": 0.45454545454545453,
        "recall": 0.013888888888888888,
        "f1-score": 0.026954177897574125,
        "support": 360.0
    },
    "1": {
        "precision": 0.550063371356147,
        "recall": 0.9863636363636363,
        "f1-score": 0.7062652563059398,
        "support": 440.0
    },
    "accuracy": 0.54875,
    "macro avg": {
        "precision": 0.5023044129508007,
        "recall": 0.5001262626262626,
        "f1-score": 0.366609717101757,
        "support": 800.0
    },
    "weighted avg": {
        "precision": 0.5070803087913354,
        "recall": 0.54875,
        "f1-score": 0.4005752710221752,
        "support": 800.0
    }
}