{
    "0": {
        "precision": 0.46153846153846156,
        "recall": 0.03333333333333333,
        "f1-score": 0.06217616580310881,
        "support": 360.0
    },
    "1": {
        "precision": 0.5503875968992248,
        "recall": 0.9681818181818181,
        "f1-score": 0.7018121911037891,
        "support": 440.0
    },
    "accuracy": 0.5475,
    "macro avg": {
        "precision": 0.5059630292188432,
        "recall": 0.5007575757575757,
        "f1-score": 0.38199417845344896,
        "support": 800.0
    },
    "weighted avg": {
        "precision": 0.5104054859868813,
        "recall": 0.5475,
        "f1-score": 0.413975979718483,
        "support": 800.0
    }
}