{
    "0": {
        "precision": 0.4938875305623472,
        "recall": 0.5611111111111111,
        "f1-score": 0.5253576072821846,
        "support": 360.0
    },
    "1": {
        "precision": 0.5959079283887468,
        "recall": 0.5295454545454545,
        "f1-score": 0.5607701564380265,
        "support": 440.0
    },
    "accuracy": 0.54375,
    "macro avg": {
        "precision": 0.544897729475547,
        "recall": 0.5453282828282828,
        "f1-score": 0.5430638818601056,
        "support": 800.0
    },
    "weighted avg": {
        "precision": 0.549998749366867,
        "recall": 0.54375,
        "f1-score": 0.5448345093178976,
        "support": 800.0
    }
}