{
    "0": {
        "precision": 0.4875,
        "recall": 0.10833333333333334,
        "f1-score": 0.17727272727272728,
        "support": 360.0
    },
    "1": {
        "precision": 0.5541666666666667,
        "recall": 0.9068181818181819,
        "f1-score": 0.6879310344827586,
        "support": 440.0
    },
    "accuracy": 0.5475,
    "macro avg": {
        "precision": 0.5208333333333334,
        "recall": 0.5075757575757576,
        "f1-score": 0.43260188087774293,
        "support": 800.0
    },
    "weighted avg": {
        "precision": 0.5241666666666667,
        "recall": 0.5475,
        "f1-score": 0.4581347962382445,
        "support": 800.0
    }
}