{
    "0": {
        "precision": 0.45754716981132076,
        "recall": 0.5388888888888889,
        "f1-score": 0.49489795918367346,
        "support": 360.0
    },
    "1": {
        "precision": 0.5585106382978723,
        "recall": 0.4772727272727273,
        "f1-score": 0.5147058823529411,
        "support": 440.0
    },
    "accuracy": 0.505,
    "macro avg": {
        "precision": 0.5080289040545966,
        "recall": 0.5080808080808081,
        "f1-score": 0.5048019207683073,
        "support": 800.0
    },
    "weighted avg": {
        "precision": 0.5130770774789241,
        "recall": 0.505,
        "f1-score": 0.5057923169267707,
        "support": 800.0
    }
}