{
    "0": {
        "precision": 0.3708609271523179,
        "recall": 0.15555555555555556,
        "f1-score": 0.2191780821917808,
        "support": 360.0
    },
    "1": {
        "precision": 0.5315870570107858,
        "recall": 0.7840909090909091,
        "f1-score": 0.6336088154269972,
        "support": 440.0
    },
    "accuracy": 0.50125,
    "macro avg": {
        "precision": 0.45122399208155184,
        "recall": 0.4698232323232323,
        "f1-score": 0.426393448809389,
        "support": 800.0
    },
    "weighted avg": {
        "precision": 0.45926029857447526,
        "recall": 0.50125,
        "f1-score": 0.44711498547114986,
        "support": 800.0
    }
}