{
    "0": {
        "precision": 0.47075208913649025,
        "recall": 0.9388888888888889,
        "f1-score": 0.62708719851577,
        "support": 360.0
    },
    "1": {
        "precision": 0.7317073170731707,
        "recall": 0.13636363636363635,
        "f1-score": 0.22988505747126436,
        "support": 440.0
    },
    "accuracy": 0.4975,
    "macro avg": {
        "precision": 0.6012297031048305,
        "recall": 0.5376262626262627,
        "f1-score": 0.42848612799351715,
        "support": 800.0
    },
    "weighted avg": {
        "precision": 0.6142774645016645,
        "recall": 0.4975,
        "f1-score": 0.40862602094129186,
        "support": 800.0
    }
}