{
    "0": {
        "precision": 0.5076586433260394,
        "recall": 0.6444444444444445,
        "f1-score": 0.5679314565483476,
        "support": 360.0
    },
    "1": {
        "precision": 0.6268221574344023,
        "recall": 0.48863636363636365,
        "f1-score": 0.5491698595146871,
        "support": 440.0
    },
    "accuracy": 0.55875,
    "macro avg": {
        "precision": 0.5672404003802208,
        "recall": 0.5665404040404041,
        "f1-score": 0.5585506580315174,
        "support": 800.0
    },
    "weighted avg": {
        "precision": 0.573198576085639,
        "recall": 0.55875,
        "f1-score": 0.5576125781798343,
        "support": 800.0
    }
}