{
    "0": {
        "precision": 0.6785714285714286,
        "recall": 0.05277777777777778,
        "f1-score": 0.0979381443298969,
        "support": 360.0
    },
    "1": {
        "precision": 0.5582901554404145,
        "recall": 0.9795454545454545,
        "f1-score": 0.7112211221122112,
        "support": 440.0
    },
    "accuracy": 0.5625,
    "macro avg": {
        "precision": 0.6184307920059215,
        "recall": 0.5161616161616162,
        "f1-score": 0.40457963322105406,
        "support": 800.0
    },
    "weighted avg": {
        "precision": 0.6124167283493709,
        "recall": 0.5625,
        "f1-score": 0.4352437821101698,
        "support": 800.0
    }
}