{
    "0": {
        "precision": 0.58207343412527,
        "recall": 0.3407079646017699,
        "f1-score": 0.4298245614035088,
        "support": 1582.0
    },
    "1": {
        "precision": 0.5347903657448706,
        "recall": 0.7559899117276166,
        "f1-score": 0.6264367816091954,
        "support": 1586.0
    },
    "accuracy": 0.5486111111111112,
    "macro avg": {
        "precision": 0.5584318999350704,
        "recall": 0.5483489381646933,
        "f1-score": 0.5281306715063521,
        "support": 3168.0
    },
    "weighted avg": {
        "precision": 0.558402049513113,
        "recall": 0.5486111111111112,
        "f1-score": 0.5282547953827446,
        "support": 3168.0
    }
}