{
    "0": {
        "precision": 0.6341991341991342,
        "recall": 0.5955284552845529,
        "f1-score": 0.6142557651991615,
        "support": 492.0
    },
    "1": {
        "precision": 0.6465364120781527,
        "recall": 0.6829268292682927,
        "f1-score": 0.6642335766423357,
        "support": 533.0
    },
    "accuracy": 0.6409756097560976,
    "macro avg": {
        "precision": 0.6403677731386435,
        "recall": 0.6392276422764228,
        "f1-score": 0.6392446709207487,
        "support": 1025.0
    },
    "weighted avg": {
        "precision": 0.6406145186962239,
        "recall": 0.6409756097560976,
        "f1-score": 0.640244227149612,
        "support": 1025.0
    }
}