{
    "train_loss": [
        0.5606266702626991,
        0.5203799808389755,
        0.5113577925568932,
        0.5052772291015503,
        0.5035170109337941,
        0.4998724182533558,
        0.4985820454541252,
        0.4962948167688461,
        0.4934066100672343,
        0.4921879172758938,
        0.4902987558248262,
        0.48959987258112936,
        0.4881062408722124,
        0.4863562627303722,
        0.4850126839360816,
        0.4850386691319023,
        0.4841590840830379,
        0.48387826360989866,
        0.4836284233232773,
        0.48062696354531476,
        0.48198383421877067,
        0.48159393785301774,
        0.4780668241488361,
        0.4763027178408277
    ],
    "val_loss": [
        0.7238225330324733,
        0.7124239795348224,
        0.7602996959405787,
        0.7094793260097504,
        0.7214716448503382,
        0.7692878965069266,
        0.8322511750109055,
        0.8308843430350809,
        0.8752915319274454,
        0.9485415844356313,
        1.007995722574346,
        0.974080686008229,
        1.0084320790627423,
        1.071508368323831,
        1.0973251118379481,
        1.0691358713542713,
        1.080835052097545,
        1.1754632494028876,
        1.2502137506709379,
        1.272843251508825,
        1.2606512651723973,
        1.1819634872324327,
        1.3623544510673073,
        1.370266672442941
    ],
    "val_accuracy": [
        0.4985294117647059,
        0.49926470588235294,
        0.5183823529411765,
        0.5147058823529411,
        0.5066176470588235,
        0.5058823529411764,
        0.5036764705882353,
        0.5051470588235294,
        0.5058823529411764,
        0.5125,
        0.5036764705882353,
        0.5051470588235294,
        0.5080882352941176,
        0.5102941176470588,
        0.5102941176470588,
        0.5117647058823529,
        0.5110294117647058,
        0.5110294117647058,
        0.5147058823529411,
        0.5102941176470588,
        0.5117647058823529,
        0.5102941176470588,
        0.5191176470588236,
        0.5220588235294118
    ]
}