{
    "train_loss": [
        0.5867815808090754,
        0.5281777848236079,
        0.5183082585164727,
        0.5107988527768564,
        0.5078069952030543,
        0.5043666431737258,
        0.5016957386091807,
        0.4987540566070979,
        0.4980179793275947,
        0.4942448849327526,
        0.49368192097158586,
        0.48955144025005803,
        0.4869320286326707,
        0.487434190910803,
        0.48507749092977986,
        0.48384284417875645,
        0.4843580628673409,
        0.4815300477904524,
        0.4795204264368032,
        0.4770245045380127,
        0.4750007753202141,
        0.4760890484203244,
        0.47439643233103523,
        0.47489880136006785,
        0.47490363987772743,
        0.47366867966006415
    ],
    "val_loss": [
        0.5351686232230243,
        0.5174405455589295,
        0.5144448098014383,
        0.5142358502920936,
        0.5139799405546749,
        0.5137242443421308,
        0.515070930999868,
        0.5138937213841607,
        0.5201762318611145,
        0.5227630804566776,
        0.525369652930428,
        0.5258224876487956,
        0.5297079138896045,
        0.531229951802422,
        0.5319846325060901,
        0.5319458021837122,
        0.5345037418253281,
        0.5384351565557368,
        0.5410964425872354,
        0.5416559962665334,
        0.544771787699531,
        0.5397584508447086,
        0.5484666733180775,
        0.5754325943834642,
        0.5802660700152902,
        0.6079304253353792
    ],
    "val_accuracy": [
        0.4919117647058823,
        0.4889705882352941,
        0.47794117647058826,
        0.4441176470588235,
        0.44191176470588234,
        0.44338235294117645,
        0.43970588235294117,
        0.44191176470588234,
        0.4389705882352941,
        0.43014705882352944,
        0.4308823529411765,
        0.4338235294117647,
        0.4345588235294118,
        0.4345588235294118,
        0.4404411764705882,
        0.4389705882352941,
        0.4375,
        0.43823529411764706,
        0.43823529411764706,
        0.43970588235294117,
        0.43676470588235294,
        0.43970588235294117,
        0.4411764705882353,
        0.43970588235294117,
        0.4441176470588235,
        0.4426470588235294
    ]
}