{
    "train_loss": [
        0.5643994001755721,
        0.524695485483264,
        0.5153495649409954,
        0.5064086381785213,
        0.5025145732072417,
        0.5038462911544062,
        0.4993037869489523,
        0.4971785742296055,
        0.494942337795116,
        0.4916758759400036,
        0.49081386263540566,
        0.490500850925626,
        0.48894997706753374,
        0.4880903227013445,
        0.4871437783411323,
        0.48319019479175496,
        0.481642503405242,
        0.4823557347536434,
        0.48149356662446235,
        0.4758940168169735,
        0.4780404945995436
    ],
    "val_loss": [
        0.4980580775176778,
        0.49812521478709054,
        0.49991054605035223,
        0.5026788508190828,
        0.5026236064293805,
        0.5059371972785277,
        0.5085672364515417,
        0.5055147882770089,
        0.5044307870023391,
        0.5070639680413639,
        0.5046934180399951,
        0.5071815732647391,
        0.5066224518944236,
        0.5078193766229293,
        0.5100993507048663,
        0.5076014269800747,
        0.506268945161034,
        0.506485110170701,
        0.5081958371050218,
        0.5046470845446868,
        0.5050238977460301
    ],
    "val_accuracy": [
        0.5367647058823529,
        0.5411764705882353,
        0.5389705882352941,
        0.5389705882352941,
        0.5147058823529411,
        0.5044117647058823,
        0.49411764705882355,
        0.4852941176470588,
        0.5051470588235294,
        0.4808823529411765,
        0.49264705882352944,
        0.47941176470588237,
        0.4764705882352941,
        0.4742647058823529,
        0.4625,
        0.4713235294117647,
        0.4860294117647059,
        0.4963235294117647,
        0.5073529411764706,
        0.5316176470588235,
        0.5301470588235294
    ]
}