{
    "train_loss": [
        0.5971463739524936,
        0.5272263331010699,
        0.515991349060636,
        0.5100230545542993,
        0.5062953875748525,
        0.5045220392499948,
        0.500341911243039,
        0.49899726247162796,
        0.4981968116552028,
        0.4971871941717778,
        0.49769983723694583,
        0.4930468282758582,
        0.49281435233189724,
        0.49037948623841854,
        0.49029457716615615,
        0.48844269521024725,
        0.4894918586836458,
        0.48687408753878164,
        0.48962107751914336,
        0.4868584719026974,
        0.48581971755194353,
        0.4843850206513245,
        0.4843448836470275
    ],
    "val_loss": [
        0.5043772714979509,
        0.49985262260717506,
        0.49936373654533833,
        0.5020227306029376,
        0.501689360071631,
        0.5030274293001961,
        0.5025783959557029,
        0.5050028148819419,
        0.5086456214680392,
        0.5075321586693035,
        0.5104340704048381,
        0.510017786657109,
        0.5137704530183007,
        0.5157860464909497,
        0.5152004403226516,
        0.5142235682291143,
        0.5143436733414145,
        0.5151111087378334,
        0.5130686840590308,
        0.5167405812179341,
        0.5118352511349846,
        0.5121067190871519,
        0.5129777340327992
    ],
    "val_accuracy": [
        0.4625,
        0.4904411764705882,
        0.5007352941176471,
        0.46838235294117647,
        0.47058823529411764,
        0.4632352941176471,
        0.4713235294117647,
        0.4727941176470588,
        0.45808823529411763,
        0.4610294117647059,
        0.45808823529411763,
        0.4632352941176471,
        0.4632352941176471,
        0.4588235294117647,
        0.46176470588235297,
        0.47352941176470587,
        0.47352941176470587,
        0.47205882352941175,
        0.48455882352941176,
        0.4764705882352941,
        0.48970588235294116,
        0.4889705882352941,
        0.48970588235294116
    ]
}