{
    "train_loss": [
        0.5488865564657264,
        0.5222697290097088,
        0.5127376825962178,
        0.5083581432157902,
        0.5066190815301614,
        0.5049768036890239,
        0.503227977643367,
        0.5013597795883468,
        0.4995780536007499,
        0.49688204368129046,
        0.4954700770162946,
        0.4949915771748128,
        0.49141247945754984,
        0.4910047643396358,
        0.48934556099178145,
        0.4893996003673587,
        0.48597118792054955,
        0.4846122313881892,
        0.4848191272657164,
        0.4832143238711739,
        0.4832108181723688,
        0.47916919305334965,
        0.47953713395710074,
        0.4797487097102308,
        0.4800270331218253,
        0.4761675047909155
    ],
    "val_loss": [
        0.5351164390059079,
        0.5198089301586151,
        0.5135736304170945,
        0.5110494357698104,
        0.5104042516035192,
        0.5079787987120011,
        0.5088948901961832,
        0.5093221170060774,
        0.511005461917204,
        0.5107364759725683,
        0.5118281630908742,
        0.5104461634860319,
        0.5087045623975641,
        0.5094224312726189,
        0.5109069561257081,
        0.5112446595640744,
        0.5098979750100304,
        0.5110148941769319,
        0.5115697376868305,
        0.5110624874339385,
        0.5102201886036817,
        0.5107690905823427,
        0.5152698692153482,
        0.5175943935618681,
        0.5273754449451671,
        0.5368530802866992
    ],
    "val_accuracy": [
        0.4985294117647059,
        0.46176470588235297,
        0.4522058823529412,
        0.45073529411764707,
        0.44926470588235295,
        0.44926470588235295,
        0.4485294117647059,
        0.4588235294117647,
        0.4588235294117647,
        0.4676470588235294,
        0.46911764705882353,
        0.4713235294117647,
        0.4889705882352941,
        0.4889705882352941,
        0.4889705882352941,
        0.4933823529411765,
        0.5110294117647058,
        0.49926470588235294,
        0.5147058823529411,
        0.5257352941176471,
        0.5338235294117647,
        0.5529411764705883,
        0.5566176470588236,
        0.5617647058823529,
        0.5661764705882353,
        0.5691176470588235
    ]
}