{
    "train_loss": [
        0.5709435364564954,
        0.5283538955094339,
        0.5144025374534695,
        0.509696618481668,
        0.5069495245619112,
        0.5024039533634547,
        0.5022391397533111,
        0.4964521744192254,
        0.4960769970170622,
        0.49660107666922104,
        0.4932679085405286,
        0.49180808949678745,
        0.4899119339135016,
        0.4884737876218132,
        0.48684136628063485,
        0.4842823254489482,
        0.4840530527991499,
        0.4801905119176168,
        0.47940426926078406,
        0.4778035669607887,
        0.4747686917951881,
        0.47736886130670275,
        0.4748705098896221,
        0.4756627400369103,
        0.47408592453690074,
        0.47285539211144095,
        0.4707111708461978,
        0.47050223522311213,
        0.46666849154051737,
        0.4705088049216736,
        0.4697914779446531,
        0.46706794954977354,
        0.4674660092357985,
        0.4673755974922291,
        0.462565746847025
    ],
    "val_loss": [
        0.4937600553035736,
        0.4947547891560723,
        0.49503034002640667,
        0.49687452386407294,
        0.4966281161588781,
        0.4958183414795819,
        0.4992574681253994,
        0.4996811091899872,
        0.4999137373531566,
        0.49658318512579974,
        0.4973959424916436,
        0.495857889512006,
        0.4942176597959855,
        0.4970438368180219,
        0.49313555535148174,
        0.49762851245263046,
        0.5000746614792768,
        0.49897020389052,
        0.5003094753798316,
        0.500651948592242,
        0.49956689196474413,
        0.49806801010580626,
        0.5019795575562646,
        0.49919683863134945,
        0.49999730411697835,
        0.5013788009391111,
        0.5062911983798531,
        0.5061030366841485,
        0.5114567150087918,
        0.5124192868962008,
        0.5108830115374396,
        0.5252387730514302,
        0.5286890710101408,
        0.5369170209940742,
        0.5391235348056345
    ],
    "val_accuracy": [
        0.5558823529411765,
        0.5470588235294118,
        0.5441176470588235,
        0.5301470588235294,
        0.5308823529411765,
        0.5463235294117647,
        0.49558823529411766,
        0.4823529411764706,
        0.475,
        0.5073529411764706,
        0.5007352941176471,
        0.5073529411764706,
        0.5294117647058824,
        0.5235294117647059,
        0.5522058823529412,
        0.5352941176470588,
        0.5264705882352941,
        0.5522058823529412,
        0.5477941176470589,
        0.5477941176470589,
        0.5529411764705883,
        0.5661764705882353,
        0.5683823529411764,
        0.5713235294117647,
        0.5830882352941177,
        0.5816176470588236,
        0.586764705882353,
        0.5816176470588236,
        0.5882352941176471,
        0.5963235294117647,
        0.5963235294117647,
        0.5852941176470589,
        0.5801470588235295,
        0.5779411764705882,
        0.5794117647058824
    ]
}