{
    "train_loss": [
        0.5718766247861771,
        0.5249825253150001,
        0.5154852781233309,
        0.5075413841521028,
        0.505296716089679,
        0.5002589973646827,
        0.5001598622601106,
        0.4985202938274872,
        0.4961321047646857,
        0.49239399230983405,
        0.4934774865403099,
        0.49015516797527997,
        0.49014738484067516,
        0.48837705336109866,
        0.48634499953476795,
        0.484358331608807,
        0.48436680809205623,
        0.4850341801299799,
        0.4824773990691489,
        0.4809016001450096,
        0.47889281191159544,
        0.4805359295969273,
        0.4800183652009506,
        0.479115962331472,
        0.47603841908981015,
        0.4763727123039779,
        0.47382996748628575,
        0.4729262168317209,
        0.47600449589142113,
        0.47176506486348535,
        0.471850587074066,
        0.47052977833858917,
        0.47149357277753573,
        0.4684541080542874,
        0.46767671642692155,
        0.4665717558916306,
        0.467278841931747,
        0.4662948629915107,
        0.46598876238389825,
        0.46470108788780423,
        0.46287451855827455,
        0.4630875227840013,
        0.4634974487397001,
        0.4629557647646081,
        0.4629756235659903,
        0.4620829257989381,
        0.46120139162613316,
        0.4605305788298361,
        0.462644905936423,
        0.4601564875422954,
        0.456606219993061
    ],
    "val_loss": [
        0.5036381900310516,
        0.5054441350347856,
        0.5037844082888435,
        0.5056944128345041,
        0.5071329607683069,
        0.5038969117052415,
        0.5021297696758719,
        0.5027489977724412,
        0.5030400861712063,
        0.5034142438103171,
        0.5015652624999776,
        0.50158110611579,
        0.5030478786019718,
        0.5012545112301322,
        0.4990999358541825,
        0.49672235215411464,
        0.4998517737669103,
        0.5015282711561988,
        0.4971817717832677,
        0.49606651593657103,
        0.4981042255373562,
        0.49984315563650694,
        0.49559987362693336,
        0.4961735451922697,
        0.49061151742935183,
        0.49060033419552973,
        0.4917377373751472,
        0.49176523404962874,
        0.490787959800047,
        0.4887854376259972,
        0.4871697474928463,
        0.4908864606829251,
        0.49554892217411717,
        0.4896615550798528,
        0.4889643742757685,
        0.4907349365599015,
        0.49152868705637315,
        0.4936383489300223,
        0.49686642008669235,
        0.4974190701456631,
        0.4938375932328841,
        0.4989763263393851,
        0.4980767481467303,
        0.4994531932999106,
        0.49865361662471996,
        0.5007896661758423,
        0.5010466154883889,
        0.5041791172588572,
        0.5044325751416824,
        0.4999798371511347,
        0.5052859618383295
    ],
    "val_accuracy": [
        0.4889705882352941,
        0.47794117647058826,
        0.48970588235294116,
        0.48455882352941176,
        0.4838235294117647,
        0.4860294117647059,
        0.48970588235294116,
        0.49117647058823527,
        0.48823529411764705,
        0.49779411764705883,
        0.5058823529411764,
        0.4933823529411765,
        0.5,
        0.5110294117647058,
        0.5147058823529411,
        0.513235294117647,
        0.5058823529411764,
        0.5022058823529412,
        0.5110294117647058,
        0.5176470588235295,
        0.513235294117647,
        0.5036764705882353,
        0.5147058823529411,
        0.5088235294117647,
        0.525,
        0.5257352941176471,
        0.524264705882353,
        0.5213235294117647,
        0.5279411764705882,
        0.5360294117647059,
        0.5433823529411764,
        0.5264705882352941,
        0.5235294117647059,
        0.5227941176470589,
        0.5375,
        0.5257352941176471,
        0.5257352941176471,
        0.5198529411764706,
        0.5095588235294117,
        0.5088235294117647,
        0.524264705882353,
        0.5110294117647058,
        0.5088235294117647,
        0.5051470588235294,
        0.5044117647058823,
        0.5007352941176471,
        0.49779411764705883,
        0.4904411764705882,
        0.49264705882352944,
        0.5022058823529412,
        0.4948529411764706
    ]
}