{
    "train_loss": [
        0.5769918272068407,
        0.5292936357001203,
        0.5143805250330263,
        0.5114246341772649,
        0.5066315148681879,
        0.5021429631907867,
        0.5001119961297842,
        0.49420166440752744,
        0.4955948016876043,
        0.49209485568507444,
        0.48926800784412255,
        0.4903208787784826,
        0.4903496496021487,
        0.4883554750915178,
        0.4852942644768927,
        0.48430669537624765,
        0.4860554976060748,
        0.48476206375695385,
        0.4835831347251043,
        0.4825669117543028,
        0.4809155378279207,
        0.4818320368054652,
        0.4821319498523007
    ],
    "val_loss": [
        0.563276304918177,
        0.5397892916903776,
        0.5325631555388955,
        0.537193409835591,
        0.53717641304521,
        0.5456852951470543,
        0.5562612908727983,
        0.5876305808039273,
        0.5830236543627346,
        0.5839626270181992,
        0.5997704358661876,
        0.6058466792106628,
        0.6151955650133245,
        0.6240046217161066,
        0.6070174858850591,
        0.6095754146575928,
        0.6010088657631594,
        0.6045844909022836,
        0.589001943433986,
        0.610546610285254,
        0.5965351823498221,
        0.5928490950780756,
        0.5802865571835462
    ],
    "val_accuracy": [
        0.48823529411764705,
        0.48161764705882354,
        0.47573529411764703,
        0.4801470588235294,
        0.4801470588235294,
        0.4860294117647059,
        0.4919117647058823,
        0.49558823529411766,
        0.49264705882352944,
        0.4919117647058823,
        0.4933823529411765,
        0.5029411764705882,
        0.5051470588235294,
        0.513235294117647,
        0.5014705882352941,
        0.5029411764705882,
        0.5066176470588235,
        0.5058823529411764,
        0.5088235294117647,
        0.5066176470588235,
        0.5117647058823529,
        0.5154411764705882,
        0.5066176470588235
    ]
}