{
    "0": {
        "precision": 0.43933823529411764,
        "recall": 0.8269896193771626,
        "f1-score": 0.5738295318127251,
        "support": 289.0
    },
    "1": {
        "precision": 0.6323529411764706,
        "recall": 0.21994884910485935,
        "f1-score": 0.32637571157495254,
        "support": 391.0
    },
    "accuracy": 0.47794117647058826,
    "macro avg": {
        "precision": 0.5358455882352942,
        "recall": 0.523469234241011,
        "f1-score": 0.45010262169383886,
        "support": 680.0
    },
    "weighted avg": {
        "precision": 0.5503216911764706,
        "recall": 0.47794117647058826,
        "f1-score": 0.4315435851760059,
        "support": 680.0
    }
}