{
    "0": {
        "precision": 0.416044776119403,
        "recall": 0.7716262975778547,
        "f1-score": 0.5406060606060606,
        "support": 289.0
    },
    "1": {
        "precision": 0.5416666666666666,
        "recall": 0.19948849104859334,
        "f1-score": 0.29158878504672897,
        "support": 391.0
    },
    "accuracy": 0.4426470588235294,
    "macro avg": {
        "precision": 0.4788557213930348,
        "recall": 0.48555739431322403,
        "f1-score": 0.41609742282639484,
        "support": 680.0
    },
    "weighted avg": {
        "precision": 0.48827736318407955,
        "recall": 0.4426470588235294,
        "f1-score": 0.3974211271594449,
        "support": 680.0
    }
}