{
    "0": {
        "precision": 0.36134453781512604,
        "recall": 0.14878892733564014,
        "f1-score": 0.2107843137254902,
        "support": 289.0
    },
    "1": {
        "precision": 0.5614973262032086,
        "recall": 0.8056265984654731,
        "f1-score": 0.6617647058823529,
        "support": 391.0
    },
    "accuracy": 0.5264705882352941,
    "macro avg": {
        "precision": 0.46142093200916734,
        "recall": 0.47720776290055666,
        "f1-score": 0.4362745098039216,
        "support": 680.0
    },
    "weighted avg": {
        "precision": 0.4764323911382735,
        "recall": 0.5264705882352941,
        "f1-score": 0.4700980392156863,
        "support": 680.0
    }
}