{
    "0": {
        "precision": 0.36666666666666664,
        "recall": 0.1522491349480969,
        "f1-score": 0.21515892420537897,
        "support": 289.0
    },
    "1": {
        "precision": 0.5625,
        "recall": 0.8056265984654731,
        "f1-score": 0.6624605678233438,
        "support": 391.0
    },
    "accuracy": 0.5279411764705882,
    "macro avg": {
        "precision": 0.46458333333333335,
        "recall": 0.478937866706785,
        "f1-score": 0.4388097460143614,
        "support": 680.0
    },
    "weighted avg": {
        "precision": 0.4792708333333333,
        "recall": 0.5279411764705882,
        "f1-score": 0.4723573692857088,
        "support": 680.0
    }
}