{
    "0": {
        "precision": 0.44727272727272727,
        "recall": 0.8512110726643599,
        "f1-score": 0.5864123957091776,
        "support": 289.0
    },
    "1": {
        "precision": 0.6692307692307692,
        "recall": 0.22250639386189258,
        "f1-score": 0.33397312859884837,
        "support": 391.0
    },
    "accuracy": 0.48970588235294116,
    "macro avg": {
        "precision": 0.5582517482517482,
        "recall": 0.5368587332631263,
        "f1-score": 0.46019276215401295,
        "support": 680.0
    },
    "weighted avg": {
        "precision": 0.5748986013986014,
        "recall": 0.48970588235294116,
        "f1-score": 0.4412598171207383,
        "support": 680.0
    }
}