{
    "train_loss": [
        0.5035507154956548,
        0.485990949955811,
        0.4711801969466369,
        0.4581778684158925,
        0.4425406133379121,
        0.4274331073629833,
        0.41082357531797675,
        0.3938786058388431,
        0.3754278406178787,
        0.35143484778277767,
        0.3420022065167577,
        0.3283408522049664,
        0.3236025330594106,
        0.309860080275648,
        0.30700444236895424,
        0.3016044929155198,
        0.294925554657322,
        0.2944831130019808,
        0.28592647150275985,
        0.28392535961857013,
        0.2827458695082217,
        0.2800630076709688,
        0.2730874714015275,
        0.2728959521963051,
        0.27456720319369804,
        0.27445964079006246,
        0.2728001609964256,
        0.2651946737370609,
        0.26411453461775847,
        0.2595500651553039,
        0.26613669690615654,
        0.2591362235416276,
        0.2601042741466833,
        0.2552833703652112,
        0.2593105293642034,
        0.25119083184997726,
        0.2613363483342505,
        0.2552716039241912,
        0.24696611228247112,
        0.25377847137906695,
        0.2480063750545818,
        0.25047159644506123,
        0.25501767026849664,
        0.25066569774852576,
        0.25724447158500113,
        0.25141917464043395,
        0.24515885457923464,
        0.25276263371797936,
        0.25094310720844565,
        0.25759071276901924,
        0.25249161893659233,
        0.24094638021567685,
        0.24536692846039482,
        0.24781988535628952,
        0.24392706919315113,
        0.24541959389019574,
        0.24502729556261615,
        0.24817104710445306,
        0.24750595249616208,
        0.24495317891591425,
        0.24154518527657615,
        0.24913468426239835,
        0.24460193663396396,
        0.23098331393604488,
        0.24624440496447103,
        0.24630449409367908,
        0.2398887738541559,
        0.23210591350797352,
        0.24999321060719917,
        0.23862854577783926,
        0.23860371843609804,
        0.241827769344947,
        0.2330281131092115,
        0.2304268578243074,
        0.2420533024715095,
        0.23276692307105906,
        0.228478162316148,
        0.2313252439866966,
        0.2324116386332291
    ],
    "val_loss": [
        0.5135386488835016,
        0.5210483384132385,
        0.52134352962176,
        0.5165644025802613,
        0.5051822421948114,
        0.5167396879196167,
        0.5092647715409597,
        0.5169576086600621,
        0.4872557991743088,
        0.5096259206533432,
        0.5018502254287401,
        0.502145764529705,
        0.5044226476550102,
        0.5002278422315916,
        0.4903739673892657,
        0.4959834306438764,
        0.48908620357513427,
        0.5032158132394154,
        0.49269256442785264,
        0.49490704387426376,
        0.4869306356708209,
        0.5007272124290466,
        0.48400832086801526,
        0.4902634898821513,
        0.48183174739281337,
        0.4917096421122551,
        0.5024430471658706,
        0.4928376752138138,
        0.507916017572085,
        0.50318288286527,
        0.48944663445154823,
        0.47946229070425034,
        0.4913065497080485,
        0.4974862875541051,
        0.5068234530091286,
        0.4981984013319016,
        0.4988537073135376,
        0.5045049405097961,
        0.5073872953653336,
        0.5007349836826325,
        0.48022941559553145,
        0.48194802552461624,
        0.5099105157454809,
        0.4820546218752861,
        0.4986221249898275,
        0.4794803767402967,
        0.4996315715710322,
        0.4772239672144254,
        0.5019280978043874,
        0.47750785668691,
        0.49147027601798376,
        0.4876784964402517,
        0.5012358071903388,
        0.49589350948731103,
        0.48797835836807885,
        0.49245681405067443,
        0.48329158266385397,
        0.4961538917819659,
        0.46512284201259413,
        0.49092694143454235,
        0.49120397279659905,
        0.49153917501370115,
        0.49148623923460644,
        0.48988565484682717,
        0.4780189396937688,
        0.48997167353828747,
        0.4780501714348793,
        0.5108440087238948,
        0.4902861907084783,
        0.47487187912066775,
        0.4945477951566378,
        0.4841814919312795,
        0.4887409205238024,
        0.5027495455741883,
        0.4828597797950109,
        0.498873470723629,
        0.472208370367686,
        0.47722698469956715,
        0.4759042899807294
    ],
    "val_accuracy": [
        0.4548872180451128,
        0.4578111946532999,
        0.46867167919799496,
        0.4928989139515455,
        0.5058479532163743,
        0.4974937343358396,
        0.506265664160401,
        0.4974937343358396,
        0.5263157894736842,
        0.5058479532163743,
        0.5066833751044277,
        0.5008354218880535,
        0.5004177109440268,
        0.5008354218880535,
        0.514202172096909,
        0.506265664160401,
        0.5158730158730159,
        0.5016708437761069,
        0.5121136173767753,
        0.5108604845446951,
        0.5158730158730159,
        0.504594820384294,
        0.5208855472013367,
        0.5121136173767753,
        0.5192147034252298,
        0.5116959064327485,
        0.504594820384294,
        0.5150375939849624,
        0.49958228905597324,
        0.5016708437761069,
        0.52046783625731,
        0.5225563909774437,
        0.5125313283208021,
        0.5091896407685882,
        0.49958228905597324,
        0.5075187969924813,
        0.5058479532163743,
        0.5037593984962406,
        0.49832915622389307,
        0.504594820384294,
        0.5279866332497911,
        0.5233918128654971,
        0.49582289055973267,
        0.5238095238095238,
        0.5100250626566416,
        0.5238095238095238,
        0.506265664160401,
        0.5292397660818714,
        0.5025062656641605,
        0.5238095238095238,
        0.5116959064327485,
        0.5183792815371763,
        0.5016708437761069,
        0.5079365079365079,
        0.5171261487050961,
        0.5129490392648287,
        0.5208855472013367,
        0.5075187969924813,
        0.539264828738513,
        0.5125313283208021,
        0.5125313283208021,
        0.5133667502088555,
        0.5150375939849624,
        0.514202172096909,
        0.5271512113617377,
        0.5158730158730159,
        0.5267335004177109,
        0.49707602339181284,
        0.5158730158730159,
        0.5317460317460317,
        0.5108604845446951,
        0.5208855472013367,
        0.5171261487050961,
        0.5029239766081871,
        0.5221386800334169,
        0.5050125313283208,
        0.5321637426900585,
        0.5258980785296575,
        0.5304928989139516
    ]
}