{
    "train_loss": [
        0.5127606217425558,
        0.49265075022673094,
        0.4781890669892485,
        0.4683990394202571,
        0.4545094664181145,
        0.44224990239780404,
        0.4288208919681594,
        0.41732749539063346,
        0.40366263225059845,
        0.3902563899755478,
        0.3779642838099148,
        0.3580560631801197,
        0.343548662331109,
        0.3260073132066455,
        0.3128519556787019,
        0.30399206664215606,
        0.2912347128867283,
        0.2882884899941081,
        0.2799489335733336,
        0.27485282084591733,
        0.27476027041439455,
        0.26531885024928625,
        0.2642112725097796,
        0.25929388041609863,
        0.25255550472669613,
        0.25343368881270434,
        0.2528830252931781,
        0.24237971338086664,
        0.24490690374406593,
        0.2426759845527778,
        0.24135577670995637,
        0.23759803328889995,
        0.23220298023920044,
        0.24528089844693077
    ],
    "val_loss": [
        0.5279963753620783,
        0.5075109247366587,
        0.4969504859050115,
        0.49525617559750873,
        0.5076205031077067,
        0.5000180333852768,
        0.4954456607500712,
        0.49691489557425184,
        0.5164333252112071,
        0.4971744058529536,
        0.5010723310709,
        0.4979521310329437,
        0.48079985777537027,
        0.4630631884932518,
        0.4798156252503395,
        0.48647785544395444,
        0.46682531386613846,
        0.4763052339355151,
        0.5015019691983859,
        0.47922585109869636,
        0.48901887247959774,
        0.48322207629680636,
        0.47127951433261234,
        0.4851663614312808,
        0.48483980109294256,
        0.4913296716908614,
        0.4850384199619293,
        0.4899292212724686,
        0.49973980377117794,
        0.4859713035821915,
        0.49125659435987473,
        0.47369948426882424,
        0.47749871576825775,
        0.4758874346812566
    ],
    "val_accuracy": [
        0.42857142857142855,
        0.4899749373433584,
        0.518796992481203,
        0.5150375939849624,
        0.49916457811194653,
        0.5175438596491229,
        0.5213032581453634,
        0.5183792815371763,
        0.5066833751044277,
        0.5175438596491229,
        0.5192147034252298,
        0.514202172096909,
        0.5359231411862991,
        0.5472013366750209,
        0.5292397660818714,
        0.518796992481203,
        0.5413533834586466,
        0.5325814536340853,
        0.5054302422723476,
        0.5304928989139516,
        0.5175438596491229,
        0.5246449456975772,
        0.5317460317460317,
        0.5208855472013367,
        0.5221386800334169,
        0.518796992481203,
        0.5200501253132832,
        0.5158730158730159,
        0.5083542188805347,
        0.5258980785296575,
        0.5125313283208021,
        0.5292397660818714,
        0.5267335004177109,
        0.5288220551378446
    ]
}