{
    "0": {
        "precision": 0.43875685557586835,
        "recall": 0.18867924528301888,
        "f1-score": 0.2638812534359538,
        "support": 1272.0
    },
    "1": {
        "precision": 0.5779141104294478,
        "recall": 0.8215116279069767,
        "f1-score": 0.6785114045618247,
        "support": 1720.0
    },
    "accuracy": 0.5524732620320856,
    "macro avg": {
        "precision": 0.5083354830026581,
        "recall": 0.5050954365949978,
        "f1-score": 0.47119632899888925,
        "support": 2992.0
    },
    "weighted avg": {
        "precision": 0.5187536732056,
        "recall": 0.5524732620320856,
        "f1-score": 0.5022381584949437,
        "support": 2992.0
    }
}