{
    "train_loss": [
        0.43809861103165587,
        0.4056825732867979,
        0.3871259864580592,
        0.37311819750209185,
        0.3664173677910206,
        0.35475102859082014,
        0.34710694309880963,
        0.3368384976719701,
        0.33186486848565033,
        0.3244556718787482,
        0.32075489800039714,
        0.3147152087023092,
        0.3084280893355113,
        0.3072313076732959,
        0.29908845457325745,
        0.2976494564170457,
        0.2942017393551792,
        0.2947339679909703,
        0.29203665756505987,
        0.29012752099092615,
        0.28821740205402785,
        0.2869098157779719,
        0.28623374794111694,
        0.2852755856028823,
        0.2816740119972102,
        0.2826550724448952,
        0.2817946888283638,
        0.27912786206929785,
        0.2783039988968459,
        0.2808389376069224,
        0.2775620740909513,
        0.27824798562994035,
        0.27574424356519184,
        0.27719237761838095,
        0.2757195300141046,
        0.27778697890102666,
        0.274312334599289,
        0.27235805018003595,
        0.2716648796963137,
        0.2712295428413489,
        0.27156671304936425,
        0.27078280763768675,
        0.27208531566236505,
        0.2717974132477643,
        0.2687596066103029,
        0.2724985632785531,
        0.26794875663182266,
        0.26856151861803873,
        0.26830231767160156,
        0.26838025460607584,
        0.2680205139408872,
        0.2674316207435836
    ],
    "val_loss": [
        0.3464322534959708,
        0.3418269895795566,
        0.3414686753678678,
        0.3354835883894963,
        0.31710641441950155,
        0.3198738843202591,
        0.3154113437257596,
        0.3256870830681787,
        0.3063768784501659,
        0.30729468166828156,
        0.3038945220299621,
        0.3049649158075674,
        0.3026355340409635,
        0.300997409135548,
        0.299852851166654,
        0.29894252388334985,
        0.29811077398150715,
        0.29690400166298025,
        0.2999563659749814,
        0.29595043209951316,
        0.29985386311118284,
        0.3055518425222653,
        0.30467201079895245,
        0.2987906592550562,
        0.2942948259079634,
        0.29795439585820954,
        0.30265208433813123,
        0.30990932970794277,
        0.30588371718107765,
        0.3072880301902543,
        0.30072059215449576,
        0.29386056158969653,
        0.3072243944477679,
        0.3092464711239089,
        0.30158237556913003,
        0.3085924787307853,
        0.3129990545671378,
        0.29796884942855406,
        0.31832699010621257,
        0.2943035615469093,
        0.29948108031678555,
        0.3118433406326308,
        0.31120481931451544,
        0.2981257528733851,
        0.2987161269828455,
        0.2985257788825391,
        0.3035987522175063,
        0.3048505447248914,
        0.30586140035693327,
        0.30989497121590287,
        0.3013275374672306,
        0.30041378669774355
    ],
    "val_accuracy": [
        0.5646067415730337,
        0.5646067415730337,
        0.5646067415730337,
        0.5646067415730337,
        0.5646067415730337,
        0.5646067415730337,
        0.5646067415730337,
        0.5636704119850188,
        0.5646067415730337,
        0.5646067415730337,
        0.5646067415730337,
        0.5646067415730337,
        0.5646067415730337,
        0.5646067415730337,
        0.5646067415730337,
        0.5646067415730337,
        0.5646067415730337,
        0.5646067415730337,
        0.5646067415730337,
        0.5646067415730337,
        0.5655430711610487,
        0.5646067415730337,
        0.5627340823970037,
        0.5646067415730337,
        0.5646067415730337,
        0.5646067415730337,
        0.5580524344569289,
        0.5374531835205992,
        0.5552434456928839,
        0.5608614232209738,
        0.550561797752809,
        0.5646067415730337,
        0.5561797752808989,
        0.5149812734082397,
        0.5552434456928839,
        0.5580524344569289,
        0.5571161048689138,
        0.5599250936329588,
        0.547752808988764,
        0.5636704119850188,
        0.5646067415730337,
        0.5533707865168539,
        0.5102996254681648,
        0.5636704119850188,
        0.5299625468164794,
        0.5346441947565543,
        0.5421348314606742,
        0.5646067415730337,
        0.552434456928839,
        0.5365168539325843,
        0.549625468164794,
        0.5355805243445693
    ]
}