{
    "train_loss": [
        0.4266132045029802,
        0.38124149572413624,
        0.36224764768665413,
        0.3491771442450558,
        0.3380592075792262,
        0.33055766199118275,
        0.32326453310310643,
        0.3175281811988235,
        0.31198573726356227,
        0.3049873721064919,
        0.30060678260072915,
        0.29568429746699093,
        0.29402980134138634,
        0.28982979489917376,
        0.2863201891316528,
        0.282399991273484,
        0.2814199922488773,
        0.27739712472175837,
        0.27757618910450477,
        0.2736231987658529,
        0.27341918756201417,
        0.272840986888472,
        0.2734270439888552,
        0.2724572643142602
    ],
    "val_loss": [
        0.4896184633027262,
        0.4565889417235531,
        0.4552276721641199,
        0.44296235201963735,
        0.4531519506404649,
        0.4485538824280696,
        0.4546986538082806,
        0.46226555331429436,
        0.459103904108503,
        0.454973749705215,
        0.45776954871505054,
        0.453074215508219,
        0.4555634313554906,
        0.45530103258232574,
        0.46159213203102795,
        0.4637844384606205,
        0.45982422757504593,
        0.4606599478579279,
        0.46638599082605164,
        0.4646951716337631,
        0.46955122075863737,
        0.46016822377247596,
        0.4508985160891689,
        0.45478575887964734
    ],
    "val_accuracy": [
        0.2893258426966292,
        0.2893258426966292,
        0.2893258426966292,
        0.2893258426966292,
        0.2893258426966292,
        0.2893258426966292,
        0.2893258426966292,
        0.2893258426966292,
        0.2893258426966292,
        0.2893258426966292,
        0.2893258426966292,
        0.2893258426966292,
        0.2893258426966292,
        0.2893258426966292,
        0.2893258426966292,
        0.2893258426966292,
        0.2893258426966292,
        0.2893258426966292,
        0.2893258426966292,
        0.2902621722846442,
        0.2893258426966292,
        0.2902621722846442,
        0.2893258426966292,
        0.2893258426966292
    ]
}