{
    "0.0": {
        "precision": 0.15730337078651685,
        "recall": 1.0,
        "f1-score": 0.27184466019417475,
        "support": 84.0
    },
    "1.0": {
        "precision": 0.0,
        "recall": 0.0,
        "f1-score": 0.0,
        "support": 39.0
    },
    "2.0": {
        "precision": 0.0,
        "recall": 0.0,
        "f1-score": 0.0,
        "support": 411.0
    },
    "accuracy": 0.15730337078651685,
    "macro avg": {
        "precision": 0.05243445692883895,
        "recall": 0.3333333333333333,
        "f1-score": 0.09061488673139158,
        "support": 534.0
    },
    "weighted avg": {
        "precision": 0.024744350460800403,
        "recall": 0.15730337078651685,
        "f1-score": 0.04276208137885895,
        "support": 534.0
    }
}