{
    "train_loss": [
        0.5024347155671336,
        0.48052721686835465,
        0.4673351810673736,
        0.4515111687832718,
        0.4280937192282618,
        0.40958553997407754,
        0.3859273284632697,
        0.36424764525529607,
        0.3454836527451852,
        0.3258132148723655,
        0.3080641821416241,
        0.28626093959136056,
        0.26698673121948846,
        0.2492898329170075,
        0.2299459745295274,
        0.21122667907725667,
        0.19885548258500052,
        0.1916927707469939,
        0.17491739536372963,
        0.16387859344010997,
        0.1584136154364277,
        0.14861178229033864,
        0.14576505425871647
    ],
    "val_loss": [
        0.4948007955270655,
        0.5121487691121943,
        0.4823837374939638,
        0.5029086007791407,
        0.5147887773373547,
        0.5236632305033067,
        0.5110232759924496,
        0.5552958123824175,
        0.5324855902615715,
        0.566663533449173,
        0.536186252972659,
        0.5472260734614204,
        0.5619910874787499,
        0.5466341274626115,
        0.5444865580867319,
        0.5138041482252234,
        0.5287300660329707,
        0.5187713924576255,
        0.5366795760743758,
        0.5361140917329227,
        0.5606903938686146,
        0.5740161226076238,
        0.51632900483468
    ],
    "val_accuracy": [
        0.5308823529411765,
        0.4786764705882353,
        0.5463235294117647,
        0.49411764705882355,
        0.4801470588235294,
        0.4772058823529412,
        0.4933823529411765,
        0.46397058823529413,
        0.48161764705882354,
        0.4588235294117647,
        0.4727941176470588,
        0.47058823529411764,
        0.45588235294117646,
        0.4536764705882353,
        0.47058823529411764,
        0.4808823529411765,
        0.475,
        0.4904411764705882,
        0.4786764705882353,
        0.4852941176470588,
        0.46544117647058825,
        0.46838235294117647,
        0.5044117647058823
    ]
}