{
    "train_loss": [
        0.503970801051414,
        0.4841340471576628,
        0.4692420758194248,
        0.4507560496727079,
        0.43390122666811515,
        0.4099562645286445,
        0.3934344451520925,
        0.3718817132990167,
        0.3536294744218068,
        0.333887166936755,
        0.3147512322196934,
        0.2894046862892796,
        0.2734010392464339,
        0.2557956081862463,
        0.24052527502814547,
        0.22513713726602197,
        0.21595822913159696,
        0.19793077259538427,
        0.19183253331373779,
        0.17998720295061107,
        0.17352935689228602,
        0.15971223175259208,
        0.15101075698423008
    ],
    "val_loss": [
        0.5022548167144552,
        0.4813710910432479,
        0.46021072338609137,
        0.5004484516732833,
        0.5320711493492126,
        0.49178985918269436,
        0.4707590310012593,
        0.5047998288098503,
        0.5141565515714533,
        0.4968050669221317,
        0.4953708035104415,
        0.4983197937993442,
        0.506278346566593,
        0.49662172110641706,
        0.4845201590481926,
        0.4797825879910413,
        0.49753060060388904,
        0.5310741680509904,
        0.47852622217991775,
        0.5226710561443778,
        0.5381295805468279,
        0.5174501289339627,
        0.5196287484729991
    ],
    "val_accuracy": [
        0.48455882352941176,
        0.5558823529411765,
        0.5573529411764706,
        0.5036764705882353,
        0.48308823529411765,
        0.513235294117647,
        0.549264705882353,
        0.513235294117647,
        0.5176470588235295,
        0.5272058823529412,
        0.5279411764705882,
        0.5169117647058824,
        0.5227941176470589,
        0.524264705882353,
        0.5360294117647059,
        0.5536764705882353,
        0.5161764705882353,
        0.49264705882352944,
        0.5301470588235294,
        0.5029411764705882,
        0.49117647058823527,
        0.4933823529411765,
        0.5007352941176471
    ]
}