{
    "train_loss": [
        0.49961101065967567,
        0.47775533352626237,
        0.4686488294781812,
        0.4527424193478024,
        0.4335077872712478,
        0.4167732538391504,
        0.39919175070286456,
        0.380623634038634,
        0.3570455356591997,
        0.3408871662214993,
        0.32180749664936303,
        0.3032754098860729,
        0.2876141220228708,
        0.2760136236822261,
        0.25453791992823394,
        0.24057912852159063,
        0.23070237048718428,
        0.2146547541350249,
        0.20667837012912746,
        0.19057169092365603,
        0.1895304949188085,
        0.17194975596920495,
        0.16552871012704082,
        0.16094320307407614,
        0.15260043533767434,
        0.14669742852326437,
        0.13758979897633544,
        0.12752610563135294,
        0.12431973916577096,
        0.1173025240002013,
        0.11385107786231963,
        0.10485203153462734,
        0.106152608696028,
        0.09893216741011264,
        0.09875573567595164,
        0.08908522236666948,
        0.0878410687390843,
        0.08921782409277793,
        0.08025872324077102,
        0.08325655081987053,
        0.07673292129237763,
        0.07297288330253905,
        0.06663040813581282,
        0.06520031360035668,
        0.06759481508402664,
        0.06100053551953998,
        0.05934024535944529,
        0.06056762266099617,
        0.06010764725173233,
        0.05693329051341938
    ],
    "val_loss": [
        0.5361937361605027,
        0.5060822967220755,
        0.5060399325454936,
        0.5009868015261257,
        0.5090080173576579,
        0.5272276457618265,
        0.5173787460607641,
        0.5148828264544992,
        0.5336101924671847,
        0.5340183913707733,
        0.5293219201705035,
        0.4943817755755256,
        0.5324863710824181,
        0.490627938859603,
        0.4985631567590377,
        0.49800645849284003,
        0.5034397223416497,
        0.5147771309403812,
        0.4990807172130136,
        0.5086145565790289,
        0.49197610581622403,
        0.5097945963635164,
        0.5071781996418449,
        0.49913058771806607,
        0.5076860880150514,
        0.5098788952126222,
        0.502872767869164,
        0.515498396578957,
        0.5310381451073815,
        0.4875123700674842,
        0.4993543347891639,
        0.5003834440427668,
        0.5036405770217671,
        0.5077868721064399,
        0.5002434530678918,
        0.5221770016586079,
        0.5255680441856384,
        0.51248399124426,
        0.5176108199007371,
        0.5115077372859506,
        0.5127338924828697,
        0.5062380836290472,
        0.5063139386036817,
        0.5152550704338972,
        0.5109288874794455,
        0.4912502755137051,
        0.5017730337731978,
        0.49546239621499005,
        0.5156278375317068,
        0.5041839715312509
    ],
    "val_accuracy": [
        0.44926470588235295,
        0.46911764705882353,
        0.47205882352941175,
        0.4838235294117647,
        0.47941176470588237,
        0.47941176470588237,
        0.49779411764705883,
        0.49117647058823527,
        0.47573529411764703,
        0.49264705882352944,
        0.4786764705882353,
        0.5154411764705882,
        0.49264705882352944,
        0.524264705882353,
        0.5264705882352941,
        0.525,
        0.5051470588235294,
        0.4904411764705882,
        0.5102941176470588,
        0.4948529411764706,
        0.5426470588235294,
        0.5022058823529412,
        0.4963235294117647,
        0.5110294117647058,
        0.5058823529411764,
        0.4963235294117647,
        0.5014705882352941,
        0.49558823529411766,
        0.4823529411764706,
        0.5176470588235295,
        0.5066176470588235,
        0.5110294117647058,
        0.5044117647058823,
        0.5051470588235294,
        0.5066176470588235,
        0.48676470588235293,
        0.4764705882352941,
        0.4970588235294118,
        0.49264705882352944,
        0.4970588235294118,
        0.49779411764705883,
        0.4985294117647059,
        0.49926470588235294,
        0.49117647058823527,
        0.5,
        0.5154411764705882,
        0.5066176470588235,
        0.5014705882352941,
        0.49411764705882355,
        0.5
    ]
}