{
    "train_loss": [
        0.5003130401099073,
        0.4815551335660759,
        0.46787242765603726,
        0.4531726021386242,
        0.43536835589139955,
        0.4176323419587976,
        0.3968572552627186,
        0.3802243266587736,
        0.36007049812985253,
        0.3377969954290941,
        0.3190024642701654,
        0.3028703978313377,
        0.285439271556708,
        0.2616820813783097,
        0.24548520128328502,
        0.23318928183969803,
        0.21883352156190466,
        0.20753368447333614,
        0.19477756838973975,
        0.18705671252439407,
        0.17696799349137152,
        0.18304913633975728,
        0.16220131914606611,
        0.1518841184972897
    ],
    "val_loss": [
        0.49681264091940486,
        0.5185333472840926,
        0.5082084946772631,
        0.48053206240429597,
        0.5126796599696665,
        0.49284907684606666,
        0.48210875567267925,
        0.5350140014115502,
        0.5018392938024857,
        0.48717575984842637,
        0.5270713921855478,
        0.49430156490382027,
        0.48875879715470705,
        0.48656318818821626,
        0.5192258470198687,
        0.49001194519155167,
        0.4860429311499876,
        0.49883355252883016,
        0.5143856483347276,
        0.5164313705528484,
        0.5299146848566392,
        0.4918104308492997,
        0.49063877410748424,
        0.4885803212137783
    ],
    "val_accuracy": [
        0.5227941176470589,
        0.45,
        0.47573529411764703,
        0.5514705882352942,
        0.4772058823529412,
        0.5014705882352941,
        0.5257352941176471,
        0.47058823529411764,
        0.5,
        0.5544117647058824,
        0.49779411764705883,
        0.5205882352941177,
        0.538235294117647,
        0.5375,
        0.4919117647058823,
        0.5257352941176471,
        0.5301470588235294,
        0.5198529411764706,
        0.4970588235294118,
        0.5110294117647058,
        0.47058823529411764,
        0.5235294117647059,
        0.524264705882353,
        0.5338235294117647
    ]
}