{
    "train_loss": [
        0.4987141246070888,
        0.48686972531032696,
        0.47198534905500555,
        0.4589054227449215,
        0.4409130352973282,
        0.42332845141258,
        0.4036837973858664,
        0.38213872925943326,
        0.36400846946354254,
        0.34235362019876664,
        0.3197766624216856,
        0.2998147236062867,
        0.27992136618622065,
        0.26053513940090656,
        0.23894092884360515,
        0.22039288188109207,
        0.20903241096328345,
        0.18794718901261667,
        0.17624034623947235,
        0.16294321762666905,
        0.15411164631562352,
        0.14626533278818799,
        0.12687060912812265
    ],
    "val_loss": [
        0.46582765579223634,
        0.48146806850152857,
        0.46324291334432716,
        0.5066335376571206,
        0.47789385879741,
        0.4713256453766542,
        0.4815794075236601,
        0.5242210265468149,
        0.49918615712839015,
        0.4901088844327366,
        0.5020006372648127,
        0.4980554640293121,
        0.49569771500194776,
        0.49926610343596517,
        0.5085084894124199,
        0.49310067296028137,
        0.4922150506692774,
        0.5073335030499626,
        0.5068514350582571,
        0.48988667130470276,
        0.5136395878651563,
        0.4947876502485836,
        0.4941323136582094
    ],
    "val_accuracy": [
        0.55,
        0.5404411764705882,
        0.5522058823529412,
        0.48676470588235293,
        0.5470588235294118,
        0.5588235294117647,
        0.5352941176470588,
        0.49558823529411766,
        0.513235294117647,
        0.5316176470588235,
        0.5139705882352941,
        0.5338235294117647,
        0.5345588235294118,
        0.5352941176470588,
        0.5088235294117647,
        0.5161764705882353,
        0.5176470588235295,
        0.5125,
        0.5154411764705882,
        0.5235294117647059,
        0.5161764705882353,
        0.5191176470588236,
        0.5161764705882353
    ]
}