{
    "train_loss": [
        0.5038326689678833,
        0.4876728240282696,
        0.47582621280068055,
        0.4632524474122993,
        0.44646379654968293,
        0.4285868815821499,
        0.4111195197623566,
        0.39149332944267884,
        0.3725464502669758,
        0.35475379833247017,
        0.33312507326288104,
        0.3130598540073248,
        0.2946117724070359,
        0.27900598947332844,
        0.2600491744308557,
        0.24352791293574166,
        0.22658752820145805,
        0.21129420755285017,
        0.20043040824313604,
        0.19119212178941278,
        0.17665625277501845,
        0.17221410914312696,
        0.15846623312758776,
        0.15344016006961977
    ],
    "val_loss": [
        0.4877885397742776,
        0.45987215638160706,
        0.47008403153980477,
        0.44632695036775927,
        0.45845895339460935,
        0.4644893369253944,
        0.5113092615323909,
        0.5427254024673911,
        0.48773173198980446,
        0.48011021438766927,
        0.4722179938765133,
        0.5187513502205119,
        0.5137459344723645,
        0.5086079103105209,
        0.4772356636383954,
        0.49895619083853326,
        0.49829059032832873,
        0.49553001277586994,
        0.4874387653434978,
        0.5032603852889117,
        0.492444748562925,
        0.514077167300617,
        0.4998642625177608,
        0.49902131031541264
    ],
    "val_accuracy": [
        0.5625,
        0.5602941176470588,
        0.575,
        0.5808823529411765,
        0.5639705882352941,
        0.5786764705882353,
        0.5058823529411764,
        0.49558823529411766,
        0.5433823529411764,
        0.5426470588235294,
        0.5625,
        0.5161764705882353,
        0.5198529411764706,
        0.5176470588235295,
        0.5507352941176471,
        0.5161764705882353,
        0.5110294117647058,
        0.5257352941176471,
        0.525,
        0.5169117647058824,
        0.5176470588235295,
        0.5058823529411764,
        0.5117647058823529,
        0.5294117647058824
    ]
}