{
    "train_loss": [
        0.5023832491700226,
        0.48360869280245805,
        0.474762878358938,
        0.4553433295949125,
        0.4391493844649815,
        0.41917357664488697,
        0.40117711656851157,
        0.38007482964202166,
        0.3606538950290116,
        0.33838855613540586,
        0.3204102966078702,
        0.3029674234629661,
        0.28693202162543224,
        0.26973029825595585,
        0.25389189207529267,
        0.23473549218133521,
        0.220217306971386,
        0.2080146946330674,
        0.1962940980164024,
        0.18269532476199543,
        0.1697769069575296,
        0.16305444228169513
    ],
    "val_loss": [
        0.5795293723835665,
        0.4677994219695821,
        0.5163825220921461,
        0.4858578131479375,
        0.626391662569607,
        0.49589700804037207,
        0.4738946981289808,
        0.5040851414203644,
        0.48313829337849334,
        0.5175813352360444,
        0.4989556074142456,
        0.5064468744923086,
        0.5360361555043389,
        0.5088186001076418,
        0.5197788943262661,
        0.508915821944966,
        0.5103487801902434,
        0.505322192696964,
        0.5091991883866928,
        0.5010395863476922,
        0.4976566784522113,
        0.4992300964453641
    ],
    "val_accuracy": [
        0.45,
        0.5625,
        0.4522058823529412,
        0.5176470588235295,
        0.44926470588235295,
        0.5044117647058823,
        0.5514705882352942,
        0.5110294117647058,
        0.5404411764705882,
        0.4985294117647059,
        0.513235294117647,
        0.5279411764705882,
        0.5433823529411764,
        0.5227941176470589,
        0.4838235294117647,
        0.5397058823529411,
        0.5286764705882353,
        0.5227941176470589,
        0.5102941176470588,
        0.5279411764705882,
        0.5220588235294118,
        0.5073529411764706
    ]
}