{
    "0": {
        "precision": 0.5,
        "recall": 0.02287581699346405,
        "f1-score": 0.04375,
        "support": 306.0
    },
    "1": {
        "precision": 0.551051051051051,
        "recall": 0.9812834224598931,
        "f1-score": 0.7057692307692308,
        "support": 374.0
    },
    "accuracy": 0.55,
    "macro avg": {
        "precision": 0.5255255255255256,
        "recall": 0.5020796197266786,
        "f1-score": 0.3747596153846154,
        "support": 680.0
    },
    "weighted avg": {
        "precision": 0.528078078078078,
        "recall": 0.55,
        "f1-score": 0.40786057692307687,
        "support": 680.0
    }
}