{
    "0": {
        "precision": 0.5,
        "recall": 0.016339869281045753,
        "f1-score": 0.03164556962025317,
        "support": 306.0
    },
    "1": {
        "precision": 0.5507462686567164,
        "recall": 0.9866310160427807,
        "f1-score": 0.7068965517241379,
        "support": 374.0
    },
    "accuracy": 0.55,
    "macro avg": {
        "precision": 0.5253731343283582,
        "recall": 0.5014854426619132,
        "f1-score": 0.3692710606721955,
        "support": 680.0
    },
    "weighted avg": {
        "precision": 0.527910447761194,
        "recall": 0.55,
        "f1-score": 0.4030336097773898,
        "support": 680.0
    }
}