{
    "0": {
        "precision": 0.47706422018348627,
        "recall": 0.16993464052287582,
        "f1-score": 0.25060240963855424,
        "support": 306.0
    },
    "1": {
        "precision": 0.5551663747810858,
        "recall": 0.8475935828877005,
        "f1-score": 0.6708994708994709,
        "support": 374.0
    },
    "accuracy": 0.5426470588235294,
    "macro avg": {
        "precision": 0.516115297482286,
        "recall": 0.5087641117052881,
        "f1-score": 0.46075094026901253,
        "support": 680.0
    },
    "weighted avg": {
        "precision": 0.5200204052121661,
        "recall": 0.5426470588235294,
        "f1-score": 0.48176579333205843,
        "support": 680.0
    }
}