{
    "0": {
        "precision": 0.44871794871794873,
        "recall": 0.11437908496732026,
        "f1-score": 0.18229166666666666,
        "support": 306.0
    },
    "1": {
        "precision": 0.5498338870431894,
        "recall": 0.8850267379679144,
        "f1-score": 0.6782786885245902,
        "support": 374.0
    },
    "accuracy": 0.538235294117647,
    "macro avg": {
        "precision": 0.499275917880569,
        "recall": 0.49970291146761736,
        "f1-score": 0.4302851775956284,
        "support": 680.0
    },
    "weighted avg": {
        "precision": 0.5043317147968311,
        "recall": 0.538235294117647,
        "f1-score": 0.45508452868852456,
        "support": 680.0
    }
}