{
    "train_loss": [
        0.46878843986859886,
        0.36481839498525026,
        0.31811033669979344,
        0.27719057327316654,
        0.2595201460744745,
        0.22953057044776537,
        0.21405504479683857,
        0.19439842479844247,
        0.17649498465721325,
        0.16285573030191083,
        0.1544670619030473,
        0.13364678447044664,
        0.12544390833586133,
        0.12634652452443235,
        0.11412971612987338,
        0.10111886899798148,
        0.10047670728176512,
        0.09130033021492343,
        0.09127868107089432,
        0.0849364124418747,
        0.08260064311726119,
        0.07752329844140238,
        0.07909485375288353,
        0.0823044365231869,
        0.07275799440560482,
        0.07464675089564696,
        0.07121653105783206,
        0.0649448302724669,
        0.06824014316843723,
        0.06612599970552549,
        0.06299190479581074,
        0.059592592770293835,
        0.05706852982922267,
        0.05273573430034743,
        0.05153888611683762,
        0.04493973913892944,
        0.051293381309557344,
        0.04943667967573449,
        0.04968721826650923,
        0.04939220153215912,
        0.05784863819398226,
        0.050472799708606096,
        0.0462606905118352,
        0.05732818530692208,
        0.04706689356876317,
        0.03968898939990228,
        0.04627573523690463,
        0.0512009059149091,
        0.04057654179632664,
        0.037807940210025474,
        0.0410604304333608,
        0.034778726151994156
    ],
    "val_loss": [
        0.41740461847474497,
        0.39028630237425527,
        0.3711084687421399,
        0.3917158063380949,
        0.35865142701133607,
        0.36068173666154185,
        0.37733483026104586,
        0.35235097451556113,
        0.3447591523008962,
        0.4145966523116635,
        0.3557739688023444,
        0.36112954635773936,
        0.36464829406430643,
        0.3594223248862451,
        0.34243727811882574,
        0.3331612610528546,
        0.34729469783844485,
        0.36193934683838197,
        0.33677464987962474,
        0.34399414519148486,
        0.3199474813957368,
        0.321446591086926,
        0.33040082382579006,
        0.32890129281628516,
        0.36477719920296825,
        0.3714786443498827,
        0.3328179330114395,
        0.32196689577352616,
        0.31269611225974175,
        0.3325819464460496,
        0.3349739769774099,
        0.2950379478354608,
        0.3046266062846107,
        0.31952803245475214,
        0.36957920991605325,
        0.3212214833305728,
        0.31258282750364275,
        0.3669300201919771,
        0.4432011792255986,
        0.34803226914617325,
        0.31139419600367546,
        0.3234903980647364,
        0.3394697534461175,
        0.3498585233765264,
        0.3204068090886839,
        0.31417103352085235,
        0.31082199105331976,
        0.31678094053941386,
        0.3091577154494101,
        0.3109056852277248,
        0.3130358368639023,
        0.3135955331306304
    ],
    "val_accuracy": [
        0.6578947368421053,
        0.7176113360323887,
        0.7206477732793523,
        0.6912955465587044,
        0.7246963562753036,
        0.7196356275303644,
        0.708502024291498,
        0.7226720647773279,
        0.7257085020242915,
        0.6508097165991903,
        0.6963562753036437,
        0.6882591093117408,
        0.6740890688259109,
        0.680161943319838,
        0.7034412955465587,
        0.7135627530364372,
        0.6862348178137652,
        0.6730769230769231,
        0.6923076923076923,
        0.6842105263157895,
        0.7125506072874493,
        0.7115384615384616,
        0.6912955465587044,
        0.6953441295546559,
        0.6508097165991903,
        0.6508097165991903,
        0.6892712550607287,
        0.701417004048583,
        0.7155870445344129,
        0.694331983805668,
        0.6912955465587044,
        0.7368421052631579,
        0.7196356275303644,
        0.7054655870445344,
        0.6437246963562753,
        0.701417004048583,
        0.7125506072874493,
        0.645748987854251,
        0.5546558704453441,
        0.6690283400809717,
        0.7145748987854251,
        0.6923076923076923,
        0.6720647773279352,
        0.6680161943319838,
        0.6923076923076923,
        0.6953441295546559,
        0.7135627530364372,
        0.7095141700404858,
        0.7034412955465587,
        0.7064777327935222,
        0.708502024291498,
        0.6993927125506073
    ]
}