{
    "train_loss": [
        0.45679646377922384,
        0.35730595542218097,
        0.3126187023296151,
        0.27204315652770383,
        0.24536157247199808,
        0.21580268959364585,
        0.20627305043801183,
        0.17894171578909762,
        0.16546730380705607,
        0.17159361578524113,
        0.1491567087710224,
        0.13382917650604761,
        0.1463794311087939,
        0.11870557826853567,
        0.11483811853473545,
        0.10139241351956321,
        0.10436058877616801,
        0.09208963040302517,
        0.08973512960778128,
        0.08593507746975589,
        0.09347078982259958,
        0.07920430470458283,
        0.09511110877558109,
        0.09179648877151551,
        0.0754929923362309,
        0.07090340832108132,
        0.0705581438597492,
        0.07957455397693701,
        0.0767959633902196,
        0.07306821720414264,
        0.059980666855730676,
        0.06164615396009658,
        0.07332491652379113,
        0.05460414828191842,
        0.05273835419086359,
        0.05397794992532781,
        0.045822384446779246,
        0.05138628363549229,
        0.04699569391787693,
        0.043668349699107226,
        0.04409239399096658,
        0.06831356214599744,
        0.0507217894398397,
        0.05042801060844013,
        0.0480811702017422,
        0.03833221400316845,
        0.03992460000639161,
        0.048615246545523405,
        0.0419154411522291,
        0.04492124941660672,
        0.035002217633068884,
        0.03397754094343112,
        0.041727863587639344,
        0.04097773991425031,
        0.050723699752682,
        0.03674393411355233,
        0.046932422328159536,
        0.037999295133857,
        0.03588348589537124,
        0.03444881286341897,
        0.033652572136532555,
        0.029546941134838328,
        0.03383463510732737,
        0.028809576282798444,
        0.031038436204976132,
        0.029967557829153793,
        0.10843460776052007,
        0.041393385819529976,
        0.03440764759196549,
        0.025584529847487488,
        0.030341560053589043,
        0.029414733318531866,
        0.024015972646133553,
        0.026124442471892283,
        0.02783292309401096,
        0.030122759551691112,
        0.028189462494425555,
        0.02923967443176255,
        0.025616421594574886
    ],
    "val_loss": [
        0.3939765614847983,
        0.3930875351352076,
        0.3893993213292091,
        0.4160491160808071,
        0.35812744810696573,
        0.37135553840667973,
        0.3566633888310002,
        0.35432912144930134,
        0.3947716114982482,
        0.3787821651466431,
        0.3916022931375811,
        0.36418145438355787,
        0.3661387774252122,
        0.3471288777166797,
        0.3495168659475542,
        0.36767760640190494,
        0.3390969497061545,
        0.335320909657786,
        0.3267713987058209,
        0.3597040085061904,
        0.32786485360514733,
        0.34133087987861327,
        0.32260246202349663,
        0.35563467611228267,
        0.3351355293585408,
        0.3771399797931794,
        0.37404021885125865,
        0.33245382109476673,
        0.41394773269853286,
        0.3202603217815199,
        0.32725853424879814,
        0.31961932417846495,
        0.3381585931826022,
        0.3917910586441717,
        0.32487137687783085,
        0.39149252974217935,
        0.33936508600750276,
        0.31181582700340976,
        0.32820371310076407,
        0.3246673594319051,
        0.3272772871799046,
        0.30044660813385443,
        0.30220422160721594,
        0.2982416131323384,
        0.32065838106697603,
        0.31693859758876985,
        0.3139794163646237,
        0.30238451328008403,
        0.3032529307829757,
        0.3385384029919101,
        0.32825496047735214,
        0.33129157204060783,
        0.308374720475366,
        0.3106939591948063,
        0.3207582111260103,
        0.3553733923021824,
        0.3076104677973255,
        0.30157793355324575,
        0.2906401349652198,
        0.3019311721286466,
        0.30305937641570646,
        0.29499695041487295,
        0.3185050923737787,
        0.30599296801993925,
        0.3122217183512065,
        0.3312606652898173,
        0.35794231583995206,
        0.3281314829664846,
        0.3134230847861017,
        0.29180612114648663,
        0.3043193979369056,
        0.31706930324435234,
        0.30697096121166983,
        0.31772237956043214,
        0.3305317105785493,
        0.31033259573122185,
        0.31105502574674543,
        0.30120560562899035,
        0.2907090987409315
    ],
    "val_accuracy": [
        0.687246963562753,
        0.6923076923076923,
        0.7125506072874493,
        0.6376518218623481,
        0.7257085020242915,
        0.7338056680161943,
        0.7186234817813765,
        0.7226720647773279,
        0.645748987854251,
        0.6609311740890689,
        0.6538461538461539,
        0.6953441295546559,
        0.6852226720647774,
        0.7024291497975709,
        0.6953441295546559,
        0.6710526315789473,
        0.7145748987854251,
        0.7054655870445344,
        0.701417004048583,
        0.6771255060728745,
        0.6973684210526315,
        0.6862348178137652,
        0.701417004048583,
        0.6690283400809717,
        0.7034412955465587,
        0.6437246963562753,
        0.645748987854251,
        0.6963562753036437,
        0.6032388663967612,
        0.6973684210526315,
        0.6953441295546559,
        0.7044534412955465,
        0.6912955465587044,
        0.6174089068825911,
        0.6973684210526315,
        0.6255060728744939,
        0.6781376518218624,
        0.7004048582995951,
        0.6902834008097166,
        0.6983805668016194,
        0.6912955465587044,
        0.7226720647773279,
        0.7186234817813765,
        0.7165991902834008,
        0.6912955465587044,
        0.6923076923076923,
        0.6983805668016194,
        0.7105263157894737,
        0.7155870445344129,
        0.6740890688259109,
        0.687246963562753,
        0.680161943319838,
        0.7074898785425101,
        0.7054655870445344,
        0.6912955465587044,
        0.6518218623481782,
        0.7054655870445344,
        0.7074898785425101,
        0.7196356275303644,
        0.7135627530364372,
        0.7145748987854251,
        0.7206477732793523,
        0.6963562753036437,
        0.701417004048583,
        0.7044534412955465,
        0.6761133603238867,
        0.6518218623481782,
        0.6852226720647774,
        0.7034412955465587,
        0.7206477732793523,
        0.7115384615384616,
        0.6923076923076923,
        0.708502024291498,
        0.701417004048583,
        0.6842105263157895,
        0.7004048582995951,
        0.6973684210526315,
        0.7105263157894737,
        0.7196356275303644
    ]
}