{
    "0": {
        "precision": 0.6849015317286652,
        "recall": 0.6548117154811716,
        "f1-score": 0.6695187165775401,
        "support": 478.0
    },
    "1": {
        "precision": 0.6892655367231638,
        "recall": 0.7176470588235294,
        "f1-score": 0.7031700288184438,
        "support": 510.0
    },
    "accuracy": 0.687246963562753,
    "macro avg": {
        "precision": 0.6870835342259145,
        "recall": 0.6862293871523505,
        "f1-score": 0.686344372697992,
        "support": 988.0
    },
    "weighted avg": {
        "precision": 0.6871542063715744,
        "recall": 0.687246963562753,
        "f1-score": 0.6868893332201119,
        "support": 988.0
    }
}