{
    "train_loss": [
        0.48163714859374734,
        0.4316747928774634,
        0.4065221576843151,
        0.3849671946015469,
        0.37412285721579264,
        0.3561589856480443,
        0.3458310161219087,
        0.330251331107561,
        0.3142520277306091,
        0.30078159206828403,
        0.2891291569138682,
        0.27614977269671687,
        0.26007342400938965,
        0.251216001392797,
        0.23458618590998095,
        0.2249685204826122,
        0.22107611133955246,
        0.20390841347533603,
        0.1975780993353489,
        0.1883543312549591,
        0.177287063349125,
        0.16309816807855007,
        0.1589843806485797,
        0.15424243624127187
    ],
    "val_loss": [
        0.4887680427233378,
        0.41817412853240965,
        0.4349567997455597,
        0.38759367684523266,
        0.4004623395204544,
        0.4068699238697688,
        0.4278300732374191,
        0.416474026342233,
        0.43667582561572393,
        0.4617378403743108,
        0.4124517654379209,
        0.42342512011528016,
        0.4313126148780187,
        0.4367945832014084,
        0.4251315035422643,
        0.45449501017729443,
        0.42940121541420617,
        0.435519315302372,
        0.43344751358032224,
        0.4546747368574142,
        0.4361868733167648,
        0.46345501760641733,
        0.4252287715673447,
        0.41936403294404345
    ],
    "val_accuracy": [
        0.5116959064327485,
        0.6436925647451963,
        0.6219715956558062,
        0.6545530492898914,
        0.6453634085213033,
        0.6303258145363408,
        0.6215538847117794,
        0.6361737677527152,
        0.6127819548872181,
        0.6015037593984962,
        0.6436925647451963,
        0.6390977443609023,
        0.6173767752715121,
        0.6127819548872181,
        0.6190476190476191,
        0.581453634085213,
        0.6010860484544696,
        0.6090225563909775,
        0.6157059314954052,
        0.5856307435254804,
        0.5998329156223893,
        0.5680868838763575,
        0.6069340016708438,
        0.6177944862155389
    ]
}