{
    "train_loss": [
        0.49288357329923055,
        0.4433222632768542,
        0.4155940478970838,
        0.3969909118358479,
        0.38376989946808926,
        0.3679125933799633,
        0.35451582763777223,
        0.33983029102863266,
        0.3252559514239777,
        0.31396753256057586,
        0.2979916342469149,
        0.28642371338467265,
        0.2744421115794847,
        0.26174887685581694,
        0.244994193817987,
        0.23281493351556534,
        0.22293685255355614,
        0.20798108835899554,
        0.1991650455219801,
        0.1868709025341411,
        0.1795942385529363,
        0.16510008713013904,
        0.15556131577075913,
        0.14891622964899207,
        0.14212070968608523,
        0.13435216639624087
    ],
    "val_loss": [
        0.4053359043598175,
        0.46803835868835447,
        0.44916496713956194,
        0.42029066373904544,
        0.45669084052244824,
        0.39897350619236627,
        0.41310472746690113,
        0.44457259595394133,
        0.42229210744301476,
        0.4092544992764791,
        0.5239390361309052,
        0.42815413226683935,
        0.4468238026897113,
        0.43309288611014685,
        0.42563510179519654,
        0.41601432303587593,
        0.4290057502190272,
        0.4082011811931928,
        0.41440384785334267,
        0.4537916464606921,
        0.4161633895834287,
        0.5060593583186468,
        0.4026701791087786,
        0.43134949177503584,
        0.4125542161862055,
        0.4896656169493993
    ],
    "val_accuracy": [
        0.647451963241437,
        0.5526315789473685,
        0.5693400167084378,
        0.6198830409356725,
        0.5668337510442774,
        0.6491228070175439,
        0.6353383458646616,
        0.5923141186299081,
        0.6190476190476191,
        0.6562238930659984,
        0.5254803675856308,
        0.6098579782790309,
        0.589390142021721,
        0.6102756892230576,
        0.6223893065998329,
        0.6223893065998329,
        0.6186299081035923,
        0.6307435254803676,
        0.6286549707602339,
        0.5718462823725982,
        0.6177944862155389,
        0.5112781954887218,
        0.6265664160401002,
        0.5923141186299081,
        0.6131996658312447,
        0.5225563909774437
    ]
}