{
    "train_loss": [
        0.48498560107031535,
        0.43660520793393603,
        0.41668468717225765,
        0.39808123610740487,
        0.38338215711504914,
        0.3767836360390796,
        0.36220767349004745,
        0.34336990963581,
        0.3317897827126259,
        0.3125682823186697,
        0.3066260633427043,
        0.2927572633464669,
        0.27823610815197924,
        0.2571396849702957,
        0.24328967095461002,
        0.23536361409134643,
        0.21969118374724722,
        0.2134143722438535,
        0.19701530248966329,
        0.1836485342144273,
        0.1776478221510039,
        0.16329024063293324,
        0.15940573475388595,
        0.1671453057680019,
        0.1436303838914217
    ],
    "val_loss": [
        0.42462131838003797,
        0.409067310889562,
        0.39633997797966003,
        0.4286369655529658,
        0.38614762465159097,
        0.4280849276979764,
        0.4023219453295072,
        0.39627888480822243,
        0.3948436345656713,
        0.4447396892309189,
        0.4284809944033623,
        0.4127560005585353,
        0.43017452001571654,
        0.39643714219331744,
        0.4331812256574631,
        0.4399383044242859,
        0.41471310317516324,
        0.3875991428891818,
        0.42561193495988847,
        0.3938949502507846,
        0.4346493742863337,
        0.39769517242908475,
        0.42554375052452087,
        0.4262438217798869,
        0.41268761157989503
    ],
    "val_accuracy": [
        0.6720969089390142,
        0.6804511278195489,
        0.6441102756892231,
        0.6470342522974102,
        0.6620718462823726,
        0.5902255639097744,
        0.64578111946533,
        0.6466165413533834,
        0.664578111946533,
        0.6006683375104428,
        0.6324143692564745,
        0.6441102756892231,
        0.6152882205513784,
        0.6700083542188805,
        0.6119465329991646,
        0.6006683375104428,
        0.620718462823726,
        0.6516290726817042,
        0.6031746031746031,
        0.6361737677527152,
        0.5810359231411864,
        0.6357560568086884,
        0.5994152046783626,
        0.5935672514619883,
        0.6203007518796992
    ]
}