{
    "train_loss": [
        0.4813182466944983,
        0.430302887531214,
        0.4062445277391478,
        0.38919021088716593,
        0.37197807559440305,
        0.35663482810175695,
        0.34708741432012513,
        0.3333483943065932,
        0.3191529609782751,
        0.3042857683848503,
        0.2922882737461911,
        0.2744307978728483,
        0.2604117238764153,
        0.2525131390711596,
        0.23535940434003985,
        0.2275119117006313,
        0.2139264425392761,
        0.20886953854283621,
        0.1939601046401401,
        0.1875661288236463,
        0.17643222959582197,
        0.1714875852559195,
        0.1572975448917511,
        0.1547101458491281,
        0.14339026736831942,
        0.14230204400454843
    ],
    "val_loss": [
        0.40932225445906323,
        0.43632343928019207,
        0.41075979024171827,
        0.39465149531761806,
        0.41191933552424115,
        0.38041710942983625,
        0.3957484319806099,
        0.41692265142997104,
        0.45421666026115415,
        0.4302453479170799,
        0.4467595837513606,
        0.4610148753722509,
        0.4432088989019394,
        0.43664807319641114,
        0.4152776776750882,
        0.49616879373788836,
        0.4015766448775927,
        0.43802661577860513,
        0.39392124066750206,
        0.4310691824555397,
        0.45713083187739056,
        0.43557891706625623,
        0.4453968025247256,
        0.44807787259419757,
        0.44009422580401103,
        0.41113105952739715
    ],
    "val_accuracy": [
        0.658312447786132,
        0.5860484544695072,
        0.6278195488721805,
        0.641186299081036,
        0.6599832915622389,
        0.672514619883041,
        0.6453634085213033,
        0.6261487050960736,
        0.5914786967418546,
        0.6069340016708438,
        0.5818713450292398,
        0.6010860484544696,
        0.601921470342523,
        0.5977443609022557,
        0.6370091896407686,
        0.5359231411862991,
        0.6478696741854637,
        0.600250626566416,
        0.6549707602339181,
        0.5998329156223893,
        0.5776942355889725,
        0.5856307435254804,
        0.5714285714285714,
        0.5743525480367586,
        0.5860484544695072,
        0.616123642439432
    ]
}