{
    "train_loss": [
        0.6073038813001858,
        0.547476821911787,
        0.5314389777754596,
        0.5168062124899524,
        0.509605492362957,
        0.5055910918170107,
        0.5018080082125292,
        0.5018039685999324,
        0.49779910063315297,
        0.4977745302542003,
        0.4952802664624479,
        0.4894438312201205,
        0.48608097999157784,
        0.4844162636650299,
        0.4823320942248651,
        0.48085503074937236,
        0.4757370048773265,
        0.4732874327315066,
        0.47223262842781766,
        0.47141316366528796,
        0.47053028687745513,
        0.46349586394732584,
        0.4635928344583797,
        0.4612720787168263,
        0.46039733254980897,
        0.45793003843216123,
        0.4556623393903949,
        0.45436761431589334,
        0.4533273004248233,
        0.4482523964312738,
        0.4498341401774964,
        0.4464881077498019,
        0.44547075526918956,
        0.4434874929234891,
        0.44131905688140205,
        0.43625289909615966,
        0.4388266366398977,
        0.43681038829856766,
        0.4325592579123027,
        0.433946655449753,
        0.4293467298953119,
        0.4304367533760394,
        0.42892036888889684,
        0.42297020292805576,
        0.4234208229356659,
        0.4224763396614326,
        0.42518490862227726,
        0.4227731080052857,
        0.4214839373460549,
        0.41882844334709907,
        0.41292272543835784,
        0.4208199675687535,
        0.4135899815909163,
        0.4145438224077225,
        0.4135828756703112,
        0.40986910783602093,
        0.4104278397833754,
        0.41216515150374755,
        0.40888448145813094,
        0.40911502005930195,
        0.40507396148469393,
        0.4074705298432333,
        0.405727245374592,
        0.401597208427098,
        0.40459525335334734,
        0.4032723812345497,
        0.40348031896792963,
        0.4036212256568635,
        0.399236589908124,
        0.39722078866111543,
        0.39852297454774976,
        0.3987677005117763,
        0.3949405650892657,
        0.3945021415036358,
        0.3947387557186766,
        0.3940387873235577,
        0.3919125901843735,
        0.39587022530699445,
        0.39206386359032996,
        0.3899386423136184,
        0.38915841144596985,
        0.3873429480129611
    ],
    "val_loss": [
        0.49845752548314853,
        0.5018763799153402,
        0.4986305632990991,
        0.4993136325282251,
        0.49823855122406324,
        0.49791345428563877,
        0.49746546595396396,
        0.4967361254963332,
        0.49523119905037793,
        0.4908993567178349,
        0.48900655286754674,
        0.48319934067611925,
        0.480793288367951,
        0.4791245721057504,
        0.4784350273851863,
        0.4714850626305906,
        0.4710448200474242,
        0.47152353421656673,
        0.4648885386075802,
        0.46375254242720004,
        0.4606605007976829,
        0.45876090041177714,
        0.45676255119061043,
        0.45847786989754546,
        0.4542165553855325,
        0.4568903376599272,
        0.4523880533472507,
        0.448391071872083,
        0.4551020667938415,
        0.4472979573075643,
        0.44438623614653855,
        0.4438311009706851,
        0.44147425640129045,
        0.43998380924413305,
        0.43869531966612013,
        0.4374064149078495,
        0.43486927342629006,
        0.4371346626988428,
        0.43611488620678107,
        0.44049896496141744,
        0.4335568444636054,
        0.42840924243370215,
        0.431745712360936,
        0.4305420392109248,
        0.43647765988361337,
        0.4245273973235113,
        0.4284521553687707,
        0.4364882758456076,
        0.42301392662311027,
        0.42236984980677417,
        0.43026398345381917,
        0.42203498002654777,
        0.42493448455533583,
        0.4305185035852615,
        0.4203762631573363,
        0.4248713592212357,
        0.42784190534831523,
        0.43836924112485554,
        0.42800592546334526,
        0.42850294093528907,
        0.42283781202967297,
        0.4190592444585469,
        0.42841722285319234,
        0.4272792002933468,
        0.4350470975487532,
        0.43829438813075333,
        0.44260626156886895,
        0.4345681578991656,
        0.4409632869287879,
        0.42777741240884015,
        0.43489854002070283,
        0.4318097358692192,
        0.4505937977465327,
        0.4543923821277961,
        0.43839875434687037,
        0.44315124825089275,
        0.44085877223643,
        0.42921216330842343,
        0.4405355769360137,
        0.4362280211762754,
        0.43738071504467263,
        0.4612974411177778
    ],
    "val_accuracy": [
        0.5086077844311377,
        0.49326347305389223,
        0.5336826347305389,
        0.4966317365269461,
        0.5243263473053892,
        0.5198353293413174,
        0.5018712574850299,
        0.5014970059880239,
        0.500374251497006,
        0.5479041916167665,
        0.5520209580838323,
        0.5381736526946108,
        0.5598802395209581,
        0.5546407185628742,
        0.5479041916167665,
        0.5595059880239521,
        0.5602544910179641,
        0.5587574850299402,
        0.5561377245508982,
        0.5542664670658682,
        0.5580089820359282,
        0.5561377245508982,
        0.5538922155688623,
        0.5666167664670658,
        0.563622754491018,
        0.5726047904191617,
        0.5696107784431138,
        0.5714820359281437,
        0.5662425149700598,
        0.5737275449101796,
        0.5759730538922155,
        0.5722305389221557,
        0.5726047904191617,
        0.5797155688622755,
        0.5748502994011976,
        0.5849550898203593,
        0.5827095808383234,
        0.5827095808383234,
        0.5819610778443114,
        0.5819610778443114,
        0.5853293413173652,
        0.5898203592814372,
        0.5797155688622755,
        0.5883233532934131,
        0.5883233532934131,
        0.5920658682634731,
        0.5827095808383234,
        0.5849550898203593,
        0.5872005988023952,
        0.5875748502994012,
        0.5875748502994012,
        0.5924401197604791,
        0.5872005988023952,
        0.5898203592814372,
        0.5886976047904192,
        0.5898203592814372,
        0.5890718562874252,
        0.5875748502994012,
        0.5883233532934131,
        0.5886976047904192,
        0.594685628742515,
        0.5905688622754491,
        0.5920658682634731,
        0.594685628742515,
        0.5883233532934131,
        0.5860778443113772,
        0.5890718562874252,
        0.5913173652694611,
        0.5834580838323353,
        0.5838323353293413,
        0.5842065868263473,
        0.5834580838323353,
        0.5845808383233533,
        0.5868263473053892,
        0.5864520958083832,
        0.5868263473053892,
        0.5868263473053892,
        0.5853293413173652,
        0.5834580838323353,
        0.5864520958083832,
        0.5797155688622755,
        0.5819610778443114
    ]
}