{
    "train_loss": [
        0.5963491971145372,
        0.5454964941133282,
        0.5233517083936109,
        0.5147788188533631,
        0.5097738748895908,
        0.505453887516391,
        0.5053816087945493,
        0.501357033759534,
        0.49950468230866146,
        0.49872213007209304,
        0.4994845713327031,
        0.49471768362079555,
        0.49675155209448046,
        0.49040543146714005,
        0.48765015655648924,
        0.4859655173476823,
        0.48197412586021804,
        0.4814851287001383,
        0.47982641477546767,
        0.47970852797140856,
        0.47512193782600814,
        0.47302912612875064,
        0.4698993329278485,
        0.47167338790769825,
        0.468429458593418,
        0.4655392299036304,
        0.46461097197142426,
        0.46402618937387674,
        0.4620323885462717,
        0.46094795157333573,
        0.460528015555022,
        0.45910519801689953,
        0.456927574323323,
        0.459134913311747,
        0.453897628479613,
        0.4550728695597239,
        0.45209388110690013,
        0.45065950294454654,
        0.4509979584319387,
        0.4484626153510012,
        0.44587760426089196,
        0.4431434535456751,
        0.44141402977431365,
        0.4411051585050876,
        0.4406463854803059,
        0.4391975998283622,
        0.43890301124778336,
        0.4348407021004283,
        0.43375112904521995,
        0.43668766905685624,
        0.4339228176071258,
        0.43197271905973283,
        0.4324322394030299,
        0.43086213554569824,
        0.43052586663269,
        0.4259485246654518,
        0.4254931726914918,
        0.4254920865723235,
        0.42308935755027266,
        0.42170827254325804,
        0.42181547259737157,
        0.4179403750958319,
        0.4164517747308918,
        0.42040551166810436,
        0.4181898741605515,
        0.41811330964465343,
        0.4132088415042131,
        0.41776918193061435,
        0.4124411361184187,
        0.40990727408203537,
        0.4064717244602249,
        0.411613447372309,
        0.4117085344777136,
        0.4149514542903729,
        0.40588004952538276,
        0.406735815092951,
        0.4066133210045135,
        0.40767409023410545,
        0.404302148672635,
        0.40473666700893296
    ],
    "val_loss": [
        0.4999110555934335,
        0.4998267376851179,
        0.4999194034559284,
        0.4994024068652513,
        0.49908298486007185,
        0.49887058085310243,
        0.4980245088031906,
        0.4981538175108904,
        0.497919578930575,
        0.49675585106461345,
        0.49612733471893267,
        0.49412307071828554,
        0.4917208438148042,
        0.4877733300902886,
        0.4833863614918943,
        0.4791602776079121,
        0.47718339337560234,
        0.4743237274135658,
        0.4706818120565243,
        0.4678844208132007,
        0.46506425238654997,
        0.4633959312281923,
        0.46226177261975,
        0.4603178725984996,
        0.4587874587424501,
        0.4565866271000422,
        0.45661971169317556,
        0.45600297074474977,
        0.44933191155959035,
        0.4503815688059002,
        0.4462863337137028,
        0.44829272081752025,
        0.44518627859875115,
        0.44182748699973445,
        0.43976037579025334,
        0.439532049134106,
        0.4373228960408422,
        0.4372076518878251,
        0.456874052742998,
        0.43103461208457716,
        0.43185059155175787,
        0.42633194284524745,
        0.42914323749656447,
        0.42782652092551043,
        0.42338850790868976,
        0.42382136665418474,
        0.4197065156555461,
        0.41901036427763405,
        0.42630905332322605,
        0.4263782854565603,
        0.41382323954990524,
        0.4116332240090399,
        0.41113571786951875,
        0.41311344673890554,
        0.4230742007493973,
        0.4192517401572473,
        0.4124205480971022,
        0.41623266130507347,
        0.4080705580240238,
        0.4077451332154388,
        0.41044306799680175,
        0.40825190417423934,
        0.4082174644677225,
        0.41226031443851435,
        0.41816622018814087,
        0.41498948945970593,
        0.41415170102776167,
        0.42083521142691194,
        0.4184590188150634,
        0.4114444130908943,
        0.4193756562507081,
        0.41000051452906544,
        0.4143622289606911,
        0.41191467437558543,
        0.42362523748132286,
        0.437587730274229,
        0.4098134501251632,
        0.41345989061686805,
        0.4146201050210142,
        0.4262661092474075
    ],
    "val_accuracy": [
        0.49887724550898205,
        0.49550898203592814,
        0.499625748502994,
        0.499625748502994,
        0.5168413173652695,
        0.5041167664670658,
        0.5041167664670658,
        0.5284431137724551,
        0.5224550898203593,
        0.5377994011976048,
        0.4981287425149701,
        0.5134730538922155,
        0.5273203592814372,
        0.5669910179640718,
        0.5625,
        0.5718562874251497,
        0.5662425149700598,
        0.5452844311377245,
        0.5681137724550899,
        0.5729790419161677,
        0.5662425149700598,
        0.5639970059880239,
        0.5692365269461078,
        0.5729790419161677,
        0.5755988023952096,
        0.5797155688622755,
        0.5793413173652695,
        0.5699850299401198,
        0.5819610778443114,
        0.5864520958083832,
        0.5868263473053892,
        0.5815868263473054,
        0.5875748502994012,
        0.5890718562874252,
        0.5857035928143712,
        0.5872005988023952,
        0.5886976047904192,
        0.594311377245509,
        0.5684880239520959,
        0.5920658682634731,
        0.5920658682634731,
        0.5969311377245509,
        0.5995508982035929,
        0.5901946107784432,
        0.6051646706586826,
        0.6025449101796407,
        0.6062874251497006,
        0.6047904191616766,
        0.593188622754491,
        0.5961826347305389,
        0.6066616766467066,
        0.6085329341317365,
        0.6062874251497006,
        0.6044161676646707,
        0.593562874251497,
        0.6032934131736527,
        0.6066616766467066,
        0.6092814371257484,
        0.6081586826347305,
        0.6100299401197605,
        0.6055389221556886,
        0.6107784431137725,
        0.6122754491017964,
        0.6062874251497006,
        0.5988023952095808,
        0.5999251497005988,
        0.6014221556886228,
        0.6025449101796407,
        0.6014221556886228,
        0.6066616766467066,
        0.6040419161676647,
        0.6017964071856288,
        0.6092814371257484,
        0.6029191616766467,
        0.6047904191616766,
        0.5973053892215568,
        0.6055389221556886,
        0.6017964071856288,
        0.5924401197604791,
        0.6036676646706587
    ]
}