{
    "0": {
        "precision": 0.6107883817427386,
        "recall": 0.5492537313432836,
        "f1-score": 0.5783889980353635,
        "support": 1340.0
    },
    "1": {
        "precision": 0.5882753919563736,
        "recall": 0.6478978978978979,
        "f1-score": 0.61664880314398,
        "support": 1332.0
    },
    "accuracy": 0.5984281437125748,
    "macro avg": {
        "precision": 0.599531886849556,
        "recall": 0.5985758146205907,
        "f1-score": 0.5975189005896717,
        "support": 2672.0
    },
    "weighted avg": {
        "precision": 0.5995655889300746,
        "recall": 0.5984281437125748,
        "f1-score": 0.5974616254323234,
        "support": 2672.0
    }
}