{
    "train_loss": [
        0.5073145187547055,
        0.4334919292644914,
        0.38056774804451193,
        0.3336900232607508,
        0.29216191290047366,
        0.26782871870865377,
        0.24361618186159087,
        0.2287374044507008,
        0.205021744951826,
        0.19148628028302356,
        0.18772866815475409,
        0.17648172352848382,
        0.17132590931330996,
        0.16008664245529128,
        0.15870995415842593,
        0.1622062987955333,
        0.1468513293806555,
        0.1402698305293257,
        0.1380197620890998,
        0.13871877596442922,
        0.13412976338358348,
        0.13284023315301668,
        0.12341845428268311,
        0.12227852108516717
    ],
    "val_loss": [
        0.4957343139755192,
        0.5694970702057454,
        0.4949442081487001,
        0.4743859323103036,
        0.5811025313477018,
        0.50759983552036,
        0.5733490862063507,
        0.5119467230875101,
        0.5737446359734037,
        0.5266576823013932,
        0.5544287233210322,
        0.4918580206472482,
        0.5876167905864431,
        0.5586683647846108,
        0.5229399617928178,
        0.5605323777269962,
        0.523269548344968,
        0.5135023033441003,
        0.5251778430903136,
        0.5517933920248231,
        0.5010966854308968,
        0.5094960162888712,
        0.5016523025818725,
        0.49249914688850516
    ],
    "val_accuracy": [
        0.5346441947565543,
        0.41947565543071164,
        0.5346441947565543,
        0.5533707865168539,
        0.43820224719101125,
        0.5084269662921348,
        0.43820224719101125,
        0.5131086142322098,
        0.43913857677902624,
        0.4737827715355805,
        0.43164794007490637,
        0.5402621722846442,
        0.4166666666666667,
        0.4344569288389513,
        0.4700374531835206,
        0.4438202247191011,
        0.4887640449438202,
        0.4887640449438202,
        0.4812734082397004,
        0.43726591760299627,
        0.5271535580524345,
        0.5065543071161048,
        0.5149812734082397,
        0.5374531835205992
    ]
}