{
    "train_loss": [
        0.5091316923132083,
        0.4507670440697318,
        0.3926793834552389,
        0.3473897226191507,
        0.29974666450704845,
        0.27053046145756254,
        0.25099065466761,
        0.23121177966665166,
        0.20872122159438766,
        0.19980458129802947,
        0.18852024562106343,
        0.18417205613822185,
        0.17126373744803697,
        0.1571921835759003,
        0.16071794446319196,
        0.15683678636703585,
        0.14289966163230058,
        0.15082641070699457,
        0.14097839476439752,
        0.13622212417313617,
        0.1307921529623675,
        0.12844253617701273
    ],
    "val_loss": [
        0.5078707141662712,
        0.4357214280918463,
        0.5022204011233885,
        0.4980824558592554,
        0.45613356446152303,
        0.5285833495766369,
        0.49831492198047356,
        0.5011768563469844,
        0.48930860677761817,
        0.5997256405317961,
        0.4897309719626583,
        0.4690749676369909,
        0.47887772899955067,
        0.4533824671560259,
        0.48338150889126225,
        0.4852850895319412,
        0.5023349354516214,
        0.4859338798629704,
        0.4461054895351182,
        0.48044948079692784,
        0.5126634653824479,
        0.4658188054810709
    ],
    "val_accuracy": [
        0.4934456928838951,
        0.6179775280898876,
        0.5374531835205992,
        0.5168539325842697,
        0.5889513108614233,
        0.4756554307116105,
        0.5383895131086143,
        0.5102996254681648,
        0.5215355805243446,
        0.41947565543071164,
        0.5365168539325843,
        0.5692883895131086,
        0.5430711610486891,
        0.600187265917603,
        0.5318352059925093,
        0.5468164794007491,
        0.5112359550561798,
        0.5262172284644194,
        0.5955056179775281,
        0.545880149812734,
        0.4756554307116105,
        0.5674157303370787
    ]
}