{
    "train_loss": [
        0.5112796521245553,
        0.4395947676574068,
        0.3833655756829407,
        0.34146252494727447,
        0.29851797979159894,
        0.27037138084472695,
        0.25196569159700366,
        0.23462233453842218,
        0.2097149523608203,
        0.2080891049040362,
        0.19023542109821817,
        0.18177751862797245,
        0.17090971775242847,
        0.16736727640987029,
        0.1616494695981735,
        0.15601541986459583,
        0.14774673751422338,
        0.15308804879781648,
        0.14311033490990183,
        0.14193459376325748,
        0.14120393349178906,
        0.13655850860138832,
        0.1336682491701812,
        0.1300902330119328,
        0.12515651695246766,
        0.1211865383929807,
        0.11884545479795616,
        0.10934097703381125,
        0.10603331554258985,
        0.11386254141703615,
        0.10076535550024122,
        0.09738499188584647,
        0.09167117821832596,
        0.08424521490858106,
        0.08344415167869605,
        0.07437319493866319,
        0.07313461328301524,
        0.06442582653147247,
        0.06617075959082895,
        0.062050269503752,
        0.054501917506820464,
        0.04900699361167812
    ],
    "val_loss": [
        0.5052419803035793,
        0.5003275426466074,
        0.537706137148302,
        0.5349191458367589,
        0.5059339172804533,
        0.5206086333118268,
        0.4776178843049861,
        0.5681876646938608,
        0.48641306651172356,
        0.5323224690423083,
        0.5010539328874047,
        0.4715421884807188,
        0.4920035022408215,
        0.5317839904507594,
        0.5185738005744878,
        0.4782412821677194,
        0.49417901795301866,
        0.5151114681763436,
        0.5371413355443015,
        0.5019195008633742,
        0.4986554028382942,
        0.45720700852906526,
        0.48970697620021764,
        0.47237133357062266,
        0.498185598138553,
        0.49799431482357764,
        0.5277728242660636,
        0.5019675884673844,
        0.4802994928253231,
        0.5494436110133556,
        0.5370434442562844,
        0.5321630444099654,
        0.5064148177851492,
        0.522063417665994,
        0.505195487791033,
        0.4990613522814281,
        0.47750233625298116,
        0.5255721407150155,
        0.5285534387204185,
        0.48325107524644084,
        0.4876295746262394,
        0.5436329659241349
    ],
    "val_accuracy": [
        0.4943820224719101,
        0.5168539325842697,
        0.4606741573033708,
        0.4756554307116105,
        0.5093632958801498,
        0.49063670411985016,
        0.5870786516853933,
        0.4363295880149813,
        0.5355805243445693,
        0.46254681647940077,
        0.5121722846441947,
        0.5711610486891385,
        0.5196629213483146,
        0.4700374531835206,
        0.47846441947565543,
        0.5365168539325843,
        0.5102996254681648,
        0.4691011235955056,
        0.4550561797752809,
        0.5065543071161048,
        0.4943820224719101,
        0.5908239700374532,
        0.5280898876404494,
        0.5636704119850188,
        0.5112359550561798,
        0.499063670411985,
        0.46348314606741575,
        0.4850187265917603,
        0.5187265917602997,
        0.42790262172284643,
        0.4447565543071161,
        0.44569288389513106,
        0.4794007490636704,
        0.45692883895131087,
        0.49812734082397003,
        0.4897003745318352,
        0.5271535580524345,
        0.46441947565543074,
        0.47284644194756553,
        0.5224719101123596,
        0.5140449438202247,
        0.4363295880149813
    ]
}