{
    "0": {
        "precision": 0.3706896551724138,
        "recall": 0.2388888888888889,
        "f1-score": 0.2905405405405405,
        "support": 180.0
    },
    "1": {
        "precision": 0.6722488038277512,
        "recall": 0.7937853107344632,
        "f1-score": 0.727979274611399,
        "support": 354.0
    },
    "accuracy": 0.6067415730337079,
    "macro avg": {
        "precision": 0.5214692295000825,
        "recall": 0.5163370998116761,
        "f1-score": 0.5092599075759697,
        "support": 534.0
    },
    "weighted avg": {
        "precision": 0.5705996525956151,
        "recall": 0.6067415730337079,
        "f1-score": 0.5805280159358287,
        "support": 534.0
    }
}