{
    "0": {
        "precision": 0.3333333333333333,
        "recall": 0.08888888888888889,
        "f1-score": 0.14035087719298245,
        "support": 180.0
    },
    "1": {
        "precision": 0.6625514403292181,
        "recall": 0.9096045197740112,
        "f1-score": 0.7666666666666667,
        "support": 354.0
    },
    "accuracy": 0.6329588014981273,
    "macro avg": {
        "precision": 0.4979423868312757,
        "recall": 0.4992467043314501,
        "f1-score": 0.4535087719298246,
        "support": 534.0
    },
    "weighted avg": {
        "precision": 0.5515790447126276,
        "recall": 0.6329588014981273,
        "f1-score": 0.5555489848216046,
        "support": 534.0
    }
}