{
    "0": {
        "precision": 0.3979591836734694,
        "recall": 0.21666666666666667,
        "f1-score": 0.2805755395683453,
        "support": 180.0
    },
    "1": {
        "precision": 0.676605504587156,
        "recall": 0.8333333333333334,
        "f1-score": 0.7468354430379747,
        "support": 354.0
    },
    "accuracy": 0.6254681647940075,
    "macro avg": {
        "precision": 0.5372823441303127,
        "recall": 0.525,
        "f1-score": 0.51370549130316,
        "support": 534.0
    },
    "weighted avg": {
        "precision": 0.5826797784364751,
        "recall": 0.6254681647940075,
        "f1-score": 0.5896691834414703,
        "support": 534.0
    }
}