{
    "0": {
        "precision": 0.34759358288770054,
        "recall": 0.3611111111111111,
        "f1-score": 0.3542234332425068,
        "support": 180.0
    },
    "1": {
        "precision": 0.6685878962536023,
        "recall": 0.655367231638418,
        "f1-score": 0.6619115549215406,
        "support": 354.0
    },
    "accuracy": 0.5561797752808989,
    "macro avg": {
        "precision": 0.5080907395706514,
        "recall": 0.5082391713747646,
        "f1-score": 0.5080674940820238,
        "support": 534.0
    },
    "weighted avg": {
        "precision": 0.5603875659055456,
        "recall": 0.5561797752808989,
        "f1-score": 0.5581964577263607,
        "support": 534.0
    }
}