{
    "0.0": {
        "precision": 0.33599361532322425,
        "recall": 1.0,
        "f1-score": 0.5029868578255675,
        "support": 421.0
    },
    "1.0": {
        "precision": 0.0,
        "recall": 0.0,
        "f1-score": 0.0,
        "support": 411.0
    },
    "2.0": {
        "precision": 0.0,
        "recall": 0.0,
        "f1-score": 0.0,
        "support": 421.0
    },
    "accuracy": 0.33599361532322425,
    "macro avg": {
        "precision": 0.11199787177440808,
        "recall": 0.3333333333333333,
        "f1-score": 0.16766228594185584,
        "support": 1253.0
    },
    "weighted avg": {
        "precision": 0.1128917095379708,
        "recall": 0.33599361532322425,
        "f1-score": 0.169000372820881,
        "support": 1253.0
    }
}