{
    "0.0": {
        "precision": 0.5714285714285714,
        "recall": 0.9629629629629629,
        "f1-score": 0.7172413793103448,
        "support": 702.0
    },
    "1.0": {
        "precision": 0.0,
        "recall": 0.0,
        "f1-score": 0.0,
        "support": 288.0
    },
    "2.0": {
        "precision": 0.6494845360824743,
        "recall": 0.21575342465753425,
        "f1-score": 0.32390745501285345,
        "support": 292.0
    },
    "accuracy": 0.5764430577223089,
    "macro avg": {
        "precision": 0.40697103583701527,
        "recall": 0.39290546254016573,
        "f1-score": 0.3470496114410661,
        "support": 1282.0
    },
    "weighted avg": {
        "precision": 0.46083645996797157,
        "recall": 0.5764430577223089,
        "f1-score": 0.46652451258940353,
        "support": 1282.0
    }
}