{
    "train_loss": [
        0.48387531144469736,
        0.44006064127574573,
        0.4220406450391007,
        0.41004436959424334,
        0.39988178993017676,
        0.39307632331959125,
        0.38523846283483276,
        0.3776017569519735,
        0.3684211912928194,
        0.35746599971817544,
        0.34193468590178805,
        0.32456100526389875,
        0.3126032706200598,
        0.2974282949804112,
        0.2909021389223695,
        0.281529102982717,
        0.27540635959175,
        0.27051797621011925,
        0.26161400666445445,
        0.25990118806580764,
        0.25833415668786625,
        0.2528589903638604,
        0.2617953404317794,
        0.25296395488776996,
        0.25827562460379844,
        0.2479207254288476,
        0.24751657193726942,
        0.24691380621390013,
        0.24571832551069284,
        0.24840203154814186,
        0.24094518203659052,
        0.24661099203349499,
        0.23969945097028206,
        0.2390196817070485,
        0.23505674452217443,
        0.24823765875696896,
        0.23480922570018573,
        0.22934666464783934,
        0.23387147979377312,
        0.23177935360193874,
        0.22933032123422786,
        0.22383343145986764,
        0.2283336322808438,
        0.22325689263752457,
        0.22087941519515425,
        0.22200959339666138,
        0.22676024545824236,
        0.21858770486616183,
        0.22020061263279395,
        0.21963206240922262,
        0.22713913195310564,
        0.22621759735974656,
        0.2208519529933962,
        0.22230000196347674,
        0.22702699045412972
    ],
    "val_loss": [
        0.5079063871327568,
        0.5268958680769976,
        0.5017880835953881,
        0.49505626629380617,
        0.5069333549808054,
        0.4889269951511832,
        0.48961832803838395,
        0.4749707067714018,
        0.4878672424484702,
        0.47723448276519775,
        0.4744990755529965,
        0.46017967760562895,
        0.46747204784084767,
        0.4542669899323407,
        0.4738203784998725,
        0.4694401830434799,
        0.4642169854220222,
        0.44673246565987085,
        0.46896011198268217,
        0.4715650886297226,
        0.46740607496570136,
        0.5102924483663895,
        0.46043569708571713,
        0.4675587268436656,
        0.4502630984081942,
        0.48958032271441293,
        0.45714835594682135,
        0.4825862204327303,
        0.4623448536676519,
        0.46347322814604813,
        0.4712169064318433,
        0.44547725232208474,
        0.4198495831559686,
        0.40778908712022444,
        0.37826305540168986,
        0.4565934165435679,
        0.46504532379262586,
        0.46909973183098963,
        0.4393505539964227,
        0.4835868560216006,
        0.4900427132844925,
        0.44820843724643483,
        0.4678526043891907,
        0.43268281028551214,
        0.4470625758171082,
        0.42863683683030745,
        0.43859727698213913,
        0.48257615706499885,
        0.39970901082543764,
        0.4833253373118008,
        0.44952681520405935,
        0.4670127169174306,
        0.4555200951940873,
        0.4526339722030303,
        0.485969467548763
    ],
    "val_accuracy": [
        0.4411764705882353,
        0.4588235294117647,
        0.4823529411764706,
        0.49411764705882355,
        0.47794117647058826,
        0.49558823529411766,
        0.48455882352941176,
        0.5286764705882353,
        0.5058823529411764,
        0.5264705882352941,
        0.5367647058823529,
        0.5580882352941177,
        0.549264705882353,
        0.5529411764705883,
        0.5257352941176471,
        0.5448529411764705,
        0.5470588235294118,
        0.5647058823529412,
        0.5411764705882353,
        0.5367647058823529,
        0.5426470588235294,
        0.5036764705882353,
        0.5470588235294118,
        0.5411764705882353,
        0.5566176470588236,
        0.5220588235294118,
        0.5529411764705883,
        0.5227941176470589,
        0.5470588235294118,
        0.5455882352941176,
        0.538235294117647,
        0.5632352941176471,
        0.5882352941176471,
        0.5992647058823529,
        0.6294117647058823,
        0.5514705882352942,
        0.5397058823529411,
        0.5411764705882353,
        0.5705882352941176,
        0.5213235294117647,
        0.5154411764705882,
        0.5617647058823529,
        0.5411764705882353,
        0.5720588235294117,
        0.5580882352941177,
        0.5786764705882353,
        0.5669117647058823,
        0.5264705882352941,
        0.6073529411764705,
        0.5235294117647059,
        0.5529411764705883,
        0.5375,
        0.55,
        0.5514705882352942,
        0.5198529411764706
    ]
}