{
    "train_loss": [
        0.4795878227686153,
        0.43407260390199515,
        0.4141936803449563,
        0.403277688148325,
        0.39199439463792024,
        0.3791756794552488,
        0.35802889220572515,
        0.33967151781979005,
        0.3276925220629635,
        0.3135221125063113,
        0.30571310423710496,
        0.3013905347077455,
        0.29921420860057774,
        0.2882546740081671,
        0.2878040216035313,
        0.2820430048134016,
        0.27644011862995926,
        0.2718094305889666,
        0.27937219018977427,
        0.2668380066677448,
        0.26295161607184847
    ],
    "val_loss": [
        0.5087748892167036,
        0.5145271641366622,
        0.5275564996635213,
        0.5304659990703359,
        0.5189114006126628,
        0.5563151478767395,
        0.5909691708929399,
        0.5836717100704417,
        0.590474881845362,
        0.5977700549013475,
        0.6008222881485434,
        0.5834528947577757,
        0.591663649853538,
        0.5851055611582363,
        0.5746756304712857,
        0.5949276836479411,
        0.5922108096234938,
        0.5873901254990521,
        0.5907640744658077,
        0.587766996902578,
        0.5544180764871485
    ],
    "val_accuracy": [
        0.4889705882352941,
        0.4566176470588235,
        0.4455882352941177,
        0.4345588235294118,
        0.4661764705882353,
        0.41911764705882354,
        0.4176470588235294,
        0.4147058823529412,
        0.41323529411764703,
        0.39705882352941174,
        0.3948529411764706,
        0.4161764705882353,
        0.4117647058823529,
        0.41691176470588237,
        0.43014705882352944,
        0.4102941176470588,
        0.4161764705882353,
        0.42058823529411765,
        0.4139705882352941,
        0.4117647058823529,
        0.45073529411764707
    ]
}