{
    "0": {
        "precision": 0.3487603305785124,
        "recall": 0.8865546218487395,
        "f1-score": 0.5005931198102017,
        "support": 238.0
    },
    "1": {
        "precision": 0.64,
        "recall": 0.1085972850678733,
        "f1-score": 0.18568665377176016,
        "support": 442.0
    },
    "accuracy": 0.38088235294117645,
    "macro avg": {
        "precision": 0.4943801652892562,
        "recall": 0.4975759534583064,
        "f1-score": 0.34313988679098095,
        "support": 680.0
    },
    "weighted avg": {
        "precision": 0.5380661157024794,
        "recall": 0.38088235294117645,
        "f1-score": 0.29590391688521467,
        "support": 680.0
    }
}