{
    "0": {
        "precision": 0.46153846153846156,
        "recall": 0.37254901960784315,
        "f1-score": 0.41229656419529837,
        "support": 306.0
    },
    "1": {
        "precision": 0.5565819861431871,
        "recall": 0.6443850267379679,
        "f1-score": 0.59727385377943,
        "support": 374.0
    },
    "accuracy": 0.5220588235294118,
    "macro avg": {
        "precision": 0.5090602238408244,
        "recall": 0.5084670231729056,
        "f1-score": 0.5047852089873641,
        "support": 680.0
    },
    "weighted avg": {
        "precision": 0.5138124000710607,
        "recall": 0.5220588235294118,
        "f1-score": 0.5140340734665707,
        "support": 680.0
    }
}