{
    "0": {
        "precision": 0.1951219512195122,
        "recall": 0.0392156862745098,
        "f1-score": 0.0653061224489796,
        "support": 204.0
    },
    "1": {
        "precision": 0.6932707355242567,
        "recall": 0.930672268907563,
        "f1-score": 0.7946188340807175,
        "support": 476.0
    },
    "accuracy": 0.663235294117647,
    "macro avg": {
        "precision": 0.4441963433718844,
        "recall": 0.4849439775910364,
        "f1-score": 0.42996247826484857,
        "support": 680.0
    },
    "weighted avg": {
        "precision": 0.5438261002328334,
        "recall": 0.663235294117647,
        "f1-score": 0.5758250205911961,
        "support": 680.0
    }
}