{
    "0": {
        "precision": 0.18652849740932642,
        "recall": 0.3025210084033613,
        "f1-score": 0.23076923076923078,
        "support": 119.0
    },
    "1": {
        "precision": 0.8295687885010267,
        "recall": 0.7201426024955436,
        "f1-score": 0.7709923664122137,
        "support": 561.0
    },
    "accuracy": 0.6470588235294118,
    "macro avg": {
        "precision": 0.5080486429551765,
        "recall": 0.5113318054494524,
        "f1-score": 0.5008807985907222,
        "support": 680.0
    },
    "weighted avg": {
        "precision": 0.7170367375599791,
        "recall": 0.6470588235294118,
        "f1-score": 0.6764533176746916,
        "support": 680.0
    }
}