{
    "0": {
        "precision": 0.34717607973421927,
        "recall": 0.8781512605042017,
        "f1-score": 0.4976190476190476,
        "support": 238.0
    },
    "1": {
        "precision": 0.6282051282051282,
        "recall": 0.11085972850678733,
        "f1-score": 0.18846153846153846,
        "support": 442.0
    },
    "accuracy": 0.37941176470588234,
    "macro avg": {
        "precision": 0.48769060396967373,
        "recall": 0.4945054945054945,
        "f1-score": 0.34304029304029304,
        "support": 680.0
    },
    "weighted avg": {
        "precision": 0.5298449612403101,
        "recall": 0.37941176470588234,
        "f1-score": 0.2966666666666667,
        "support": 680.0
    }
}