{
    "0": {
        "precision": 0.3032258064516129,
        "recall": 0.21266968325791855,
        "f1-score": 0.25,
        "support": 221.0
    },
    "1": {
        "precision": 0.6685714285714286,
        "recall": 0.7647058823529411,
        "f1-score": 0.7134146341463414,
        "support": 459.0
    },
    "accuracy": 0.5852941176470589,
    "macro avg": {
        "precision": 0.48589861751152075,
        "recall": 0.48868778280542985,
        "f1-score": 0.4817073170731707,
        "support": 680.0
    },
    "weighted avg": {
        "precision": 0.5498341013824886,
        "recall": 0.5852941176470589,
        "f1-score": 0.5628048780487804,
        "support": 680.0
    }
}