{
    "0": {
        "precision": 0.2857142857142857,
        "recall": 0.1453287197231834,
        "f1-score": 0.1926605504587156,
        "support": 289.0
    },
    "1": {
        "precision": 0.5365853658536586,
        "recall": 0.731457800511509,
        "f1-score": 0.6190476190476191,
        "support": 391.0
    },
    "accuracy": 0.4823529411764706,
    "macro avg": {
        "precision": 0.41114982578397213,
        "recall": 0.4383932601173462,
        "f1-score": 0.4058540847531673,
        "support": 680.0
    },
    "weighted avg": {
        "precision": 0.4299651567944251,
        "recall": 0.4823529411764706,
        "f1-score": 0.43783311489733506,
        "support": 680.0
    }
}