{
    "0": {
        "precision": 0.49318181818181817,
        "recall": 0.638235294117647,
        "f1-score": 0.5564102564102564,
        "support": 340.0
    },
    "1": {
        "precision": 0.4875,
        "recall": 0.34411764705882353,
        "f1-score": 0.40344827586206894,
        "support": 340.0
    },
    "accuracy": 0.49117647058823527,
    "macro avg": {
        "precision": 0.4903409090909091,
        "recall": 0.49117647058823527,
        "f1-score": 0.4799292661361627,
        "support": 680.0
    },
    "weighted avg": {
        "precision": 0.4903409090909091,
        "recall": 0.49117647058823527,
        "f1-score": 0.47992926613616266,
        "support": 680.0
    }
}