{
    "0": {
        "precision": 0.4192377495462795,
        "recall": 0.7993079584775087,
        "f1-score": 0.55,
        "support": 289.0
    },
    "1": {
        "precision": 0.5503875968992248,
        "recall": 0.1815856777493606,
        "f1-score": 0.27307692307692305,
        "support": 391.0
    },
    "accuracy": 0.4441176470588235,
    "macro avg": {
        "precision": 0.4848126732227521,
        "recall": 0.49044681811343466,
        "f1-score": 0.4115384615384615,
        "support": 680.0
    },
    "weighted avg": {
        "precision": 0.494648911774223,
        "recall": 0.4441176470588235,
        "f1-score": 0.39076923076923076,
        "support": 680.0
    }
}