{
    "0": {
        "precision": 0.23076923076923078,
        "recall": 0.35294117647058826,
        "f1-score": 0.27906976744186046,
        "support": 170.0
    },
    "1": {
        "precision": 0.7380952380952381,
        "recall": 0.6078431372549019,
        "f1-score": 0.6666666666666666,
        "support": 510.0
    },
    "accuracy": 0.5441176470588235,
    "macro avg": {
        "precision": 0.4844322344322345,
        "recall": 0.48039215686274506,
        "f1-score": 0.4728682170542635,
        "support": 680.0
    },
    "weighted avg": {
        "precision": 0.6112637362637363,
        "recall": 0.5441176470588235,
        "f1-score": 0.5697674418604651,
        "support": 680.0
    }
}