{
    "train_loss": [
        0.5131727411953586,
        0.5020514547906847,
        0.5039474386542503,
        0.5018679789040734,
        0.5011765867512689,
        0.5019559208431795,
        0.4982428565887834,
        0.4992526839327123,
        0.49830917905416583,
        0.4967249676154765,
        0.4928783427980284,
        0.49342044441867233,
        0.49087473516451113,
        0.4875435732417782,
        0.4836368808802089,
        0.4781200511501449,
        0.48020451764948924,
        0.4754842476716888,
        0.474891930982532,
        0.4722467854803497,
        0.469615507568585,
        0.46621149868551937,
        0.4657436313294643,
        0.45982674487765257,
        0.45909414047880054,
        0.46339534979410973,
        0.4608915737603357,
        0.45108221491806444,
        0.46085632386446984,
        0.4517120712601991,
        0.45365808492185655
    ],
    "val_loss": [
        0.5092928591896506,
        0.49672156186664806,
        0.5064724760897019,
        0.4923621854361366,
        0.4860455888159135,
        0.4916340196833891,
        0.4985181896125569,
        0.4986825227737427,
        0.4867994999184328,
        0.4880578034064349,
        0.48321679514997146,
        0.48983707673409405,
        0.48979238306774814,
        0.5010200163897346,
        0.5153581363313339,
        0.5337250968989204,
        0.5288412939099705,
        0.5269068262156318,
        0.5337522341924555,
        0.5391309990602381,
        0.5161249837454628,
        0.5449942702756209,
        0.5451458611909081,
        0.532413369066575,
        0.5200583366786733,
        0.5391873917158913,
        0.538840291780584,
        0.5342215625678792,
        0.5399853864136864,
        0.5287509707843556,
        0.5390757630853092
    ],
    "val_accuracy": [
        0.45,
        0.55,
        0.45,
        0.55,
        0.55,
        0.5389705882352941,
        0.5352941176470588,
        0.5316176470588235,
        0.5272058823529412,
        0.5272058823529412,
        0.5257352941176471,
        0.5338235294117647,
        0.525,
        0.5286764705882353,
        0.4632352941176471,
        0.4514705882352941,
        0.4588235294117647,
        0.4573529411764706,
        0.45073529411764707,
        0.44926470588235295,
        0.48161764705882354,
        0.44926470588235295,
        0.44926470588235295,
        0.46176470588235297,
        0.475,
        0.4514705882352941,
        0.45441176470588235,
        0.4602941176470588,
        0.45,
        0.4625,
        0.45
    ]
}