{
    "train_loss": [
        0.5147840574158271,
        0.5052000708068417,
        0.502092627662412,
        0.5018619471927784,
        0.49950260698713334,
        0.49954803138356424,
        0.4999748684025204,
        0.4967821810645611,
        0.4967155732429667,
        0.49718252775429694,
        0.4953804798680454,
        0.48837613465041535,
        0.4928367951631218,
        0.4885631689425184,
        0.48626241813499627,
        0.48164095703968485,
        0.48115751770372406,
        0.48117880029232335,
        0.4775307556048056,
        0.4704084718981668,
        0.4708634931004851,
        0.46800717592567326,
        0.4656138628147327,
        0.46164265971892143,
        0.456664694593566,
        0.4598829091989027,
        0.4589351534925432,
        0.45687535933976,
        0.4572265660787383,
        0.4559555493571899,
        0.4528605647928285,
        0.4536877981037352
    ],
    "val_loss": [
        0.4881650651202482,
        0.48655571376576146,
        0.48408324437982897,
        0.4935626685619354,
        0.49256803603733285,
        0.4938128303079044,
        0.48478124948108897,
        0.5042469722383163,
        0.4874341214404387,
        0.48082010535632863,
        0.4732021391391754,
        0.4601299268357894,
        0.471167736193713,
        0.48131507775362803,
        0.48272815592148727,
        0.4781685418942395,
        0.4852327799095827,
        0.4907947438604691,
        0.4883727126261767,
        0.49411691251923057,
        0.4950301370199989,
        0.4991142791860244,
        0.501795744895935,
        0.49626096767537736,
        0.5011327066842247,
        0.4945259869098663,
        0.5042868067236508,
        0.4956472486257553,
        0.48271413796088275,
        0.4927492443253012,
        0.4995092865298776,
        0.4971167315455044
    ],
    "val_accuracy": [
        0.55,
        0.55,
        0.5507352941176471,
        0.5419117647058823,
        0.5389705882352941,
        0.5463235294117647,
        0.5389705882352941,
        0.4904411764705882,
        0.5470588235294118,
        0.5463235294117647,
        0.5529411764705883,
        0.5529411764705883,
        0.5544117647058824,
        0.5022058823529412,
        0.5125,
        0.5088235294117647,
        0.4985294117647059,
        0.49926470588235294,
        0.5014705882352941,
        0.5014705882352941,
        0.4963235294117647,
        0.49558823529411766,
        0.4933823529411765,
        0.4970588235294118,
        0.49558823529411766,
        0.5029411764705882,
        0.49117647058823527,
        0.4985294117647059,
        0.5176470588235295,
        0.5051470588235294,
        0.49558823529411766,
        0.4985294117647059
    ]
}