{
    "train_loss": [
        0.5233047381555854,
        0.5070607351879635,
        0.5034391234796673,
        0.5068729269783303,
        0.5011252346442195,
        0.49906576229092836,
        0.5017050514112968,
        0.5010514455697559,
        0.49951389333568874,
        0.49873589276447583,
        0.4971157925656934,
        0.4957179467320606,
        0.49169106927009854,
        0.49572912891596516,
        0.492969976494696,
        0.4899441413325161,
        0.48821719685643705,
        0.4873547079720556,
        0.48589978954323054,
        0.48281831910226497,
        0.4821082144114797,
        0.4776393406328834,
        0.4801239178629984,
        0.47313586111081846,
        0.4724500540239119,
        0.47390669498187804,
        0.4723427884762356,
        0.46774966684791375,
        0.46503053013199463,
        0.4663778211014471,
        0.462487139289448,
        0.46422258296153895,
        0.4584479146679297,
        0.46209389633374826,
        0.4600732503394805,
        0.4607267835404227,
        0.45463028808407474,
        0.45541196776633414,
        0.46135808463929606,
        0.4576840564875032,
        0.4568658756832637,
        0.45332973406354204,
        0.45501370662426194,
        0.4501114309121031,
        0.4548961128501485,
        0.45384341533689093,
        0.4551264436446653
    ],
    "val_loss": [
        0.49779206794850966,
        0.49732301165075865,
        0.5049549744409674,
        0.5080552097629099,
        0.5085308762157664,
        0.5009042946731344,
        0.508337167781942,
        0.4985435566481422,
        0.49923726144958946,
        0.5065057403901044,
        0.4910290623412413,
        0.494714251686545,
        0.486214963127585,
        0.4723199865397285,
        0.4943926576305838,
        0.4859697675003725,
        0.48314974868998806,
        0.48771225634743187,
        0.46773640653666326,
        0.4590817353304695,
        0.46035658261355233,
        0.46007745020529806,
        0.4579661444706075,
        0.45162152507725883,
        0.4825631418648888,
        0.44506610491696524,
        0.43807761528912714,
        0.4430691536735086,
        0.4778808050295886,
        0.45190640705473284,
        0.4494283353581148,
        0.4500154802027871,
        0.4625870753737057,
        0.4707814297255348,
        0.45189101029844847,
        0.4657946264042574,
        0.4710637415156645,
        0.454868465311387,
        0.46854766449507546,
        0.5188931416062748,
        0.5044448964736041,
        0.5301247782566968,
        0.5049037424957051,
        0.4626117583583383,
        0.4920290016076144,
        0.48487470746040345,
        0.48467487903202283
    ],
    "val_accuracy": [
        0.5404411764705882,
        0.5426470588235294,
        0.45,
        0.45,
        0.45,
        0.513235294117647,
        0.45,
        0.5397058823529411,
        0.525,
        0.4661764705882353,
        0.524264705882353,
        0.5220588235294118,
        0.5308823529411765,
        0.5455882352941176,
        0.5198529411764706,
        0.5323529411764706,
        0.5301470588235294,
        0.5264705882352941,
        0.5441176470588235,
        0.5522058823529412,
        0.55,
        0.5544117647058824,
        0.5595588235294118,
        0.5551470588235294,
        0.5213235294117647,
        0.5698529411764706,
        0.575,
        0.5727941176470588,
        0.5316176470588235,
        0.5647058823529412,
        0.5632352941176471,
        0.5580882352941177,
        0.5477941176470589,
        0.5367647058823529,
        0.5588235294117647,
        0.5389705882352941,
        0.5367647058823529,
        0.5514705882352942,
        0.5433823529411764,
        0.4772058823529412,
        0.4948529411764706,
        0.45955882352941174,
        0.49558823529411766,
        0.5485294117647059,
        0.5080882352941176,
        0.5183823529411765,
        0.5183823529411765
    ]
}