{
    "train_loss": [
        0.5194734897787339,
        0.5043823416492142,
        0.5040716861350336,
        0.5017268935210767,
        0.5008444677848763,
        0.5014185010157064,
        0.4977571949916168,
        0.49688994310581047,
        0.4967082517101151,
        0.4945390366704461,
        0.49431031475040904,
        0.49260990409772365,
        0.48431523097102547,
        0.4879428937805732,
        0.4849028273330594,
        0.4772102830334575,
        0.48028131196226675,
        0.4751165447733589,
        0.47376304909976347,
        0.47669478541719207,
        0.47021367940974856,
        0.46740591366156586,
        0.4638047930380993
    ],
    "val_loss": [
        0.49472871457829193,
        0.4987440091722152,
        0.4887361424810746,
        0.5044578383950626,
        0.5124723620274487,
        0.497215418955859,
        0.49598851238980013,
        0.5084438176716075,
        0.49527554932762596,
        0.49663110866266136,
        0.5046049559817595,
        0.5114227379069609,
        0.5148563967031591,
        0.5155742182451136,
        0.5228756424258737,
        0.5167430768994724,
        0.5295833847101997,
        0.5233704184784609,
        0.5356749229571398,
        0.5012874357840594,
        0.5324716376907686,
        0.5015963768257814,
        0.5382009807754965
    ],
    "val_accuracy": [
        0.55,
        0.55,
        0.55,
        0.45,
        0.45,
        0.5426470588235294,
        0.5544117647058824,
        0.45,
        0.5485294117647059,
        0.5345588235294118,
        0.4551470588235294,
        0.4514705882352941,
        0.4573529411764706,
        0.4566176470588235,
        0.4573529411764706,
        0.4647058823529412,
        0.4551470588235294,
        0.4727941176470588,
        0.4522058823529412,
        0.4875,
        0.4610294117647059,
        0.49117647058823527,
        0.4522058823529412
    ]
}