{
    "0": {
        "precision": 0.4430379746835443,
        "recall": 0.5718954248366013,
        "f1-score": 0.4992867332382311,
        "support": 306.0
    },
    "1": {
        "precision": 0.5403508771929825,
        "recall": 0.4117647058823529,
        "f1-score": 0.4673748103186646,
        "support": 374.0
    },
    "accuracy": 0.4838235294117647,
    "macro avg": {
        "precision": 0.4916944259382634,
        "recall": 0.4918300653594771,
        "f1-score": 0.48333077177844785,
        "support": 680.0
    },
    "weighted avg": {
        "precision": 0.49656007106373534,
        "recall": 0.4838235294117647,
        "f1-score": 0.4817351756324695,
        "support": 680.0
    }
}