{
    "0": {
        "precision": 0.5181818181818182,
        "recall": 0.5588235294117647,
        "f1-score": 0.5377358490566038,
        "support": 306.0
    },
    "1": {
        "precision": 0.6142857142857143,
        "recall": 0.5748663101604278,
        "f1-score": 0.5939226519337016,
        "support": 374.0
    },
    "accuracy": 0.5676470588235294,
    "macro avg": {
        "precision": 0.5662337662337662,
        "recall": 0.5668449197860963,
        "f1-score": 0.5658292504951528,
        "support": 680.0
    },
    "weighted avg": {
        "precision": 0.5710389610389611,
        "recall": 0.5676470588235294,
        "f1-score": 0.5686385906390076,
        "support": 680.0
    }
}