{
    "0": {
        "precision": 0.46190476190476193,
        "recall": 0.31699346405228757,
        "f1-score": 0.375968992248062,
        "support": 306.0
    },
    "1": {
        "precision": 0.5553191489361702,
        "recall": 0.6978609625668449,
        "f1-score": 0.6184834123222749,
        "support": 374.0
    },
    "accuracy": 0.5264705882352941,
    "macro avg": {
        "precision": 0.508611955420466,
        "recall": 0.5074272133095663,
        "f1-score": 0.49722620228516845,
        "support": 680.0
    },
    "weighted avg": {
        "precision": 0.5132826747720365,
        "recall": 0.5264705882352941,
        "f1-score": 0.5093519232888791,
        "support": 680.0
    }
}