{
    "0": {
        "precision": 0.4864864864864865,
        "recall": 0.058823529411764705,
        "f1-score": 0.10495626822157435,
        "support": 306.0
    },
    "1": {
        "precision": 0.552099533437014,
        "recall": 0.9491978609625669,
        "f1-score": 0.6981317600786627,
        "support": 374.0
    },
    "accuracy": 0.5485294117647059,
    "macro avg": {
        "precision": 0.5192930099617503,
        "recall": 0.5040106951871658,
        "f1-score": 0.40154401415011853,
        "support": 680.0
    },
    "weighted avg": {
        "precision": 0.5225736623092766,
        "recall": 0.5485294117647059,
        "f1-score": 0.43120278874297296,
        "support": 680.0
    }
}