{
    "0": {
        "precision": 0.42105263157894735,
        "recall": 0.20915032679738563,
        "f1-score": 0.2794759825327511,
        "support": 306.0
    },
    "1": {
        "precision": 0.5416666666666666,
        "recall": 0.7647058823529411,
        "f1-score": 0.6341463414634146,
        "support": 374.0
    },
    "accuracy": 0.5147058823529411,
    "macro avg": {
        "precision": 0.481359649122807,
        "recall": 0.4869281045751634,
        "f1-score": 0.45681116199808286,
        "support": 680.0
    },
    "weighted avg": {
        "precision": 0.4873903508771929,
        "recall": 0.5147058823529411,
        "f1-score": 0.4745446799446161,
        "support": 680.0
    }
}