{
    "0": {
        "precision": 0.5337423312883436,
        "recall": 0.5686274509803921,
        "f1-score": 0.5506329113924051,
        "support": 306.0
    },
    "1": {
        "precision": 0.6271186440677966,
        "recall": 0.5935828877005348,
        "f1-score": 0.6098901098901099,
        "support": 374.0
    },
    "accuracy": 0.5823529411764706,
    "macro avg": {
        "precision": 0.5804304876780702,
        "recall": 0.5811051693404634,
        "f1-score": 0.5802615106412575,
        "support": 680.0
    },
    "weighted avg": {
        "precision": 0.5850993033170427,
        "recall": 0.5823529411764706,
        "f1-score": 0.5832243705661428,
        "support": 680.0
    }
}