{
    "train_loss": [
        0.536850788137492,
        0.5154534722952282,
        0.502029577014493,
        0.4937189522327161,
        0.47219397843468425,
        0.4687847667465023,
        0.46670186651103635,
        0.45310863297359616,
        0.4374891024302034,
        0.43666832850259896,
        0.42902279367633894,
        0.4189510878686811,
        0.41529543478699293,
        0.4073320912087665,
        0.3949078505530077,
        0.3951207268617901,
        0.39293158894368246,
        0.38402362883675334,
        0.3803036757836155,
        0.37476128244809076,
        0.3754957768262601,
        0.37243595763164405
    ],
    "val_loss": [
        0.5013454600946227,
        0.49669906052190865,
        0.5280865137256793,
        0.5308651857411684,
        0.5532257125448825,
        0.6348973343621439,
        0.6213192174683756,
        0.6155242372804614,
        0.6781562313215056,
        0.5792811326126555,
        0.704432858459985,
        0.7777962079688684,
        0.7926498989560711,
        0.745937662338143,
        0.7515580778691306,
        0.7298962331529874,
        0.7218476960908121,
        0.7509442305386956,
        0.7078382154898857,
        0.7179708934541958,
        0.7728622956062431,
        0.6601135414927753
    ],
    "val_accuracy": [
        0.5617977528089888,
        0.5739700374531835,
        0.4934456928838951,
        0.499063670411985,
        0.45786516853932585,
        0.3136704119850187,
        0.352059925093633,
        0.38764044943820225,
        0.300561797752809,
        0.4541198501872659,
        0.27153558052434457,
        0.2200374531835206,
        0.19194756554307116,
        0.2050561797752809,
        0.2144194756554307,
        0.24719101123595505,
        0.27153558052434457,
        0.25842696629213485,
        0.2902621722846442,
        0.2649812734082397,
        0.23689138576779026,
        0.33239700374531833
    ]
}