{
    "train_loss": [
        0.5247998236362904,
        0.5069432645163277,
        0.4871554282419851,
        0.4572002940098112,
        0.4332625965693007,
        0.4083089424476464,
        0.38437200652505565,
        0.3768574054894587,
        0.36434733075826237,
        0.35649686521815455,
        0.34295782103947514,
        0.3434988285208347,
        0.33468305098212414,
        0.3289242667383729,
        0.3178148409312739,
        0.316326734161776,
        0.3101107228749965,
        0.3164408067280279,
        0.3042103588955173,
        0.3019875189499875,
        0.30034993027792817,
        0.29426521362121133,
        0.302064884376077,
        0.2931224310373163,
        0.2959931226579714,
        0.2955347966075442,
        0.2822017962401382,
        0.2869948671203278,
        0.2826943126620109,
        0.27874839614500063,
        0.28090697548753546,
        0.2795221593901203,
        0.2784653113352205,
        0.2785993609655352,
        0.2723614816947462,
        0.2746711278872011,
        0.2723148415589931,
        0.265070378780365,
        0.2662724856302828,
        0.2622134044579382,
        0.2686582486686846,
        0.27050221571114275,
        0.2690384687240154,
        0.26456400337453667,
        0.2699351941379543,
        0.26591877071927283,
        0.25969619540863953,
        0.26038761994953435,
        0.2657835163706017,
        0.26499256045873193,
        0.2630694810628392,
        0.2554920458519309,
        0.2525084603842831,
        0.24802600411565734,
        0.2541737916672828,
        0.2577451088438473,
        0.25264228895992413,
        0.252822166550359,
        0.24964284486912783,
        0.2518364854125797,
        0.2564483192987023,
        0.24885167917197717,
        0.2569330144657999,
        0.2511707825360188,
        0.250219531840485,
        0.2453732412916347,
        0.2564058085615166,
        0.2514285963948302,
        0.24212908217971793,
        0.25386392574554706,
        0.24966181389145772
    ],
    "val_loss": [
        0.5021928935798247,
        0.49752513241412033,
        0.48620730282655406,
        0.4792854828176214,
        0.4750225099165048,
        0.4897824632587717,
        0.515760039660468,
        0.48591714741578745,
        0.5261909327845076,
        0.488063674364517,
        0.4908677944496496,
        0.4854095756117977,
        0.4922993983795394,
        0.492305691117671,
        0.5030160846550074,
        0.4745828598292906,
        0.48290026499264277,
        0.5062883598590965,
        0.48259532118021553,
        0.48292843485946085,
        0.48012094822392537,
        0.4861102742490484,
        0.47048097470803046,
        0.4920142940176067,
        0.47719037755211785,
        0.5067075695564498,
        0.48920554945718,
        0.47446595221313076,
        0.48066148406534054,
        0.47777548699236627,
        0.4805404301454772,
        0.4714040044528335,
        0.4888262939986898,
        0.507727875638364,
        0.47428538350027,
        0.48978456476731086,
        0.480453891985452,
        0.48683904845323134,
        0.47282565863274817,
        0.48278982336841414,
        0.49590423503028813,
        0.4803338522341714,
        0.4667786026178901,
        0.47280559099432246,
        0.4686434126611966,
        0.4753260565782661,
        0.483736938282625,
        0.48830473334041996,
        0.48380426528738507,
        0.4786338112247524,
        0.4664953017412727,
        0.47398733203090837,
        0.4676150448286711,
        0.47122378135795023,
        0.4714833738198921,
        0.4680056669818821,
        0.48313669660198155,
        0.4763662245736193,
        0.4846196096779695,
        0.47766892723183135,
        0.4871091048664121,
        0.48146100475716946,
        0.47886147472395824,
        0.4792811870574951,
        0.4836243351004017,
        0.4745072882566879,
        0.47480204479018256,
        0.4796782207133165,
        0.47136585703536643,
        0.472661830151259,
        0.47487019958780774
    ],
    "val_accuracy": [
        0.47191011235955055,
        0.550561797752809,
        0.5514981273408239,
        0.5280898876404494,
        0.5337078651685393,
        0.5290262172284644,
        0.5355805243445693,
        0.5262172284644194,
        0.5271535580524345,
        0.5299625468164794,
        0.5393258426966292,
        0.5215355805243446,
        0.5318352059925093,
        0.5337078651685393,
        0.5280898876404494,
        0.5280898876404494,
        0.5318352059925093,
        0.5271535580524345,
        0.5337078651685393,
        0.5355805243445693,
        0.5299625468164794,
        0.5337078651685393,
        0.5355805243445693,
        0.5374531835205992,
        0.5355805243445693,
        0.5252808988764045,
        0.5234082397003745,
        0.5290262172284644,
        0.5224719101123596,
        0.5290262172284644,
        0.5271535580524345,
        0.5327715355805244,
        0.5224719101123596,
        0.5290262172284644,
        0.5280898876404494,
        0.5243445692883895,
        0.5290262172284644,
        0.5149812734082397,
        0.5383895131086143,
        0.5187265917602997,
        0.5318352059925093,
        0.5299625468164794,
        0.5355805243445693,
        0.5308988764044944,
        0.5337078651685393,
        0.5346441947565543,
        0.5327715355805244,
        0.5234082397003745,
        0.5346441947565543,
        0.5280898876404494,
        0.5355805243445693,
        0.5308988764044944,
        0.5383895131086143,
        0.5327715355805244,
        0.5299625468164794,
        0.5355805243445693,
        0.5308988764044944,
        0.5243445692883895,
        0.5262172284644194,
        0.5243445692883895,
        0.5243445692883895,
        0.5196629213483146,
        0.5234082397003745,
        0.5224719101123596,
        0.5205992509363296,
        0.5280898876404494,
        0.5280898876404494,
        0.5262172284644194,
        0.5299625468164794,
        0.5290262172284644,
        0.5271535580524345
    ]
}