{
    "train_loss": [
        0.548327101346774,
        0.5200683640109168,
        0.5057025288160031,
        0.498729564058475,
        0.47659379931596607,
        0.4379266448255278,
        0.4218278706837923,
        0.3990353539458707,
        0.3854996629505076,
        0.3763458399563773,
        0.3694811306065983,
        0.36189473566845953,
        0.3514655342596209,
        0.3463699710674775,
        0.3394135772290393,
        0.33334695095689887,
        0.32995105222759086,
        0.32827007636809963,
        0.32548955363086146,
        0.320841910620021,
        0.31806261350329107,
        0.3168945233536582,
        0.3083803930725807,
        0.311233194401631,
        0.2993880279807963,
        0.2971873858736621,
        0.30515213845632017,
        0.30280553778776753,
        0.30135776003838605,
        0.29965171510847205,
        0.2975243615607421,
        0.2951566841230433,
        0.2849877188857804,
        0.28591534457145595,
        0.29441048969060946,
        0.2911097296855898,
        0.2911601347100531,
        0.2854451241656246,
        0.28482664306449074,
        0.27680889800445646,
        0.28414421547681856,
        0.2821976256230448,
        0.2844089150874533,
        0.27951818061435324,
        0.2738250315698803,
        0.2757129685427898,
        0.2722561313555791,
        0.27488412943660706,
        0.269314113081011,
        0.2747504286085948,
        0.2664184110541629,
        0.27402588565889585,
        0.2747993988550117,
        0.2764758935405148,
        0.2726378078835133,
        0.2739811226980299,
        0.2733605266508893,
        0.2687799260657058,
        0.26951647250570804,
        0.27859868297082746,
        0.26561482241138434,
        0.26865939561946267,
        0.2667966329325468
    ],
    "val_loss": [
        0.4926724438347034,
        0.46613573271836806,
        0.48380927808249174,
        0.3710532528695776,
        0.3190310222666655,
        0.3368264040840206,
        0.31347162087461844,
        0.30738815932131525,
        0.30741276136085166,
        0.3088177344692287,
        0.2972270929768904,
        0.3055549145523292,
        0.2858025186431052,
        0.27929422048045627,
        0.2810224840111697,
        0.2635242706581728,
        0.27973846679747993,
        0.280377843653533,
        0.2772055421191365,
        0.26833660797730313,
        0.2774703344747202,
        0.2661540720667412,
        0.29192502507522927,
        0.2686528624660933,
        0.29089752262208,
        0.2667858539732979,
        0.27691313335255013,
        0.2517199173236071,
        0.2547036515576626,
        0.26293473587885724,
        0.2663185609810388,
        0.2644975108108414,
        0.2629896895542963,
        0.2663622186588707,
        0.2570502658360707,
        0.26606923280589617,
        0.2537140589374215,
        0.265662516870383,
        0.26643842536566864,
        0.2717530773535593,
        0.258479465883392,
        0.28074722923338413,
        0.25114837755907826,
        0.26527167612047337,
        0.2618952321250047,
        0.262655312390025,
        0.26368448558027174,
        0.26558717940725496,
        0.27636801191508326,
        0.26630432960758016,
        0.26563233726505026,
        0.2736123532279214,
        0.2785988883184853,
        0.2615159925685,
        0.2562923990190029,
        0.2646588877733074,
        0.25370271571341957,
        0.25902449702427016,
        0.2636116391687251,
        0.2592869122415336,
        0.27211219200920034,
        0.2640224540633942,
        0.26468266580087035
    ],
    "val_accuracy": [
        0.7294007490636704,
        0.7471910112359551,
        0.7209737827715356,
        0.7462546816479401,
        0.7462546816479401,
        0.7462546816479401,
        0.7453183520599251,
        0.7462546816479401,
        0.7546816479400749,
        0.7434456928838952,
        0.7490636704119851,
        0.7462546816479401,
        0.7471910112359551,
        0.7490636704119851,
        0.7528089887640449,
        0.75,
        0.75,
        0.7556179775280899,
        0.7443820224719101,
        0.7490636704119851,
        0.7528089887640449,
        0.7471910112359551,
        0.7546816479400749,
        0.7471910112359551,
        0.75187265917603,
        0.7471910112359551,
        0.75187265917603,
        0.7602996254681648,
        0.7556179775280899,
        0.7509363295880149,
        0.7471910112359551,
        0.7462546816479401,
        0.7528089887640449,
        0.74812734082397,
        0.7453183520599251,
        0.7509363295880149,
        0.7556179775280899,
        0.7471910112359551,
        0.7490636704119851,
        0.74812734082397,
        0.7537453183520599,
        0.7284644194756554,
        0.7584269662921348,
        0.74812734082397,
        0.7490636704119851,
        0.7415730337078652,
        0.7453183520599251,
        0.7490636704119851,
        0.7275280898876404,
        0.7406367041198502,
        0.7406367041198502,
        0.7294007490636704,
        0.7284644194756554,
        0.7471910112359551,
        0.7490636704119851,
        0.7443820224719101,
        0.7509363295880149,
        0.7471910112359551,
        0.7490636704119851,
        0.75,
        0.7331460674157303,
        0.7471910112359551,
        0.7471910112359551
    ]
}