{
    "train_loss": [
        0.5280646538897736,
        0.5059634611759012,
        0.49624083630026206,
        0.4834303466696717,
        0.4642808426460719,
        0.4450247372122116,
        0.43512715433286203,
        0.4168043032492677,
        0.411128456257794,
        0.3973864421724729,
        0.3867255688121874,
        0.3815307365432722,
        0.374789247774098,
        0.37119536578110907,
        0.36377041722269365,
        0.3580840357906742,
        0.3553323719191225,
        0.35586552614490735,
        0.3490490804524182,
        0.3429742465008339,
        0.33388539291407965
    ],
    "val_loss": [
        0.5070862899075693,
        0.5144302876137975,
        0.5163963948612782,
        0.5403483340989298,
        0.6349226805701185,
        0.621359666781639,
        0.6344683966529903,
        0.656701067935175,
        0.6482794527242433,
        0.7540057804157485,
        0.7039846106251674,
        0.6505399328559193,
        0.6661204891418343,
        0.6863072443364272,
        0.653781990061945,
        0.6615321885293989,
        0.6490091886093368,
        0.6449470626774119,
        0.6492846381308427,
        0.6206017132125684,
        0.6831528900274589
    ],
    "val_accuracy": [
        0.37359550561797755,
        0.3586142322097378,
        0.4044943820224719,
        0.3604868913857678,
        0.34269662921348315,
        0.351123595505618,
        0.34831460674157305,
        0.3455056179775281,
        0.3389513108614232,
        0.3389513108614232,
        0.33707865168539325,
        0.3548689138576779,
        0.33801498127340823,
        0.3408239700374532,
        0.33801498127340823,
        0.34176029962546817,
        0.33614232209737827,
        0.34831460674157305,
        0.34269662921348315,
        0.3698501872659176,
        0.3389513108614232
    ]
}