{
    "train_loss": [
        0.5437836906452871,
        0.5086048172854389,
        0.504953121737495,
        0.49244045114887813,
        0.4761331629567813,
        0.4633754323492396,
        0.4502491452224514,
        0.43602654785689915,
        0.43719515420612276,
        0.4274087378398124,
        0.4171088156459245,
        0.40844496659973123,
        0.4013039526852919,
        0.3945553415488703,
        0.3854164827055264,
        0.36863247316736014,
        0.36868055597179294,
        0.3643546035715953,
        0.3574471259827441,
        0.3511773875185863,
        0.3451241600698758,
        0.34127525869428804,
        0.3451243628183177,
        0.3338738449805759,
        0.33287287360645945,
        0.3330271144064597,
        0.32966006759534844,
        0.32442192563430017,
        0.33569556497848096,
        0.3215676851068754,
        0.3192073329511084,
        0.32204366201254986,
        0.3189927913982016
    ],
    "val_loss": [
        0.4844440822281055,
        0.4695839579425641,
        0.46638433079221353,
        0.41524334363083343,
        0.37072031733705035,
        0.35904272523388936,
        0.3290401007702102,
        0.3392802416833479,
        0.3372227193704292,
        0.32442843580423897,
        0.34231749888676316,
        0.3284867494853575,
        0.3139995970387957,
        0.3513648045151981,
        0.37842560570631456,
        0.32587896443125025,
        0.3522561608410593,
        0.4625294773436304,
        0.3822073476083243,
        0.4743686411807786,
        0.34077633717166844,
        0.33384044601846097,
        0.44015378560592877,
        0.47559740672360606,
        0.4303688624901558,
        0.4769314514167273,
        0.39716908713774896,
        0.3886284830410089,
        0.34094838219792095,
        0.42216393440517025,
        0.4619990538305311,
        0.4331525141623483,
        0.4158347229014582
    ],
    "val_accuracy": [
        0.5617977528089888,
        0.7322097378277154,
        0.697565543071161,
        0.6722846441947565,
        0.6947565543071161,
        0.7162921348314607,
        0.7219101123595506,
        0.7303370786516854,
        0.702247191011236,
        0.7350187265917603,
        0.7200374531835206,
        0.7312734082397003,
        0.7322097378277154,
        0.697565543071161,
        0.653558052434457,
        0.700374531835206,
        0.6966292134831461,
        0.5533707865168539,
        0.6451310861423221,
        0.552434456928839,
        0.6863295880149812,
        0.6872659176029963,
        0.5814606741573034,
        0.5355805243445693,
        0.5889513108614233,
        0.5299625468164794,
        0.6217228464419475,
        0.6292134831460674,
        0.6722846441947565,
        0.6170411985018727,
        0.549625468164794,
        0.5674157303370787,
        0.5908239700374532
    ]
}