{
    "0": {
        "precision": 1.0,
        "recall": 0.006756756756756757,
        "f1-score": 0.013422818791946308,
        "support": 444.0
    },
    "1": {
        "precision": 0.1694915254237288,
        "recall": 1.0,
        "f1-score": 0.2898550724637681,
        "support": 90.0
    },
    "accuracy": 0.17415730337078653,
    "macro avg": {
        "precision": 0.5847457627118644,
        "recall": 0.5033783783783784,
        "f1-score": 0.1516389456278572,
        "support": 534.0
    },
    "weighted avg": {
        "precision": 0.8600266615882689,
        "recall": 0.17415730337078653,
        "f1-score": 0.06001252446697246,
        "support": 534.0
    }
}