{
    "0": {
        "precision": 0.9884169884169884,
        "recall": 0.9696969696969697,
        "f1-score": 0.9789674952198852,
        "support": 528.0
    },
    "1": {
        "precision": 0.0,
        "recall": 0.0,
        "f1-score": 0.0,
        "support": 6.0
    },
    "accuracy": 0.9588014981273408,
    "macro avg": {
        "precision": 0.4942084942084942,
        "recall": 0.48484848484848486,
        "f1-score": 0.4894837476099426,
        "support": 534.0
    },
    "weighted avg": {
        "precision": 0.9773111795583705,
        "recall": 0.9588014981273408,
        "f1-score": 0.9679678604421337,
        "support": 534.0
    }
}