{
    "0": {
        "precision": 0.550561797752809,
        "recall": 1.0,
        "f1-score": 0.7101449275362319,
        "support": 294.0
    },
    "1": {
        "precision": 0.0,
        "recall": 0.0,
        "f1-score": 0.0,
        "support": 240.0
    },
    "accuracy": 0.550561797752809,
    "macro avg": {
        "precision": 0.2752808988764045,
        "recall": 0.5,
        "f1-score": 0.35507246376811596,
        "support": 534.0
    },
    "weighted avg": {
        "precision": 0.303118293144805,
        "recall": 0.550561797752809,
        "f1-score": 0.39097866796938613,
        "support": 534.0
    }
}