{
    "0": {
        "precision": 0.5069033530571992,
        "recall": 0.48674242424242425,
        "f1-score": 0.4966183574879227,
        "support": 1584.0
    },
    "1": {
        "precision": 0.5932966483241621,
        "recall": 0.612603305785124,
        "f1-score": 0.6027954256670902,
        "support": 1936.0
    },
    "accuracy": 0.555965909090909,
    "macro avg": {
        "precision": 0.5501000006906807,
        "recall": 0.5496728650137741,
        "f1-score": 0.5497068915775065,
        "support": 3520.0
    },
    "weighted avg": {
        "precision": 0.5544196654540288,
        "recall": 0.555965909090909,
        "f1-score": 0.5550157449864649,
        "support": 3520.0
    }
}