{
    "0": {
        "precision": 0.4936373276776246,
        "recall": 0.5877525252525253,
        "f1-score": 0.5365994236311239,
        "support": 1584.0
    },
    "1": {
        "precision": 0.6003671970624235,
        "recall": 0.5067148760330579,
        "f1-score": 0.5495798319327732,
        "support": 1936.0
    },
    "accuracy": 0.5431818181818182,
    "macro avg": {
        "precision": 0.547002262370024,
        "recall": 0.5472337006427916,
        "f1-score": 0.5430896277819486,
        "support": 3520.0
    },
    "weighted avg": {
        "precision": 0.552338755839264,
        "recall": 0.5431818181818182,
        "f1-score": 0.543738648197031,
        "support": 3520.0
    }
}