{
    "train_loss": [
        0.38227098577217367,
        0.359263900421009,
        0.35498198147877646,
        0.3506315924546134,
        0.3477099619023067,
        0.3452779917401562,
        0.3424933253559157,
        0.34104659121324116,
        0.3396063867941905,
        0.33898159965930746,
        0.3381263394532037,
        0.3372758782327407,
        0.3371945331996517,
        0.3367769889794435,
        0.33644298681489226,
        0.3361641865528047,
        0.3358877382389766,
        0.33576760275818496,
        0.3356998066493973,
        0.3356934491298542,
        0.3354647412374326,
        0.3355514018684046,
        0.3352995384991865,
        0.33536544952411135,
        0.3354038745744683,
        0.3350401346785549,
        0.3351365925041154,
        0.3350461105660242,
        0.3350335145043028,
        0.33501909841359356,
        0.3350934341028043,
        0.33502370107498614,
        0.33487638796349906,
        0.33495898666548823,
        0.33478665804120816,
        0.33475873755573765,
        0.33515827514318175,
        0.3349792484179545,
        0.3348090733303634,
        0.33472769721936624,
        0.3347397403726318,
        0.3348527392988539,
        0.33476641205962065,
        0.33476243327563837,
        0.3346016976388048,
        0.33456016213049683,
        0.3347095013360569,
        0.33449915179018846,
        0.3346625405294886,
        0.33452032547052735,
        0.33457437006879875
    ],
    "val_loss": [
        0.3507953776763036,
        0.3493082541685838,
        0.35174113741287816,
        0.339249136356207,
        0.3416165168468769,
        0.34126683932084306,
        0.34149686969243565,
        0.3381105835621174,
        0.33703152674895065,
        0.33919586080771225,
        0.3358188450336456,
        0.335988686634944,
        0.3370116972006284,
        0.3354165100134336,
        0.3362945776719313,
        0.3355447040154384,
        0.33553079595932594,
        0.3355904198609866,
        0.33515603771576513,
        0.3370660277513357,
        0.3353186020484337,
        0.33570636373299817,
        0.3354679777072026,
        0.3360415985951057,
        0.3342872798442841,
        0.33505578132776115,
        0.33464775543946484,
        0.3353878823610453,
        0.33518135180840125,
        0.33485126953858596,
        0.33419206188275263,
        0.33494687997377837,
        0.33455521418498113,
        0.3346958829806401,
        0.3344852809722607,
        0.33487370014190676,
        0.33507377413602973,
        0.33520423128054694,
        0.33544095021027787,
        0.33481504825445324,
        0.33552440588290877,
        0.3349852020923908,
        0.33495576152434714,
        0.33504225199039167,
        0.33427166113486656,
        0.33436520053790164,
        0.33493621074236357,
        0.3347397767580472,
        0.3345992964047652,
        0.3347233983186575,
        0.3348752269378075
    ],
    "val_accuracy": [
        0.33723196881091616,
        0.3304093567251462,
        0.33723196881091616,
        0.3216374269005848,
        0.3226120857699805,
        0.31871345029239767,
        0.32943469785575047,
        0.3255360623781676,
        0.3333333333333333,
        0.34210526315789475,
        0.3401559454191033,
        0.3313840155945419,
        0.3391812865497076,
        0.31871345029239767,
        0.3304093567251462,
        0.3304093567251462,
        0.33430799220272905,
        0.3382066276803119,
        0.3284600389863548,
        0.3313840155945419,
        0.3284600389863548,
        0.33430799220272905,
        0.3284600389863548,
        0.3362573099415205,
        0.3313840155945419,
        0.32748538011695905,
        0.3401559454191033,
        0.33430799220272905,
        0.3284600389863548,
        0.3382066276803119,
        0.3469785575048733,
        0.33235867446393763,
        0.34405458089668617,
        0.34210526315789475,
        0.33528265107212474,
        0.3391812865497076,
        0.32456140350877194,
        0.32748538011695905,
        0.33430799220272905,
        0.33430799220272905,
        0.33723196881091616,
        0.33430799220272905,
        0.3362573099415205,
        0.3538011695906433,
        0.33430799220272905,
        0.33430799220272905,
        0.3313840155945419,
        0.3313840155945419,
        0.341130604288499,
        0.3362573099415205,
        0.34307992202729043
    ]
}