{
    "train_loss": [
        0.38772385802250425,
        0.3657696483664012,
        0.36034891763085986,
        0.35619133525321456,
        0.3517909714452024,
        0.3493656659868441,
        0.3461957805815374,
        0.3441151894252124,
        0.3429750888264133,
        0.3414728433937414,
        0.34076389183330164,
        0.3393111506092873,
        0.3389807271586318,
        0.33837180309258547,
        0.3379727734202077,
        0.33752483477388373,
        0.3368666221891396,
        0.33666565040206164,
        0.3362564479330634,
        0.3360725089269853,
        0.33600023272900265,
        0.3358526356257353,
        0.33564620409958096,
        0.33570056852199687,
        0.33540526241180035,
        0.3355539595338621,
        0.3354807443887807,
        0.3354215170854724,
        0.33566822117404715,
        0.33554823922739885,
        0.33524276472715087,
        0.3353977996551573,
        0.3350579880091003,
        0.33511555623915407,
        0.3350797420809705,
        0.3353954343712284,
        0.334957173594241,
        0.3351179660526231,
        0.3352280725301008,
        0.3351975448632519,
        0.3347905450989764,
        0.3349275192398042,
        0.33509191116934156,
        0.3349989049629479,
        0.3350228421419047,
        0.33486485005816596,
        0.33498252331050915,
        0.33514670291299486,
        0.33477901554293205,
        0.33510556480763953,
        0.3349177242485002,
        0.33520112612831915,
        0.3350618437570357,
        0.33475507407336846,
        0.3346730817384757,
        0.3347310060888877,
        0.3346355701235018
    ],
    "val_loss": [
        0.3615666499504676,
        0.34794309643598703,
        0.3416290237353398,
        0.34658547043800353,
        0.34254243694818937,
        0.34299811995946444,
        0.3436710788653447,
        0.3389871776103973,
        0.34022141190675587,
        0.34082669753294725,
        0.337256474678333,
        0.33527206365878764,
        0.33738137483596803,
        0.3374762186637292,
        0.33607643567598783,
        0.33498305219870345,
        0.33609190812477696,
        0.33627213606467615,
        0.33464295313908504,
        0.3358394402724046,
        0.3362499525913825,
        0.3356970250606537,
        0.33475210345708406,
        0.3346358051666847,
        0.3349585991639357,
        0.335494720018827,
        0.33533794375566334,
        0.33627881361888007,
        0.33713381932331965,
        0.3353269820029919,
        0.3351084181895623,
        0.33540332867549016,
        0.3366654377717238,
        0.33645379084807175,
        0.3346055622284229,
        0.3348723530769348,
        0.3344343524712783,
        0.3378166803946862,
        0.3363289791804094,
        0.3350204972120432,
        0.3346664657959571,
        0.33536213773947493,
        0.337654363650542,
        0.33581339029165413,
        0.3350600627752451,
        0.3353357805655553,
        0.33470525512328514,
        0.3359644197500669,
        0.33616714844336876,
        0.33514088300558237,
        0.33494753608336814,
        0.3353254299897414,
        0.33539359982197103,
        0.3357531625490922,
        0.3356985160937676,
        0.3359471940077268,
        0.3354104482210599
    ],
    "val_accuracy": [
        0.32456140350877194,
        0.3255360623781676,
        0.34210526315789475,
        0.2855750487329435,
        0.32651072124756336,
        0.3382066276803119,
        0.33430799220272905,
        0.33528265107212474,
        0.33723196881091616,
        0.3362573099415205,
        0.3226120857699805,
        0.28654970760233917,
        0.3391812865497076,
        0.33430799220272905,
        0.3362573099415205,
        0.33528265107212474,
        0.30116959064327486,
        0.3128654970760234,
        0.3148148148148148,
        0.310916179337232,
        0.29922027290448344,
        0.3401559454191033,
        0.30409356725146197,
        0.31676413255360625,
        0.30994152046783624,
        0.31968810916179335,
        0.34307992202729043,
        0.3255360623781676,
        0.33723196881091616,
        0.3206627680311891,
        0.31773879142300193,
        0.3460038986354776,
        0.32456140350877194,
        0.31189083820662766,
        0.29434697855750486,
        0.3060428849902534,
        0.3157894736842105,
        0.3391812865497076,
        0.33723196881091616,
        0.3235867446393762,
        0.31773879142300193,
        0.3050682261208577,
        0.33430799220272905,
        0.3050682261208577,
        0.29142300194931775,
        0.310916179337232,
        0.310916179337232,
        0.31773879142300193,
        0.3313840155945419,
        0.2894736842105263,
        0.3001949317738791,
        0.31676413255360625,
        0.30116959064327486,
        0.32943469785575047,
        0.3138401559454191,
        0.3382066276803119,
        0.29239766081871343
    ]
}