{
    "0.0": {
        "precision": 0.31869918699186994,
        "recall": 0.47002398081534774,
        "f1-score": 0.3798449612403101,
        "support": 417.0
    },
    "1.0": {
        "precision": 0.3472222222222222,
        "recall": 0.46296296296296297,
        "f1-score": 0.3968253968253968,
        "support": 432.0
    },
    "2.0": {
        "precision": 0.4,
        "recall": 0.08333333333333333,
        "f1-score": 0.13793103448275862,
        "support": 432.0
    },
    "accuracy": 0.3372365339578454,
    "macro avg": {
        "precision": 0.3553071364046974,
        "recall": 0.3387734257038813,
        "f1-score": 0.3048671308494885,
        "support": 1281.0
    },
    "weighted avg": {
        "precision": 0.35573580091772816,
        "recall": 0.3372365339578454,
        "f1-score": 0.3039891703062705,
        "support": 1281.0
    }
}