{
    "0.0": {
        "precision": 0.3103448275862069,
        "recall": 0.0215311004784689,
        "f1-score": 0.040268456375838924,
        "support": 418.0
    },
    "1.0": {
        "precision": 0.3290529695024077,
        "recall": 0.47453703703703703,
        "f1-score": 0.3886255924170616,
        "support": 432.0
    },
    "2.0": {
        "precision": 0.3380952380952381,
        "recall": 0.4930555555555556,
        "f1-score": 0.4011299435028249,
        "support": 432.0
    },
    "accuracy": 0.3330733229329173,
    "macro avg": {
        "precision": 0.3258310117279509,
        "recall": 0.32970789769035386,
        "f1-score": 0.27667466409857516,
        "support": 1282.0
    },
    "weighted avg": {
        "precision": 0.32600012762341457,
        "recall": 0.3330733229329173,
        "f1-score": 0.2792563231532696,
        "support": 1282.0
    }
}