{
    "train_loss": [
        0.5241782227978435,
        0.5092716084297046,
        0.5018976207123053,
        0.505355399768946,
        0.5026286623103129,
        0.5019835809779827,
        0.5016268307812176,
        0.49960069173982224,
        0.49924722205429967,
        0.5010716381985721,
        0.4987906146431247,
        0.4995208271118925,
        0.49228646219036987,
        0.4899754713803226,
        0.48725170977250976,
        0.4859614254692583,
        0.4803529914896908,
        0.4764471482241518,
        0.475049621153086,
        0.4680758518596577,
        0.4651359546566287,
        0.46897040899664033,
        0.46332905475142394
    ],
    "val_loss": [
        0.4988860887639663,
        0.48981270158992096,
        0.4895245509989121,
        0.4982496861149283,
        0.5077018082141876,
        0.4895260337521048,
        0.5028329126975115,
        0.4907829572172726,
        0.4961383805555456,
        0.4968749449533575,
        0.5162843956666834,
        0.5171515889027539,
        0.5471830725669861,
        0.5263231235391953,
        0.5161650471827564,
        0.5210341250195223,
        0.523046369412366,
        0.514911233326968,
        0.5277823967092178,
        0.5308026944889742,
        0.5366556917919832,
        0.5354918507968678,
        0.5119900450986974
    ],
    "val_accuracy": [
        0.5647058823529412,
        0.575,
        0.575,
        0.575,
        0.425,
        0.575,
        0.4345588235294118,
        0.575,
        0.575,
        0.575,
        0.43014705882352944,
        0.4338235294117647,
        0.42426470588235293,
        0.4426470588235294,
        0.4625,
        0.4514705882352941,
        0.4625,
        0.46911764705882353,
        0.45588235294117646,
        0.4536764705882353,
        0.4389705882352941,
        0.4485294117647059,
        0.47573529411764703
    ]
}