{
    "train_loss": [
        0.5215787715353126,
        0.5052245427167051,
        0.5027612188757767,
        0.5013485953016573,
        0.5002676334877375,
        0.5031613011287289,
        0.501209598397931,
        0.5001056835901269,
        0.5001071553563446,
        0.4997573043755222,
        0.49761706135158457,
        0.49722714051929623,
        0.4962271880548247,
        0.4930640784847337,
        0.4895186445077954,
        0.48227861588698806,
        0.4827958336303328,
        0.4804236071599102,
        0.4744235776484099,
        0.47138195314608633,
        0.46806534074973505,
        0.4687768100304027,
        0.46693011550056535,
        0.4646141742514731,
        0.4676950225359835,
        0.4640411851708025,
        0.461357915201909,
        0.45645457588602534,
        0.45598712990811474,
        0.4534688935746619,
        0.45406322719141556,
        0.4567269146268892,
        0.44936299966065296,
        0.4490889118227896,
        0.45336499228921695,
        0.4488782425678106,
        0.45041620555663214,
        0.447143161010534,
        0.44655322260731695,
        0.44272350638107094,
        0.4435692274457676,
        0.44638281396903323,
        0.4427624659116612,
        0.44474307247037626,
        0.44642842128287236,
        0.4405288287645865,
        0.43900327135034695,
        0.44164408539493705,
        0.43382214643115385,
        0.4424951336572958,
        0.4410026423318591,
        0.4362276552849635,
        0.4398076511713442,
        0.4362903135832741,
        0.44046789997703295,
        0.4412682138849728,
        0.4348463703494579,
        0.4375320444157377,
        0.4324189792597311,
        0.43457376243332413,
        0.4312776396758692
    ],
    "val_loss": [
        0.4941158214036156,
        0.4941541906665353,
        0.49701298685634837,
        0.5119661552064559,
        0.49485134692753063,
        0.51423720647307,
        0.4996186862973606,
        0.49518466907389025,
        0.506651069837458,
        0.4840982931501725,
        0.5179973493604099,
        0.5020404258195091,
        0.4831095057375291,
        0.5045180836144616,
        0.47776966831263373,
        0.5046689201803768,
        0.510248796378865,
        0.5158495769781225,
        0.5326310031554278,
        0.5153620593688067,
        0.5016255441833944,
        0.48586068854612463,
        0.4687240611104404,
        0.5050594094921561,
        0.5137769783244414,
        0.5070809536120471,
        0.4595836697255864,
        0.4727334695703843,
        0.45650713864494774,
        0.507320374250412,
        0.48094127265846026,
        0.4768128615968368,
        0.44184021511498617,
        0.503538301411797,
        0.4817923044457155,
        0.4647440103923573,
        0.4987652550725376,
        0.4810113384443171,
        0.5038805326994727,
        0.49209164486211887,
        0.4288599555983263,
        0.47496153221410864,
        0.47540757883997525,
        0.45681205602253183,
        0.4593099362709943,
        0.4499335048829808,
        0.4779436213128707,
        0.46441448120509876,
        0.46514351175111884,
        0.4686616417239694,
        0.4822488949579351,
        0.4822927950059666,
        0.47472641327801873,
        0.47740066489752603,
        0.4895071760696523,
        0.47793801479479847,
        0.4630099570049959,
        0.4746420706019682,
        0.45990953568150017,
        0.4712295297314139,
        0.4751167328918681
    ],
    "val_accuracy": [
        0.575,
        0.575,
        0.575,
        0.4338235294117647,
        0.575,
        0.42573529411764705,
        0.4713235294117647,
        0.5838235294117647,
        0.4485294117647059,
        0.575,
        0.4441176470588235,
        0.47205882352941175,
        0.5683823529411764,
        0.4632352941176471,
        0.5227941176470589,
        0.47573529411764703,
        0.47794117647058826,
        0.4698529411764706,
        0.45294117647058824,
        0.4698529411764706,
        0.48970588235294116,
        0.513235294117647,
        0.5411764705882353,
        0.4786764705882353,
        0.4801470588235294,
        0.4875,
        0.5404411764705882,
        0.5220588235294118,
        0.5522058823529412,
        0.4948529411764706,
        0.5147058823529411,
        0.5294117647058824,
        0.5654411764705882,
        0.4919117647058823,
        0.5154411764705882,
        0.5433823529411764,
        0.49117647058823527,
        0.5169117647058824,
        0.49117647058823527,
        0.5080882352941176,
        0.5808823529411765,
        0.5220588235294118,
        0.5264705882352941,
        0.5522058823529412,
        0.5507352941176471,
        0.5544117647058824,
        0.525,
        0.538235294117647,
        0.5360294117647059,
        0.5404411764705882,
        0.5205882352941177,
        0.5161764705882353,
        0.524264705882353,
        0.525,
        0.5095588235294117,
        0.5198529411764706,
        0.5397058823529411,
        0.5264705882352941,
        0.5485294117647059,
        0.5352941176470588,
        0.5235294117647059
    ]
}