{
    "train_loss": [
        0.5149736793974775,
        0.5032530712421978,
        0.5001346472395907,
        0.5021293834394069,
        0.5021040735893721,
        0.501233376183017,
        0.4999170060414588,
        0.4988702175572102,
        0.4981702996914043,
        0.49341913819139527,
        0.4900383613949433,
        0.4839808607292314,
        0.4824711388028518,
        0.4785826960158313,
        0.47527763768054515,
        0.47190062131250093,
        0.4708226965591203,
        0.4658142040216593,
        0.46957637888028286,
        0.46493630221837473,
        0.4579127395127017,
        0.4614558835911091,
        0.46088645695078323,
        0.45629355944747313,
        0.45606160808078067,
        0.45145502677824473,
        0.4532170086404989,
        0.45493790563711084
    ],
    "val_loss": [
        0.4941573654904085,
        0.494391984799329,
        0.5177418614135069,
        0.4995717662222245,
        0.4958710912395926,
        0.4998208866399877,
        0.4981683075428009,
        0.4792815257521237,
        0.5106051490587347,
        0.5236107345889597,
        0.5170941079364103,
        0.4871356361052569,
        0.5115797207635991,
        0.522738022664014,
        0.5180309071260341,
        0.5370388683150796,
        0.5508625030517578,
        0.5518334055648131,
        0.5377433429746067,
        0.5374302516965305,
        0.5598647927536684,
        0.5431186129065121,
        0.5503064039875479,
        0.5525316427735721,
        0.5497169722529018,
        0.5564940403489506,
        0.5463880440768074,
        0.5452094309470232
    ],
    "val_accuracy": [
        0.575,
        0.575,
        0.425,
        0.5647058823529412,
        0.575,
        0.4676470588235294,
        0.5551470588235294,
        0.575,
        0.45808823529411763,
        0.4338235294117647,
        0.4610294117647059,
        0.5227941176470589,
        0.4647058823529412,
        0.46397058823529413,
        0.4742647058823529,
        0.4411764705882353,
        0.43529411764705883,
        0.43161764705882355,
        0.4308823529411765,
        0.4441176470588235,
        0.43308823529411766,
        0.4411764705882353,
        0.43014705882352944,
        0.43308823529411766,
        0.43161764705882355,
        0.43823529411764706,
        0.43529411764705883,
        0.44191176470588234
    ]
}