{
    "train_loss": [
        0.521584812513779,
        0.5067489017912741,
        0.5045095725524547,
        0.5033999184333602,
        0.5021975020047011,
        0.5014497192232196,
        0.5024480459211175,
        0.4996523980750788,
        0.5008034546042114,
        0.49903377838530394,
        0.49497255804410323,
        0.494016213665189,
        0.4919468231249758,
        0.4849631113516712,
        0.4815594005185617,
        0.47680229126452706,
        0.4769534761468396,
        0.4728417017400872,
        0.46497292797117773,
        0.4644974941249498,
        0.46175737978329306,
        0.4603810446578169,
        0.4584509579375321,
        0.4530292744849967,
        0.45535500954939634,
        0.4522569060238862,
        0.44985525175560337,
        0.45073734668491533,
        0.44704079604131514,
        0.4488347695470724,
        0.44163904830357914,
        0.4457235069948166,
        0.4406562523897385,
        0.443752058772194,
        0.43811523487040394,
        0.4434873115330978,
        0.4365184720947232,
        0.4412529621886027,
        0.43958231192922664,
        0.4390757885345378,
        0.43741135134360326,
        0.4346221925303058,
        0.43657123255157054,
        0.43086508285183744,
        0.44067538177168875,
        0.43783068066948194,
        0.4333262063313433,
        0.43700785889375676,
        0.43013663325334045,
        0.4326947098042073,
        0.43752027753051886,
        0.43655799422548675,
        0.4344764141883739,
        0.4326853220075846,
        0.4340528327825288,
        0.4359267070303838,
        0.4302317329195736,
        0.4376130976878226,
        0.42252964442907637,
        0.43401612371770226,
        0.43560229298242487,
        0.431545126906649,
        0.42937708410720465,
        0.42772327868872506
    ],
    "val_loss": [
        0.49285726126502544,
        0.48284597817589253,
        0.47849057001226086,
        0.4847258248749901,
        0.4748130826389088,
        0.48719851830426386,
        0.4744683654869304,
        0.49308933931238513,
        0.4863950399791493,
        0.4730228841304779,
        0.48062719597535974,
        0.5037051796913147,
        0.4949371576309204,
        0.4814168365562663,
        0.4919024919762331,
        0.5025879589950337,
        0.47197612997363597,
        0.4412862555069082,
        0.46221468396046583,
        0.4475243100348641,
        0.43374531882650713,
        0.482828553108608,
        0.43563304403248954,
        0.47225196045987744,
        0.467365442479358,
        0.4289979272028979,
        0.441640224702218,
        0.42954396815860973,
        0.42619043167899634,
        0.4476417946464875,
        0.43123483727960027,
        0.43617877083666184,
        0.4342476048890282,
        0.42716807845760796,
        0.4870766529265572,
        0.4587326028767754,
        0.4855476579245399,
        0.43733450752847336,
        0.4357418914051617,
        0.4767650388619479,
        0.4498211906236761,
        0.4526018005960128,
        0.4277819863137077,
        0.4205651455065783,
        0.4335951017982819,
        0.43968322417315314,
        0.4309143925414366,
        0.46175027787685397,
        0.4322038659278084,
        0.4908826340647305,
        0.43818282520069796,
        0.43885696898488435,
        0.48549500861588646,
        0.42777375052956973,
        0.4581836269182317,
        0.4560025244951248,
        0.4823045018841239,
        0.42259875535964964,
        0.4492882449837292,
        0.47184798857745003,
        0.4311188776703442,
        0.4282036842668758,
        0.4582461010007297,
        0.4532229448066038
    ],
    "val_accuracy": [
        0.5742647058823529,
        0.575,
        0.575,
        0.575,
        0.575,
        0.575,
        0.575,
        0.586764705882353,
        0.575,
        0.575735294117647,
        0.5522058823529412,
        0.48455882352941176,
        0.4948529411764706,
        0.5220588235294118,
        0.5308823529411765,
        0.4919117647058823,
        0.5529411764705883,
        0.5691176470588235,
        0.5477941176470589,
        0.5786764705882353,
        0.5808823529411765,
        0.5205882352941177,
        0.5727941176470588,
        0.5272058823529412,
        0.5669117647058823,
        0.5794117647058824,
        0.5713235294117647,
        0.5779411764705882,
        0.5794117647058824,
        0.5551470588235294,
        0.575,
        0.5705882352941176,
        0.5764705882352941,
        0.5779411764705882,
        0.5125,
        0.549264705882353,
        0.5161764705882353,
        0.5705882352941176,
        0.5720588235294117,
        0.5213235294117647,
        0.5683823529411764,
        0.5507352941176471,
        0.5801470588235295,
        0.5875,
        0.5779411764705882,
        0.5654411764705882,
        0.575735294117647,
        0.5426470588235294,
        0.5735294117647058,
        0.5095588235294117,
        0.5669117647058823,
        0.5669117647058823,
        0.5139705882352941,
        0.5764705882352941,
        0.5433823529411764,
        0.5455882352941176,
        0.5220588235294118,
        0.5845588235294118,
        0.5595588235294118,
        0.5316176470588235,
        0.5801470588235295,
        0.5845588235294118,
        0.5485294117647059,
        0.5507352941176471
    ]
}