{
    "train_loss": [
        0.5318341464715233,
        0.505374667252342,
        0.5040072274693929,
        0.5046216537945483,
        0.5029928534138498,
        0.4995939696025987,
        0.49907653408973673,
        0.5020023404771063,
        0.4990557858603837,
        0.494997023191341,
        0.49399684228577817,
        0.4870589034526109,
        0.48728525469396833,
        0.48416340403161195,
        0.4832100846534907,
        0.48036470124294667,
        0.4786176798645586,
        0.47445808322842636,
        0.4752053799327284,
        0.47228898825950844,
        0.47029418837729153,
        0.46736954011597837,
        0.4646859216290964,
        0.45916788371109024
    ],
    "val_loss": [
        0.5013957072706784,
        0.5017981431063484,
        0.5077366615042967,
        0.49028713808340185,
        0.5024538709836848,
        0.49250360762371737,
        0.49979869162335117,
        0.49785125781508055,
        0.4965811890714309,
        0.4989427478874431,
        0.5151715878178091,
        0.5273771584033966,
        0.5376716950360466,
        0.52000551293878,
        0.5191614873269025,
        0.5240895294091281,
        0.49882609353345986,
        0.5312475576120265,
        0.5101041730712442,
        0.49657589758143705,
        0.5264544427394867,
        0.5338373818818261,
        0.5086984911385705,
        0.5255333209739012
    ],
    "val_accuracy": [
        0.4389705882352941,
        0.42573529411764705,
        0.42426470588235293,
        0.575,
        0.425,
        0.575,
        0.4786764705882353,
        0.5066176470588235,
        0.5051470588235294,
        0.48455882352941176,
        0.45808823529411763,
        0.44338235294117645,
        0.4485294117647059,
        0.46397058823529413,
        0.46691176470588236,
        0.4698529411764706,
        0.4889705882352941,
        0.4426470588235294,
        0.4860294117647059,
        0.4963235294117647,
        0.4588235294117647,
        0.4551470588235294,
        0.4860294117647059,
        0.46691176470588236
    ]
}