{
    "0": {
        "precision": 0.4264487369985141,
        "recall": 0.9930795847750865,
        "f1-score": 0.5966735966735967,
        "support": 289.0
    },
    "1": {
        "precision": 0.7142857142857143,
        "recall": 0.01278772378516624,
        "f1-score": 0.02512562814070352,
        "support": 391.0
    },
    "accuracy": 0.4294117647058823,
    "macro avg": {
        "precision": 0.5703672256421142,
        "recall": 0.5029336542801264,
        "f1-score": 0.3108996124071501,
        "support": 680.0
    },
    "weighted avg": {
        "precision": 0.5919549989386542,
        "recall": 0.4294117647058823,
        "f1-score": 0.26803351476718307,
        "support": 680.0
    }
}