{
    "0": {
        "precision": 0.44224422442244227,
        "recall": 0.9273356401384083,
        "f1-score": 0.5988826815642458,
        "support": 289.0
    },
    "1": {
        "precision": 0.7162162162162162,
        "recall": 0.13554987212276215,
        "f1-score": 0.22795698924731184,
        "support": 391.0
    },
    "accuracy": 0.47205882352941175,
    "macro avg": {
        "precision": 0.5792302203193292,
        "recall": 0.5314427561305852,
        "f1-score": 0.41341983540577887,
        "support": 680.0
    },
    "weighted avg": {
        "precision": 0.5997781197038622,
        "recall": 0.47205882352941175,
        "f1-score": 0.3856004084820088,
        "support": 680.0
    }
}