{
    "0": {
        "precision": 0.0,
        "recall": 0.0,
        "f1-score": 0.0,
        "support": 289.0
    },
    "1": {
        "precision": 0.575,
        "recall": 1.0,
        "f1-score": 0.7301587301587301,
        "support": 391.0
    },
    "accuracy": 0.575,
    "macro avg": {
        "precision": 0.2875,
        "recall": 0.5,
        "f1-score": 0.36507936507936506,
        "support": 680.0
    },
    "weighted avg": {
        "precision": 0.330625,
        "recall": 0.575,
        "f1-score": 0.41984126984126985,
        "support": 680.0
    }
}