{
    "train_loss": [
        0.4963335193775512,
        0.44926645284170635,
        0.42704690531059936,
        0.4150420034979726,
        0.4042490661144257,
        0.39435662168722885,
        0.3848263013821382,
        0.3771868069093306,
        0.3660342813848139,
        0.35447237033110396,
        0.34091844853464065,
        0.32535926152716627,
        0.2996345165502894,
        0.2901815999831472,
        0.27499054832445397,
        0.26748363992997576,
        0.25551587379240726,
        0.25615594112774825,
        0.2438386294049221,
        0.2428000411407633,
        0.23033157224756676,
        0.22951092020414032,
        0.22903365281584498,
        0.226984929264738,
        0.2264382019434329,
        0.22131828913403737,
        0.21851233185811358,
        0.2190105017765865,
        0.2115709296130872,
        0.20869917248140324,
        0.2098821882526953,
        0.20927517294146858,
        0.20364002740972645
    ],
    "val_loss": [
        0.4990515732765198,
        0.447564577460289,
        0.4312092711528142,
        0.44830075760682425,
        0.464331211745739,
        0.4453843171397845,
        0.44657459994157156,
        0.4376887434720993,
        0.44162930488586427,
        0.43955196807781854,
        0.4319244709610939,
        0.4216460683941841,
        0.4203619877497355,
        0.43658606469631195,
        0.43274296750624974,
        0.4283536101380984,
        0.4321266228953997,
        0.4394005502263705,
        0.4516703588763873,
        0.4397933301329613,
        0.4433026484648387,
        0.4335676461458206,
        0.4206930374105771,
        0.43973449567953743,
        0.45124184370040893,
        0.44237880965073906,
        0.43856289943059285,
        0.4224447915951411,
        0.4355479294061661,
        0.4690976369380951,
        0.44653539250294366,
        0.45401130894819897,
        0.42520052775740624
    ],
    "val_accuracy": [
        0.5183792815371763,
        0.5877192982456141,
        0.6081871345029239,
        0.5939849624060151,
        0.5906432748538012,
        0.6027568922305765,
        0.6031746031746031,
        0.6094402673350042,
        0.600250626566416,
        0.595655806182122,
        0.6052631578947368,
        0.5960735171261488,
        0.6010860484544696,
        0.5789473684210527,
        0.5843776106934002,
        0.581453634085213,
        0.5781119465329991,
        0.5701754385964912,
        0.5538847117794486,
        0.5714285714285714,
        0.565998329156224,
        0.5735171261487051,
        0.5902255639097744,
        0.5647451963241437,
        0.5559732664995823,
        0.5685045948203843,
        0.565998329156224,
        0.5810359231411864,
        0.570593149540518,
        0.5350877192982456,
        0.5622389306599833,
        0.5547201336675021,
        0.5818713450292398
    ]
}