{
    "train_loss": [
        0.49314754952441203,
        0.4585459861781571,
        0.4319420920623528,
        0.41561914561214025,
        0.406236241708745,
        0.39564299442610895,
        0.3841482928984768,
        0.3762209645339421,
        0.3645000242761203,
        0.34692342972362433,
        0.3260832572703833,
        0.31023969329320467,
        0.2951380428868336,
        0.28407755967352416,
        0.2819569516558569,
        0.26591029524148163,
        0.2626183098202551,
        0.2591449921684606,
        0.2518747548726234,
        0.2453674899721211,
        0.24298877727936258,
        0.2380094013944432,
        0.23818786152444044,
        0.2364347433241514,
        0.23102998686852036,
        0.23348158180386155,
        0.22849846650119665,
        0.2243763177195093,
        0.21948911175950542,
        0.2219119763533984,
        0.22458001033576963,
        0.22059046645945574,
        0.2241429740849596,
        0.21533488651717103,
        0.215162152956639,
        0.20851233334863906,
        0.20824392057832453,
        0.21389065477997066,
        0.21682605115430695,
        0.21590389091480564,
        0.2094626640921438,
        0.20737472117499828,
        0.2119352557338201,
        0.21969642750918866,
        0.21272550025791093,
        0.2231140441435215,
        0.2094807706118285,
        0.209965459000483,
        0.20942614987840527,
        0.20285846301057672,
        0.20288295559789782,
        0.2074782446251957,
        0.20694076799593128,
        0.20176006351689715,
        0.19375393859284756,
        0.20868588111639677,
        0.20360024650427666,
        0.2045710807584308,
        0.20974904021739468,
        0.1990233644822633,
        0.20163313177936187,
        0.19986401025185382,
        0.19936305064974086,
        0.20116686056685318,
        0.2042396810059282,
        0.20011439950277027,
        0.19536249357285898,
        0.19686984781298664,
        0.2006952726404991,
        0.19787514249763483,
        0.20229491416446782,
        0.19696661739681776
    ],
    "val_loss": [
        0.5083740017811458,
        0.4522815914948781,
        0.45303652187188465,
        0.48372668206691743,
        0.45729721456766126,
        0.4540403691927592,
        0.4505160826444626,
        0.46573157121737796,
        0.4558481481671333,
        0.4304238231976827,
        0.448359281818072,
        0.4315826064348221,
        0.4429553359250228,
        0.4372750381628672,
        0.4293985523780187,
        0.43638425692915916,
        0.4122156701485316,
        0.4313686724503835,
        0.44159315730134646,
        0.4505545794467131,
        0.4358496189614137,
        0.4319653075436751,
        0.4368508170048396,
        0.450351802756389,
        0.44046472350756327,
        0.429674250682195,
        0.44111716270446777,
        0.43908997386693954,
        0.42779737333456674,
        0.4254816854496797,
        0.41822875892122585,
        0.40985272732252875,
        0.41962333815793196,
        0.4429904529949029,
        0.43131172825892766,
        0.43397796620925266,
        0.44847176829973856,
        0.43007899632056557,
        0.44004328673084575,
        0.43298618962367375,
        0.44023826976617175,
        0.43839073479175567,
        0.43706871976455053,
        0.44057781328757606,
        0.4429931684831778,
        0.4342690337697665,
        0.46301563863952955,
        0.45443624645471575,
        0.42971330910921096,
        0.43598329653342566,
        0.4283573521176974,
        0.40735850592454276,
        0.43577518572409946,
        0.45176292593280476,
        0.42612976195290686,
        0.4389403659105301,
        0.4317247654994329,
        0.46541682064533235,
        0.43270298798878987,
        0.42616356021724644,
        0.46360742112000786,
        0.43900264754891394,
        0.42821360369523365,
        0.44703265925248464,
        0.44597988019386925,
        0.44399477064609527,
        0.4175206838051478,
        0.45500888874133427,
        0.4469230588277181,
        0.4329363069931666,
        0.44449246833721795,
        0.4219351335366567
    ],
    "val_accuracy": [
        0.48120300751879697,
        0.5847953216374269,
        0.5781119465329991,
        0.5543024227234754,
        0.5760233918128655,
        0.5810359231411864,
        0.5889724310776943,
        0.5760233918128655,
        0.5822890559732665,
        0.591060985797828,
        0.5697577276524645,
        0.5797827903091061,
        0.5743525480367586,
        0.5839598997493735,
        0.5772765246449457,
        0.5785296574770259,
        0.5973266499582289,
        0.5743525480367586,
        0.5676691729323309,
        0.556390977443609,
        0.5718462823725982,
        0.5747702589807853,
        0.5710108604845447,
        0.5572263993316625,
        0.570593149540518,
        0.5785296574770259,
        0.5630743525480367,
        0.5680868838763575,
        0.5802005012531328,
        0.5822890559732665,
        0.5868838763575606,
        0.5944026733500418,
        0.5864661654135338,
        0.564327485380117,
        0.5776942355889725,
        0.5722639933166249,
        0.5605680868838764,
        0.575187969924812,
        0.5668337510442774,
        0.5718462823725982,
        0.5668337510442774,
        0.5697577276524645,
        0.5697577276524645,
        0.5651629072681704,
        0.5601503759398496,
        0.5710108604845447,
        0.5434419381787803,
        0.5522138680033417,
        0.5764411027568922,
        0.5685045948203843,
        0.5781119465329991,
        0.5969089390142022,
        0.570593149540518,
        0.5568086883876358,
        0.5831244778613199,
        0.5668337510442774,
        0.5739348370927319,
        0.5401002506265664,
        0.5730994152046783,
        0.5781119465329991,
        0.543859649122807,
        0.565998329156224,
        0.5789473684210527,
        0.5584795321637427,
        0.5597326649958229,
        0.5618212197159566,
        0.5881370091896407,
        0.5488721804511278,
        0.5584795321637427,
        0.5743525480367586,
        0.5614035087719298,
        0.5856307435254804
    ]
}