{
    "0": {
        "precision": 0.49105367793240556,
        "recall": 0.43485915492957744,
        "f1-score": 0.4612511671335201,
        "support": 1136.0
    },
    "1": {
        "precision": 0.676737160120846,
        "recall": 0.7241379310344828,
        "f1-score": 0.6996356064549714,
        "support": 1856.0
    },
    "accuracy": 0.6143048128342246,
    "macro avg": {
        "precision": 0.5838954190266258,
        "recall": 0.5794985429820301,
        "f1-score": 0.5804433867942458,
        "support": 2992.0
    },
    "weighted avg": {
        "precision": 0.6062370144771065,
        "recall": 0.6143048128342246,
        "f1-score": 0.6091260064986984,
        "support": 2992.0
    }
}