{
    "train_loss": [
        0.5229828820778774,
        0.5119147518833915,
        0.5068346493846767,
        0.5025957963623844,
        0.5016535388899374,
        0.49708993631404835,
        0.48735217871246755,
        0.4786331316926977,
        0.468995646068028,
        0.46455673437852124,
        0.4591290179844741,
        0.4507961936049409,
        0.4480140985368372,
        0.4475403305920926,
        0.44263988196194826,
        0.4385301975103525,
        0.4342356731930932,
        0.43974645566809306,
        0.4325071536250167,
        0.4371677245412554,
        0.42639542916318873,
        0.42914167521419105,
        0.42242087020978825,
        0.4247360131242773,
        0.42212982357858303,
        0.4218772431978813,
        0.4181767975891029,
        0.42140141872914283,
        0.4165066187525844,
        0.42022154593205713,
        0.41514465291421493,
        0.4149522182050642,
        0.415242058464459,
        0.41430462945948593,
        0.41279333440157084,
        0.4068187308180463,
        0.4173548432496878,
        0.41289468073582913,
        0.40967792596790814,
        0.4131477704087457,
        0.40561883870389437,
        0.4049151191344628,
        0.4086364127777435,
        0.40870564923836633,
        0.4082281232207686,
        0.40641622916682735,
        0.4063655883728803,
        0.40682114297217065,
        0.40368626166831006,
        0.4052728176771939,
        0.40315566328200664,
        0.4136262129951309,
        0.40613994342940196,
        0.4002615458690203,
        0.4027489857359247,
        0.3997086775826884,
        0.4025845032799375,
        0.3942383152115476,
        0.4000873007617154,
        0.4033784385893371,
        0.4017776220054417,
        0.4045731666323903,
        0.40567676362755534,
        0.4004503084735556,
        0.40143666568693226,
        0.40047279871427094,
        0.4036054817857323
    ],
    "val_loss": [
        0.5038564548889796,
        0.48991044600804645,
        0.5070073296626408,
        0.5038933954636255,
        0.5072206238905589,
        0.47089245935281115,
        0.4463385957479477,
        0.44032192170619966,
        0.41472372819979986,
        0.4220466579000155,
        0.4139676926533381,
        0.4376909851034482,
        0.410920105278492,
        0.40971309940020245,
        0.4627514666318893,
        0.4343273080388705,
        0.3805965226888657,
        0.3995952209830284,
        0.39480568448702497,
        0.38294484903415044,
        0.41233733276526136,
        0.38963705345988275,
        0.3889096197485924,
        0.4091206447283427,
        0.4009713373581568,
        0.4217840219537417,
        0.3831564058860143,
        0.39725318769613904,
        0.4091173420349757,
        0.3893973966439565,
        0.37328072542945545,
        0.38964120209217074,
        0.4161579277118047,
        0.400009046792984,
        0.39306489179531734,
        0.4095880545179049,
        0.3814423096179962,
        0.3813696068525314,
        0.3799897344907125,
        0.38423692653576536,
        0.40745191325743996,
        0.3999904031554858,
        0.3912904831767082,
        0.3952094465494156,
        0.4192565276225408,
        0.3836668235063553,
        0.3720065495371819,
        0.3840697006384532,
        0.3982217785716057,
        0.39180072645346325,
        0.4121723073720932,
        0.4129954062898954,
        0.39949209918578465,
        0.39359765539566677,
        0.42096368958552677,
        0.42211660812298457,
        0.38206067914764086,
        0.3991119137406349,
        0.3722106224298477,
        0.40852112899223963,
        0.3908000906308492,
        0.38369855463504793,
        0.3941202066342036,
        0.397089103658994,
        0.40838986724615095,
        0.434880863626798,
        0.37427515124281246
    ],
    "val_accuracy": [
        0.39223057644110276,
        0.6223893065998329,
        0.38721804511278196,
        0.4164578111946533,
        0.4223057644110276,
        0.5522138680033417,
        0.5797827903091061,
        0.5839598997493735,
        0.6081871345029239,
        0.5964912280701754,
        0.6119465329991646,
        0.5802005012531328,
        0.6115288220551378,
        0.606516290726817,
        0.5551378446115288,
        0.5664160401002506,
        0.6303258145363408,
        0.6169590643274854,
        0.6140350877192983,
        0.6261487050960736,
        0.5994152046783626,
        0.6211361737677528,
        0.6228070175438597,
        0.5969089390142022,
        0.6106934001670844,
        0.5789473684210527,
        0.6223893065998329,
        0.6190476190476191,
        0.5960735171261488,
        0.6194653299916458,
        0.633249791144528,
        0.6203007518796992,
        0.591060985797828,
        0.6111111111111112,
        0.616123642439432,
        0.6031746031746031,
        0.6282372598162071,
        0.6324143692564745,
        0.6278195488721805,
        0.6274018379281537,
        0.5994152046783626,
        0.6015037593984962,
        0.6211361737677528,
        0.6115288220551378,
        0.5860484544695072,
        0.6261487050960736,
        0.6390977443609023,
        0.6244778613199666,
        0.6094402673350042,
        0.6115288220551378,
        0.5906432748538012,
        0.589390142021721,
        0.6106934001670844,
        0.6182121971595655,
        0.5868838763575606,
        0.5789473684210527,
        0.62531328320802,
        0.614452798663325,
        0.6403508771929824,
        0.6010860484544696,
        0.616123642439432,
        0.626984126984127,
        0.6123642439431913,
        0.6060985797827904,
        0.5989974937343359,
        0.5634920634920635,
        0.6311612364243944
    ]
}