{
    "train_loss": [
        0.5199477366038732,
        0.5075018512023675,
        0.5018905299705464,
        0.4998286724090576,
        0.49422499039670925,
        0.48785696907357856,
        0.478567923949315,
        0.4685563536135705,
        0.46672969381887836,
        0.4619636813362876,
        0.45647547919671616,
        0.4509330314594311,
        0.4494876450889713,
        0.44232251074287915,
        0.4431949650848305,
        0.44289369619154667,
        0.4362604396683829,
        0.43284831174782346,
        0.43132800083239,
        0.4256747713783285,
        0.4281898573859707,
        0.42581550638590543,
        0.42738951631299743,
        0.4238980350258586,
        0.4198376871399827,
        0.41973030871742373,
        0.41457417682631986,
        0.4163141913793899,
        0.41373419008412204,
        0.4163855323097208,
        0.41544698376904476,
        0.41702500752040317,
        0.4222220032752215,
        0.4094155781216674,
        0.4119040684713112,
        0.41487085806144464,
        0.4130159040073772,
        0.4074636773748712,
        0.41635977033075394,
        0.4112814884919387,
        0.40809248030840695,
        0.4081187837562718,
        0.4074782233971816,
        0.40990809054820093,
        0.40951024539523073,
        0.40429596052719996,
        0.40700169389064494,
        0.40499868982440823,
        0.4065294308321817,
        0.40944716304868134,
        0.4031337264147434,
        0.41139806168419973,
        0.4023773423590503,
        0.4035052376134055,
        0.39936992873202315,
        0.40637087121114623,
        0.40149274201511026,
        0.4007557622842736,
        0.3967782364278049
    ],
    "val_loss": [
        0.5134808500607808,
        0.5226169967651367,
        0.4998535829782486,
        0.4921999378999074,
        0.48929003496964774,
        0.4859910988807678,
        0.4345027835170428,
        0.4218042891224225,
        0.43877901464700697,
        0.4073249659935633,
        0.41978580156962075,
        0.41805259853601456,
        0.4164478568236033,
        0.42144720405340197,
        0.4252355303366979,
        0.4749206557869911,
        0.4087471740444501,
        0.40027715077002846,
        0.41176203817129137,
        0.41583420236905416,
        0.4046786310275396,
        0.40007204006115593,
        0.39750379741191866,
        0.41534246563911437,
        0.415401785671711,
        0.3985847602287928,
        0.39460440635681154,
        0.4169623297452927,
        0.3879207155605157,
        0.40052542905012767,
        0.39885098189115525,
        0.40994493732849757,
        0.3753155962129434,
        0.40415194819370903,
        0.4023298739393552,
        0.38701674103736877,
        0.37287236511707306,
        0.41053559313217797,
        0.36996911322077114,
        0.3977602172891299,
        0.4064359092215697,
        0.4115048198898633,
        0.40994383215904234,
        0.3892736073335012,
        0.4442854966719945,
        0.376666061381499,
        0.4142103452483813,
        0.4431182520588239,
        0.41135403081774713,
        0.39542733192443846,
        0.4544520032405853,
        0.3906252344946067,
        0.4002977263430754,
        0.4112741423646609,
        0.4004765238861243,
        0.4210533038775126,
        0.4417311257123947,
        0.3981065476934115,
        0.3797233788172404
    ],
    "val_accuracy": [
        0.3805346700083542,
        0.37969924812030076,
        0.4490392648287385,
        0.5547201336675021,
        0.49665831244778613,
        0.504594820384294,
        0.5797827903091061,
        0.6052631578947368,
        0.5714285714285714,
        0.6240601503759399,
        0.6027568922305765,
        0.595655806182122,
        0.6081871345029239,
        0.6060985797827904,
        0.5839598997493735,
        0.5271512113617377,
        0.6052631578947368,
        0.6140350877192983,
        0.5960735171261488,
        0.5969089390142022,
        0.6169590643274854,
        0.6173767752715121,
        0.6219715956558062,
        0.595655806182122,
        0.5981620718462823,
        0.6131996658312447,
        0.6169590643274854,
        0.5914786967418546,
        0.6223893065998329,
        0.6182121971595655,
        0.6136173767752715,
        0.5923141186299081,
        0.6432748538011696,
        0.6140350877192983,
        0.6073517126148705,
        0.631578947368421,
        0.6428571428571429,
        0.6044277360066834,
        0.6432748538011696,
        0.6131996658312447,
        0.6015037593984962,
        0.5985797827903091,
        0.6027568922305765,
        0.6240601503759399,
        0.5584795321637427,
        0.6294903926482874,
        0.5944026733500418,
        0.5647451963241437,
        0.5952380952380952,
        0.616123642439432,
        0.5421888053467001,
        0.6173767752715121,
        0.6123642439431913,
        0.595655806182122,
        0.6073517126148705,
        0.5839598997493735,
        0.5622389306599833,
        0.6102756892230576,
        0.626984126984127
    ]
}