{
    "train_loss": [
        0.5181643917665377,
        0.505977916259032,
        0.5026589801678291,
        0.5003445291257167,
        0.49717331050516483,
        0.4906588027765463,
        0.47619226221199873,
        0.46833199727666247,
        0.4669470910187606,
        0.4569209375879267,
        0.45446683364910084,
        0.45286390355655126,
        0.44717002445524867,
        0.4435782070343311,
        0.43996514288278726,
        0.43495998628191895,
        0.431397329549213,
        0.42813511677495725,
        0.42719115009019665,
        0.423742916394066,
        0.4234041614519371,
        0.4259735427714966,
        0.42548562337409007,
        0.4190173775612653,
        0.419901431785835,
        0.4165571875624604,
        0.41848870908821023,
        0.4177811493912896,
        0.4111471776778881,
        0.41681872589902563,
        0.4136539107495612,
        0.41081384888717104,
        0.41367438971013815,
        0.41043380020738957,
        0.4086986420573769,
        0.4044205481861974,
        0.4056746429794437,
        0.40783125194874437,
        0.4051943513390782,
        0.41670220631819505,
        0.4043614502464022,
        0.40308105601714206,
        0.4091289224532934,
        0.40295228905730196,
        0.4060740807226726,
        0.4073342678966103,
        0.4023267026785966,
        0.40460140459485106,
        0.3998235535818142,
        0.39463739611290316,
        0.4054886404629592,
        0.4038697761493725,
        0.40389367790667563,
        0.39809307875214045,
        0.4009743531654169,
        0.3917810975031538,
        0.39583304008612263,
        0.39550766548612615,
        0.39205715975591116,
        0.39693991402675816,
        0.39910907381838495,
        0.39816599299946986,
        0.39509371365164664,
        0.39227600346554764,
        0.3965890006049649,
        0.3957238461617585,
        0.3938118998820965,
        0.3992861828306219,
        0.3988167914224195,
        0.3949995294049546,
        0.39598811295006303,
        0.3998633113536206,
        0.396038054895925,
        0.39165044132169785,
        0.39182429005811503,
        0.3928998786505762,
        0.387668671303398
    ],
    "val_loss": [
        0.5060240085919698,
        0.48777907351652783,
        0.4741274269421895,
        0.47434430599212646,
        0.49576802730560304,
        0.4428855117162069,
        0.4500821896394094,
        0.44133759796619415,
        0.4391470634937286,
        0.4899631541967392,
        0.40687458316485087,
        0.438082305987676,
        0.4354810046156247,
        0.41468082919716837,
        0.4094829378525416,
        0.4123089968164762,
        0.40618119994799295,
        0.40465165585279467,
        0.39701311990618704,
        0.44012441744407016,
        0.4028290476401647,
        0.40808348506689074,
        0.40053843835989633,
        0.39289285853505135,
        0.403337422311306,
        0.4156303242345651,
        0.4005394191543261,
        0.4275626212358475,
        0.3993687933683395,
        0.4095268658796946,
        0.3967796587944031,
        0.43013629217942556,
        0.42362783253192904,
        0.39466136957208314,
        0.3990502812465032,
        0.4263900162776311,
        0.418002610852321,
        0.39043970425923663,
        0.40635626564423244,
        0.40323221117258073,
        0.3885548429687818,
        0.40087557742993035,
        0.4169535747170448,
        0.43040638878941534,
        0.4193174382050832,
        0.4385922208428383,
        0.40196924646695453,
        0.41931644876797997,
        0.4101797776420911,
        0.4104431301355362,
        0.39223994463682177,
        0.4143051849802335,
        0.42629670470952985,
        0.39566334381699564,
        0.4107128722469012,
        0.3920811008413633,
        0.3841316678126653,
        0.39229803264141083,
        0.40637128601471584,
        0.4167977538208167,
        0.39562361627817155,
        0.40697475055853527,
        0.41449431161085765,
        0.40971101135015486,
        0.3995415881772836,
        0.3897298413018386,
        0.4076719097296397,
        0.4042219392955303,
        0.3999339587986469,
        0.4099619156618913,
        0.4298207465807597,
        0.40813683981696763,
        0.3903595838447412,
        0.41424949179093046,
        0.40280722896258037,
        0.39117964133620264,
        0.3966682574649652
    ],
    "val_accuracy": [
        0.38095238095238093,
        0.6123642439431913,
        0.6157059314954052,
        0.6215538847117794,
        0.49832915622389307,
        0.614452798663325,
        0.564327485380117,
        0.5730994152046783,
        0.5668337510442774,
        0.5183792815371763,
        0.606516290726817,
        0.5584795321637427,
        0.5781119465329991,
        0.5973266499582289,
        0.6081871345029239,
        0.5998329156223893,
        0.6044277360066834,
        0.5994152046783626,
        0.6111111111111112,
        0.5668337510442774,
        0.6048454469507101,
        0.600250626566416,
        0.6148705096073517,
        0.6240601503759399,
        0.6060985797827904,
        0.5889724310776943,
        0.6048454469507101,
        0.5772765246449457,
        0.6140350877192983,
        0.6010860484544696,
        0.6094402673350042,
        0.5710108604845447,
        0.5756056808688388,
        0.6173767752715121,
        0.6052631578947368,
        0.5831244778613199,
        0.5856307435254804,
        0.6169590643274854,
        0.595655806182122,
        0.6098579782790309,
        0.6198830409356725,
        0.6052631578947368,
        0.5835421888053467,
        0.5735171261487051,
        0.581453634085213,
        0.5597326649958229,
        0.6056808688387636,
        0.5877192982456141,
        0.5931495405179615,
        0.5981620718462823,
        0.6157059314954052,
        0.5877192982456141,
        0.5776942355889725,
        0.6182121971595655,
        0.589390142021721,
        0.620718462823726,
        0.6257309941520468,
        0.626984126984127,
        0.5969089390142022,
        0.5931495405179615,
        0.6119465329991646,
        0.6023391812865497,
        0.5939849624060151,
        0.5964912280701754,
        0.6048454469507101,
        0.614452798663325,
        0.6006683375104428,
        0.6056808688387636,
        0.6098579782790309,
        0.5969089390142022,
        0.581453634085213,
        0.5944026733500418,
        0.6140350877192983,
        0.5873015873015873,
        0.6060985797827904,
        0.6140350877192983,
        0.6157059314954052
    ]
}