{
    "0": {
        "precision": 0.520704845814978,
        "recall": 0.520704845814978,
        "f1-score": 0.520704845814978,
        "support": 1135.0
    },
    "1": {
        "precision": 0.7070543887991384,
        "recall": 0.7070543887991384,
        "f1-score": 0.7070543887991384,
        "support": 1857.0
    },
    "accuracy": 0.6363636363636364,
    "macro avg": {
        "precision": 0.6138796173070582,
        "recall": 0.6138796173070582,
        "f1-score": 0.6138796173070582,
        "support": 2992.0
    },
    "weighted avg": {
        "precision": 0.6363636363636364,
        "recall": 0.6363636363636364,
        "f1-score": 0.6363636363636364,
        "support": 2992.0
    }
}