{
    "0": {
        "precision": 0.5019394879751745,
        "recall": 0.5695422535211268,
        "f1-score": 0.5336082474226804,
        "support": 1136.0
    },
    "1": {
        "precision": 0.7128596594245449,
        "recall": 0.6540948275862069,
        "f1-score": 0.6822141050856982,
        "support": 1856.0
    },
    "accuracy": 0.6219919786096256,
    "macro avg": {
        "precision": 0.6073995736998596,
        "recall": 0.6118185405536668,
        "f1-score": 0.6079111762541893,
        "support": 2992.0
    },
    "weighted avg": {
        "precision": 0.6327776691951047,
        "recall": 0.6219919786096256,
        "f1-score": 0.6257915601976005,
        "support": 2992.0
    }
}