{
    "train_loss": [
        0.588100309495802,
        0.5335885360975212,
        0.5209339629298902,
        0.5137427492906963,
        0.5094137762384645,
        0.5055744001617679,
        0.5046669156852149,
        0.5017277751539545,
        0.4987403891966825,
        0.5002956583349515,
        0.4969263301820171,
        0.4952481799311452,
        0.4926623883406616,
        0.4925976337550522,
        0.4879980959233194,
        0.487890473102152,
        0.4868872292298333,
        0.4851596567206126,
        0.4838881210073248,
        0.4843651914419624,
        0.483850260446598,
        0.48042625642220915,
        0.4815217473843102,
        0.4813297560683871,
        0.4788197563176695,
        0.4795308931417943,
        0.47889168264693366,
        0.4777876895080029,
        0.47776006258927384,
        0.47601958169344405,
        0.47673389387484605,
        0.4726537537928636,
        0.47442177170282834,
        0.474443721527956,
        0.47456985584880074,
        0.47281295116403327,
        0.4748525623930186,
        0.47098023141691103,
        0.4704926802961636,
        0.4711182716826119,
        0.47113107412998223,
        0.47087241407891595,
        0.47069408770837234,
        0.469959512546465,
        0.4663917179563271,
        0.4704165248017143,
        0.46632942043120434,
        0.4663249008177826,
        0.4682697550927553,
        0.4657949284410211,
        0.465153772280256,
        0.46647823470642924,
        0.4656241873973818,
        0.4673230980897879,
        0.4690808192697217,
        0.46535827664585855
    ],
    "val_loss": [
        0.5081413125991822,
        0.5053421745697657,
        0.501671380798022,
        0.5016423839330674,
        0.499556325674057,
        0.4989344012737274,
        0.49772406260172525,
        0.4973872393369675,
        0.4965870290994644,
        0.49508451739947,
        0.4941687887907028,
        0.4917140591144562,
        0.4918039850393931,
        0.49187687297662097,
        0.4916930911938349,
        0.4943115989367167,
        0.49291791339715324,
        0.4916001528501511,
        0.49142358561356864,
        0.489629444082578,
        0.4889243902762731,
        0.49090790311495464,
        0.4898834325869878,
        0.48907763560613,
        0.49048285007476805,
        0.4900480673710505,
        0.48831655740737917,
        0.49081192413965863,
        0.4908298542102178,
        0.49040976583957674,
        0.4895943911870321,
        0.4894632355372111,
        0.4897174859046936,
        0.48821010291576383,
        0.4870550165573756,
        0.4870196861028671,
        0.4877933124701182,
        0.4875957365830739,
        0.48816154023011527,
        0.4889135050773621,
        0.48816552380720774,
        0.48816364188989003,
        0.4883069880803426,
        0.48889322896798454,
        0.48877609928448995,
        0.48957797288894656,
        0.4876373432079951,
        0.48920827567577363,
        0.4875349670648575,
        0.48771939913431805,
        0.4880251101652781,
        0.488141104777654,
        0.4885349758466085,
        0.48761357824007673,
        0.4876682106653849,
        0.4877470821142197
    ],
    "val_accuracy": [
        0.5221386800334169,
        0.5158730158730159,
        0.5100250626566416,
        0.5025062656641605,
        0.5083542188805347,
        0.5100250626566416,
        0.5217209690893901,
        0.5104427736006684,
        0.5183792815371763,
        0.5284043441938179,
        0.5334168755221387,
        0.5380116959064327,
        0.5371762740183793,
        0.5346700083542189,
        0.5258980785296575,
        0.5129490392648287,
        0.5137844611528822,
        0.52046783625731,
        0.5154553049289892,
        0.5200501253132832,
        0.5158730158730159,
        0.5217209690893901,
        0.5154553049289892,
        0.5200501253132832,
        0.5167084377610693,
        0.5150375939849624,
        0.5196324143692564,
        0.5083542188805347,
        0.5154553049289892,
        0.5137844611528822,
        0.5100250626566416,
        0.5167084377610693,
        0.5125313283208021,
        0.5208855472013367,
        0.5233918128654971,
        0.5213032581453634,
        0.5183792815371763,
        0.5221386800334169,
        0.5154553049289892,
        0.5179615705931495,
        0.5167084377610693,
        0.5196324143692564,
        0.514202172096909,
        0.5179615705931495,
        0.518796992481203,
        0.5108604845446951,
        0.5133667502088555,
        0.5175438596491229,
        0.5167084377610693,
        0.52046783625731,
        0.5171261487050961,
        0.5242272347535506,
        0.5213032581453634,
        0.52046783625731,
        0.518796992481203,
        0.5179615705931495
    ]
}