{
    "train_loss": [
        0.5649154486483678,
        0.5264723257806173,
        0.516206002688806,
        0.5121451119766165,
        0.5054895601378744,
        0.5045208590371268,
        0.4996197783770057,
        0.4987907374281167,
        0.4974100266847628,
        0.4966021398555812,
        0.49452026915461766,
        0.48862452293592396,
        0.48758080164886364,
        0.48838701766806764,
        0.4884319264503932,
        0.4877279971990603,
        0.4857875048450725,
        0.48430031410838326,
        0.48454586666678673,
        0.4854140371250089,
        0.4820325460305683,
        0.48209273372820005,
        0.48052057944556115,
        0.48060432900303146,
        0.4792055733128691,
        0.4803393357096444,
        0.48016958709992813
    ],
    "val_loss": [
        0.5068724993864695,
        0.5027439318100612,
        0.5015459738175074,
        0.5017225863536199,
        0.5029423713684082,
        0.5017827280362447,
        0.5009726125001908,
        0.5018502271175385,
        0.5014678448438644,
        0.5022819648186366,
        0.5027780338128408,
        0.5023328997691472,
        0.5026738595962524,
        0.5016251136859258,
        0.5014567172527313,
        0.5021750406424205,
        0.5023257726430893,
        0.502446850736936,
        0.5042645639181137,
        0.5045701424280803,
        0.5043098320563634,
        0.5057112882534663,
        0.5057676593462627,
        0.5057035942872365,
        0.5054275987545649,
        0.5046834848324457,
        0.5036682997147243
    ],
    "val_accuracy": [
        0.5229741019214703,
        0.52046783625731,
        0.5112781954887218,
        0.5037593984962406,
        0.48078529657477026,
        0.48579782790309106,
        0.48370927318295737,
        0.48203842940685043,
        0.48579782790309106,
        0.48120300751879697,
        0.48203842940685043,
        0.4853801169590643,
        0.4816207184628237,
        0.4878863826232247,
        0.49122807017543857,
        0.48203842940685043,
        0.4799498746867168,
        0.4816207184628237,
        0.47953216374269003,
        0.48203842940685043,
        0.48621553884711777,
        0.48370927318295737,
        0.48705096073517123,
        0.48579782790309106,
        0.48621553884711777,
        0.4899749373433584,
        0.48705096073517123
    ]
}