{
    "0": {
        "precision": 0.46743486973947895,
        "recall": 0.6926503340757239,
        "f1-score": 0.5581812743045169,
        "support": 1347.0
    },
    "1": {
        "precision": 0.5843373493975904,
        "recall": 0.35379939209726446,
        "f1-score": 0.4407421431276032,
        "support": 1645.0
    },
    "accuracy": 0.5063502673796791,
    "macro avg": {
        "precision": 0.5258861095685347,
        "recall": 0.5232248630864942,
        "f1-score": 0.49946170871606005,
        "support": 2992.0
    },
    "weighted avg": {
        "precision": 0.5317077905408136,
        "recall": 0.5063502673796791,
        "f1-score": 0.49361330278512416,
        "support": 2992.0
    }
}