{
    "0": {
        "precision": 0.4989010989010989,
        "recall": 0.1686478454680535,
        "f1-score": 0.252082176568573,
        "support": 1346.0
    },
    "1": {
        "precision": 0.5589278675601104,
        "recall": 0.8614823815309842,
        "f1-score": 0.6779823093473584,
        "support": 1646.0
    },
    "accuracy": 0.5497994652406417,
    "macro avg": {
        "precision": 0.5289144832306046,
        "recall": 0.5150651134995189,
        "f1-score": 0.4650322429579657,
        "support": 2992.0
    },
    "weighted avg": {
        "precision": 0.5319238466326273,
        "recall": 0.5497994652406417,
        "f1-score": 0.4863841881173299,
        "support": 2992.0
    }
}