{
    "train_loss": [
        0.5136819290539771,
        0.4904751996051845,
        0.4731380135539733,
        0.4597279572088776,
        0.4419895017965384,
        0.430366556642228,
        0.4221050079656222,
        0.41100379238544454,
        0.40012359016459154,
        0.38945225920659493,
        0.37787829463910966,
        0.36617914323240575,
        0.3473010051283633,
        0.3286603349286904,
        0.31435813550217034,
        0.3025903932211129,
        0.29111355031686725,
        0.28396046876299136,
        0.28214298626874507,
        0.27428312318361536,
        0.26732296276844497,
        0.26525484704531743,
        0.25624460900454665,
        0.2545376018532906,
        0.2547994017469695,
        0.25086572606648716,
        0.24753852526558795,
        0.24076586110942438,
        0.24682471284673918,
        0.24260348600641252,
        0.23399619508278946,
        0.2344883366251202,
        0.2291425082189807,
        0.23332560472950645,
        0.22771117798569362,
        0.2296805362422745,
        0.2249472814444487,
        0.2215458353573598,
        0.2238611096295084,
        0.22678068803937793,
        0.22577790405552883,
        0.2180160947579455,
        0.2208888056361443,
        0.2200544218641597,
        0.20900327337003816,
        0.2154275595395375,
        0.21516396995661485,
        0.20649374358473493,
        0.2132167953061344,
        0.20710347784797148,
        0.21499997437698334,
        0.20725015136162736,
        0.2011179499386884,
        0.20206914671069506,
        0.20680298076697207,
        0.20472618483580607,
        0.20150906458697482,
        0.19389318628150257,
        0.1981010637600286,
        0.19809142845218003
    ],
    "val_loss": [
        0.515130183895429,
        0.489798699816068,
        0.4875543679793676,
        0.48004777352015177,
        0.49070617735385896,
        0.49397940079371133,
        0.49366421639919283,
        0.500750512679418,
        0.49301685571670534,
        0.49299241960048673,
        0.5117193526029586,
        0.49449866513411206,
        0.4851010839144389,
        0.48093000521262486,
        0.49675682495037715,
        0.49822051932414374,
        0.48236956814924875,
        0.4823518496751785,
        0.4834754936893781,
        0.4779525585969289,
        0.4943321985999743,
        0.48299067715803784,
        0.4746759714682897,
        0.48184715390205385,
        0.47868808736403784,
        0.47566137939691544,
        0.4833648654818535,
        0.48871367871761323,
        0.4860441224773725,
        0.48119189699490866,
        0.48330209414164227,
        0.47536674718062083,
        0.48197696288426717,
        0.4876490582029025,
        0.4882668621341387,
        0.4799144430955251,
        0.48827557812134426,
        0.4771916867295901,
        0.4770715245604515,
        0.4723599660396576,
        0.4819466749827067,
        0.4840933008988698,
        0.48172462344169614,
        0.48757584631443024,
        0.48304018517335257,
        0.487374286254247,
        0.48034688740968706,
        0.47440455536047615,
        0.49488786190748213,
        0.48762839049100876,
        0.4801289697488149,
        0.4735879842440287,
        0.47565231621265414,
        0.48686602811018626,
        0.4766409957408905,
        0.47943414966265363,
        0.4784720935424169,
        0.47619907637437187,
        0.4774636587500572,
        0.4872581477959951
    ],
    "val_accuracy": [
        0.4553049289891395,
        0.5238095238095238,
        0.5325814536340853,
        0.5363408521303258,
        0.525062656641604,
        0.5258980785296575,
        0.5334168755221387,
        0.5154553049289892,
        0.5380116959064327,
        0.5300751879699248,
        0.5196324143692564,
        0.5284043441938179,
        0.5375939849624061,
        0.529657477025898,
        0.5196324143692564,
        0.5083542188805347,
        0.5300751879699248,
        0.5213032581453634,
        0.5275689223057645,
        0.5300751879699248,
        0.5108604845446951,
        0.5213032581453634,
        0.5300751879699248,
        0.52046783625731,
        0.5284043441938179,
        0.5304928989139516,
        0.5213032581453634,
        0.5179615705931495,
        0.5217209690893901,
        0.5233918128654971,
        0.5246449456975772,
        0.5279866332497911,
        0.5246449456975772,
        0.5179615705931495,
        0.514202172096909,
        0.5275689223057645,
        0.5208855472013367,
        0.5284043441938179,
        0.5288220551378446,
        0.5325814536340853,
        0.5217209690893901,
        0.5196324143692564,
        0.5217209690893901,
        0.5200501253132832,
        0.5246449456975772,
        0.5179615705931495,
        0.5254803675856308,
        0.5334168755221387,
        0.5129490392648287,
        0.5179615705931495,
        0.5258980785296575,
        0.5355054302422724,
        0.531328320802005,
        0.5213032581453634,
        0.5321637426900585,
        0.5292397660818714,
        0.5288220551378446,
        0.5325814536340853,
        0.5317460317460317,
        0.5200501253132832
    ]
}