{
    "0": {
        "precision": 0.47587131367292224,
        "recall": 0.5270972531551597,
        "f1-score": 0.5001761183515322,
        "support": 1347.0
    },
    "1": {
        "precision": 0.5753333333333334,
        "recall": 0.5246200607902736,
        "f1-score": 0.5488076311605723,
        "support": 1645.0
    },
    "accuracy": 0.5257352941176471,
    "macro avg": {
        "precision": 0.5256023235031277,
        "recall": 0.5258586569727166,
        "f1-score": 0.5244918747560523,
        "support": 2992.0
    },
    "weighted avg": {
        "precision": 0.5305554788939705,
        "recall": 0.5257352941176471,
        "f1-score": 0.5269136980877859,
        "support": 2992.0
    }
}