{
    "train_loss": [
        0.5227054568589298,
        0.5039034853880338,
        0.5015673240652596,
        0.5006331730434195,
        0.5025078524080361,
        0.5002189217963805,
        0.5047995783741166,
        0.4987410400944177,
        0.5004964734101521,
        0.4969715558768071,
        0.49789940615181666,
        0.4915323715762761,
        0.4897701866713232,
        0.4911870139442408,
        0.48415366318135605,
        0.4804798547965871,
        0.4770451584354936,
        0.47491120516501767,
        0.47016404813584467,
        0.4677725320546785,
        0.4665477236362662,
        0.4630355266648512,
        0.4559784852414853,
        0.45601890703857134,
        0.45432426347999544,
        0.4520260437335878,
        0.4470612261009517,
        0.4504967743901048,
        0.4469783761382855,
        0.44642104570421887,
        0.4479107712439558,
        0.4466921272526028,
        0.4418559281231853,
        0.4467822167117513,
        0.43870153846894905,
        0.4341401639702944,
        0.4422520418366423,
        0.441173776020575,
        0.43347397178693525,
        0.4336824511127893
    ],
    "val_loss": [
        0.49883300641720946,
        0.502778164873069,
        0.4974157151512124,
        0.4920146424661983,
        0.49766095812347805,
        0.4847886030646888,
        0.48786516148935666,
        0.49660059894350445,
        0.4873420789160512,
        0.48871064677157183,
        0.48081978664479474,
        0.4785959514027292,
        0.49150780046528036,
        0.46846919134259224,
        0.4631298470564864,
        0.46160923604938114,
        0.4980109178207137,
        0.45763903128152544,
        0.4598387300290845,
        0.44029990304261446,
        0.455032476562668,
        0.46283672216602345,
        0.4576778444038196,
        0.4692476718601855,
        0.4636055171828378,
        0.44052777507088403,
        0.4511179725046862,
        0.46130789748646994,
        0.459585049782287,
        0.44519375086846674,
        0.44553492015058344,
        0.45570797219195147,
        0.4441815115172755,
        0.4523550181395628,
        0.4429013054309921,
        0.4433967002074827,
        0.45591868908906524,
        0.4647169011560353,
        0.45152664311568846,
        0.4404719621789726
    ],
    "val_accuracy": [
        0.5461647727272727,
        0.4481534090909091,
        0.5482954545454546,
        0.5500710227272727,
        0.5237926136363636,
        0.5486505681818182,
        0.55078125,
        0.5237926136363636,
        0.5365767045454546,
        0.5326704545454546,
        0.5376420454545454,
        0.5387073863636364,
        0.5191761363636364,
        0.546875,
        0.5532670454545454,
        0.5465198863636364,
        0.49964488636363635,
        0.5593039772727273,
        0.5532670454545454,
        0.5763494318181818,
        0.5529119318181818,
        0.5404829545454546,
        0.5571732954545454,
        0.5333806818181818,
        0.5387073863636364,
        0.56640625,
        0.5546875,
        0.5394176136363636,
        0.5490056818181818,
        0.5642755681818182,
        0.5667613636363636,
        0.5504261363636364,
        0.5646306818181818,
        0.5557528409090909,
        0.5625,
        0.5660511363636364,
        0.5500710227272727,
        0.5383522727272727,
        0.5525568181818182,
        0.5674715909090909
    ]
}