{
    "train_loss": [
        0.5285208039103246,
        0.5064037247129043,
        0.5060539231503424,
        0.5036265538882005,
        0.5028899896314092,
        0.5019282119037225,
        0.5012145276043317,
        0.5005683708078101,
        0.5010975105717355,
        0.5003822118701995,
        0.4994560455674253,
        0.5003189971018289,
        0.4996934049419048,
        0.49517367046902233,
        0.4958148976135705,
        0.49148674802825276,
        0.49023969965026204,
        0.4869028878888873,
        0.48015260409669547,
        0.47839310563137105,
        0.47238924690413553,
        0.4718637002003306,
        0.4686539432133786,
        0.46659796875358006,
        0.4629126617491057,
        0.45697703797734496,
        0.4553527414140641,
        0.4610760733485222,
        0.45577566574800654,
        0.45989062944985337,
        0.4481035030273609,
        0.44189066190730886,
        0.4441850008883687,
        0.44374649010434136,
        0.44585693369058405,
        0.44575423700294287,
        0.43796695131890784,
        0.4357393314174673,
        0.43364508431228554,
        0.43739033972239266,
        0.44291762944181634,
        0.436401626124555,
        0.42998952721759726,
        0.4370436137924059,
        0.4301553137764946,
        0.4326860513831915,
        0.4345887697504522,
        0.4358414161703564,
        0.4298218861222267,
        0.43808389678362414,
        0.43342181389170115,
        0.43475553193584976,
        0.4298967061687719,
        0.42543167884135474,
        0.424798182344023,
        0.4315502770151062,
        0.42339483697895747,
        0.42902383680693357,
        0.42871312703055914,
        0.42959026261365,
        0.4196642592596331,
        0.42123535740826784,
        0.42369357263816265,
        0.4255502354647459
    ],
    "val_loss": [
        0.4922530148178339,
        0.49568891271271487,
        0.49787459116090427,
        0.5004373040388931,
        0.4929240916601636,
        0.5050484646450389,
        0.49020400998944585,
        0.4978852896866473,
        0.48714272102171724,
        0.5003314253620126,
        0.49629747173325583,
        0.4927490570328452,
        0.49970199167728424,
        0.48688963716003025,
        0.47565677169371734,
        0.4745514690876007,
        0.4823450537567789,
        0.4640875816006552,
        0.46004515954039316,
        0.44783562506464397,
        0.4682658451863311,
        0.44810529916801234,
        0.4409250652586872,
        0.4818262708458034,
        0.4536327396265485,
        0.4361609812317924,
        0.47167314284227113,
        0.44358578815378924,
        0.4526168623600494,
        0.4387231163511222,
        0.44901848110285675,
        0.44153466084125365,
        0.45216909812932665,
        0.47029174203899776,
        0.4444408181377433,
        0.4445061383091591,
        0.43843833678825334,
        0.44821974935687403,
        0.46760846403512085,
        0.4472678614441644,
        0.44066350026564166,
        0.4374262316321785,
        0.4506299239159985,
        0.42566541472280567,
        0.4449426545338197,
        0.47283092166551133,
        0.42965127620846033,
        0.4314943580803546,
        0.43076516374606977,
        0.4618693453852426,
        0.45463745431466535,
        0.45092303246598353,
        0.43102735082026233,
        0.4479434754360806,
        0.44103652154180134,
        0.42763012275099754,
        0.43953708855604584,
        0.45258198780092324,
        0.45389597566629,
        0.4433724266392263,
        0.433464641852135,
        0.42639384922486817,
        0.437762023542415,
        0.44523665080354974
    ],
    "val_accuracy": [
        0.5500710227272727,
        0.5525568181818182,
        0.5532670454545454,
        0.46732954545454547,
        0.5500710227272727,
        0.4499289772727273,
        0.5500710227272727,
        0.5539772727272727,
        0.5500710227272727,
        0.48863636363636365,
        0.5564630681818182,
        0.5500710227272727,
        0.49254261363636365,
        0.5394176136363636,
        0.5532670454545454,
        0.5568181818181818,
        0.5287642045454546,
        0.5635653409090909,
        0.55859375,
        0.5646306818181818,
        0.5482954545454546,
        0.5660511363636364,
        0.5717329545454546,
        0.5188210227272727,
        0.5536221590909091,
        0.5749289772727273,
        0.5262784090909091,
        0.5653409090909091,
        0.5532670454545454,
        0.57421875,
        0.5596590909090909,
        0.5656960227272727,
        0.5589488636363636,
        0.5326704545454546,
        0.5653409090909091,
        0.5600142045454546,
        0.5692471590909091,
        0.5571732954545454,
        0.5355113636363636,
        0.5674715909090909,
        0.5699573863636364,
        0.578125,
        0.5522017045454546,
        0.5830965909090909,
        0.5628551136363636,
        0.5298295454545454,
        0.5763494318181818,
        0.5827414772727273,
        0.5788352272727273,
        0.5387073863636364,
        0.5497159090909091,
        0.5546875,
        0.5756392045454546,
        0.5561079545454546,
        0.5699573863636364,
        0.5827414772727273,
        0.5656960227272727,
        0.5525568181818182,
        0.5490056818181818,
        0.5653409090909091,
        0.57421875,
        0.5816761363636364,
        0.5681818181818182,
        0.5614346590909091
    ]
}