{
    "0": {
        "precision": 0.52023988005997,
        "recall": 0.43813131313131315,
        "f1-score": 0.4756682659355723,
        "support": 1584.0
    },
    "1": {
        "precision": 0.5928636779505947,
        "recall": 0.6694214876033058,
        "f1-score": 0.62882096069869,
        "support": 1936.0
    },
    "accuracy": 0.5653409090909091,
    "macro avg": {
        "precision": 0.5565517790052823,
        "recall": 0.5537764003673095,
        "f1-score": 0.5522446133171311,
        "support": 3520.0
    },
    "weighted avg": {
        "precision": 0.5601829688998136,
        "recall": 0.5653409090909091,
        "f1-score": 0.559902248055287,
        "support": 3520.0
    }
}