{
    "0": {
        "precision": 0.5435759209344115,
        "recall": 0.3819444444444444,
        "f1-score": 0.4486466444197256,
        "support": 1584.0
    },
    "1": {
        "precision": 0.5932696302451184,
        "recall": 0.737603305785124,
        "f1-score": 0.6576099470412158,
        "support": 1936.0
    },
    "accuracy": 0.5775568181818181,
    "macro avg": {
        "precision": 0.568422775589765,
        "recall": 0.5597738751147843,
        "f1-score": 0.5531282957304707,
        "support": 3520.0
    },
    "weighted avg": {
        "precision": 0.5709074610553003,
        "recall": 0.5775568181818181,
        "f1-score": 0.5635764608615452,
        "support": 3520.0
    }
}