{
    "train_loss": [
        0.6200829729287312,
        0.5756377549183489,
        0.5470853994290034,
        0.5419073631667127,
        0.5249724987179342,
        0.516134355706398,
        0.5028380987921146,
        0.4869084647207549,
        0.47425413508005815,
        0.4663070620912494,
        0.45548189920608445,
        0.44342685558579187,
        0.44098699574518685,
        0.4366869768410018,
        0.4317703606805416,
        0.4213378850859825,
        0.41321756908989915,
        0.40701752253855117,
        0.40427445612772545,
        0.3941893603163536,
        0.39776245075644867,
        0.3859536722302437,
        0.3887437554170387,
        0.3792472363571928,
        0.37349696231610846,
        0.37479968188386975,
        0.37097999084778505,
        0.36551272372404736,
        0.35907492824275083,
        0.3593611100105324,
        0.3578853192504006,
        0.35211923996908495,
        0.352931949601631,
        0.34557984423155735,
        0.34736635776782276,
        0.34491537232892683,
        0.3443228424046979,
        0.3393094896367102,
        0.3381927980467527,
        0.32997667646468287,
        0.32863116083723126,
        0.3320978195829825,
        0.32638068670275233,
        0.325387181206183,
        0.3222409478115915,
        0.32317173586349296,
        0.3208877088295089,
        0.31912293676475084,
        0.3152264869122794,
        0.3156356356210179,
        0.31535669085052276,
        0.31262381608136974,
        0.3074445567949854,
        0.31031839745213285,
        0.30875701634119257,
        0.30733833228698887,
        0.30400599038811643,
        0.30593343869303213,
        0.3048389224015703,
        0.30551605513601593,
        0.30345270748842845,
        0.3033604516149169,
        0.3036688144008319,
        0.30101578291317427,
        0.29782132258770444,
        0.296719069884281,
        0.29922000510674535,
        0.29562786849911765,
        0.29903743160192414
    ],
    "val_loss": [
        0.5002605782105373,
        0.4931552909887754,
        0.494620706484868,
        0.4581364815051739,
        0.4787720056680533,
        0.4616935519071726,
        0.45266740322113036,
        0.4231311440467834,
        0.40792609682449926,
        0.40723867829029375,
        0.37839774718651403,
        0.39874221040652347,
        0.38791745855258064,
        0.3821170820639684,
        0.36161447580044087,
        0.3546319030798398,
        0.35450921883949865,
        0.34936497990901655,
        0.35961827566990484,
        0.3478131489111827,
        0.33980045857337804,
        0.33814784265481507,
        0.3411726825512372,
        0.3329184725880623,
        0.3247015526661506,
        0.3289389470448861,
        0.32341281542411215,
        0.32478180825710296,
        0.3266853513625952,
        0.3188285867182108,
        0.3156794052284497,
        0.3136200010203398,
        0.3156670472942866,
        0.3096732779764212,
        0.3022795986097593,
        0.3064079081209806,
        0.3014284273752799,
        0.30042237186661136,
        0.2946991122112824,
        0.29146571402939464,
        0.29345468557797943,
        0.2915403562096449,
        0.2811817768961191,
        0.28857758045196535,
        0.2895777777983592,
        0.29203690972465735,
        0.2792215544157303,
        0.2893326896887559,
        0.26474149505106304,
        0.26996899161201254,
        0.2906491996577153,
        0.2734308420178982,
        0.2678901094083603,
        0.27060120249023806,
        0.271051081098043,
        0.2668691440270497,
        0.27684769558791933,
        0.2722915686093844,
        0.28887705951929094,
        0.27717059059784965,
        0.2675423580866594,
        0.264828455218902,
        0.28803399864297646,
        0.26634240373969076,
        0.2818475739314006,
        0.2981071676199253,
        0.2811374874069141,
        0.28859637425496026,
        0.27369033224307576
    ],
    "val_accuracy": [
        0.4844054580896686,
        0.5867446393762183,
        0.5009746588693957,
        0.6471734892787524,
        0.6169590643274854,
        0.6812865497076024,
        0.672514619883041,
        0.7017543859649122,
        0.7115009746588694,
        0.7134502923976608,
        0.7046783625730995,
        0.6968810916179338,
        0.7192982456140351,
        0.7095516569200779,
        0.7124756335282652,
        0.7115009746588694,
        0.7124756335282652,
        0.7124756335282652,
        0.7037037037037037,
        0.7212475633528265,
        0.7280701754385965,
        0.7222222222222222,
        0.7241715399610137,
        0.716374269005848,
        0.723196881091618,
        0.7144249512670565,
        0.7261208576998051,
        0.7280701754385965,
        0.7212475633528265,
        0.7202729044834308,
        0.7261208576998051,
        0.7300194931773879,
        0.7407407407407407,
        0.7319688109161794,
        0.7417153996101364,
        0.7300194931773879,
        0.7397660818713451,
        0.7339181286549707,
        0.7446393762183235,
        0.7387914230019493,
        0.7378167641325536,
        0.7504873294346979,
        0.7475633528265108,
        0.7397660818713451,
        0.7397660818713451,
        0.7397660818713451,
        0.7553606237816765,
        0.7436647173489279,
        0.7514619883040936,
        0.7563352826510721,
        0.7504873294346979,
        0.7543859649122807,
        0.7563352826510721,
        0.7543859649122807,
        0.7543859649122807,
        0.7563352826510721,
        0.7475633528265108,
        0.7524366471734892,
        0.7426900584795322,
        0.7485380116959064,
        0.7514619883040936,
        0.7524366471734892,
        0.7543859649122807,
        0.7495126705653021,
        0.7387914230019493,
        0.7378167641325536,
        0.7524366471734892,
        0.7563352826510721,
        0.7563352826510721
    ]
}