{
    "0": {
        "precision": 0.8333333333333334,
        "recall": 0.7614213197969543,
        "f1-score": 0.7957559681697612,
        "support": 788.0
    },
    "1": {
        "precision": 0.6654804270462633,
        "recall": 0.757085020242915,
        "f1-score": 0.7083333333333334,
        "support": 494.0
    },
    "accuracy": 0.7597503900156006,
    "macro avg": {
        "precision": 0.7494068801897984,
        "recall": 0.7592531700199346,
        "f1-score": 0.7520446507515473,
        "support": 1282.0
    },
    "weighted avg": {
        "precision": 0.768653664296038,
        "recall": 0.7597503900156006,
        "f1-score": 0.7620689310331035,
        "support": 1282.0
    }
}