{
    "0": {
        "precision": 0.826271186440678,
        "recall": 0.7423857868020305,
        "f1-score": 0.7820855614973262,
        "support": 788.0
    },
    "1": {
        "precision": 0.6457242582897034,
        "recall": 0.7505070993914807,
        "f1-score": 0.6941838649155723,
        "support": 493.0
    },
    "accuracy": 0.7455113192818111,
    "macro avg": {
        "precision": 0.7359977223651907,
        "recall": 0.7464464430967557,
        "f1-score": 0.7381347132064493,
        "support": 1281.0
    },
    "weighted avg": {
        "precision": 0.7567866934052131,
        "recall": 0.7455113192818111,
        "f1-score": 0.7482561029377597,
        "support": 1281.0
    }
}