{
    "train_loss": [
        0.5074377844051049,
        0.4975172833528662,
        0.4933295304170236,
        0.4878451733139401,
        0.47867004297213483,
        0.4707275017573559,
        0.4630711523190962,
        0.4547785796934058,
        0.44580012480285214,
        0.4397828003052678,
        0.4356137316593145,
        0.43290936011503856,
        0.4289835213072511,
        0.421760368476527,
        0.41712499545492193,
        0.41199538948788667,
        0.41667990010847433,
        0.4062711740027684,
        0.40370625761245843,
        0.4043897154534201,
        0.39709514165561466,
        0.3951302255831895,
        0.395889178117448,
        0.3926333940785397,
        0.3914104589511437,
        0.38286478312465305,
        0.3857638170454458,
        0.38757092606444193,
        0.3792466581340425,
        0.3828943620540065,
        0.3794850142103603,
        0.37368867215459456,
        0.37885707573271754,
        0.37445262320750144,
        0.376850906641336,
        0.3691981103961575,
        0.3634783764694738,
        0.36438828394538375,
        0.374173667312962,
        0.3641132579693487,
        0.359125251115264,
        0.360981893385193,
        0.359908363792753,
        0.3572401578020373,
        0.357560277445388,
        0.3494936051795598,
        0.3511865003802542,
        0.35369155971404903,
        0.35458875804492745,
        0.3508914469124031,
        0.34993267854137694,
        0.3486083026987832
    ],
    "val_loss": [
        0.49928875724700367,
        0.4801493199034171,
        0.5219907432117246,
        0.5036161030558023,
        0.4861346887932582,
        0.4846307747066021,
        0.4887280520051718,
        0.5062804059548811,
        0.4772498348558491,
        0.49409915549172595,
        0.4849773313511502,
        0.5005797735330734,
        0.4758370288393714,
        0.48505710674957797,
        0.4961900997229598,
        0.4992361102591861,
        0.4872331571003253,
        0.4906896420500495,
        0.5073333741589026,
        0.4859319700097496,
        0.5047663998028095,
        0.5051654831252315,
        0.49589687907560304,
        0.49551060660318896,
        0.49481053023853083,
        0.48410550310191786,
        0.491352116943083,
        0.5047671078619632,
        0.49693546164780855,
        0.4920085212215781,
        0.48912846838886087,
        0.470744715241546,
        0.49004685099829326,
        0.49036252380094747,
        0.4856466750021685,
        0.4963378311050209,
        0.49869967870075593,
        0.4854381036182696,
        0.4996129601177844,
        0.4919143191284754,
        0.48523690788583324,
        0.48783107254315505,
        0.5032058868726547,
        0.4789973594756289,
        0.4887766174294732,
        0.5000110868872567,
        0.4980642815035852,
        0.48493963573127985,
        0.47636763692240824,
        0.4783310038460927,
        0.4858398906547915,
        0.5043057430196892
    ],
    "val_accuracy": [
        0.48792613636363635,
        0.5713778409090909,
        0.4357244318181818,
        0.4943181818181818,
        0.5138494318181818,
        0.5234375,
        0.5213068181818182,
        0.4928977272727273,
        0.5291193181818182,
        0.5042613636363636,
        0.5188210227272727,
        0.5035511363636364,
        0.5248579545454546,
        0.5191761363636364,
        0.5092329545454546,
        0.5049715909090909,
        0.5145596590909091,
        0.5166903409090909,
        0.4978693181818182,
        0.51953125,
        0.4932528409090909,
        0.4950284090909091,
        0.5060369318181818,
        0.5067471590909091,
        0.5071022727272727,
        0.5230823863636364,
        0.5092329545454546,
        0.4950284090909091,
        0.5060369318181818,
        0.5095880681818182,
        0.5205965909090909,
        0.5319602272727273,
        0.5131392045454546,
        0.5102982954545454,
        0.5209517045454546,
        0.5088778409090909,
        0.5110085227272727,
        0.5184659090909091,
        0.5056818181818182,
        0.5181107954545454,
        0.5209517045454546,
        0.5166903409090909,
        0.49964488636363635,
        0.5259232954545454,
        0.5166903409090909,
        0.5046164772727273,
        0.5067471590909091,
        0.5198863636363636,
        0.5262784090909091,
        0.5291193181818182,
        0.5174005681818182,
        0.4978693181818182
    ]
}