{
    "0.0": {
        "precision": 0.0,
        "recall": 0.0,
        "f1-score": 0.0,
        "support": 421.0
    },
    "1.0": {
        "precision": 0.0,
        "recall": 0.0,
        "f1-score": 0.0,
        "support": 426.0
    },
    "2.0": {
        "precision": 0.3240223463687151,
        "recall": 1.0,
        "f1-score": 0.48945147679324896,
        "support": 406.0
    },
    "accuracy": 0.3240223463687151,
    "macro avg": {
        "precision": 0.10800744878957169,
        "recall": 0.3333333333333333,
        "f1-score": 0.16315049226441633,
        "support": 1253.0
    },
    "weighted avg": {
        "precision": 0.10499048094628756,
        "recall": 0.3240223463687151,
        "f1-score": 0.15859321594418124,
        "support": 1253.0
    }
}