{
    "train_loss": [
        0.521273782639088,
        0.5049046343540255,
        0.49953037661140887,
        0.4881567031268757,
        0.46792169416099166,
        0.44297713338092154,
        0.44165610302533354,
        0.431500590564799,
        0.4201718537886608,
        0.409192869401077,
        0.4065906987892642,
        0.40319546389381916,
        0.39027436059045595,
        0.38730653520688973,
        0.38245582679495277,
        0.379767542187109,
        0.3753660741065053,
        0.36982585959662045,
        0.3628810734422375,
        0.3611884141858683,
        0.36237624330886664
    ],
    "val_loss": [
        0.45434912194066973,
        0.5184713771094137,
        0.474138168701485,
        0.5148784785128352,
        0.4647204066390422,
        0.4956685718315751,
        0.48733438707109705,
        0.5953022432861044,
        0.5546464537506672,
        0.537811676957714,
        0.575516984089097,
        0.5002383798805635,
        0.46445749722309965,
        0.6052057129233631,
        0.6073150857171016,
        0.5412928946872255,
        0.478976619332584,
        0.633482775136606,
        0.5123409188505429,
        0.5583771444968323,
        0.4549055626588081
    ],
    "val_accuracy": [
        0.7078651685393258,
        0.3136704119850187,
        0.6329588014981273,
        0.45131086142322097,
        0.5514981273408239,
        0.4934456928838951,
        0.5252808988764045,
        0.3895131086142322,
        0.45786516853932585,
        0.47846441947565543,
        0.448501872659176,
        0.5159176029962547,
        0.5430711610486891,
        0.42602996254681647,
        0.41385767790262173,
        0.46722846441947563,
        0.5196629213483146,
        0.3782771535580524,
        0.49812734082397003,
        0.45880149812734083,
        0.5552434456928839
    ]
}