{
    "train_loss": [
        0.5162132211508007,
        0.5050110084201218,
        0.5015776352871448,
        0.49391127261546774,
        0.47678902034365805,
        0.46469367493730074,
        0.46052939506298907,
        0.4452778684710144,
        0.4420023231741485,
        0.4338064909391447,
        0.43579950204136175,
        0.4188732560894905,
        0.4153231859480569,
        0.40651895037484825,
        0.4030444314447018,
        0.40351968012545086,
        0.39646823690571914,
        0.3916825239264637,
        0.3865203837599229,
        0.3863035707025353,
        0.378429070730275,
        0.37356138796707905,
        0.37493560743441273
    ],
    "val_loss": [
        0.5371157442455861,
        0.532227796405109,
        0.5106155979099558,
        0.5452848988682476,
        0.5388934100741771,
        0.5180637774182789,
        0.5601595097513341,
        0.5645574211184659,
        0.5605181678017573,
        0.5626783940329481,
        0.5914585439126883,
        0.5734750628471375,
        0.5953130997828583,
        0.5688082598038574,
        0.5505521960222899,
        0.5709992562656971,
        0.5767297544586125,
        0.5744816429579436,
        0.5669069130029252,
        0.5695593321501319,
        0.5796970849606529,
        0.5562914249612324,
        0.5786528614029955
    ],
    "val_accuracy": [
        0.39325842696629215,
        0.39325842696629215,
        0.3913857677902622,
        0.3848314606741573,
        0.43352059925093633,
        0.44288389513108617,
        0.39325842696629215,
        0.3970037453183521,
        0.41760299625468167,
        0.40262172284644193,
        0.3848314606741573,
        0.398876404494382,
        0.3951310861423221,
        0.40823970037453183,
        0.43913857677902624,
        0.41292134831460675,
        0.40823970037453183,
        0.42696629213483145,
        0.4288389513108614,
        0.4297752808988764,
        0.4288389513108614,
        0.43352059925093633,
        0.41853932584269665
    ]
}