{
    "0": {
        "precision": 0.0,
        "recall": 0.0,
        "f1-score": 0.0,
        "support": 108.0
    },
    "1": {
        "precision": 0.797752808988764,
        "recall": 1.0,
        "f1-score": 0.8875,
        "support": 426.0
    },
    "accuracy": 0.797752808988764,
    "macro avg": {
        "precision": 0.398876404494382,
        "recall": 0.5,
        "f1-score": 0.44375,
        "support": 534.0
    },
    "weighted avg": {
        "precision": 0.6364095442494634,
        "recall": 0.797752808988764,
        "f1-score": 0.708005617977528,
        "support": 534.0
    }
}