{
    "0": {
        "precision": 0.3333333333333333,
        "recall": 0.32275132275132273,
        "f1-score": 0.3279569892473118,
        "support": 189.0
    },
    "1": {
        "precision": 0.6353276353276354,
        "recall": 0.6463768115942029,
        "f1-score": 0.6408045977011494,
        "support": 345.0
    },
    "accuracy": 0.5318352059925093,
    "macro avg": {
        "precision": 0.4843304843304843,
        "recall": 0.4845640671727628,
        "f1-score": 0.4843807934742306,
        "support": 534.0
    },
    "weighted avg": {
        "precision": 0.528442011588079,
        "recall": 0.5318352059925093,
        "f1-score": 0.530077635158499,
        "support": 534.0
    }
}