{
    "train_loss": [
        0.5116938139711108,
        0.4919930841138974,
        0.4794142363198653,
        0.4634142805807767,
        0.45415268379316476,
        0.445649060191468,
        0.4338275431406888,
        0.4338676051562091,
        0.4274809850370207,
        0.4216837844396212,
        0.4181152746312179,
        0.4161777005189462,
        0.4150864155947034,
        0.4078971719475088,
        0.4091540843556137,
        0.4058359055018466,
        0.40660926017416527,
        0.40412058315773636,
        0.3984831736492003,
        0.4008543253868254,
        0.40131906221224806,
        0.40050820226615963,
        0.39627473759056164,
        0.39716364472155524
    ],
    "val_loss": [
        0.5038535882444942,
        0.4662778500248404,
        0.4650796227595385,
        0.4291151067789863,
        0.4521312994115493,
        0.4715878202634699,
        0.45428427264970894,
        0.47292746165219474,
        0.4951306521892548,
        0.5119375993223751,
        0.4950249268728144,
        0.5525550113004797,
        0.5315213480416466,
        0.4879063783323064,
        0.5222723799593308,
        0.5107672694851371,
        0.5371394325705136,
        0.5115093599347508,
        0.5070398306145387,
        0.5101353303474538,
        0.5008962885421865,
        0.49684379241045784,
        0.5343581392484553,
        0.48368710928103503
    ],
    "val_accuracy": [
        0.4375,
        0.575735294117647,
        0.5823529411764706,
        0.6029411764705882,
        0.5772058823529411,
        0.5338235294117647,
        0.5558823529411765,
        0.5316176470588235,
        0.5227941176470589,
        0.48823529411764705,
        0.5,
        0.4389705882352941,
        0.46544117647058825,
        0.5110294117647058,
        0.4772058823529412,
        0.48455882352941176,
        0.4573529411764706,
        0.4904411764705882,
        0.4889705882352941,
        0.48970588235294116,
        0.5007352941176471,
        0.5036764705882353,
        0.4625,
        0.5220588235294118
    ]
}