{
    "train_loss": [
        0.516271209843408,
        0.49624669444716835,
        0.4764067987406176,
        0.46653225102455786,
        0.45565106471379596,
        0.4474477548809612,
        0.4418865508259901,
        0.43804966578004406,
        0.43395765914636497,
        0.4288896911479289,
        0.4265836344824897,
        0.42310362331130924,
        0.41988182912757194,
        0.4178834894026806,
        0.4144688414446279,
        0.4107578928807592,
        0.41069754911891,
        0.41017049477965223,
        0.40845587742484474,
        0.40550070041729736,
        0.40509483132973995,
        0.397957653878561,
        0.4102168157696724,
        0.39957283600385674,
        0.39987054971211095,
        0.39824216929720896,
        0.399891164372949,
        0.39477214886764295
    ],
    "val_loss": [
        0.5257520717733046,
        0.47926006106769337,
        0.6357285902780645,
        0.5619932265842662,
        0.34468187619658075,
        0.47099306723650763,
        0.5212077652706819,
        0.307571532796411,
        0.529652668798671,
        0.5180321086855496,
        0.38653955056386835,
        0.5539757062407101,
        0.34860417667557214,
        0.4340191320461385,
        0.38244018519625944,
        0.43396171769675085,
        0.5357784169561722,
        0.3717444610946319,
        0.49013956276809467,
        0.3747187042937559,
        0.37862117711235493,
        0.3599966170156703,
        0.37024533941465265,
        0.42556569839225095,
        0.4766060099882238,
        0.42813875789151473,
        0.530299101857578,
        0.3531534449142568
    ],
    "val_accuracy": [
        0.2727941176470588,
        0.6080882352941176,
        0.26029411764705884,
        0.36764705882352944,
        0.7485294117647059,
        0.5102941176470588,
        0.4632352941176471,
        0.7360294117647059,
        0.47058823529411764,
        0.47352941176470587,
        0.6301470588235294,
        0.4375,
        0.6933823529411764,
        0.5735294117647058,
        0.6463235294117647,
        0.5683823529411764,
        0.45588235294117646,
        0.6551470588235294,
        0.5073529411764706,
        0.6617647058823529,
        0.6397058823529411,
        0.6558823529411765,
        0.6507352941176471,
        0.5764705882352941,
        0.5125,
        0.5875,
        0.4676470588235294,
        0.6654411764705882
    ]
}