{
    "train_loss": [
        0.5216315172220531,
        0.5051428573173389,
        0.49503780122388874,
        0.47996345000308854,
        0.4671635708265137,
        0.4627799989361512,
        0.4560350088173883,
        0.4480953141262657,
        0.4429327178419682,
        0.43701507033486114,
        0.4364099201403166,
        0.42954886393588887,
        0.4253105117563616,
        0.4214418406287829,
        0.42021325086815314,
        0.4187280522888167,
        0.4154013596082989,
        0.41485367629088854,
        0.4115109632151169,
        0.40907596992818934,
        0.40672604713523597,
        0.40984312583479965,
        0.40901118017602384,
        0.4049307022178382,
        0.4050224264985637,
        0.4042757056261364,
        0.3996640607714653,
        0.4011794662789295,
        0.3998191834280365,
        0.39344693441924294,
        0.397555268516666,
        0.3964826308060111,
        0.3918457852120985,
        0.39602851271629336,
        0.3993515153464518,
        0.3887078578796303,
        0.39642407513762773,
        0.39295517715968586,
        0.3974679940363817,
        0.3940013050510172,
        0.3895847480025208
    ],
    "val_loss": [
        0.4798308631953071,
        0.4968354635378894,
        0.49809586966738983,
        0.43899866587975445,
        0.4195120096206665,
        0.4307969875195447,
        0.4120246093062794,
        0.4837076520218569,
        0.39539223155554604,
        0.4269646052051993,
        0.40060977199498343,
        0.37197847962379454,
        0.37503545915379244,
        0.3559698819675866,
        0.34877527754972965,
        0.35428586575914833,
        0.35796902214779575,
        0.36044558628517037,
        0.3626037820297129,
        0.3555761299589101,
        0.33356116249719087,
        0.36568581023636987,
        0.35838944105541004,
        0.34094061474589743,
        0.3618466640219969,
        0.35901909049819497,
        0.34747553660589103,
        0.34701773331445807,
        0.33958334694890413,
        0.3363007155411384,
        0.3523145597647218,
        0.3620455280822866,
        0.34220222962253233,
        0.33773385137319567,
        0.36550050220068764,
        0.3440801392583286,
        0.35397222655660965,
        0.3405380133320304,
        0.3417948831530178,
        0.3649339134202284,
        0.36592754441149095
    ],
    "val_accuracy": [
        0.675,
        0.6330882352941176,
        0.45588235294117646,
        0.675,
        0.663235294117647,
        0.6279411764705882,
        0.65,
        0.5375,
        0.6404411764705882,
        0.6058823529411764,
        0.6272058823529412,
        0.6441176470588236,
        0.6426470588235295,
        0.6522058823529412,
        0.6647058823529411,
        0.6536764705882353,
        0.649264705882353,
        0.6477941176470589,
        0.6522058823529412,
        0.6573529411764706,
        0.675,
        0.6477941176470589,
        0.6441176470588236,
        0.6683823529411764,
        0.6433823529411765,
        0.649264705882353,
        0.6573529411764706,
        0.6610294117647059,
        0.6654411764705882,
        0.6683823529411764,
        0.6639705882352941,
        0.6426470588235295,
        0.6610294117647059,
        0.6720588235294118,
        0.6419117647058824,
        0.6654411764705882,
        0.6647058823529411,
        0.6779411764705883,
        0.6720588235294118,
        0.6404411764705882,
        0.6352941176470588
    ]
}