{
    "train_loss": [
        0.5120219026706112,
        0.5028952708773649,
        0.4953926880079419,
        0.4818895261790325,
        0.4769450863128278,
        0.4684577803891986,
        0.4620231650213697,
        0.4573209191213793,
        0.4493806685751943,
        0.4475645543034397,
        0.4366366448742685,
        0.43831257552686914,
        0.43430390870615615,
        0.4267785862477413,
        0.42798551219279196,
        0.42295933712218237,
        0.4201707695680323,
        0.41997217673307924,
        0.4157008497850664,
        0.42105148493576405,
        0.4168813936134328,
        0.41271389721990076,
        0.4135443345268271,
        0.4071384556591511,
        0.4101377952454695,
        0.4144029302605942,
        0.41049776707233776,
        0.40730141809404785,
        0.40690624902942285,
        0.40888004096697517
    ],
    "val_loss": [
        0.5133505316341624,
        0.5177778969792759,
        0.5567720525404987,
        0.557075819197823,
        0.5396578736164991,
        0.5370700134950526,
        0.49933124009300683,
        0.4711568593978882,
        0.4687169993624968,
        0.4451676733353559,
        0.4777004145524081,
        0.5028018870774438,
        0.4783704319420983,
        0.511528358739965,
        0.4820055242846994,
        0.4877285999410293,
        0.47321743719718035,
        0.542857977923225,
        0.6120044000008527,
        0.5260547578334809,
        0.5091989271781023,
        0.4733784093576319,
        0.4772674153832828,
        0.584181568552466,
        0.5056051783701953,
        0.5661901656319114,
        0.46316738900016335,
        0.45487505109871135,
        0.4473220234408098,
        0.5606250096769894
    ],
    "val_accuracy": [
        0.4088235294117647,
        0.3610294117647059,
        0.4,
        0.38823529411764707,
        0.37058823529411766,
        0.4411764705882353,
        0.549264705882353,
        0.5536764705882353,
        0.5426470588235294,
        0.5676470588235294,
        0.5338235294117647,
        0.5007352941176471,
        0.5323529411764706,
        0.49558823529411766,
        0.5338235294117647,
        0.5220588235294118,
        0.5338235294117647,
        0.4566176470588235,
        0.38088235294117645,
        0.46838235294117647,
        0.49117647058823527,
        0.5323529411764706,
        0.5272058823529412,
        0.4088235294117647,
        0.49411764705882355,
        0.42058823529411765,
        0.5470588235294118,
        0.5566176470588236,
        0.5625,
        0.4294117647058823
    ]
}