{
    "train_loss": [
        0.520015438977073,
        0.5030193768991206,
        0.4804501842777684,
        0.46086588808643675,
        0.44774819545026096,
        0.4377198444222504,
        0.434473237185699,
        0.4269237889433807,
        0.4205097487614862,
        0.4201775945940312,
        0.41383909397018914,
        0.410193978564408,
        0.41065343779928687,
        0.40493720892567575,
        0.4033261805670544,
        0.3980101255466762,
        0.4019720851097058,
        0.3984845036298906,
        0.39142556409279644,
        0.3974288769999254,
        0.393002478044806,
        0.39309737592373256,
        0.38524296524491974,
        0.3897127789759922,
        0.39296012668268143,
        0.3847784457239442
    ],
    "val_loss": [
        0.5320976856876822,
        0.5319059634909911,
        0.46234242916107177,
        0.46935500572709477,
        0.43154890537261964,
        0.36538158006527843,
        0.3803573909927817,
        0.5192736113772672,
        0.5036805384299334,
        0.6031462841174182,
        0.43042392765774445,
        0.5016979564638698,
        0.4869439777205972,
        0.5184343725442886,
        0.5021738725550035,
        0.4493318845244015,
        0.48248156817520366,
        0.5191055890391855,
        0.41754099586430715,
        0.4443100061486749,
        0.6666703679982353,
        0.48523457383408264,
        0.4528278179028455,
        0.6493574188036078,
        0.5764201388639563,
        0.471326746134197
    ],
    "val_accuracy": [
        0.3,
        0.40955882352941175,
        0.5977941176470588,
        0.5580882352941177,
        0.5897058823529412,
        0.6522058823529412,
        0.6338235294117647,
        0.4875,
        0.5147058823529411,
        0.3801470588235294,
        0.5816176470588236,
        0.5073529411764706,
        0.5227941176470589,
        0.4875,
        0.4985294117647059,
        0.5669117647058823,
        0.5220588235294118,
        0.4808823529411765,
        0.5845588235294118,
        0.5698529411764706,
        0.3095588235294118,
        0.5205882352941177,
        0.5566176470588236,
        0.3272058823529412,
        0.41102941176470587,
        0.5264705882352941
    ]
}