{
    "train_loss": [
        0.5247493822832365,
        0.5054593604964179,
        0.49843905734586286,
        0.48510103703619123,
        0.46219986419419984,
        0.45593409688623104,
        0.4485468111596666,
        0.44273284335394164,
        0.43556236936165404,
        0.428882779221277,
        0.42602510691226064,
        0.427121000112714,
        0.42130664651458327,
        0.4146955147519842,
        0.41180571086771856,
        0.41332632166308325,
        0.40700843908765294,
        0.40263823163401974,
        0.40939076650250067,
        0.40583574162410185,
        0.4038692440535571,
        0.399354909051646,
        0.3978411387752842,
        0.4009159726334048,
        0.3920701329772537,
        0.3941210592786471,
        0.39540125166510676,
        0.3963538257119892,
        0.3916334138260231,
        0.39235149686400955,
        0.3890365313570779,
        0.3881422713264689,
        0.38784950798427736,
        0.3925508107956465,
        0.3899060655016083,
        0.3868572686975067,
        0.3873255702020886,
        0.38624752424321734,
        0.3873839876673243,
        0.3837998874284126,
        0.3842630763311644,
        0.38181904820171564,
        0.3868380265327187,
        0.3868816292232221,
        0.38025382179934697,
        0.3858264648431056,
        0.3783052150462125,
        0.3778473154650078,
        0.3801138184092066,
        0.38161159659828153,
        0.3768740609153971,
        0.3781621335326014,
        0.37954813997756254,
        0.3755348493118544,
        0.3767569977152455,
        0.37848241280865025,
        0.37461072081649627,
        0.3787456061388995,
        0.375516640334516,
        0.38239851785941165,
        0.3790594520735311,
        0.371090818136125,
        0.3793887032716124,
        0.37672871380775896,
        0.36853715699535233,
        0.37277190814147126
    ],
    "val_loss": [
        0.49398113489151,
        0.49224195445285124,
        0.4911466146216673,
        0.5272921698934891,
        0.4776508376878851,
        0.4858061404789195,
        0.4569769547266119,
        0.45589646381490373,
        0.4563923362423392,
        0.44764093651491055,
        0.44415035352987403,
        0.4442850277704351,
        0.451684235124027,
        0.44789871871471404,
        0.44083591068492217,
        0.45470323212006514,
        0.46492788896841164,
        0.47583873955642475,
        0.45130948476931626,
        0.4412908524274826,
        0.45017019282369053,
        0.43096712547190047,
        0.44323821172994726,
        0.4440548053559135,
        0.4760335778488832,
        0.4470268880619722,
        0.4528898111161064,
        0.4444041057544596,
        0.4517870121142443,
        0.452396863173036,
        0.4442733536748325,
        0.4462302956510993,
        0.44225313330397886,
        0.44734432188903583,
        0.4918456133674173,
        0.4448344263960333,
        0.45152553845854365,
        0.4498866403804106,
        0.4504843895926195,
        0.43738636672496795,
        0.4279605265925912,
        0.44604334235191345,
        0.4416803975315655,
        0.4412449258215287,
        0.4368506052914788,
        0.4217704822035397,
        0.44108299525345074,
        0.43335488824283375,
        0.4377605792354135,
        0.4342331982710782,
        0.4260573609786875,
        0.4386248814709046,
        0.45946792206343484,
        0.4387670942965676,
        0.43813399865346797,
        0.43842777609825134,
        0.4446418492233052,
        0.44207298562807196,
        0.4409581159844118,
        0.44569664650103624,
        0.4365027033230838,
        0.43075473431278677,
        0.4334013274487327,
        0.4261155219639049,
        0.4451296422411414,
        0.42980655273970436
    ],
    "val_accuracy": [
        0.5772058823529411,
        0.5816176470588236,
        0.5536764705882353,
        0.39926470588235297,
        0.5617647058823529,
        0.5323529411764706,
        0.5617647058823529,
        0.5573529411764706,
        0.5573529411764706,
        0.5602941176470588,
        0.5610294117647059,
        0.5625,
        0.5566176470588236,
        0.5617647058823529,
        0.5705882352941176,
        0.55,
        0.5411764705882353,
        0.5279411764705882,
        0.5529411764705883,
        0.5625,
        0.5617647058823529,
        0.5772058823529411,
        0.5602941176470588,
        0.5625,
        0.5272058823529412,
        0.5625,
        0.5544117647058824,
        0.5617647058823529,
        0.5551470588235294,
        0.5566176470588236,
        0.5617647058823529,
        0.5617647058823529,
        0.5625,
        0.5625,
        0.5110294117647058,
        0.5602941176470588,
        0.5580882352941177,
        0.5580882352941177,
        0.5514705882352942,
        0.5661764705882353,
        0.5801470588235295,
        0.5617647058823529,
        0.5632352941176471,
        0.5639705882352941,
        0.5661764705882353,
        0.5933823529411765,
        0.5639705882352941,
        0.5742647058823529,
        0.5705882352941176,
        0.5713235294117647,
        0.5786764705882353,
        0.5683823529411764,
        0.5448529411764705,
        0.5669117647058823,
        0.5683823529411764,
        0.5661764705882353,
        0.5625,
        0.5632352941176471,
        0.5639705882352941,
        0.5625,
        0.5698529411764706,
        0.5735294117647058,
        0.5669117647058823,
        0.5808823529411765,
        0.5625,
        0.575735294117647
    ]
}