{
    "train_loss": [
        0.5202752734857145,
        0.4985679906510365,
        0.4808450657974668,
        0.4693623959376097,
        0.45821766038985395,
        0.45365673838654796,
        0.4420517801810424,
        0.4379192045496867,
        0.43292327136924924,
        0.42850964969856736,
        0.4244561879168293,
        0.4213755501825463,
        0.41811015458252526,
        0.4148995087112516,
        0.4153249928028836,
        0.41008861148913844,
        0.40827358520758644,
        0.40555047384284343,
        0.40865998192150244,
        0.4056789328476257,
        0.40066404718256937,
        0.40032129669210853,
        0.3970405153622533,
        0.3981235186223282,
        0.39355468256415754,
        0.39844647253223126,
        0.3906334504565388,
        0.39267107975440135,
        0.3918325881368382,
        0.39156960274629576,
        0.39370633330015564,
        0.38739781293021497,
        0.389293856076107,
        0.38841792542480696,
        0.38895890590211435,
        0.3856197510924545,
        0.38580767133505595,
        0.38765682148976216,
        0.382590609845075,
        0.38597673528177306,
        0.3828282303827241,
        0.3816179977713196
    ],
    "val_loss": [
        0.5041129473377677,
        0.4968263871529523,
        0.5129018219078288,
        0.5190481021123774,
        0.5233152989078971,
        0.5347121221177719,
        0.5669468739453484,
        0.5395723178106195,
        0.5185434460639954,
        0.5095419708420249,
        0.5212052885223838,
        0.5055115471867954,
        0.5178618785213022,
        0.4830410759238636,
        0.5023249436827267,
        0.5002253465792712,
        0.5083603231345906,
        0.5105592415613287,
        0.5266386582570918,
        0.49964116916936985,
        0.5089075758176691,
        0.4646215277559617,
        0.5156237072804395,
        0.4647702429224463,
        0.5291738464551814,
        0.47764259892351485,
        0.49183894991874694,
        0.5252484023571015,
        0.47224171862882725,
        0.4797279547242557,
        0.47223427926792816,
        0.5067180878975812,
        0.4869018623057534,
        0.47485249305472654,
        0.47523927583413966,
        0.46592701235238243,
        0.49996002141167134,
        0.47144970736082864,
        0.4766207112985499,
        0.4902931627105264,
        0.48271562229184545,
        0.4646618748412413
    ],
    "val_accuracy": [
        0.4338235294117647,
        0.5375,
        0.5007352941176471,
        0.49926470588235294,
        0.47352941176470587,
        0.43970588235294117,
        0.41323529411764703,
        0.4522058823529412,
        0.48676470588235293,
        0.49117647058823527,
        0.47941176470588237,
        0.49926470588235294,
        0.5147058823529411,
        0.5213235294117647,
        0.5036764705882353,
        0.5014705882352941,
        0.4904411764705882,
        0.5036764705882353,
        0.46911764705882353,
        0.5022058823529412,
        0.4919117647058823,
        0.5411764705882353,
        0.4875,
        0.5419117647058823,
        0.4647058823529412,
        0.525,
        0.5095588235294117,
        0.4764705882352941,
        0.5308823529411765,
        0.5205882352941177,
        0.5279411764705882,
        0.4933823529411765,
        0.5125,
        0.5264705882352941,
        0.5264705882352941,
        0.5367647058823529,
        0.5029411764705882,
        0.5323529411764706,
        0.5264705882352941,
        0.5088235294117647,
        0.5213235294117647,
        0.5367647058823529
    ]
}