{
    "train_loss": [
        0.5252541169418511,
        0.5085456712131805,
        0.505222517759242,
        0.4904058408652637,
        0.46606652967050566,
        0.459244134948186,
        0.45235835211285463,
        0.44438222452258386,
        0.43706294680212404,
        0.43219022571723514,
        0.42976902634011094,
        0.42779929851386567,
        0.41755473449931924,
        0.4159482616323529,
        0.4165201947515738,
        0.4128048594856093,
        0.4084473435918913,
        0.4059577096544259,
        0.40550780264621084,
        0.4039378156158941,
        0.404627401645936,
        0.40123656183375533,
        0.39795759719208623,
        0.39771591289404856,
        0.3977265428778128,
        0.3947463794908625,
        0.39349643784370403,
        0.3891876219170736,
        0.3915791302285296,
        0.3903090730705794,
        0.3905479782624236,
        0.3918368097341864,
        0.3904514415255675,
        0.3873846820747176,
        0.38351050892461697,
        0.38348968081334806,
        0.3835949108057411,
        0.38219518436396377,
        0.3821013373263339,
        0.3870732296284632,
        0.3796821790384063,
        0.38191797930403804,
        0.3808017837821592,
        0.381305336080333,
        0.3784947911449147,
        0.37490107113799304,
        0.3816700807594238,
        0.38058378256804554,
        0.3776630398335186,
        0.3822068732945209,
        0.3787881378216524,
        0.38028964540320087
    ],
    "val_loss": [
        0.5071030932314256,
        0.502192524952047,
        0.5073394659687491,
        0.5345145586658927,
        0.5348059945246753,
        0.5449618570944842,
        0.5316627660218407,
        0.5257243812084198,
        0.49969039489241207,
        0.49040711206548354,
        0.4778269224307116,
        0.4984276754014632,
        0.4743812380468144,
        0.4892036129446591,
        0.4719808841452879,
        0.47547408955938675,
        0.4719092460239635,
        0.48433717331465553,
        0.5047717679949367,
        0.49167570454232834,
        0.49497505251099083,
        0.47028597996515387,
        0.5396598633597879,
        0.48194461499943453,
        0.5659898247788934,
        0.46979950122973496,
        0.5106897385681377,
        0.5041818611762103,
        0.4650199616656584,
        0.48779445991796605,
        0.4671838062651017,
        0.46466781987863426,
        0.4701470774762771,
        0.4662902370971792,
        0.4677751304472194,
        0.4693753042641808,
        0.4964951017323662,
        0.46774463302948893,
        0.47047344411120695,
        0.48188994141185987,
        0.4929849966483958,
        0.48680718208060547,
        0.5203968654660618,
        0.4664555986137951,
        0.4684398409198312,
        0.4691053614896886,
        0.4672430967583376,
        0.46959386082256543,
        0.5500650749487035,
        0.46875155497999754,
        0.4795904403223711,
        0.4667910866877612
    ],
    "val_accuracy": [
        0.4610294117647059,
        0.45,
        0.4183823529411765,
        0.4073529411764706,
        0.42867647058823527,
        0.40808823529411764,
        0.4676470588235294,
        0.4713235294117647,
        0.5176470588235295,
        0.5227941176470589,
        0.5367647058823529,
        0.5080882352941176,
        0.5330882352941176,
        0.5235294117647059,
        0.538235294117647,
        0.5345588235294118,
        0.5367647058823529,
        0.5191176470588236,
        0.49779411764705883,
        0.5139705882352941,
        0.5051470588235294,
        0.5345588235294118,
        0.45073529411764707,
        0.5235294117647059,
        0.4235294117647059,
        0.5375,
        0.48676470588235293,
        0.49779411764705883,
        0.5419117647058823,
        0.5139705882352941,
        0.5367647058823529,
        0.5411764705882353,
        0.5375,
        0.538235294117647,
        0.5360294117647059,
        0.5367647058823529,
        0.5036764705882353,
        0.5375,
        0.5360294117647059,
        0.5213235294117647,
        0.5095588235294117,
        0.5139705882352941,
        0.4772058823529412,
        0.5389705882352941,
        0.5360294117647059,
        0.5367647058823529,
        0.5367647058823529,
        0.5360294117647059,
        0.4426470588235294,
        0.5367647058823529,
        0.5235294117647059,
        0.5367647058823529
    ]
}