{
    "train_loss": [
        0.5197592803267731,
        0.50321148435607,
        0.49432136836059914,
        0.47801225365802996,
        0.4642676892487899,
        0.45551000356076154,
        0.4487442668265722,
        0.4447869750667974,
        0.43649598789155286,
        0.4365952830749212,
        0.4311658393429673,
        0.4270431204484059,
        0.4257399061800644,
        0.42047477406402894,
        0.4183971350109298,
        0.4153789408430208,
        0.4117928038422878,
        0.41259104751025555,
        0.41056126052121256,
        0.411658358775752,
        0.40569408681480384,
        0.40085615506738326,
        0.40573059398693384,
        0.3993706846217248,
        0.4004438788844989,
        0.4073380481040597,
        0.3996888322624873,
        0.3950299005893162,
        0.39851386800258853,
        0.3985273861092668,
        0.4006785863269133,
        0.3954681304585575,
        0.3963423447066725,
        0.39397980661495874,
        0.3935192506324288,
        0.3906459879366849,
        0.3945009721362073,
        0.3930847060221892,
        0.39487098987186237,
        0.3918177137356937,
        0.39277559059070905,
        0.38863722337129525,
        0.3879812438925572,
        0.39299001782684023,
        0.38532324970067544,
        0.38719319661823803,
        0.38623560395677353,
        0.3884022932337678,
        0.38955864970600323,
        0.3874593845889421
    ],
    "val_loss": [
        0.5031133732374977,
        0.5354285457554986,
        0.4737765515551848,
        0.4868301353033851,
        0.48002590011147894,
        0.4221173530115801,
        0.5409730364294613,
        0.49940199255943296,
        0.41210549929562734,
        0.557994626900729,
        0.4104033003835117,
        0.3930182553389493,
        0.5022936137283549,
        0.5084152712541468,
        0.5399473113172194,
        0.45439746835652517,
        0.4358681789215873,
        0.5100570075652179,
        0.4877747381434721,
        0.3890174990191179,
        0.5498848259449005,
        0.3992039822480258,
        0.41485999752493463,
        0.3988271685207591,
        0.5324972063302994,
        0.4353904846836539,
        0.40228667785139643,
        0.43245252511080573,
        0.42897643902722526,
        0.38699685808490303,
        0.44514617376467763,
        0.42306663481628193,
        0.4160101759083131,
        0.48557146401966317,
        0.5034601670854232,
        0.4142238206723157,
        0.4587831714574028,
        0.40520542123738457,
        0.44678150257643534,
        0.4110848893137539,
        0.4873313141219756,
        0.5479309870916255,
        0.52043777774362,
        0.4179616414448794,
        0.4871193414225298,
        0.4078943033428753,
        0.5145172899260241,
        0.559395861976287,
        0.3958801970762365,
        0.5449329768910127
    ],
    "val_accuracy": [
        0.3713235294117647,
        0.3625,
        0.6286764705882353,
        0.4970588235294118,
        0.524264705882353,
        0.6375,
        0.42867647058823527,
        0.4786764705882353,
        0.6323529411764706,
        0.4213235294117647,
        0.6227941176470588,
        0.6294117647058823,
        0.47573529411764703,
        0.4823529411764706,
        0.4404411764705882,
        0.5551470588235294,
        0.5852941176470589,
        0.4801470588235294,
        0.5139705882352941,
        0.6294117647058823,
        0.4426470588235294,
        0.6191176470588236,
        0.6066176470588235,
        0.6198529411764706,
        0.4625,
        0.5779411764705882,
        0.6176470588235294,
        0.5852941176470589,
        0.5882352941176471,
        0.6272058823529412,
        0.5661764705882353,
        0.5985294117647059,
        0.5926470588235294,
        0.5125,
        0.49926470588235294,
        0.6058823529411764,
        0.5441176470588235,
        0.6073529411764705,
        0.5573529411764706,
        0.6044117647058823,
        0.5154411764705882,
        0.44191176470588234,
        0.4727941176470588,
        0.5926470588235294,
        0.5154411764705882,
        0.6014705882352941,
        0.4801470588235294,
        0.4294117647058823,
        0.6257352941176471,
        0.4470588235294118
    ]
}