{
    "train_loss": [
        0.5241551968612169,
        0.5078558066957876,
        0.49859983638713234,
        0.48846806324364844,
        0.473055443272256,
        0.4651506686419771,
        0.46073873586821973,
        0.45383210401786,
        0.45142799487762286,
        0.4462777410944303,
        0.44087357335446176,
        0.43312109115353803,
        0.432322302225389,
        0.4329802672329702,
        0.4277953149979575,
        0.4242805424750897,
        0.42318850763534244,
        0.42172708195029646,
        0.41679553603916836,
        0.41696561574935914,
        0.41674674404294865,
        0.40944306968074096,
        0.40954453929474477,
        0.4061120990859835,
        0.4123470209408225,
        0.40616842411589205,
        0.4071517385411681,
        0.4017346645656385,
        0.4032267307503182,
        0.40210474533470053,
        0.4011217694533499,
        0.3978012488860833,
        0.39403371315514835,
        0.39568847582528466,
        0.394254522417721,
        0.3960096546171004,
        0.39395172169856857,
        0.39631001239544467,
        0.39922012080226027,
        0.3919990798360423,
        0.395833106757256,
        0.38761574542313293,
        0.39010037029521505
    ],
    "val_loss": [
        0.4976033627986908,
        0.4967553731273202,
        0.49957006152938394,
        0.5083633759442497,
        0.5005645110326655,
        0.50853051683482,
        0.49744516435791464,
        0.5140659560175503,
        0.5180939369341906,
        0.4986657447674695,
        0.5004900190760108,
        0.49961573411436644,
        0.5024442385224736,
        0.5034016914227429,
        0.5123990304329816,
        0.5232269753428066,
        0.5138274497845594,
        0.5148435490972856,
        0.4946709138505599,
        0.4950971478925032,
        0.49902535080909727,
        0.5072718699188793,
        0.4883723080158234,
        0.4945160259218777,
        0.5036949063048644,
        0.5303225531297572,
        0.5062056778108373,
        0.5285317165010116,
        0.5190653976272134,
        0.49967728958410373,
        0.5085270671283497,
        0.5118031829595566,
        0.5009877145290375,
        0.5238481844172759,
        0.5037682559560327,
        0.5034622269518235,
        0.5096388027948492,
        0.5167169854921453,
        0.5018614588414921,
        0.5053394505206277,
        0.5107460186761968,
        0.5150517090278514,
        0.4963042315314798
    ],
    "val_accuracy": [
        0.5367647058823529,
        0.5375,
        0.5066176470588235,
        0.4625,
        0.49926470588235294,
        0.4875,
        0.4860294117647059,
        0.4875,
        0.4698529411764706,
        0.5102941176470588,
        0.513235294117647,
        0.5080882352941176,
        0.49926470588235294,
        0.49779411764705883,
        0.4823529411764706,
        0.4713235294117647,
        0.4919117647058823,
        0.4823529411764706,
        0.5044117647058823,
        0.5058823529411764,
        0.49779411764705883,
        0.48970588235294116,
        0.5154411764705882,
        0.5080882352941176,
        0.49779411764705883,
        0.46544117647058825,
        0.4963235294117647,
        0.4676470588235294,
        0.4808823529411765,
        0.5014705882352941,
        0.4933823529411765,
        0.48676470588235293,
        0.5014705882352941,
        0.4742647058823529,
        0.4963235294117647,
        0.4970588235294118,
        0.4904411764705882,
        0.4801470588235294,
        0.4970588235294118,
        0.4933823529411765,
        0.48970588235294116,
        0.4838235294117647,
        0.5029411764705882
    ]
}