{
    "train_loss": [
        0.5155285563456973,
        0.4987442301069215,
        0.4837014070621701,
        0.46993158952049585,
        0.45348679067498465,
        0.44522070006333464,
        0.4363558646727565,
        0.43015704525753007,
        0.4278530178709971,
        0.42370782164626297,
        0.41762044876315524,
        0.4147897780589435,
        0.41498458096414903,
        0.410985501389639,
        0.41371232953956694,
        0.408096398522822,
        0.40842472998593565,
        0.40445354334187744,
        0.40500460216233564,
        0.4010106707147531,
        0.3971601763995595,
        0.39776249735750085,
        0.39571374597457737,
        0.3964492496613874,
        0.39523164785924964
    ],
    "val_loss": [
        0.5803865913082572,
        0.512811272985795,
        0.6299739893744973,
        0.5332184311221627,
        0.507728206760743,
        0.5478092993006987,
        0.5864957721794353,
        0.5490402544246,
        0.5117874033310834,
        0.5290886875461129,
        0.565455015967874,
        0.5357971324640162,
        0.5733242466169245,
        0.6134553849697113,
        0.607750074302449,
        0.5672755890032825,
        0.5183548068299013,
        0.5901520830743453,
        0.6468316540998571,
        0.6120569912826314,
        0.646225722397075,
        0.6079608149388257,
        0.6569172277170069,
        0.5567857545964858,
        0.5499689792885499
    ],
    "val_accuracy": [
        0.3,
        0.3286764705882353,
        0.3095588235294118,
        0.38676470588235295,
        0.44779411764705884,
        0.4147058823529412,
        0.3889705882352941,
        0.4308823529411765,
        0.475,
        0.45955882352941174,
        0.4264705882352941,
        0.46691176470588236,
        0.4036764705882353,
        0.36617647058823527,
        0.375,
        0.40588235294117647,
        0.4875,
        0.39191176470588235,
        0.3375,
        0.3698529411764706,
        0.33897058823529413,
        0.3816176470588235,
        0.3125,
        0.4389705882352941,
        0.4485294117647059
    ]
}