{
    "train_loss": [
        0.516615449356251,
        0.5006585349313548,
        0.48922609652652116,
        0.4683396984319218,
        0.45621299851136127,
        0.4511582412192079,
        0.4485333239445921,
        0.440450181628837,
        0.43366065611604787,
        0.42625642030454075,
        0.4239215938282795,
        0.4235666047109932,
        0.4160514181510347,
        0.4177488708593806,
        0.4152499701155991,
        0.4119912344657007,
        0.41185201445563896,
        0.40667648203060275,
        0.40432556657517543,
        0.4058769517013284,
        0.4038096329716385,
        0.39913545964194125,
        0.3950687272871127,
        0.3981187198982864,
        0.3947971583634126,
        0.3984969323775807,
        0.3965412701983921,
        0.39838947069938063,
        0.3941782655530289,
        0.39387365709074207,
        0.39744789268149705,
        0.3956513251681797,
        0.3958092527067075,
        0.38997665819574573,
        0.3927677081012335,
        0.39179457741194085,
        0.3881886981671951,
        0.3891942835733539,
        0.39395957823659555,
        0.390328227313327,
        0.39033234247662985,
        0.38256664806213536,
        0.3880434401699754,
        0.3807444585762063,
        0.38295821330097857,
        0.3893434187183615,
        0.39552169940510734,
        0.38688662806983853,
        0.38498752537320874,
        0.38156501650810243,
        0.3866569109627458,
        0.38530564510920007,
        0.3838584737333118,
        0.38211282334122504,
        0.386855238273007,
        0.3840049253868275,
        0.3814579700348807,
        0.3823707227213461,
        0.3798724275509842,
        0.38007230991955665,
        0.3822719634189958,
        0.3802163998245216
    ],
    "val_loss": [
        0.39929195712594423,
        0.44931450977044946,
        0.5079890875255361,
        0.45550200798932244,
        0.557886303172392,
        0.4299446340869455,
        0.43346282348913306,
        0.41512476205825805,
        0.3503602425841724,
        0.3664288250839009,
        0.40508965586914736,
        0.366696255347308,
        0.3704478556618971,
        0.4757639646530151,
        0.4974322855472565,
        0.2663279593867414,
        0.2828523010015488,
        0.3906628719147514,
        0.22215114945874495,
        0.27618961342993903,
        0.22431513303342987,
        0.25568168478853565,
        0.3425435832318138,
        0.43076395655379573,
        0.27497731710181517,
        0.23361729173099294,
        0.2320011615753174,
        0.23641402598689584,
        0.40308854579925535,
        0.24110507667064668,
        0.39508492788847754,
        0.30767247185987584,
        0.24177032695973621,
        0.21392164374975597,
        0.2990108589915668,
        0.37149910234353123,
        0.23464687471004092,
        0.298161177074208,
        0.32905184644110064,
        0.3280215464094106,
        0.2228812483303687,
        0.1971953853745671,
        0.2312734935213538,
        0.3397177450797137,
        0.2668177626150496,
        0.5182121645001804,
        0.36745600042974247,
        0.32403657576617073,
        0.3240130601560368,
        0.3831169074949096,
        0.26154041772379594,
        0.3100161632194239,
        0.32407583541729873,
        0.5222873715793386,
        0.41082137577673966,
        0.2605186881387935,
        0.39453651975182924,
        0.4048427420503953,
        0.4447264306685504,
        0.3700117763350992,
        0.3284813816056532,
        0.40050728689221776
    ],
    "val_accuracy": [
        0.825,
        0.825,
        0.37426470588235294,
        0.549264705882353,
        0.42573529411764705,
        0.5992647058823529,
        0.5955882352941176,
        0.6051470588235294,
        0.6713235294117647,
        0.6360294117647058,
        0.6022058823529411,
        0.6323529411764706,
        0.6536764705882353,
        0.5389705882352941,
        0.5080882352941176,
        0.7860294117647059,
        0.7617647058823529,
        0.625,
        0.8161764705882353,
        0.7588235294117647,
        0.8125,
        0.7830882352941176,
        0.674264705882353,
        0.5713235294117647,
        0.7544117647058823,
        0.7963235294117647,
        0.7875,
        0.7919117647058823,
        0.6125,
        0.8036764705882353,
        0.625,
        0.7110294117647059,
        0.7845588235294118,
        0.825,
        0.7110294117647059,
        0.6338235294117647,
        0.7808823529411765,
        0.7183823529411765,
        0.7066176470588236,
        0.6816176470588236,
        0.8176470588235294,
        0.8139705882352941,
        0.8088235294117647,
        0.6764705882352942,
        0.7375,
        0.4647058823529412,
        0.6441176470588236,
        0.6977941176470588,
        0.6882352941176471,
        0.6330882352941176,
        0.7654411764705882,
        0.6919117647058823,
        0.6911764705882353,
        0.475,
        0.5823529411764706,
        0.775,
        0.625,
        0.5985294117647059,
        0.5595588235294118,
        0.6470588235294118,
        0.6941176470588235,
        0.6080882352941176
    ]
}