{
    "train_loss": [
        0.5161071172021082,
        0.5032943254275037,
        0.4859151619653039,
        0.46360607869577725,
        0.4549044807324346,
        0.45001738888538434,
        0.4422391199858378,
        0.4321351938245707,
        0.4262743965038006,
        0.42555812057971165,
        0.4203944496366362,
        0.4150157253079067,
        0.4168102311722885,
        0.4135324150965308,
        0.40869068106426704,
        0.40632883232358274,
        0.4078304707905315,
        0.40554980247818084,
        0.4031719189408599,
        0.4031434252562112,
        0.4020301279741407,
        0.40068212156461563,
        0.4012027166981176,
        0.39922441813527354,
        0.4003998471905064,
        0.3914431400646437,
        0.3989986854771905,
        0.396038851990605,
        0.39051476148086667,
        0.392412611240188,
        0.3922316285701382,
        0.3854787197975528,
        0.39234125268775105,
        0.39187606178618817,
        0.38572354782496066,
        0.3877648948167531,
        0.3917623750544739,
        0.38660198728868506,
        0.3912828370854752,
        0.38658701302792065,
        0.3890236692737467,
        0.3983825769596147,
        0.3870276514416104,
        0.38229150364533165,
        0.38853541455718854,
        0.3848164807018263,
        0.38084883250246776,
        0.3813316174937005,
        0.3846581129492908,
        0.37782573239840817,
        0.3836562511640669,
        0.3861153588340377,
        0.3790275970017476,
        0.3792026218100889,
        0.38384067210436656,
        0.3818146731235728,
        0.3822936752181969,
        0.3814878210622743
    ],
    "val_loss": [
        0.46506832592627584,
        0.4954680134268368,
        0.4813669404562782,
        0.45958508007666643,
        0.5091355769073262,
        0.393429594355471,
        0.33883309644811294,
        0.433674476777806,
        0.2804144397377968,
        0.30633086982895347,
        0.354035824712585,
        0.3435445093056735,
        0.3298913983737721,
        0.5220670198692995,
        0.48037707279710207,
        0.3677636981010437,
        0.32772830724716184,
        0.5932578199050006,
        0.2751356899738312,
        0.5491613419616923,
        0.4707145829411114,
        0.5415196246960584,
        0.5368083610254175,
        0.3909193906713935,
        0.4318951347294976,
        0.3574541906223578,
        0.3205073603812386,
        0.3603776312926236,
        0.610655061637654,
        0.3714257215752321,
        0.5619569529505337,
        0.4106250729630975,
        0.25538012473022237,
        0.36219122129328113,
        0.5601710708702312,
        0.2603615238386042,
        0.3056046811535078,
        0.24928908917833778,
        0.4366646575577119,
        0.4079119671793545,
        0.7175194607061498,
        0.6677836954593659,
        0.3368433184483472,
        0.34143898960422064,
        0.28400081580176073,
        0.36537205156158,
        0.33604688100955066,
        0.5133851940141004,
        0.48895760634366203,
        0.3375357878558776,
        0.47937739877139823,
        0.3166558275327963,
        0.284745854928213,
        0.3974485542844324,
        0.33622050451881746,
        0.5895973356331096,
        0.47280472569605886,
        0.40506928615710314
    ],
    "val_accuracy": [
        0.7875,
        0.6985294117647058,
        0.4573529411764706,
        0.5169117647058824,
        0.4602941176470588,
        0.6544117647058824,
        0.7272058823529411,
        0.5882352941176471,
        0.7485294117647059,
        0.7375,
        0.6911764705882353,
        0.700735294117647,
        0.7014705882352941,
        0.4632352941176471,
        0.5360294117647059,
        0.6573529411764706,
        0.7014705882352941,
        0.39705882352941174,
        0.7522058823529412,
        0.4345588235294118,
        0.5308823529411765,
        0.45955882352941174,
        0.4514705882352941,
        0.6198529411764706,
        0.5794117647058824,
        0.6669117647058823,
        0.6955882352941176,
        0.6698529411764705,
        0.37426470588235294,
        0.6463235294117647,
        0.4279411764705882,
        0.6014705882352941,
        0.7720588235294118,
        0.6463235294117647,
        0.44338235294117645,
        0.7720588235294118,
        0.7147058823529412,
        0.7713235294117647,
        0.5742647058823529,
        0.6022058823529411,
        0.23455882352941176,
        0.2977941176470588,
        0.6911764705882353,
        0.6647058823529411,
        0.7485294117647059,
        0.6514705882352941,
        0.6808823529411765,
        0.4786764705882353,
        0.5147058823529411,
        0.6669117647058823,
        0.5198529411764706,
        0.6985294117647058,
        0.7382352941176471,
        0.6110294117647059,
        0.6882352941176471,
        0.39926470588235297,
        0.5205882352941177,
        0.5955882352941176
    ]
}