{
    "0": {
        "precision": 0.19047619047619047,
        "recall": 0.0213903743315508,
        "f1-score": 0.038461538461538464,
        "support": 187.0
    },
    "1": {
        "precision": 0.7223065250379362,
        "recall": 0.9655172413793104,
        "f1-score": 0.8263888888888888,
        "support": 493.0
    },
    "accuracy": 0.7058823529411765,
    "macro avg": {
        "precision": 0.45639135775706335,
        "recall": 0.4934538078554306,
        "f1-score": 0.43242521367521364,
        "support": 680.0
    },
    "weighted avg": {
        "precision": 0.5760531830334561,
        "recall": 0.7058823529411765,
        "f1-score": 0.6097088675213674,
        "support": 680.0
    }
}