{
    "0": {
        "precision": 0.21311475409836064,
        "recall": 0.058823529411764705,
        "f1-score": 0.09219858156028368,
        "support": 221.0
    },
    "1": {
        "precision": 0.6639741518578353,
        "recall": 0.8954248366013072,
        "f1-score": 0.7625231910946196,
        "support": 459.0
    },
    "accuracy": 0.6235294117647059,
    "macro avg": {
        "precision": 0.43854445297809797,
        "recall": 0.477124183006536,
        "f1-score": 0.4273608863274517,
        "support": 680.0
    },
    "weighted avg": {
        "precision": 0.517444847586006,
        "recall": 0.6235294117647059,
        "f1-score": 0.5446676929959605,
        "support": 680.0
    }
}