{
    "0": {
        "precision": 0.2727272727272727,
        "recall": 0.011764705882352941,
        "f1-score": 0.022556390977443608,
        "support": 255.0
    },
    "1": {
        "precision": 0.6233183856502242,
        "recall": 0.9811764705882353,
        "f1-score": 0.7623400365630713,
        "support": 425.0
    },
    "accuracy": 0.6176470588235294,
    "macro avg": {
        "precision": 0.4480228291887485,
        "recall": 0.4964705882352941,
        "f1-score": 0.3924482137702574,
        "support": 680.0
    },
    "weighted avg": {
        "precision": 0.49184671830411747,
        "recall": 0.6176470588235294,
        "f1-score": 0.4849211694684608,
        "support": 680.0
    }
}