{
    "0": {
        "precision": 0.0,
        "recall": 0.0,
        "f1-score": 0.0,
        "support": 306.0
    },
    "1": {
        "precision": 0.5480059084194978,
        "recall": 0.9919786096256684,
        "f1-score": 0.7059942911512845,
        "support": 374.0
    },
    "accuracy": 0.5455882352941176,
    "macro avg": {
        "precision": 0.2740029542097489,
        "recall": 0.4959893048128342,
        "f1-score": 0.35299714557564227,
        "support": 680.0
    },
    "weighted avg": {
        "precision": 0.3014032496307238,
        "recall": 0.5455882352941176,
        "f1-score": 0.3882968601332065,
        "support": 680.0
    }
}