{
    "0": {
        "precision": 0.8695652173913043,
        "recall": 0.03795066413662239,
        "f1-score": 0.07272727272727272,
        "support": 527.0
    },
    "1": {
        "precision": 0.228310502283105,
        "recall": 0.9803921568627451,
        "f1-score": 0.37037037037037035,
        "support": 153.0
    },
    "accuracy": 0.25,
    "macro avg": {
        "precision": 0.5489378598372047,
        "recall": 0.5091714104996837,
        "f1-score": 0.22154882154882155,
        "support": 680.0
    },
    "weighted avg": {
        "precision": 0.7252829064919595,
        "recall": 0.25,
        "f1-score": 0.1396969696969697,
        "support": 680.0
    }
}