{
    "train_loss": [
        0.5459811834188608,
        0.498017870921355,
        0.492402609036519,
        0.48122360431230987,
        0.4746984683550321,
        0.46569211849799524,
        0.4497973221998948,
        0.4320977568626404,
        0.4251888949137468,
        0.4039198266772123,
        0.3898807523342279,
        0.3883272654735125,
        0.3671554187169442,
        0.3617554137339959,
        0.34884155025848973,
        0.3437992545274588,
        0.3239260320480053,
        0.318208843928117,
        0.3074306815862656,
        0.298748667882039,
        0.28364758617602864
    ],
    "val_loss": [
        0.2813799132162066,
        0.4310721021089981,
        0.37761698552032014,
        0.37825783953737857,
        0.5584831411269173,
        0.37459156072851435,
        0.4135757569056838,
        0.35247507313294196,
        0.40316349534846063,
        0.3468219528892147,
        0.3194813890688455,
        0.43115832423096273,
        0.6987897709234437,
        0.5350523978026945,
        0.43014639616012573,
        0.46960811739537256,
        0.41601811727481103,
        0.4562056651755945,
        0.45623507784373724,
        0.48880029614291975,
        0.5892247415300625
    ],
    "val_accuracy": [
        0.8932584269662921,
        0.8389513108614233,
        0.8604868913857678,
        0.7584269662921348,
        0.4044943820224719,
        0.7134831460674157,
        0.6629213483146067,
        0.7387640449438202,
        0.6666666666666666,
        0.7462546816479401,
        0.7827715355805244,
        0.6123595505617978,
        0.28745318352059923,
        0.4737827715355805,
        0.6170411985018727,
        0.5533707865168539,
        0.6245318352059925,
        0.5749063670411985,
        0.5749063670411985,
        0.5318352059925093,
        0.41947565543071164
    ]
}