{
    "train_loss": [
        0.508804123218243,
        0.4952109382702754,
        0.4994834899902344,
        0.4730467502887432,
        0.4658086574994601,
        0.44474948873886694,
        0.42781619016940775,
        0.4255415875178117,
        0.4103260340598913,
        0.39693601796260247,
        0.39274851450553305,
        0.3653394121390123,
        0.3615188589462867,
        0.34797470821784093,
        0.3433144014615279,
        0.3334098180899253,
        0.32582355095789983,
        0.3175330597620744,
        0.3104740113019943,
        0.3100258556696085,
        0.3019380571750494,
        0.2910444232133719,
        0.2736476079775737,
        0.2656925062720592,
        0.25955679370806767
    ],
    "val_loss": [
        0.5567032250005808,
        0.4055324855135448,
        0.4679598172209156,
        0.4951543594474223,
        0.3789959300809832,
        0.4760689455181805,
        0.5176991233185156,
        0.5917830889794364,
        0.63341389173892,
        0.38628224917312165,
        0.44582248134399527,
        0.5057679423645361,
        0.5703164819461196,
        0.5279731190026696,
        0.5181679658925356,
        0.5430055407445822,
        0.5725921926213734,
        0.41177080282524453,
        0.5187131526754863,
        0.5311146876705226,
        0.4376243802148904,
        0.5623537737931779,
        0.48811752760588234,
        0.4897317552744453,
        0.49750787509021477
    ],
    "val_accuracy": [
        0.13295880149812733,
        0.8614232209737828,
        0.6367041198501873,
        0.5065543071161048,
        0.7153558052434457,
        0.5355805243445693,
        0.45692883895131087,
        0.3595505617977528,
        0.33801498127340823,
        0.6769662921348315,
        0.599250936329588,
        0.5149812734082397,
        0.3904494382022472,
        0.47659176029962547,
        0.4887640449438202,
        0.4681647940074906,
        0.42696629213483145,
        0.6114232209737828,
        0.5065543071161048,
        0.47659176029962547,
        0.5814606741573034,
        0.448501872659176,
        0.5290262172284644,
        0.5177902621722846,
        0.5074906367041199
    ]
}