{
    "train_loss": [
        0.6627898175586284,
        0.5371877458275417,
        0.5191865001788682,
        0.5104335569933559,
        0.5036672101644605,
        0.500253289029074,
        0.4913485676385044,
        0.4844182982777707,
        0.4779347392758818,
        0.4756047825178021,
        0.472325911969664,
        0.4721498732390794,
        0.4659466082364751,
        0.4646199718715674,
        0.45961412825706877,
        0.45656794625338926,
        0.45703582391501624,
        0.4560745023609547,
        0.45444986841269136,
        0.45204213275955346,
        0.4505689890149317,
        0.448596963865225,
        0.4492287259088473,
        0.44724344681009626,
        0.4478092293582414
    ],
    "val_loss": [
        0.5052018828251783,
        0.507135993943495,
        0.5057234900839188,
        0.5063990796313567,
        0.5033151931622449,
        0.5045769968453575,
        0.5112717540825115,
        0.518343314002542,
        0.5256935105604283,
        0.5343535048120162,
        0.5425127614946926,
        0.5440400242805481,
        0.5462467358392827,
        0.5567693619167103,
        0.5619710760958054,
        0.558347855946597,
        0.5528240140746622,
        0.5585324599462397,
        0.5615197837352752,
        0.5644736773827497,
        0.5695835951496573,
        0.5557177852181827,
        0.547655411678202,
        0.5422493440263412,
        0.5503483383094563
    ],
    "val_accuracy": [
        0.44779411764705884,
        0.41911764705882354,
        0.4294117647058823,
        0.42058823529411765,
        0.4411764705882353,
        0.43823529411764706,
        0.41323529411764703,
        0.4198529411764706,
        0.4102941176470588,
        0.3786764705882353,
        0.3573529411764706,
        0.37573529411764706,
        0.37720588235294117,
        0.3514705882352941,
        0.3448529411764706,
        0.36470588235294116,
        0.4036764705882353,
        0.3897058823529412,
        0.38676470588235295,
        0.37720588235294117,
        0.36911764705882355,
        0.41691176470588237,
        0.4411764705882353,
        0.4536764705882353,
        0.4426470588235294
    ]
}