{
    "0": {
        "precision": 0.2701252236135957,
        "recall": 0.8074866310160428,
        "f1-score": 0.40482573726541554,
        "support": 187.0
    },
    "1": {
        "precision": 0.7024793388429752,
        "recall": 0.1724137931034483,
        "f1-score": 0.2768729641693811,
        "support": 493.0
    },
    "accuracy": 0.34705882352941175,
    "macro avg": {
        "precision": 0.48630228122828545,
        "recall": 0.48995021205974554,
        "f1-score": 0.3408493507173983,
        "support": 680.0
    },
    "weighted avg": {
        "precision": 0.5835819571548959,
        "recall": 0.34705882352941175,
        "f1-score": 0.31205997677079056,
        "support": 680.0
    }
}