{
    "0": {
        "precision": 0.3296398891966759,
        "recall": 0.5833333333333334,
        "f1-score": 0.42123893805309737,
        "support": 204.0
    },
    "1": {
        "precision": 0.7335423197492164,
        "recall": 0.49159663865546216,
        "f1-score": 0.5886792452830188,
        "support": 476.0
    },
    "accuracy": 0.5191176470588236,
    "macro avg": {
        "precision": 0.5315911044729461,
        "recall": 0.5374649859943977,
        "f1-score": 0.5049590916680581,
        "support": 680.0
    },
    "weighted avg": {
        "precision": 0.6123715905834543,
        "recall": 0.5191176470588236,
        "f1-score": 0.5384471531140423,
        "support": 680.0
    }
}