{
    "0": {
        "precision": 0.3767605633802817,
        "recall": 0.4196078431372549,
        "f1-score": 0.3970315398886827,
        "support": 255.0
    },
    "1": {
        "precision": 0.6262626262626263,
        "recall": 0.5835294117647059,
        "f1-score": 0.6041412911084044,
        "support": 425.0
    },
    "accuracy": 0.5220588235294118,
    "macro avg": {
        "precision": 0.501511594821454,
        "recall": 0.5015686274509804,
        "f1-score": 0.5005864154985435,
        "support": 680.0
    },
    "weighted avg": {
        "precision": 0.5326993526817471,
        "recall": 0.5220588235294118,
        "f1-score": 0.5264751344010088,
        "support": 680.0
    }
}