{
    "0": {
        "precision": 0.5982905982905983,
        "recall": 0.35805626598465473,
        "f1-score": 0.448,
        "support": 391.0
    },
    "1": {
        "precision": 0.437219730941704,
        "recall": 0.6747404844290658,
        "f1-score": 0.5306122448979592,
        "support": 289.0
    },
    "accuracy": 0.49264705882352944,
    "macro avg": {
        "precision": 0.5177551646161511,
        "recall": 0.5163983752068603,
        "f1-score": 0.48930612244897964,
        "support": 680.0
    },
    "weighted avg": {
        "precision": 0.5298354796673183,
        "recall": 0.49264705882352944,
        "f1-score": 0.4831102040816327,
        "support": 680.0
    }
}