{
    "0": {
        "precision": 0.375,
        "recall": 0.008823529411764706,
        "f1-score": 0.017241379310344827,
        "support": 340.0
    },
    "1": {
        "precision": 0.49851190476190477,
        "recall": 0.9852941176470589,
        "f1-score": 0.6620553359683794,
        "support": 340.0
    },
    "accuracy": 0.4970588235294118,
    "macro avg": {
        "precision": 0.4367559523809524,
        "recall": 0.4970588235294118,
        "f1-score": 0.33964835763936213,
        "support": 680.0
    },
    "weighted avg": {
        "precision": 0.43675595238095233,
        "recall": 0.4970588235294118,
        "f1-score": 0.33964835763936213,
        "support": 680.0
    }
}