{
    "0": {
        "precision": 0.26526315789473687,
        "recall": 0.7411764705882353,
        "f1-score": 0.39069767441860465,
        "support": 170.0
    },
    "1": {
        "precision": 0.7853658536585366,
        "recall": 0.3156862745098039,
        "f1-score": 0.45034965034965035,
        "support": 510.0
    },
    "accuracy": 0.42205882352941176,
    "macro avg": {
        "precision": 0.5253145057766367,
        "recall": 0.5284313725490196,
        "f1-score": 0.42052366238412753,
        "support": 680.0
    },
    "weighted avg": {
        "precision": 0.6553401797175866,
        "recall": 0.42205882352941176,
        "f1-score": 0.4354366563668889,
        "support": 680.0
    }
}