{
    "train_loss": [
        0.47313735252168,
        0.3770340610326839,
        0.33593079441485285,
        0.30553511361114116,
        0.28487758551325115,
        0.2558857139919986,
        0.2322289232446366,
        0.2198545272235109,
        0.19789862441791206,
        0.18732246377763628,
        0.17494540451830173,
        0.15633061027326503,
        0.1518807548935674,
        0.1400737484150073,
        0.13550204373583072,
        0.12731082012735995,
        0.11927475398328125,
        0.10945551653056085,
        0.11012364462205843,
        0.09676912483297476,
        0.09807164284611951,
        0.0947211783598451,
        0.09434627046605118,
        0.08293154716742139,
        0.07731565429257746,
        0.08244641694952459,
        0.07731021190171733,
        0.07183344276355845,
        0.07327799676690533,
        0.06703862641006708,
        0.0626852956655271,
        0.05729139872490108,
        0.058476523480558096,
        0.05397877353830498,
        0.05104221580471812,
        0.05106043384386962,
        0.04887364350822793,
        0.04859221780657017,
        0.05066338274627924,
        0.04817817446251376,
        0.049976807682454084,
        0.04994262277907809,
        0.04826634319326958,
        0.042973699087292705,
        0.045201927403911574,
        0.05201614452447711,
        0.05176090280439298,
        0.04166707027108729,
        0.03611487800552815,
        0.03678549604662577,
        0.04210558118877791,
        0.03529311456725377,
        0.03512339830054205,
        0.038631135683913694,
        0.039074569075767486,
        0.04366180504586141,
        0.03298541915430805,
        0.03503422758017643,
        0.037126461088954774,
        0.03141652341900753,
        0.030707685065557475,
        0.044062251412943634,
        0.028498821482923226,
        0.030650801177942704,
        0.028678591599875763
    ],
    "val_loss": [
        0.5105698686927113,
        0.5123877979036587,
        0.5161556379118962,
        0.5567735589262265,
        0.5317058309690276,
        0.5147345746631053,
        0.5384813275799822,
        0.5427805932600107,
        0.5347852315475692,
        0.517100616622327,
        0.5147054626870511,
        0.5067458077153163,
        0.5109420983649012,
        0.5118673821883415,
        0.5218020641981665,
        0.5237155427683645,
        0.5057164310519375,
        0.5387456719555072,
        0.529922822962946,
        0.5089136406556883,
        0.5216636566528633,
        0.5242301221214124,
        0.5201651120363776,
        0.5162803673032504,
        0.4996010665573291,
        0.4820300278378956,
        0.5142714132123919,
        0.49842437790400945,
        0.5454176744418358,
        0.5298494558725784,
        0.5165890308458414,
        0.5067238176046912,
        0.5002158417630551,
        0.5097461796518582,
        0.5187594645948552,
        0.5199524831416001,
        0.5005964943722113,
        0.5356972101909011,
        0.5242392474146031,
        0.5035380289625766,
        0.5081888570714352,
        0.5333260644727679,
        0.4928570282993032,
        0.5399396010299227,
        0.478766712234981,
        0.5050660095997711,
        0.5100515858450932,
        0.5064805706045521,
        0.5189183585679353,
        0.5253371596336365,
        0.5661076547494576,
        0.5255959943604114,
        0.5125256487682684,
        0.5380038245400386,
        0.515282678070353,
        0.5125903656233602,
        0.5193672335859555,
        0.5074079325839654,
        0.4938595241575099,
        0.5210165990822351,
        0.5135821344247505,
        0.528582552030905,
        0.5372460982692775,
        0.5324640051642461,
        0.5119977406601408
    ],
    "val_accuracy": [
        0.47752808988764045,
        0.47097378277153557,
        0.47846441947565543,
        0.4232209737827715,
        0.5093632958801498,
        0.4868913857677903,
        0.4550561797752809,
        0.5121722846441947,
        0.45880149812734083,
        0.5037453183520599,
        0.4850187265917603,
        0.49719101123595505,
        0.4934456928838951,
        0.47659176029962547,
        0.49157303370786515,
        0.4859550561797753,
        0.5084269662921348,
        0.4616104868913858,
        0.46722846441947563,
        0.5102996254681648,
        0.4859550561797753,
        0.47846441947565543,
        0.4868913857677903,
        0.48408239700374533,
        0.5159176029962547,
        0.5243445692883895,
        0.49157303370786515,
        0.5140449438202247,
        0.450374531835206,
        0.46629213483146065,
        0.47846441947565543,
        0.49719101123595505,
        0.5149812734082397,
        0.49250936329588013,
        0.4897003745318352,
        0.4868913857677903,
        0.5,
        0.4700374531835206,
        0.5037453183520599,
        0.49625468164794007,
        0.5037453183520599,
        0.46348314606741575,
        0.5140449438202247,
        0.47284644194756553,
        0.5290262172284644,
        0.4953183520599251,
        0.50187265917603,
        0.49812734082397003,
        0.49063670411985016,
        0.4756554307116105,
        0.43913857677902624,
        0.4747191011235955,
        0.499063670411985,
        0.46629213483146065,
        0.499063670411985,
        0.4943820224719101,
        0.4794007490636704,
        0.499063670411985,
        0.5121722846441947,
        0.4803370786516854,
        0.48314606741573035,
        0.4812734082397004,
        0.46629213483146065,
        0.4850187265917603,
        0.4897003745318352
    ]
}