{
    "train_loss": [
        0.4958371666012978,
        0.41755226181477917,
        0.3672957786491939,
        0.3294148741936197,
        0.30125628533411997,
        0.2698683776417557,
        0.2492264018983257,
        0.22925082816153156,
        0.2078725138489081,
        0.1957568908832511,
        0.18544630085935399,
        0.18317914431800647,
        0.16634479694220486,
        0.161508941559159,
        0.15816173596041544,
        0.14448266503762225,
        0.13975067090015023,
        0.1368270547718418,
        0.12695780930166342,
        0.12595903718349885,
        0.1212991078593293
    ],
    "val_loss": [
        0.5124717408151769,
        0.6008835639526595,
        0.6183873339375453,
        0.5423221481380178,
        0.645966008527955,
        0.5629455860870988,
        0.5739546556081345,
        0.597287146902796,
        0.5690342152296607,
        0.5156425486749677,
        0.59455247379061,
        0.5364687211477934,
        0.5966609689726758,
        0.6353192711944011,
        0.6079135617213463,
        0.555519675585761,
        0.5637439858557572,
        0.6122753887034175,
        0.5871989130973816,
        0.5437002818086254,
        0.5570018064619889
    ],
    "val_accuracy": [
        0.4653558052434457,
        0.32397003745318353,
        0.34269662921348315,
        0.5168539325842697,
        0.3211610486891386,
        0.5177902621722846,
        0.41853932584269665,
        0.4204119850187266,
        0.4204119850187266,
        0.5243445692883895,
        0.3661048689138577,
        0.4812734082397004,
        0.4344569288389513,
        0.3398876404494382,
        0.36329588014981273,
        0.4297752808988764,
        0.4110486891385768,
        0.37359550561797755,
        0.3782771535580524,
        0.4606741573033708,
        0.42696629213483145
    ]
}