{
    "train_loss": [
        0.4583939257466677,
        0.37432308335906095,
        0.3307096817105719,
        0.28626840988409175,
        0.26175078518182326,
        0.23310082499842041,
        0.21855197072897142,
        0.19084498470703376,
        0.19009091940174982,
        0.17159235647436485,
        0.15916703985009378,
        0.14311728170774515,
        0.12689866085798995,
        0.12408382615562781,
        0.11379279492838869,
        0.10894599348957677,
        0.11072477915333313,
        0.10475632275264819,
        0.09746975001417896,
        0.0949522259382947,
        0.09250057853975342,
        0.080474884240228,
        0.09460866850918358,
        0.08280071641490297,
        0.07628453606106703,
        0.06587810205856284,
        0.07188981056249547,
        0.06992886704618781,
        0.059964970450450496,
        0.06309533196962575,
        0.057239202574546476,
        0.0544388724527168,
        0.05560181476175785,
        0.05663887775747232,
        0.058760377655294044,
        0.05686303163037717,
        0.06301102397547474,
        0.0540179911892391,
        0.054321968851122754,
        0.047793419909600204
    ],
    "val_loss": [
        0.5571036089712115,
        0.6660612083193082,
        0.5694254062958618,
        0.5160287738735996,
        0.6080596366925026,
        0.536968131118746,
        0.5317644721536494,
        0.570653365619147,
        0.5234972696695754,
        0.6223338508783881,
        0.6169105456836188,
        0.5871410476627634,
        0.544752148994759,
        0.5523996517729404,
        0.5240700102564114,
        0.6252200220947834,
        0.471731332700644,
        0.5190961329794642,
        0.4798357255423247,
        0.4439822297487686,
        0.6182626072150558,
        0.5989713495347038,
        0.5303776820204151,
        0.4741504735021449,
        0.5663159089301949,
        0.5603670117570393,
        0.5031832687890352,
        0.5662596523761749,
        0.5959043493911401,
        0.568785397419289,
        0.6097058035544495,
        0.6091904738056126,
        0.5995569540493524,
        0.5573494541111277,
        0.5725268774957799,
        0.5815581995159832,
        0.5900434566967523,
        0.5726709832896048,
        0.47364220223320064,
        0.57783510435873
    ],
    "val_accuracy": [
        0.399812734082397,
        0.3342696629213483,
        0.41760299625468167,
        0.49625468164794007,
        0.3782771535580524,
        0.450374531835206,
        0.45786516853932585,
        0.41385767790262173,
        0.4943820224719101,
        0.36704119850187267,
        0.3838951310861423,
        0.3904494382022472,
        0.41947565543071164,
        0.4307116104868914,
        0.4934456928838951,
        0.35674157303370785,
        0.5468164794007491,
        0.4953183520599251,
        0.5393258426966292,
        0.5898876404494382,
        0.3604868913857678,
        0.39419475655430714,
        0.4691011235955056,
        0.5318352059925093,
        0.4410112359550562,
        0.4353932584269663,
        0.5028089887640449,
        0.4559925093632959,
        0.4054307116104869,
        0.4363295880149813,
        0.399812734082397,
        0.4035580524344569,
        0.4035580524344569,
        0.45318352059925093,
        0.42696629213483145,
        0.40823970037453183,
        0.397940074906367,
        0.42134831460674155,
        0.5346441947565543,
        0.41385767790262173
    ]
}