{
    "train_loss": [
        0.4787348237660554,
        0.39507844352775867,
        0.34635327816814987,
        0.3149606603625658,
        0.27498259341663067,
        0.25127761032398754,
        0.22644735681446823,
        0.21416892514035507,
        0.19097417009037895,
        0.18493560835853354,
        0.16551730224678107,
        0.1603737666128992,
        0.14679650247499748,
        0.13984760645407815,
        0.12521322487710831,
        0.11948234416745804,
        0.10364844238905756,
        0.09967271908110864,
        0.10288594830949027,
        0.10116722532086544,
        0.09332324319460371,
        0.09062491078768764,
        0.08191549194020194,
        0.07833304932458443,
        0.06721470847323134,
        0.06641620239830232,
        0.06717229834212377,
        0.07397527793875418,
        0.06699530693895377,
        0.06531095165792886,
        0.060907086449767556,
        0.05978231639643242,
        0.05724981746862869,
        0.0554740321780513,
        0.05131618743175053,
        0.0493885484347875,
        0.05336808221968445,
        0.05084692700220658,
        0.05117757728340121,
        0.04875409425244675,
        0.04782371833786234,
        0.048836276446980936,
        0.056266095774533516
    ],
    "val_loss": [
        0.4841012928023267,
        0.5669886256331829,
        0.5254406862294496,
        0.4949479303253231,
        0.4872532446882618,
        0.5297906514423997,
        0.5101416871618869,
        0.5050762211208912,
        0.51566546443683,
        0.5180630190158958,
        0.4491331599541564,
        0.5215305263426766,
        0.47575442737607815,
        0.4989863562939772,
        0.509493514228223,
        0.47694821811434046,
        0.4807570176338082,
        0.4460864894425691,
        0.49116833797141685,
        0.499879149358664,
        0.5062224068748418,
        0.4901136686997627,
        0.41126266410991325,
        0.4132895649813894,
        0.5876316139057501,
        0.4828816372067181,
        0.46206449861846755,
        0.455321596629584,
        0.4500808451157897,
        0.43869157647019,
        0.4806974000895201,
        0.5419911608767154,
        0.487618472149123,
        0.44232673209104967,
        0.4772886571599476,
        0.43053569967177374,
        0.49130174406428834,
        0.5401710280731543,
        0.45971871400947,
        0.5373214469916785,
        0.548361434420543,
        0.5274862331240925,
        0.4361748326180586
    ],
    "val_accuracy": [
        0.5280898876404494,
        0.4110486891385768,
        0.45318352059925093,
        0.5205992509363296,
        0.5383895131086143,
        0.4559925093632959,
        0.50187265917603,
        0.5149812734082397,
        0.4934456928838951,
        0.48408239700374533,
        0.5880149812734082,
        0.4887640449438202,
        0.5589887640449438,
        0.5243445692883895,
        0.5159176029962547,
        0.5430711610486891,
        0.5430711610486891,
        0.5777153558052435,
        0.5243445692883895,
        0.5037453183520599,
        0.5009363295880149,
        0.5215355805243446,
        0.6170411985018727,
        0.6170411985018727,
        0.4101123595505618,
        0.5337078651685393,
        0.5599250936329588,
        0.5627340823970037,
        0.5599250936329588,
        0.5889513108614233,
        0.5468164794007491,
        0.4606741573033708,
        0.5205992509363296,
        0.5777153558052435,
        0.549625468164794,
        0.5852059925093633,
        0.5224719101123596,
        0.4691011235955056,
        0.5543071161048689,
        0.4653558052434457,
        0.45880149812734083,
        0.4812734082397004,
        0.5870786516853933
    ]
}