{
    "train_loss": [
        0.4673216686703852,
        0.3836415755674552,
        0.35129309312683915,
        0.3133516639347393,
        0.28515264997838446,
        0.265893650438281,
        0.24268743513283395,
        0.21950275698267077,
        0.20009838152846854,
        0.19029678704209346,
        0.1734998574580889,
        0.16198254067497134,
        0.15523715444001915,
        0.1394029705634503,
        0.1304729249158341,
        0.12023929569916607,
        0.11748638353407136,
        0.1066060059112632,
        0.1058387837191093,
        0.09774318270972655,
        0.08963398887346889,
        0.08075773092257284,
        0.08607729651899505,
        0.08550529382906515,
        0.07309619510445851,
        0.07284401473879072,
        0.07410950270863984,
        0.06909780759225248,
        0.06371445779947572,
        0.06493615203718674,
        0.058854269466644994,
        0.05762960692226145,
        0.06112608168258707,
        0.061573571529378535
    ],
    "val_loss": [
        0.5421686648432889,
        0.4748689714652389,
        0.5530421702719447,
        0.55080203689746,
        0.48377787132761374,
        0.6136736505067171,
        0.5647984565193973,
        0.6728147757587148,
        0.47793260928410203,
        0.5449038708387915,
        0.49439968057532807,
        0.4204862589266763,
        0.4665810399091066,
        0.37052332465328386,
        0.44641569701593314,
        0.6218434816865779,
        0.5590158416264093,
        0.5259749795963515,
        0.592157778900061,
        0.551049816074656,
        0.6305766697250196,
        0.5904782645737947,
        0.4939094804116149,
        0.5170313444600176,
        0.48334037568142163,
        0.5642227975290213,
        0.5750818190289967,
        0.5276215200993553,
        0.5273974124175399,
        0.6042822038949426,
        0.5250054700161094,
        0.4824829492995988,
        0.479762813493387,
        0.5261258402867104
    ],
    "val_accuracy": [
        0.45786516853932585,
        0.5580524344569289,
        0.42134831460674155,
        0.4110486891385768,
        0.5337078651685393,
        0.37359550561797755,
        0.41198501872659177,
        0.3192883895131086,
        0.5571161048689138,
        0.43726591760299627,
        0.5084269662921348,
        0.6189138576779026,
        0.5533707865168539,
        0.6863295880149812,
        0.5898876404494382,
        0.36704119850187267,
        0.43352059925093633,
        0.4756554307116105,
        0.39232209737827717,
        0.4447565543071161,
        0.36704119850187267,
        0.3895131086142322,
        0.5168539325842697,
        0.49157303370786515,
        0.5224719101123596,
        0.43352059925093633,
        0.43820224719101125,
        0.47284644194756553,
        0.4794007490636704,
        0.38670411985018727,
        0.4747191011235955,
        0.5262172284644194,
        0.5205992509363296,
        0.4737827715355805
    ]
}