{
    "0": {
        "precision": 0.8048780487804879,
        "recall": 0.08461538461538462,
        "f1-score": 0.1531322505800464,
        "support": 390.0
    },
    "1": {
        "precision": 0.27586206896551724,
        "recall": 0.9444444444444444,
        "f1-score": 0.42700156985871274,
        "support": 144.0
    },
    "accuracy": 0.31647940074906367,
    "macro avg": {
        "precision": 0.5403700588730025,
        "recall": 0.5145299145299145,
        "f1-score": 0.2900669102193796,
        "support": 534.0
    },
    "weighted avg": {
        "precision": 0.6622220542236419,
        "recall": 0.31647940074906367,
        "f1-score": 0.22698465128440587,
        "support": 534.0
    }
}