{
    "0": {
        "precision": 0.1791044776119403,
        "recall": 0.18181818181818182,
        "f1-score": 0.18045112781954886,
        "support": 132.0
    },
    "1": {
        "precision": 0.73,
        "recall": 0.7263681592039801,
        "f1-score": 0.7281795511221946,
        "support": 402.0
    },
    "accuracy": 0.5917602996254682,
    "macro avg": {
        "precision": 0.4545522388059701,
        "recall": 0.454093170511081,
        "f1-score": 0.4543153394708717,
        "support": 534.0
    },
    "weighted avg": {
        "precision": 0.5938235787355358,
        "recall": 0.5917602996254682,
        "f1-score": 0.5927860082833383,
        "support": 534.0
    }
}