{
    "0": {
        "precision": 0.3691931540342298,
        "recall": 0.7626262626262627,
        "f1-score": 0.4975288303130148,
        "support": 198.0
    },
    "1": {
        "precision": 0.624,
        "recall": 0.23214285714285715,
        "f1-score": 0.3383947939262473,
        "support": 336.0
    },
    "accuracy": 0.4288389513108614,
    "macro avg": {
        "precision": 0.4965965770171149,
        "recall": 0.4973845598845599,
        "f1-score": 0.417961812119631,
        "support": 534.0
    },
    "weighted avg": {
        "precision": 0.5295210571138155,
        "recall": 0.4288389513108614,
        "f1-score": 0.39739954899100377,
        "support": 534.0
    }
}