{
    "0": {
        "precision": 0.3387096774193548,
        "recall": 0.1111111111111111,
        "f1-score": 0.16733067729083664,
        "support": 189.0
    },
    "1": {
        "precision": 0.6440677966101694,
        "recall": 0.881159420289855,
        "f1-score": 0.7441860465116279,
        "support": 345.0
    },
    "accuracy": 0.6086142322097379,
    "macro avg": {
        "precision": 0.49138873701476216,
        "recall": 0.49613526570048305,
        "f1-score": 0.45575836190123226,
        "support": 534.0
    },
    "weighted avg": {
        "precision": 0.5359916083572407,
        "recall": 0.6086142322097379,
        "f1-score": 0.5400181349334827,
        "support": 534.0
    }
}