{
    "train_loss": [
        0.5909822070198096,
        0.5432673501874147,
        0.514103991181954,
        0.506187777686496,
        0.49605973176805396,
        0.48724207317405066,
        0.48389721411490155,
        0.4777307906169665,
        0.4672796942381991,
        0.46423741868833307,
        0.459153514605737,
        0.4521117600292085,
        0.4507247474000388,
        0.44597796695270087,
        0.444307679185283,
        0.44206971648653504,
        0.4383371168445693,
        0.4340695816537608,
        0.4353123654136545,
        0.43182346045146347,
        0.43137276561363885,
        0.4274879341186742,
        0.4251742436598412,
        0.42448049607013055,
        0.41998054746818164,
        0.4209168394917085,
        0.42046848378280405,
        0.41946711023098865,
        0.4157671671316558,
        0.413621007586303,
        0.4115726520774864,
        0.41234699674981384,
        0.41236485696946207,
        0.4092942882667888,
        0.40734089139421936,
        0.40749671801983606,
        0.4053923424348058,
        0.40361270396841376,
        0.4000367226572376,
        0.40111123090204986,
        0.40110247965033347,
        0.39685164527459577,
        0.39480485407849075,
        0.39347014361219446,
        0.3974795421887292,
        0.392577929223479,
        0.3948006205584692,
        0.39368213586538675,
        0.3930084313681946,
        0.3909909740208166,
        0.389668860071497,
        0.38676116786337655,
        0.3880704336545684,
        0.38738015270515863,
        0.3865074008232049,
        0.3856616961390605,
        0.38646961639638944,
        0.3830129267434358,
        0.38359887609368726,
        0.38195509507722064,
        0.37873639310654916,
        0.37963430321381497,
        0.3816245634683036,
        0.37928257604302623,
        0.37833706545735535,
        0.3776921633439573,
        0.3765225071504182,
        0.37839178620237607,
        0.3757161683598055,
        0.376309242114248,
        0.37281989668433374,
        0.37479038704407547,
        0.3755530985035444,
        0.37251098989969184,
        0.3743469592610838
    ],
    "val_loss": [
        0.48962887545878236,
        0.5032208233394406,
        0.5053650951859626,
        0.4848626291548664,
        0.504268785261295,
        0.48528064448725095,
        0.46813912097026,
        0.46271906268190255,
        0.44535138204016467,
        0.4408158653161742,
        0.4395568838173693,
        0.4435425954447551,
        0.44929090193049476,
        0.4341601255265149,
        0.4166058113121174,
        0.43083357184448023,
        0.407683012414385,
        0.41843113701113244,
        0.40972148652442475,
        0.4070369695228609,
        0.4033044400540265,
        0.4026321386071769,
        0.41325262146578595,
        0.3975840618156574,
        0.3952779202637347,
        0.3852604025636207,
        0.379617824007503,
        0.3787506446665661,
        0.3953440840017389,
        0.38191973096267745,
        0.3913502320223911,
        0.38904327899217606,
        0.37316577534445305,
        0.38881780503487046,
        0.38258379215205257,
        0.3769745209084993,
        0.38071918953210115,
        0.36975469829683955,
        0.3893704811873084,
        0.38020389971577306,
        0.3900355457497591,
        0.3856312084350396,
        0.3836888872002336,
        0.3809494968842376,
        0.37813760877840896,
        0.381797309753231,
        0.38004749407991767,
        0.38314761759035965,
        0.3782805230637843,
        0.3797605643895539,
        0.3874560996720737,
        0.39456153216517786,
        0.38527651431716303,
        0.3816293731162494,
        0.3695906375280835,
        0.39477699652144854,
        0.3776808122426949,
        0.37659114760092716,
        0.3770996978591112,
        0.38621090682731435,
        0.38696366688236594,
        0.38191625141454016,
        0.39594392622397706,
        0.3755313012410294,
        0.38765718072483485,
        0.3764415707185187,
        0.3970717507922514,
        0.3976570949466391,
        0.3977977590296756,
        0.3852901781316508,
        0.4110159619965337,
        0.3857980822212994,
        0.3790627689608796,
        0.421053544702855,
        0.37699386257339607
    ],
    "val_accuracy": [
        0.6189630681818182,
        0.46519886363636365,
        0.45951704545454547,
        0.6118607954545454,
        0.5053267045454546,
        0.55859375,
        0.5894886363636364,
        0.5852272727272727,
        0.6012073863636364,
        0.6047585227272727,
        0.6040482954545454,
        0.5923295454545454,
        0.5706676136363636,
        0.5987215909090909,
        0.6253551136363636,
        0.6051136363636364,
        0.6306818181818182,
        0.6100852272727273,
        0.6225142045454546,
        0.6246448863636364,
        0.6242897727272727,
        0.6242897727272727,
        0.6104403409090909,
        0.6274857954545454,
        0.6214488636363636,
        0.6324573863636364,
        0.6374289772727273,
        0.6431107954545454,
        0.6168323863636364,
        0.6310369318181818,
        0.6264204545454546,
        0.62109375,
        0.6352982954545454,
        0.6235795454545454,
        0.6274857954545454,
        0.6352982954545454,
        0.6306818181818182,
        0.6392045454545454,
        0.6225142045454546,
        0.6253551136363636,
        0.6253551136363636,
        0.6267755681818182,
        0.6292613636363636,
        0.6292613636363636,
        0.62890625,
        0.625,
        0.6296164772727273,
        0.6278409090909091,
        0.6317471590909091,
        0.6267755681818182,
        0.6175426136363636,
        0.62890625,
        0.625,
        0.6257102272727273,
        0.6441761363636364,
        0.6363636363636364,
        0.6356534090909091,
        0.6381392045454546,
        0.6331676136363636,
        0.6203835227272727,
        0.6260653409090909,
        0.62890625,
        0.6264204545454546,
        0.6370738636363636,
        0.6363636363636364,
        0.6352982954545454,
        0.6178977272727273,
        0.62890625,
        0.6303267045454546,
        0.6338778409090909,
        0.6242897727272727,
        0.6246448863636364,
        0.6356534090909091,
        0.6147017045454546,
        0.6395596590909091
    ]
}