{
    "train_loss": [
        0.6048107791559498,
        0.5512033301615432,
        0.5272875744481331,
        0.514332603501237,
        0.5013977073633624,
        0.494827611408686,
        0.4866859150144894,
        0.48396542244277924,
        0.4742248589577882,
        0.4703284364208402,
        0.4609251491754894,
        0.4585271288637116,
        0.4532011714966401,
        0.4503243001612279,
        0.4462244609010078,
        0.44117745762992755,
        0.4404436402876858,
        0.4368616165850945,
        0.4373776200024978,
        0.4330900840372907,
        0.4312740934224939,
        0.429054488394807,
        0.42702763495237933,
        0.42274365247238294,
        0.4204143167955602,
        0.4172220646215993,
        0.4159793511563139,
        0.4140271808318941,
        0.4135243895320082,
        0.4124069496871454,
        0.4108961791153482,
        0.40779090852369904,
        0.4068649030721235,
        0.40349178522707446,
        0.4040068498124247,
        0.4075067177002609,
        0.40195696662537195,
        0.4007825667679074,
        0.4038897429412533,
        0.40101067713009036,
        0.4000364719879015,
        0.3957404340856631,
        0.39908607893074927,
        0.3957293437639244,
        0.3961976790439941,
        0.3909435215969331,
        0.3930658627699015
    ],
    "val_loss": [
        0.5128952251239256,
        0.5165918907997283,
        0.5116471228274432,
        0.47502094879746437,
        0.5230047929693352,
        0.5000976076857611,
        0.4789679119871421,
        0.4879380564459346,
        0.47132796861908655,
        0.44459069350903685,
        0.4731083612211726,
        0.4626097682524811,
        0.43258718418126757,
        0.43966433668339794,
        0.42616652841256425,
        0.44892874817279255,
        0.42218254489654844,
        0.4246595266529105,
        0.42829635375264014,
        0.410702299665321,
        0.39901889488101006,
        0.421839074824344,
        0.40082923822443595,
        0.4095649497414177,
        0.38829808453605935,
        0.3956942046061158,
        0.3711027028039098,
        0.40569203084504063,
        0.39283872937614267,
        0.37629928219724784,
        0.38446060559627687,
        0.3813809785483913,
        0.3771904358132319,
        0.3978177345442501,
        0.3767703980715437,
        0.3942593073641712,
        0.37599491683596914,
        0.3819313492117958,
        0.3788067270916971,
        0.38258347821167926,
        0.3934219728477977,
        0.37815327171913604,
        0.37641135247593577,
        0.3870856816965071,
        0.39677359570156445,
        0.40484467047182,
        0.40962964025410736
    ],
    "val_accuracy": [
        0.3682528409090909,
        0.359375,
        0.37535511363636365,
        0.6313920454545454,
        0.3742897727272727,
        0.49467329545454547,
        0.5749289772727273,
        0.515625,
        0.5568181818181818,
        0.6047585227272727,
        0.5461647727272727,
        0.5490056818181818,
        0.5990767045454546,
        0.578125,
        0.6079545454545454,
        0.5589488636363636,
        0.6068892045454546,
        0.6033380681818182,
        0.5958806818181818,
        0.6218039772727273,
        0.63671875,
        0.6026278409090909,
        0.6313920454545454,
        0.6175426136363636,
        0.6431107954545454,
        0.6328125,
        0.6633522727272727,
        0.6207386363636364,
        0.6299715909090909,
        0.6459517045454546,
        0.6455965909090909,
        0.6448863636363636,
        0.6434659090909091,
        0.6122159090909091,
        0.64453125,
        0.62109375,
        0.6463068181818182,
        0.6370738636363636,
        0.6370738636363636,
        0.6392045454545454,
        0.6299715909090909,
        0.6381392045454546,
        0.6399147727272727,
        0.6427556818181818,
        0.6200284090909091,
        0.625,
        0.6161221590909091
    ]
}