{
    "0": {
        "precision": 0.5363984674329502,
        "recall": 0.5537974683544303,
        "f1-score": 0.5449591280653951,
        "support": 1264.0
    },
    "1": {
        "precision": 0.745372460496614,
        "recall": 0.7318262411347518,
        "f1-score": 0.7385372399910535,
        "support": 2256.0
    },
    "accuracy": 0.6678977272727272,
    "macro avg": {
        "precision": 0.6408854639647821,
        "recall": 0.6428118547445911,
        "f1-score": 0.6417481840282243,
        "support": 3520.0
    },
    "weighted avg": {
        "precision": 0.6703317993510256,
        "recall": 0.6678977272727272,
        "f1-score": 0.6690250997995671,
        "support": 3520.0
    }
}