{
    "train_loss": [
        0.6372258099333945,
        0.5401468897029786,
        0.5260802517939644,
        0.5129764486975192,
        0.5084087738002447,
        0.506455941085497,
        0.5049131725181063,
        0.5011855666553108,
        0.5009566860489386,
        0.4992263644406744,
        0.5003859663641992,
        0.49925887818889203,
        0.4984644994520251,
        0.49537382267547264,
        0.4926773030420652,
        0.4946220736723752,
        0.49133338804095106,
        0.4898791725368537,
        0.4899225228544771,
        0.487692147376261,
        0.4875760936783901,
        0.48400359397318604,
        0.4862637422056704,
        0.48229710883616467,
        0.48032382171608373,
        0.4826474914616358,
        0.48084971261867604,
        0.4791461358721458
    ],
    "val_loss": [
        0.5080099540948868,
        0.5037968210379282,
        0.5038876583178838,
        0.5021506949265798,
        0.5024642505248388,
        0.503714718023936,
        0.5038575536012649,
        0.502090939283371,
        0.5033840322494507,
        0.5037074935436249,
        0.5029498676458994,
        0.5053562851746877,
        0.505499214331309,
        0.5082651474078497,
        0.5054455675681432,
        0.5054533392190933,
        0.5082009665171305,
        0.5071045138438542,
        0.5111294251680374,
        0.5100704904397328,
        0.5103610674540202,
        0.5110620506604513,
        0.5133230408032735,
        0.5147243928909302,
        0.5144267284870148,
        0.5177188549439112,
        0.5156472732623418,
        0.5140652620792389
    ],
    "val_accuracy": [
        0.5242272347535506,
        0.529657477025898,
        0.5183792815371763,
        0.5133667502088555,
        0.49916457811194653,
        0.47368421052631576,
        0.47117794486215536,
        0.487468671679198,
        0.48830409356725146,
        0.48120300751879697,
        0.48078529657477026,
        0.47076023391812866,
        0.46616541353383456,
        0.454469507101086,
        0.46825396825396826,
        0.4715956558061821,
        0.4598997493734336,
        0.4665831244778613,
        0.4573934837092732,
        0.4615705931495405,
        0.4603174603174603,
        0.462406015037594,
        0.45822890559732665,
        0.45614035087719296,
        0.4598997493734336,
        0.4519632414369256,
        0.4578111946532999,
        0.46365914786967416
    ]
}