{
    "train_loss": [
        0.5837937568283268,
        0.5318402563659054,
        0.5201637900063003,
        0.5157341996906782,
        0.5091488202100652,
        0.5088657331607197,
        0.5062817305267912,
        0.5015000892997022,
        0.5007226686112305,
        0.4979476675771777,
        0.49520720591245326,
        0.4989861261633852,
        0.49757900992170534,
        0.4930249533976459,
        0.49291932881463957,
        0.49110234363374167,
        0.49341719821534596,
        0.48862194511417323,
        0.48908913252630026,
        0.48705781015525396,
        0.4862605275363023,
        0.4871418784667092,
        0.4857568333917142,
        0.48574202099342945,
        0.4819642071756726,
        0.4823222950774232,
        0.48318868512489005,
        0.4816993005968967
    ],
    "val_loss": [
        0.5105466004212698,
        0.5093015233675638,
        0.5067157379786174,
        0.505190411011378,
        0.5046347709496816,
        0.503050703605016,
        0.5035182476043701,
        0.5027999746799469,
        0.5059109238783518,
        0.5059122373660405,
        0.5055810417731603,
        0.5060153637329737,
        0.5062641169627508,
        0.5071869637568792,
        0.5073527201016744,
        0.5095982879400254,
        0.5103640975554784,
        0.5102891780932745,
        0.5141904538869858,
        0.51468912144502,
        0.5128175938129425,
        0.5141637027263641,
        0.516303037405014,
        0.5172648572921753,
        0.5174011504650116,
        0.516337434053421,
        0.5166431258122126,
        0.5185482505957285
    ],
    "val_accuracy": [
        0.47869674185463656,
        0.46825396825396826,
        0.47201336675020883,
        0.4728487886382623,
        0.46574770258980785,
        0.4816207184628237,
        0.4690893901420217,
        0.46950710108604843,
        0.4619883040935672,
        0.46365914786967416,
        0.4640768588137009,
        0.467000835421888,
        0.4653299916457811,
        0.46825396825396826,
        0.46950710108604843,
        0.46324143692564745,
        0.46574770258980785,
        0.46825396825396826,
        0.45321637426900585,
        0.4619883040935672,
        0.46365914786967416,
        0.4628237259816207,
        0.4565580618212197,
        0.46115288220551376,
        0.4619883040935672,
        0.4619883040935672,
        0.4594820384294068,
        0.4548872180451128
    ]
}