{
    "0": {
        "precision": 0.42725509214354995,
        "recall": 0.6926100628930818,
        "f1-score": 0.528494301139772,
        "support": 1272.0
    },
    "1": {
        "precision": 0.5795698924731183,
        "recall": 0.3133720930232558,
        "f1-score": 0.40679245283018867,
        "support": 1720.0
    },
    "accuracy": 0.47459893048128343,
    "macro avg": {
        "precision": 0.5034124923083341,
        "recall": 0.5029910779581688,
        "f1-score": 0.4676433769849804,
        "support": 2992.0
    },
    "weighted avg": {
        "precision": 0.5148157393918312,
        "recall": 0.47459893048128343,
        "f1-score": 0.4585320086623378,
        "support": 2992.0
    }
}