{
    "0": {
        "precision": 0.4315521628498728,
        "recall": 0.6666666666666666,
        "f1-score": 0.523941921532283,
        "support": 1272.0
    },
    "1": {
        "precision": 0.5871470301850049,
        "recall": 0.3505813953488372,
        "f1-score": 0.43902439024390244,
        "support": 1720.0
    },
    "accuracy": 0.48495989304812837,
    "macro avg": {
        "precision": 0.5093495965174388,
        "recall": 0.5086240310077519,
        "f1-score": 0.48148315588809276,
        "support": 2992.0
    },
    "weighted avg": {
        "precision": 0.5209984101147215,
        "recall": 0.48495989304812837,
        "f1-score": 0.47512569365259905,
        "support": 2992.0
    }
}