{
    "0": {
        "precision": 0.4394700776610324,
        "recall": 0.7568843430369787,
        "f1-score": 0.5560693641618497,
        "support": 1271.0
    },
    "1": {
        "precision": 0.6151930261519303,
        "recall": 0.28704241719930274,
        "f1-score": 0.39144215530903326,
        "support": 1721.0
    },
    "accuracy": 0.48663101604278075,
    "macro avg": {
        "precision": 0.5273315519064814,
        "recall": 0.5219633801181407,
        "f1-score": 0.4737557597354415,
        "support": 2992.0
    },
    "weighted avg": {
        "precision": 0.540546011602488,
        "recall": 0.48663101604278075,
        "f1-score": 0.4613757055937691,
        "support": 2992.0
    }
}