{
    "train_loss": [
        0.5036438869524605,
        0.4988141158587822,
        0.4975374715740671,
        0.4887225709635497,
        0.4755058640669167,
        0.46533520067039924,
        0.4515276534899378,
        0.4419857034388977,
        0.43539606566041833,
        0.4244174683773065,
        0.4147151421897019,
        0.41035772171578827,
        0.39859446675717075,
        0.3928407996830055,
        0.38624174044102055,
        0.37336707247208945,
        0.3584407531196558,
        0.3565570864244855,
        0.3429355806187738,
        0.3412539301447979,
        0.3304587158881411,
        0.32913027732841327,
        0.31865076070753584,
        0.31710404888156973,
        0.31335363836511027,
        0.3209060648071112,
        0.30406916791470995,
        0.2997599181715195,
        0.30313325989284096,
        0.3009511564822891,
        0.2994899489339205,
        0.2882396303871764,
        0.2940303830052667,
        0.29218764809836567,
        0.2901120230060401,
        0.2879459730777811,
        0.2915219913397912,
        0.29251307849909813,
        0.2857368808821284,
        0.28530469105307815,
        0.28367180601626885,
        0.2839925887401094,
        0.2797753604183972,
        0.28124982713945684,
        0.2787492918440058,
        0.28083413553066583,
        0.2772581744349644,
        0.2817782223036018,
        0.26927853717551203,
        0.26943344151294685,
        0.26982687091069757,
        0.27099965621603317,
        0.2643845669457587,
        0.26929831191630177,
        0.26662899378121274,
        0.2669844077251663,
        0.2670718558281974,
        0.26477186941396336,
        0.2654025951903392,
        0.2734045856809126,
        0.2536067193087175
    ],
    "val_loss": [
        0.49789369691021834,
        0.4986689115249658,
        0.49754081081740464,
        0.49696688580362103,
        0.495264132000223,
        0.4877067244128336,
        0.4881591631830493,
        0.493817281685298,
        0.4817148396108724,
        0.48755535351324686,
        0.4817426613991774,
        0.48758831978598727,
        0.4780988329196278,
        0.4710833841486822,
        0.4827394953256921,
        0.47388524477240407,
        0.47873594328949726,
        0.45647873437102837,
        0.45461931504026243,
        0.4464850929341739,
        0.451958597743813,
        0.460385396605051,
        0.4535953859928288,
        0.45214812825374967,
        0.4544904625302629,
        0.4477138390080838,
        0.4494547392182712,
        0.4516598663846903,
        0.44640937258925617,
        0.46134736426646195,
        0.460377264343485,
        0.4584112903928455,
        0.4528728291109393,
        0.46154594982538044,
        0.45628548342781733,
        0.463465209437322,
        0.458084474588874,
        0.45828807287955586,
        0.451885909596576,
        0.4452775383863268,
        0.44420966817231117,
        0.454700112059901,
        0.4522056277794174,
        0.4465831549295896,
        0.45999509454527987,
        0.45840768883877164,
        0.45923283639587936,
        0.45196173750335655,
        0.45342921616533133,
        0.4533088489235202,
        0.4576602223553235,
        0.4603099103403997,
        0.4558843901923186,
        0.452036209687402,
        0.44975029978948305,
        0.45094941169778,
        0.4586536697571791,
        0.44523806936001475,
        0.46224724972927117,
        0.4568944035828868,
        0.45372054857920996
    ],
    "val_accuracy": [
        0.5031645569620253,
        0.5027689873417721,
        0.5146360759493671,
        0.507120253164557,
        0.5233386075949367,
        0.5276898734177216,
        0.521756329113924,
        0.526503164556962,
        0.5340189873417721,
        0.5379746835443038,
        0.5379746835443038,
        0.5431170886075949,
        0.5510284810126582,
        0.5514240506329114,
        0.5446993670886076,
        0.5450949367088608,
        0.5537974683544303,
        0.5522151898734177,
        0.5498417721518988,
        0.5621044303797469,
        0.5581487341772152,
        0.5474683544303798,
        0.5573575949367089,
        0.5518196202531646,
        0.553006329113924,
        0.5609177215189873,
        0.5617088607594937,
        0.5522151898734177,
        0.5585443037974683,
        0.5427215189873418,
        0.5403481012658228,
        0.5486550632911392,
        0.5510284810126582,
        0.5427215189873418,
        0.5537974683544303,
        0.5411392405063291,
        0.5502373417721519,
        0.5470727848101266,
        0.5526107594936709,
        0.560126582278481,
        0.5609177215189873,
        0.5526107594936709,
        0.5510284810126582,
        0.5541930379746836,
        0.5466772151898734,
        0.5458860759493671,
        0.5478639240506329,
        0.5506329113924051,
        0.553006329113924,
        0.5506329113924051,
        0.5478639240506329,
        0.5446993670886076,
        0.5510284810126582,
        0.5534018987341772,
        0.5569620253164557,
        0.5561708860759493,
        0.5470727848101266,
        0.560126582278481,
        0.5446993670886076,
        0.5478639240506329,
        0.5506329113924051
    ]
}