{
    "0": {
        "precision": 0.5567470956210903,
        "recall": 0.48939512961508247,
        "f1-score": 0.5209030100334449,
        "support": 1273.0
    },
    "1": {
        "precision": 0.5386799148332151,
        "recall": 0.6047808764940239,
        "f1-score": 0.5698198198198198,
        "support": 1255.0
    },
    "accuracy": 0.5466772151898734,
    "macro avg": {
        "precision": 0.5477135052271527,
        "recall": 0.5470880030545532,
        "f1-score": 0.5453614149266324,
        "support": 2528.0
    },
    "weighted avg": {
        "precision": 0.5477778266777423,
        "recall": 0.5466772151898734,
        "f1-score": 0.5451872648917916,
        "support": 2528.0
    }
}