{
    "0": {
        "precision": 0.566904196357878,
        "recall": 0.5728,
        "f1-score": 0.5698368483883804,
        "support": 1250.0
    },
    "1": {
        "precision": 0.5778656126482213,
        "recall": 0.5719874804381847,
        "f1-score": 0.5749115218246166,
        "support": 1278.0
    },
    "accuracy": 0.5723892405063291,
    "macro avg": {
        "precision": 0.5723849045030497,
        "recall": 0.5723937402190924,
        "f1-score": 0.5723741851064985,
        "support": 2528.0
    },
    "weighted avg": {
        "precision": 0.5724456085489613,
        "recall": 0.5723892405063291,
        "f1-score": 0.5724022885195157,
        "support": 2528.0
    }
}