{
    "0": {
        "precision": 0.553116769095698,
        "recall": 0.5101214574898786,
        "f1-score": 0.5307497893850042,
        "support": 1235.0
    },
    "1": {
        "precision": 0.564434845212383,
        "recall": 0.6063418406805878,
        "f1-score": 0.5846383296047726,
        "support": 1293.0
    },
    "accuracy": 0.5593354430379747,
    "macro avg": {
        "precision": 0.5587758071540405,
        "recall": 0.5582316490852333,
        "f1-score": 0.5576940594948884,
        "support": 2528.0
    },
    "weighted avg": {
        "precision": 0.5589056426791132,
        "recall": 0.5593354430379747,
        "f1-score": 0.5583122429072196,
        "support": 2528.0
    }
}