{
    "0": {
        "precision": 0.44772851669403396,
        "recall": 0.7616387337057728,
        "f1-score": 0.5639434677697346,
        "support": 1074.0
    },
    "1": {
        "precision": 0.7802575107296137,
        "recall": 0.47393117831074033,
        "f1-score": 0.5896853713915018,
        "support": 1918.0
    },
    "accuracy": 0.5772058823529411,
    "macro avg": {
        "precision": 0.6139930137118238,
        "recall": 0.6177849560082566,
        "f1-score": 0.5768144195806182,
        "support": 2992.0
    },
    "weighted avg": {
        "precision": 0.6608938277101576,
        "recall": 0.5772058823529411,
        "f1-score": 0.5804451292491962,
        "support": 2992.0
    }
}