{
    "train_loss": [
        0.503495090537601,
        0.497519518408859,
        0.49514333306000247,
        0.4911654918165932,
        0.4851805112863842,
        0.4732951643174155,
        0.4691485077491281,
        0.46324681264963763,
        0.4573636175596226,
        0.45303898786592206,
        0.44801479178911063,
        0.4435794717038584,
        0.43996642674618996,
        0.43407810340847885,
        0.4328768688248612,
        0.4258510879780117,
        0.4228132646683364,
        0.41336424253140275,
        0.4092525077232143,
        0.40217883797765475,
        0.39963912508989635,
        0.39564131261312474,
        0.3943660898689638,
        0.3912715263969717,
        0.3836096237364568,
        0.3855762822847617,
        0.37913329451404815,
        0.37744267684848687
    ],
    "val_loss": [
        0.496595496237278,
        0.5079799979925156,
        0.4688477283716202,
        0.479807710647583,
        0.4605913028120995,
        0.4549435991048813,
        0.4747185128927231,
        0.4396889171004295,
        0.44810511112213136,
        0.4433664864301681,
        0.4576319743692875,
        0.46182111501693723,
        0.4590695744752884,
        0.45168762549757957,
        0.4582835444808006,
        0.45116320431232454,
        0.469040809571743,
        0.47265291333198545,
        0.4574064293503761,
        0.47083733782172205,
        0.46789501041173936,
        0.4584670965373516,
        0.4488710570335388,
        0.4545064342021942,
        0.46263199403882027,
        0.47085873782634735,
        0.45295381993055345,
        0.46352166205644607
    ],
    "val_accuracy": [
        0.55375,
        0.45125,
        0.559375,
        0.5375,
        0.57,
        0.561875,
        0.555625,
        0.576875,
        0.573125,
        0.574375,
        0.558125,
        0.551875,
        0.550625,
        0.5575,
        0.550625,
        0.564375,
        0.53625,
        0.53125,
        0.5525,
        0.531875,
        0.538125,
        0.544375,
        0.558125,
        0.550625,
        0.543125,
        0.53125,
        0.551875,
        0.54
    ]
}