{
    "train_loss": [
        0.5001838967814083,
        0.4940382320629923,
        0.48511579653673004,
        0.47996115102405434,
        0.46939501720562316,
        0.46514531218866156,
        0.45793984809465577,
        0.45297193284968884,
        0.447703011238087,
        0.4421955399520216,
        0.43793522251976863,
        0.4365588389467775,
        0.4335828605625365,
        0.42782655506454714,
        0.4249045758045208,
        0.4247350980663857,
        0.4190686324360775,
        0.4168390993834936,
        0.40843024957946866,
        0.411280722828985,
        0.4078182594643699
    ],
    "val_loss": [
        0.4710453900694847,
        0.5032196429371834,
        0.49511685490608215,
        0.4995049691200256,
        0.5077051472663879,
        0.4905259883403778,
        0.5027274340391159,
        0.49603009164333345,
        0.5038510408997535,
        0.5012970107793808,
        0.4873766803741455,
        0.4867745819687843,
        0.5009959822893143,
        0.5057920646667481,
        0.4964040347933769,
        0.5042774651944637,
        0.488912869989872,
        0.4833247175812721,
        0.4964582884311676,
        0.4950087672472,
        0.5037199576199055
    ],
    "val_accuracy": [
        0.55,
        0.4925,
        0.5,
        0.4975,
        0.496875,
        0.51125,
        0.495625,
        0.51,
        0.503125,
        0.5025,
        0.519375,
        0.515625,
        0.501875,
        0.501875,
        0.504375,
        0.493125,
        0.519375,
        0.526875,
        0.5075,
        0.5075,
        0.50125
    ]
}