{
    "train_loss": [
        0.5017700739422737,
        0.49452663109316464,
        0.48578343746954933,
        0.477195297835166,
        0.4648668810115223,
        0.4629065273798,
        0.4539956636421862,
        0.45049768418770786,
        0.44928394948181355,
        0.4429284255058445,
        0.44011942081981237,
        0.4399917770721759,
        0.43916078485243504,
        0.43365303487108464,
        0.4346125669080263,
        0.4330214739542956,
        0.43464670738978695,
        0.43266286297499784,
        0.43069913494918083,
        0.4273669015245828,
        0.42602796497052176,
        0.4208000241664418,
        0.4239089185208605,
        0.42281604647984977,
        0.41914660907105394,
        0.417653717283617,
        0.41717224185578305,
        0.41672919556411386,
        0.4185876377319035
    ],
    "val_loss": [
        0.4946100589632988,
        0.5181145757436753,
        0.5215919262170792,
        0.5262024080753327,
        0.5098560404777527,
        0.52444046407938,
        0.5018313619494438,
        0.5076205584406853,
        0.48783682465553285,
        0.5022271758317948,
        0.4985135912895203,
        0.5134828177094459,
        0.49036086469888684,
        0.5046165248751641,
        0.5008869218826294,
        0.4980024087429047,
        0.493347060084343,
        0.497339146733284,
        0.5035616879165172,
        0.5009488746523857,
        0.5225904899835586,
        0.5014476712048054,
        0.512963630259037,
        0.5019023309648037,
        0.5087528903782368,
        0.5079102632403374,
        0.5142339476943016,
        0.5221282726526261,
        0.5118779869377613
    ],
    "val_accuracy": [
        0.540625,
        0.449375,
        0.458125,
        0.47125,
        0.476875,
        0.463125,
        0.5025,
        0.495625,
        0.5125,
        0.49625,
        0.501875,
        0.484375,
        0.51,
        0.49375,
        0.5,
        0.500625,
        0.509375,
        0.501875,
        0.496875,
        0.501875,
        0.4775,
        0.498125,
        0.488125,
        0.4975,
        0.486875,
        0.491875,
        0.491875,
        0.480625,
        0.48875
    ]
}