{
    "train_loss": [
        0.5012731367733047,
        0.4975581385935956,
        0.48768082853646305,
        0.4802891888639383,
        0.4761431817771399,
        0.4655519196687386,
        0.45858679033859434,
        0.4514343341540175,
        0.44935760952924425,
        0.44688659834931466,
        0.4441963111448009,
        0.44019729550818953,
        0.4381735524238899,
        0.43142971033067035,
        0.42448139697836157,
        0.4214868962241892,
        0.41833675580415114,
        0.41542217824717015,
        0.4103355205024195,
        0.40567717393587904,
        0.4037517349970968,
        0.4013353250528637,
        0.39352762855981527,
        0.394121629600985
    ],
    "val_loss": [
        0.5236128655076027,
        0.49172174543142316,
        0.46767120212316515,
        0.46646596312522887,
        0.489169594347477,
        0.48707216113805774,
        0.5004588398337364,
        0.47263148456811904,
        0.4711095389723778,
        0.4756285551190376,
        0.4860558834671974,
        0.48429726511240007,
        0.472951095700264,
        0.4757351788878441,
        0.4757284866273403,
        0.4801438772678375,
        0.4850363589823246,
        0.47187441647052764,
        0.4832276304066181,
        0.4877758188545704,
        0.46664806589484215,
        0.4856522050499916,
        0.48297610983252526,
        0.4669994950294495
    ],
    "val_accuracy": [
        0.460625,
        0.51,
        0.5475,
        0.545,
        0.52375,
        0.521875,
        0.5025,
        0.535,
        0.535625,
        0.52875,
        0.5225,
        0.514375,
        0.5325,
        0.52625,
        0.524375,
        0.525,
        0.52,
        0.53,
        0.51875,
        0.519375,
        0.53625,
        0.526875,
        0.523125,
        0.535625
    ]
}