{
    "train_loss": [
        0.5014177606119747,
        0.495336329518703,
        0.48617270902583476,
        0.47960593142704655,
        0.4718540560432345,
        0.46535581921973423,
        0.45796714775394975,
        0.45329650462719434,
        0.4474970144660849,
        0.44333700833961975,
        0.44082393756038263,
        0.4345503475408108,
        0.43681679366276277,
        0.433298693884883,
        0.42663181309114423,
        0.43159178758573813,
        0.42499635653537615,
        0.4252875215041707,
        0.42128206247474714,
        0.4184822266300519,
        0.4172502687190011,
        0.4163468441419434,
        0.41122467473410723
    ],
    "val_loss": [
        0.48145522534847257,
        0.4922846806049347,
        0.47827277451753614,
        0.5063327947258949,
        0.506540730893612,
        0.5122346040606499,
        0.49337159723043444,
        0.5099467396736145,
        0.5017498594522476,
        0.5012553417682648,
        0.504057112634182,
        0.5069599831104279,
        0.5117470636963845,
        0.4846143940091133,
        0.5093187092244625,
        0.4979677355289459,
        0.5240084213018418,
        0.5047703868150711,
        0.5190275259315967,
        0.5080062368512154,
        0.5089019621908665,
        0.4972271630167961,
        0.4974380761384964
    ],
    "val_accuracy": [
        0.55,
        0.52375,
        0.53625,
        0.4825,
        0.49625,
        0.494375,
        0.51,
        0.485625,
        0.5,
        0.5025,
        0.486875,
        0.491875,
        0.5,
        0.5175,
        0.49375,
        0.505625,
        0.475625,
        0.49875,
        0.4775,
        0.488125,
        0.494375,
        0.511875,
        0.505625
    ]
}