{
    "0": {
        "precision": 0.4322033898305085,
        "recall": 0.425,
        "f1-score": 0.42857142857142855,
        "support": 360.0
    },
    "1": {
        "precision": 0.5358744394618834,
        "recall": 0.5431818181818182,
        "f1-score": 0.5395033860045146,
        "support": 440.0
    },
    "accuracy": 0.49,
    "macro avg": {
        "precision": 0.484038914646196,
        "recall": 0.4840909090909091,
        "f1-score": 0.4840374072879716,
        "support": 800.0
    },
    "weighted avg": {
        "precision": 0.4892224671277647,
        "recall": 0.49,
        "f1-score": 0.48958400515962597,
        "support": 800.0
    }
}