{
    "0": {
        "precision": 0.46842105263157896,
        "recall": 0.24722222222222223,
        "f1-score": 0.3236363636363636,
        "support": 360.0
    },
    "1": {
        "precision": 0.5557377049180328,
        "recall": 0.7704545454545455,
        "f1-score": 0.6457142857142857,
        "support": 440.0
    },
    "accuracy": 0.535,
    "macro avg": {
        "precision": 0.5120793787748059,
        "recall": 0.5088383838383839,
        "f1-score": 0.48467532467532465,
        "support": 800.0
    },
    "weighted avg": {
        "precision": 0.5164452113891286,
        "recall": 0.535,
        "f1-score": 0.5007792207792208,
        "support": 800.0
    }
}