{
    "0": {
        "precision": 0.48333333333333334,
        "recall": 0.4027777777777778,
        "f1-score": 0.4393939393939394,
        "support": 360.0
    },
    "1": {
        "precision": 0.57,
        "recall": 0.6477272727272727,
        "f1-score": 0.6063829787234043,
        "support": 440.0
    },
    "accuracy": 0.5375,
    "macro avg": {
        "precision": 0.5266666666666666,
        "recall": 0.5252525252525253,
        "f1-score": 0.5228884590586719,
        "support": 800.0
    },
    "weighted avg": {
        "precision": 0.5309999999999999,
        "recall": 0.5375,
        "f1-score": 0.5312379110251451,
        "support": 800.0
    }
}