{
    "0": {
        "precision": 0.5172413793103449,
        "recall": 0.4166666666666667,
        "f1-score": 0.46153846153846156,
        "support": 360.0
    },
    "1": {
        "precision": 0.5882352941176471,
        "recall": 0.6818181818181818,
        "f1-score": 0.631578947368421,
        "support": 440.0
    },
    "accuracy": 0.5625,
    "macro avg": {
        "precision": 0.552738336713996,
        "recall": 0.5492424242424242,
        "f1-score": 0.5465587044534412,
        "support": 800.0
    },
    "weighted avg": {
        "precision": 0.556288032454361,
        "recall": 0.5625,
        "f1-score": 0.5550607287449393,
        "support": 800.0
    }
}