{
    "0": {
        "precision": 0.6141078838174274,
        "recall": 0.4111111111111111,
        "f1-score": 0.4925124792013311,
        "support": 360.0
    },
    "1": {
        "precision": 0.6207513416815742,
        "recall": 0.7886363636363637,
        "f1-score": 0.6946946946946947,
        "support": 440.0
    },
    "accuracy": 0.61875,
    "macro avg": {
        "precision": 0.6174296127495008,
        "recall": 0.5998737373737374,
        "f1-score": 0.593603586948013,
        "support": 800.0
    },
    "weighted avg": {
        "precision": 0.6177617856427081,
        "recall": 0.61875,
        "f1-score": 0.6037126977226811,
        "support": 800.0
    }
}