{
    "0": {
        "precision": 0.4807692307692308,
        "recall": 0.4166666666666667,
        "f1-score": 0.44642857142857145,
        "support": 360.0
    },
    "1": {
        "precision": 0.569672131147541,
        "recall": 0.6318181818181818,
        "f1-score": 0.5991379310344828,
        "support": 440.0
    },
    "accuracy": 0.535,
    "macro avg": {
        "precision": 0.5252206809583859,
        "recall": 0.5242424242424243,
        "f1-score": 0.5227832512315271,
        "support": 800.0
    },
    "weighted avg": {
        "precision": 0.5296658259773014,
        "recall": 0.535,
        "f1-score": 0.5304187192118227,
        "support": 800.0
    }
}