{
    "0": {
        "precision": 0.43042071197411,
        "recall": 0.36944444444444446,
        "f1-score": 0.3976083707025411,
        "support": 360.0
    },
    "1": {
        "precision": 0.5376782077393075,
        "recall": 0.6,
        "f1-score": 0.5671321160042965,
        "support": 440.0
    },
    "accuracy": 0.49625,
    "macro avg": {
        "precision": 0.4840494598567088,
        "recall": 0.4847222222222222,
        "f1-score": 0.4823702433534188,
        "support": 800.0
    },
    "weighted avg": {
        "precision": 0.4894123346449686,
        "recall": 0.49625,
        "f1-score": 0.4908464306185066,
        "support": 800.0
    }
}