{
    "0": {
        "precision": 0.4481792717086835,
        "recall": 0.4444444444444444,
        "f1-score": 0.44630404463040446,
        "support": 360.0
    },
    "1": {
        "precision": 0.5485327313769752,
        "recall": 0.5522727272727272,
        "f1-score": 0.5503963759909399,
        "support": 440.0
    },
    "accuracy": 0.50375,
    "macro avg": {
        "precision": 0.49835600154282933,
        "recall": 0.49835858585858583,
        "f1-score": 0.49835021031067217,
        "support": 800.0
    },
    "weighted avg": {
        "precision": 0.5033736745262439,
        "recall": 0.50375,
        "f1-score": 0.5035548268786989,
        "support": 800.0
    }
}