{
    "train_loss": [
        0.45566270309825274,
        0.4160928456886266,
        0.39861310726384386,
        0.3838505709290108,
        0.37426088844422883,
        0.36647156385884333,
        0.3615797718993057,
        0.3534899493091526,
        0.3495363285672229,
        0.3435648444087006,
        0.33929722090298153,
        0.33570131694161615,
        0.33029786900824487,
        0.3295162577070667,
        0.32645802640439664,
        0.32146008857262887,
        0.3193313803189617,
        0.3167839699310322,
        0.3148471951682702,
        0.3110354369957978,
        0.30854875487940653,
        0.3075085495199476,
        0.30646816410891636,
        0.3023850082658058,
        0.3006774287584216,
        0.29970616750740925,
        0.29754879635037773,
        0.29751957933174017,
        0.2952642282378238,
        0.2939955114427199,
        0.29206093343785433,
        0.2923950754180303,
        0.28892449881151266,
        0.2885669814391786,
        0.28698884520023765,
        0.28855853193622094,
        0.2860547473462317,
        0.28494805513426313,
        0.28447048257157653,
        0.2834850453162114,
        0.28323703514183085,
        0.28181660952560134,
        0.28275044648552256,
        0.28232186329721215,
        0.28264326010629587,
        0.28227857685960406,
        0.28209710091451473,
        0.28295654310934565,
        0.2827305320489446,
        0.28132827674035615,
        0.2822484344343014,
        0.2815793267021148,
        0.2805055070210533,
        0.2799630032920362,
        0.2810571961525667,
        0.28046027731855844,
        0.28003071060410367,
        0.2788282381339723,
        0.28049985891164736,
        0.2801145615668788,
        0.27898485260548384,
        0.27961638198540456,
        0.2787242430537642,
        0.2781691637348099,
        0.27866144089702755,
        0.27833375329789134,
        0.2785958555152646,
        0.27900029124809655,
        0.2786702301316087,
        0.2788148273364254,
        0.27851082872215693,
        0.27849619288579175,
        0.277600082299638,
        0.27668717322852526,
        0.27647612602805777,
        0.27727141506054076,
        0.27735555315532556
    ],
    "val_loss": [
        0.36222291971320536,
        0.3698171052470136,
        0.36523445017302214,
        0.3619186153162771,
        0.358070133337334,
        0.35613799406521357,
        0.35406665081408484,
        0.35022765753874135,
        0.34955649433740926,
        0.3466345432089336,
        0.34603083155938047,
        0.34465588918372764,
        0.34520154390762103,
        0.3433664630153286,
        0.34265830467886,
        0.3415311579384021,
        0.34239797182937165,
        0.33930951823939137,
        0.33997963746981835,
        0.3412411406413833,
        0.3402965380184686,
        0.3387249270037039,
        0.3389274413461116,
        0.33833684538727377,
        0.3381419175151569,
        0.336248610891513,
        0.3365293676728633,
        0.33518775986201726,
        0.3336524545256771,
        0.33542620535217116,
        0.3340535628706662,
        0.33251301588407206,
        0.33296644709893125,
        0.3322778410875975,
        0.3330431776260262,
        0.3307583736839579,
        0.33103815432804734,
        0.3302666044502116,
        0.3308227077793719,
        0.3295804918257158,
        0.3315080760130242,
        0.3310924377014388,
        0.33099999890398624,
        0.329533838069261,
        0.3302506232884393,
        0.3306025660304881,
        0.33031251292620134,
        0.3298369043353778,
        0.32978258648915076,
        0.3304145489610843,
        0.32978822001770364,
        0.32898417115211487,
        0.32830964562608234,
        0.3282076474001159,
        0.3286092054488054,
        0.32903157308030484,
        0.32812594255404687,
        0.32829042201611536,
        0.32917908434547594,
        0.32956506245171846,
        0.3285209621066478,
        0.32910723761836097,
        0.32856741036052134,
        0.32991626525103157,
        0.32939512227008594,
        0.33010858541993954,
        0.3293929280184988,
        0.32991879066424584,
        0.32906378716675205,
        0.3293714692343527,
        0.33016110756504,
        0.32976145797701023,
        0.3282714806385894,
        0.3297622261652306,
        0.32991179112178176,
        0.32945573396647154,
        0.32911172375750186
    ],
    "val_accuracy": [
        0.48408239700374533,
        0.50187265917603,
        0.5112359550561798,
        0.5093632958801498,
        0.5140449438202247,
        0.5187265917602997,
        0.5159176029962547,
        0.5177902621722846,
        0.5187265917602997,
        0.5215355805243446,
        0.5215355805243446,
        0.5215355805243446,
        0.5196629213483146,
        0.5187265917602997,
        0.5159176029962547,
        0.5168539325842697,
        0.5159176029962547,
        0.5187265917602997,
        0.5149812734082397,
        0.5140449438202247,
        0.5149812734082397,
        0.5187265917602997,
        0.5140449438202247,
        0.5168539325842697,
        0.5196629213483146,
        0.5215355805243446,
        0.5196629213483146,
        0.5215355805243446,
        0.5215355805243446,
        0.5177902621722846,
        0.5196629213483146,
        0.5177902621722846,
        0.5159176029962547,
        0.5149812734082397,
        0.5159176029962547,
        0.5168539325842697,
        0.5121722846441947,
        0.5168539325842697,
        0.5168539325842697,
        0.5196629213483146,
        0.5177902621722846,
        0.5187265917602997,
        0.5149812734082397,
        0.5205992509363296,
        0.5187265917602997,
        0.5196629213483146,
        0.5187265917602997,
        0.5187265917602997,
        0.5196629213483146,
        0.5168539325842697,
        0.5177902621722846,
        0.5205992509363296,
        0.5205992509363296,
        0.5215355805243446,
        0.5224719101123596,
        0.5177902621722846,
        0.5224719101123596,
        0.5205992509363296,
        0.5196629213483146,
        0.5196629213483146,
        0.5205992509363296,
        0.5205992509363296,
        0.5215355805243446,
        0.5196629213483146,
        0.5215355805243446,
        0.5187265917602997,
        0.5205992509363296,
        0.5196629213483146,
        0.5224719101123596,
        0.5215355805243446,
        0.5196629213483146,
        0.5205992509363296,
        0.5234082397003745,
        0.5205992509363296,
        0.5215355805243446,
        0.5234082397003745,
        0.5215355805243446
    ]
}