{
    "train_loss": [
        0.4414292707593734,
        0.40287617987572555,
        0.3865858525334799,
        0.3759736335554788,
        0.3675848050568983,
        0.3607108672690946,
        0.355093930102266,
        0.3464730007208859,
        0.3412427457167065,
        0.3380895184223042,
        0.3316492254155815,
        0.32771131564612405,
        0.32564218277947055,
        0.32145177223951715,
        0.31761975635919854,
        0.31562773571457975,
        0.3126807665310033,
        0.30988128102102946,
        0.30771360801303904,
        0.30472375378260186,
        0.30305578789837734,
        0.29986674370757765,
        0.2979405330760138,
        0.29669451287814547,
        0.29428512734234136,
        0.2931084089302937,
        0.2919058324490671,
        0.29106874521388565,
        0.2894427315440289,
        0.28749622290712656,
        0.2872419224129959,
        0.28665028052076547,
        0.28557415172903244,
        0.28453954747348925,
        0.2833401437762172,
        0.28323987715466076,
        0.2822203021805944,
        0.2819660689644639,
        0.28000092892551737,
        0.27933902107797987,
        0.28011780898040317,
        0.2799766698350938,
        0.2789334347378772,
        0.2793100309431355,
        0.27960067749815526,
        0.2793226404938587,
        0.2784791428880438,
        0.2784613771890089,
        0.2786764887678267,
        0.27738220316429074,
        0.27795138994720686,
        0.27807152533650004,
        0.2773081949877977,
        0.27812391816579624,
        0.2776289784730075,
        0.27708372577678325,
        0.27833781166132104,
        0.27630672319188865,
        0.2757071348222783,
        0.2765931919514143,
        0.27608896895896556,
        0.27660647670791,
        0.27557104031409935,
        0.27543005352202443,
        0.2764442271221912,
        0.2757246128942483,
        0.2756296082885558,
        0.2753174380705602,
        0.27473745039630176,
        0.27638416244738123,
        0.2746418375905566,
        0.27612040293375123,
        0.2749975134318453,
        0.27511466274724844,
        0.2741075395250637,
        0.2737679887451603,
        0.27526181094670216,
        0.27560298065608524,
        0.2746933277857264,
        0.2752687289221738,
        0.2748747258586345
    ],
    "val_loss": [
        0.3550907520215903,
        0.3579542107546507,
        0.3482210613898377,
        0.3434867769924562,
        0.3390371679370083,
        0.33532931333157556,
        0.33059755723867845,
        0.328355147322612,
        0.3242168524372044,
        0.32400155490014093,
        0.321906267929433,
        0.3189209993205853,
        0.3165925545478935,
        0.3166525606343995,
        0.3151454035915546,
        0.3149291141264474,
        0.3128920893615751,
        0.3107571377238231,
        0.3089706702018852,
        0.31011276881196603,
        0.30822983651018854,
        0.3064591853476282,
        0.30536153022922685,
        0.3043493228172188,
        0.3040506719653286,
        0.3032085699821586,
        0.3013820761620109,
        0.300629665602499,
        0.3003171660117249,
        0.2990588957249229,
        0.29883453005285404,
        0.2987877488581102,
        0.29754867927351997,
        0.2975325192978133,
        0.2979439247899981,
        0.2973698511052488,
        0.297156222498239,
        0.2960571633346045,
        0.2962868144707893,
        0.29618392551123207,
        0.2972809060740827,
        0.2960008774230729,
        0.2964219417589814,
        0.2963103801012039,
        0.2969100682148293,
        0.2964141213182193,
        0.2961909388428304,
        0.2965894675076897,
        0.2956657705467139,
        0.2960937121021214,
        0.29598154416724815,
        0.2957841280236173,
        0.2966094655332281,
        0.29589258223327236,
        0.2966049489245486,
        0.29609559298451266,
        0.29625711957020545,
        0.29775057910983244,
        0.2963848921345241,
        0.2957064818535278,
        0.2955346779147191,
        0.2971499798013203,
        0.29600151038881556,
        0.2959719560484388,
        0.2962814242537342,
        0.29584875613895817,
        0.29624890658392833,
        0.2970516176810905,
        0.2968680011247521,
        0.29627790780209784,
        0.2971982479985081,
        0.2962053905227291,
        0.2961778796430844,
        0.2963775334073536,
        0.2965626133911645,
        0.29717156024121527,
        0.2969918947166471,
        0.2968870121151654,
        0.2965754926649492,
        0.29668342778042184,
        0.2963765239092841
    ],
    "val_accuracy": [
        0.4897003745318352,
        0.5589887640449438,
        0.5777153558052435,
        0.5758426966292135,
        0.5777153558052435,
        0.5767790262172284,
        0.5777153558052435,
        0.5777153558052435,
        0.5777153558052435,
        0.5777153558052435,
        0.5777153558052435,
        0.5777153558052435,
        0.5777153558052435,
        0.5777153558052435,
        0.5777153558052435,
        0.5777153558052435,
        0.5777153558052435,
        0.5777153558052435,
        0.5777153558052435,
        0.5777153558052435,
        0.5777153558052435,
        0.5777153558052435,
        0.5777153558052435,
        0.5777153558052435,
        0.5777153558052435,
        0.5777153558052435,
        0.5777153558052435,
        0.5777153558052435,
        0.5777153558052435,
        0.5777153558052435,
        0.5777153558052435,
        0.5777153558052435,
        0.5786516853932584,
        0.5786516853932584,
        0.5786516853932584,
        0.5777153558052435,
        0.5777153558052435,
        0.5786516853932584,
        0.5786516853932584,
        0.5786516853932584,
        0.5786516853932584,
        0.5786516853932584,
        0.5786516853932584,
        0.5786516853932584,
        0.5786516853932584,
        0.5786516853932584,
        0.5786516853932584,
        0.5786516853932584,
        0.5786516853932584,
        0.5786516853932584,
        0.5786516853932584,
        0.5786516853932584,
        0.5786516853932584,
        0.5786516853932584,
        0.5786516853932584,
        0.5786516853932584,
        0.5786516853932584,
        0.5786516853932584,
        0.5786516853932584,
        0.5786516853932584,
        0.5786516853932584,
        0.5786516853932584,
        0.5786516853932584,
        0.5786516853932584,
        0.5786516853932584,
        0.5786516853932584,
        0.5786516853932584,
        0.5786516853932584,
        0.5786516853932584,
        0.5786516853932584,
        0.5786516853932584,
        0.5786516853932584,
        0.5786516853932584,
        0.5786516853932584,
        0.5786516853932584,
        0.5786516853932584,
        0.5786516853932584,
        0.5786516853932584,
        0.5786516853932584,
        0.5786516853932584,
        0.5786516853932584
    ]
}