{
    "train_loss": [
        0.4975550406398963,
        0.44120956467235606,
        0.41568067610461845,
        0.40273154772001246,
        0.3884098473379382,
        0.3820737851814574,
        0.37584492009739545,
        0.3695196689561356,
        0.3636300300442895,
        0.35793774181426163,
        0.35302336598155504,
        0.35046313089191716,
        0.34648852995859825,
        0.3421298895662409,
        0.3400147486465714,
        0.3360796281170607,
        0.33342562239629486,
        0.33134954831132857,
        0.3266205567359132,
        0.3236743390461139,
        0.3216207344765679,
        0.31929380840241317,
        0.3168140662666967,
        0.3148487569188755,
        0.31137347285731687,
        0.31025430292782197,
        0.3088232130802351,
        0.3074238581514834,
        0.307988520080465,
        0.3043147313634422,
        0.30108151324959687,
        0.3021036739959273,
        0.2997584220182856,
        0.29958961161466136,
        0.29685882644795897,
        0.29576688207859214,
        0.29368121397257646,
        0.29282807704816227,
        0.2933604755868943,
        0.29329252614333384,
        0.29256428481138425,
        0.29312361539202275,
        0.29048550336859946,
        0.2893923886887655,
        0.2900594989227694,
        0.29141438190525154,
        0.29032956657813636,
        0.2886441631174563,
        0.2896248745264801,
        0.28950642796845927,
        0.2911226217235838,
        0.28862633929894216,
        0.28904561450909144,
        0.2877624846277047,
        0.28829508361428285,
        0.2876556759755873,
        0.28807585485947884,
        0.28877588071894406,
        0.2866929489809809,
        0.28742254448689497,
        0.28721143859763476
    ],
    "val_loss": [
        0.35660132988175347,
        0.3655333434467885,
        0.3625743802803666,
        0.3606757014545042,
        0.35936689421312135,
        0.3592756181510527,
        0.35816889645448374,
        0.3602489353115879,
        0.3618964632945274,
        0.35994338055155173,
        0.3564873658009429,
        0.3526356811843701,
        0.3512897451422108,
        0.3475494851816946,
        0.3426296577524783,
        0.3426783865512307,
        0.337560693274683,
        0.3352600462845902,
        0.33428895740366693,
        0.3299780990650405,
        0.3284319550243776,
        0.3268097091966601,
        0.32460446188698955,
        0.32379855326752166,
        0.32294091671260433,
        0.3220760693301016,
        0.3209334416175956,
        0.31742996533415213,
        0.31822657029130563,
        0.31734085216451047,
        0.31796839544132577,
        0.3161215541967705,
        0.3132948486217812,
        0.3153858436132545,
        0.3114851446294073,
        0.3130316200541027,
        0.31234383093776985,
        0.3116059316628015,
        0.3131889445123388,
        0.3129005983694276,
        0.3105494771430741,
        0.3113070052506319,
        0.3111348221106316,
        0.3111921175202327,
        0.3115107083498542,
        0.3123013070270197,
        0.31178056148450767,
        0.3113274892319494,
        0.311182153758718,
        0.3139185631897912,
        0.31184627716221025,
        0.3146365422811081,
        0.313638841260725,
        0.3157205341467217,
        0.3153720202285852,
        0.3172771116690849,
        0.3161911539622207,
        0.3155630315417674,
        0.3154963203775349,
        0.31893135384837196,
        0.32190028099871393
    ],
    "val_accuracy": [
        0.5383895131086143,
        0.5533707865168539,
        0.5617977528089888,
        0.5627340823970037,
        0.5627340823970037,
        0.5636704119850188,
        0.5636704119850188,
        0.5636704119850188,
        0.5636704119850188,
        0.5636704119850188,
        0.5636704119850188,
        0.5636704119850188,
        0.5636704119850188,
        0.5636704119850188,
        0.5636704119850188,
        0.5636704119850188,
        0.5636704119850188,
        0.5646067415730337,
        0.5646067415730337,
        0.5646067415730337,
        0.5655430711610487,
        0.5655430711610487,
        0.5664794007490637,
        0.5664794007490637,
        0.5674157303370787,
        0.5664794007490637,
        0.5674157303370787,
        0.5674157303370787,
        0.5674157303370787,
        0.5664794007490637,
        0.5664794007490637,
        0.5655430711610487,
        0.5646067415730337,
        0.5636704119850188,
        0.5636704119850188,
        0.5664794007490637,
        0.5636704119850188,
        0.5627340823970037,
        0.5646067415730337,
        0.5646067415730337,
        0.5636704119850188,
        0.5636704119850188,
        0.5636704119850188,
        0.5655430711610487,
        0.5646067415730337,
        0.5617977528089888,
        0.5646067415730337,
        0.5692883895131086,
        0.5655430711610487,
        0.5655430711610487,
        0.5646067415730337,
        0.5636704119850188,
        0.5711610486891385,
        0.5711610486891385,
        0.5683520599250936,
        0.5655430711610487,
        0.5646067415730337,
        0.5702247191011236,
        0.5627340823970037,
        0.5617977528089888,
        0.5702247191011236
    ]
}