{
    "train_loss": [
        0.5145630929557192,
        0.426200644914494,
        0.3989530129488124,
        0.38340086883484725,
        0.3694988882224821,
        0.36332281146730694,
        0.35465637141485945,
        0.34630258708103157,
        0.3406677015893087,
        0.3367543032894103,
        0.33092166119536687,
        0.32651369342970293,
        0.31959092230891867,
        0.31864647908860266,
        0.31642493001646377,
        0.3109466461248176,
        0.3086725879844241,
        0.30514239831719286,
        0.3035797884693969,
        0.3009081758633008,
        0.2985337084016927
    ],
    "val_loss": [
        0.3828530791980117,
        0.42301963202988924,
        0.4330262639629307,
        0.4374832804523297,
        0.4382824755426663,
        0.43893376348623586,
        0.44029183885944423,
        0.43948210709130586,
        0.44359653520939957,
        0.4414945573949102,
        0.4394043145784691,
        0.4362996829979455,
        0.44010818760786485,
        0.43580347966791977,
        0.4400178033914139,
        0.4406730701674276,
        0.4374861792841954,
        0.4362576417068937,
        0.43844019032236353,
        0.44117891388152963,
        0.43825640874122507
    ],
    "val_accuracy": [
        0.3192883895131086,
        0.30337078651685395,
        0.29213483146067415,
        0.29213483146067415,
        0.2902621722846442,
        0.2902621722846442,
        0.2902621722846442,
        0.2902621722846442,
        0.2902621722846442,
        0.2902621722846442,
        0.2902621722846442,
        0.2902621722846442,
        0.2893258426966292,
        0.2893258426966292,
        0.2883895131086142,
        0.2883895131086142,
        0.2883895131086142,
        0.2883895131086142,
        0.2883895131086142,
        0.2883895131086142,
        0.2883895131086142
    ]
}