{
    "train_loss": [
        0.4741763518102145,
        0.402642053425114,
        0.3823018019579574,
        0.3716660933043078,
        0.36321072211099226,
        0.3546792211821705,
        0.34805117923754,
        0.3441163245526659,
        0.33690434149729453,
        0.33293770050685667,
        0.330009182277708,
        0.3250842154323065,
        0.32237011303141266,
        0.3196250690376244,
        0.316666938339753,
        0.3115831662056058,
        0.31036279927258476,
        0.3076164688283819,
        0.30432462157601137,
        0.3016406655608618,
        0.30011879744323783
    ],
    "val_loss": [
        0.3692988268475034,
        0.4012084154050742,
        0.4088684293761182,
        0.41290287473308507,
        0.41311166491081464,
        0.4171001030437982,
        0.4161644391159513,
        0.41657032850962966,
        0.4177539397531481,
        0.41566968675869614,
        0.41536457547500955,
        0.415053537087654,
        0.4179634843299638,
        0.4162524329192603,
        0.4164853193866673,
        0.4145903676303465,
        0.4133257803632252,
        0.41424107195726084,
        0.41549460478683015,
        0.41358798519888923,
        0.41415078381993875
    ],
    "val_accuracy": [
        0.3408239700374532,
        0.34925093632958804,
        0.34363295880149813,
        0.34363295880149813,
        0.34363295880149813,
        0.34363295880149813,
        0.34363295880149813,
        0.34363295880149813,
        0.34363295880149813,
        0.34363295880149813,
        0.34269662921348315,
        0.34363295880149813,
        0.34269662921348315,
        0.34269662921348315,
        0.34269662921348315,
        0.34269662921348315,
        0.34269662921348315,
        0.34269662921348315,
        0.34269662921348315,
        0.34269662921348315,
        0.34269662921348315
    ]
}