{
    "0.0": {
        "precision": 0.6179775280898876,
        "recall": 1.0,
        "f1-score": 0.7638888888888888,
        "support": 330.0
    },
    "1.0": {
        "precision": 0.0,
        "recall": 0.0,
        "f1-score": 0.0,
        "support": 147.0
    },
    "2.0": {
        "precision": 0.0,
        "recall": 0.0,
        "f1-score": 0.0,
        "support": 57.0
    },
    "accuracy": 0.6179775280898876,
    "macro avg": {
        "precision": 0.20599250936329586,
        "recall": 0.3333333333333333,
        "f1-score": 0.2546296296296296,
        "support": 534.0
    },
    "weighted avg": {
        "precision": 0.38189622522408784,
        "recall": 0.6179775280898876,
        "f1-score": 0.47206616729088635,
        "support": 534.0
    }
}