{
    "0.0": {
        "precision": 0.6292134831460674,
        "recall": 1.0,
        "f1-score": 0.7724137931034483,
        "support": 336.0
    },
    "1.0": {
        "precision": 0.0,
        "recall": 0.0,
        "f1-score": 0.0,
        "support": 15.0
    },
    "2.0": {
        "precision": 0.0,
        "recall": 0.0,
        "f1-score": 0.0,
        "support": 183.0
    },
    "accuracy": 0.6292134831460674,
    "macro avg": {
        "precision": 0.2097378277153558,
        "recall": 0.3333333333333333,
        "f1-score": 0.2574712643678161,
        "support": 534.0
    },
    "weighted avg": {
        "precision": 0.39590960737280645,
        "recall": 0.6292134831460674,
        "f1-score": 0.4860131731886866,
        "support": 534.0
    }
}