{
    "0.0": {
        "precision": 0.5171568627450981,
        "recall": 0.7728937728937729,
        "f1-score": 0.6196769456681351,
        "support": 273.0
    },
    "1.0": {
        "precision": 0.35,
        "recall": 0.08187134502923976,
        "f1-score": 0.13270142180094788,
        "support": 171.0
    },
    "2.0": {
        "precision": 0.26744186046511625,
        "recall": 0.25555555555555554,
        "f1-score": 0.26136363636363635,
        "support": 90.0
    },
    "accuracy": 0.46441947565543074,
    "macro avg": {
        "precision": 0.3781995744034048,
        "recall": 0.3701068911595227,
        "f1-score": 0.33791400127757315,
        "support": 534.0
    },
    "weighted avg": {
        "precision": 0.4215423051896484,
        "recall": 0.46441947565543074,
        "f1-score": 0.40334546173799674,
        "support": 534.0
    }
}