{
    "0": {
        "precision": 0.48976109215017066,
        "recall": 0.560546875,
        "f1-score": 0.5227686703096539,
        "support": 512.0
    },
    "1": {
        "precision": 0.6762589928057554,
        "recall": 0.611183355006502,
        "f1-score": 0.6420765027322405,
        "support": 769.0
    },
    "accuracy": 0.5909445745511319,
    "macro avg": {
        "precision": 0.5830100424779631,
        "recall": 0.585865115003251,
        "f1-score": 0.5824225865209471,
        "support": 1281.0
    },
    "weighted avg": {
        "precision": 0.6017180676413063,
        "recall": 0.5909445745511319,
        "f1-score": 0.5943906243556876,
        "support": 1281.0
    }
}