{
    "0": {
        "precision": 0.45054945054945056,
        "recall": 0.5594541910331384,
        "f1-score": 0.4991304347826087,
        "support": 513.0
    },
    "1": {
        "precision": 0.6496124031007752,
        "recall": 0.5448634590377113,
        "f1-score": 0.5926449787835927,
        "support": 769.0
    },
    "accuracy": 0.5507020280811232,
    "macro avg": {
        "precision": 0.5500809268251129,
        "recall": 0.5521588250354248,
        "f1-score": 0.5458877067831007,
        "support": 1282.0
    },
    "weighted avg": {
        "precision": 0.5699561670174448,
        "recall": 0.5507020280811232,
        "f1-score": 0.5552245723307808,
        "support": 1282.0
    }
}