{
    "train_loss": [
        0.5806486422274293,
        0.5325299015065201,
        0.5094213578881336,
        0.4976427192447566,
        0.49205658285557724,
        0.4799430567176402,
        0.4752909443959469,
        0.46797617864208063,
        0.4625774672552317,
        0.4570061856959046,
        0.44947552335362473,
        0.44767836061846306,
        0.4403618645768206,
        0.4370836041554683,
        0.4348836003481841,
        0.4305773631113918,
        0.42607554204824594,
        0.42498779134089204,
        0.4202756327991726,
        0.4189882405164863,
        0.4140815230227318
    ],
    "val_loss": [
        0.48948229235761304,
        0.5396638610783745,
        0.508687637833988,
        0.5219601284055149,
        0.5157295854652629,
        0.5262318544528064,
        0.5599807241383721,
        0.5550432941492867,
        0.5569083129658419,
        0.6078965755069957,
        0.6180159975500668,
        0.6334601893144496,
        0.6564126267152675,
        0.6462105603779064,
        0.6471236523459939,
        0.6556950548115899,
        0.6904352840255289,
        0.6941036694190081,
        0.6956385282909169,
        0.6913920956499436,
        0.6760027597932254
    ],
    "val_accuracy": [
        0.6992647058823529,
        0.2875,
        0.2911764705882353,
        0.28308823529411764,
        0.3044117647058823,
        0.3088235294117647,
        0.2963235294117647,
        0.2838235294117647,
        0.29926470588235293,
        0.2948529411764706,
        0.30073529411764705,
        0.31470588235294117,
        0.3058823529411765,
        0.3154411764705882,
        0.3014705882352941,
        0.3301470588235294,
        0.2948529411764706,
        0.30808823529411766,
        0.31029411764705883,
        0.31029411764705883,
        0.3088235294117647
    ]
}