{
    "train_loss": [
        0.5912141462704082,
        0.5367351199592556,
        0.5169765064845214,
        0.5000808877450926,
        0.48684004636498185,
        0.4779532017471554,
        0.472366079339036,
        0.4648346725884859,
        0.45662425987355343,
        0.45263237561191527,
        0.4505078678195541,
        0.4424235362727363,
        0.4394562572777808,
        0.4362440290483269,
        0.42981390340908154,
        0.4306603698043136,
        0.4229436345197059,
        0.42332355871393873,
        0.4187907522057628,
        0.41782859131559597,
        0.4164221139909985,
        0.4137497622419048,
        0.41085257310051104,
        0.40965842226067106,
        0.40747766384670325,
        0.4037736029506804,
        0.4033830808626639,
        0.40365668605039784,
        0.40173884305331087,
        0.39750397412089616,
        0.4008609793476156,
        0.3981394558607995,
        0.3951072369609867,
        0.3962820986101219,
        0.39568029019209716,
        0.39574056909427985,
        0.3920627704880259,
        0.3950794214869405,
        0.3928224825912768,
        0.39181019295980263,
        0.39298333842475136,
        0.3915659385221498,
        0.39104347784776944,
        0.3845199606977068,
        0.3895029418371819,
        0.38603400238999375,
        0.38587365841811844,
        0.3825707148324262,
        0.38629640477734645,
        0.3830011907998506,
        0.3827771935377035,
        0.381951912217312,
        0.37979849528621984,
        0.38239269420370325,
        0.37977102678101343,
        0.3800178518166413,
        0.3777754794235702,
        0.38079916492507265,
        0.37966545285942316,
        0.375199245144655,
        0.37579479128927795,
        0.37360958652990356,
        0.37373430653735323,
        0.3726596886241758,
        0.3732152466838424,
        0.3744177586323506,
        0.3718277923024452,
        0.3725314912763802,
        0.37099736253689003
    ],
    "val_loss": [
        0.4941155072520761,
        0.4872780442237854,
        0.5133943396456101,
        0.496944278829238,
        0.50508652399568,
        0.5185569265309502,
        0.5088987890411826,
        0.5066872929825502,
        0.5070928503485287,
        0.5093943476676941,
        0.49001411269692813,
        0.488523552347632,
        0.4894704057889826,
        0.4846428243552937,
        0.4787646626724916,
        0.4667409819715163,
        0.474666029214859,
        0.4492956641842337,
        0.4435283611802494,
        0.44420720549190745,
        0.44139012343743267,
        0.44723538510939653,
        0.4425273372846491,
        0.443634036358665,
        0.44485281425363876,
        0.44894513575469747,
        0.44477877248735986,
        0.4445989254642935,
        0.4432264715433121,
        0.4416718190207201,
        0.44376617915490096,
        0.44041829670176785,
        0.4441844577298445,
        0.4470598240109051,
        0.44147852817002464,
        0.44172188657171585,
        0.4502252368366017,
        0.45361487970632663,
        0.44283721394398634,
        0.453794444659177,
        0.44478453099727633,
        0.4449118484469021,
        0.44388455853742714,
        0.4463417658034493,
        0.44300933129647196,
        0.446808876360164,
        0.44421420027227965,
        0.4760013708296944,
        0.44004778581507065,
        0.44781701442073374,
        0.45995679357472585,
        0.45740656817660613,
        0.4537158678559696,
        0.44815198726513805,
        0.4916229668785544,
        0.46301964749308194,
        0.44645604806787825,
        0.4583722075995277,
        0.4556139258777394,
        0.4513699596419054,
        0.4419841014287051,
        0.44616048002944275,
        0.45418415665626527,
        0.47349730554748987,
        0.4896785581813139,
        0.4846535219865687,
        0.4756356723168317,
        0.4556014096035677,
        0.4521337766857708
    ],
    "val_accuracy": [
        0.5661764705882353,
        0.5742647058823529,
        0.4338235294117647,
        0.5580882352941177,
        0.49926470588235294,
        0.40294117647058825,
        0.4404411764705882,
        0.47573529411764703,
        0.45808823529411763,
        0.4602941176470588,
        0.5455882352941176,
        0.538235294117647,
        0.5345588235294118,
        0.5360294117647059,
        0.5367647058823529,
        0.5602941176470588,
        0.5477941176470589,
        0.5610294117647059,
        0.5625,
        0.5625,
        0.5617647058823529,
        0.5617647058823529,
        0.5625,
        0.5602941176470588,
        0.5595588235294118,
        0.5625,
        0.5617647058823529,
        0.5625,
        0.5625,
        0.5698529411764706,
        0.5632352941176471,
        0.5639705882352941,
        0.5610294117647059,
        0.5625,
        0.5625,
        0.5625,
        0.5625,
        0.5625,
        0.5625,
        0.5625,
        0.5625,
        0.5625,
        0.5595588235294118,
        0.5625,
        0.5625,
        0.5625,
        0.5625,
        0.5625,
        0.5632352941176471,
        0.5625,
        0.5691176470588235,
        0.5617647058823529,
        0.5625,
        0.5632352941176471,
        0.5617647058823529,
        0.5610294117647059,
        0.5617647058823529,
        0.5610294117647059,
        0.5610294117647059,
        0.5625,
        0.5625,
        0.5617647058823529,
        0.5639705882352941,
        0.5617647058823529,
        0.5647058823529412,
        0.5617647058823529,
        0.5625,
        0.5639705882352941,
        0.5602941176470588
    ]
}