{
    "train_loss": [
        0.5901684709531233,
        0.5299161168985875,
        0.513002936019651,
        0.49542978044858077,
        0.48453751914142984,
        0.4776987673681657,
        0.4707563178123295,
        0.46428099452775207,
        0.4592226803880516,
        0.45198602189636383,
        0.44610618726502327,
        0.44128954441847823,
        0.43870075696986016,
        0.43219458671686917,
        0.4297977019829588,
        0.42522750262875164,
        0.422835359882461,
        0.41865628791645,
        0.4157608104493583,
        0.41334490969127136,
        0.4117953608802524,
        0.4090936458361168,
        0.40754002253246613
    ],
    "val_loss": [
        0.5330780891811147,
        0.5509135631953969,
        0.5225030863986296,
        0.5699713174034567,
        0.6143817579045016,
        0.592496352335986,
        0.5633463070673101,
        0.5605833712746116,
        0.631014606181313,
        0.6037627798669478,
        0.6391489572384779,
        0.6674011332147262,
        0.656077967671787,
        0.6509414837640874,
        0.6665151171824512,
        0.6933267526766833,
        0.6754253005280214,
        0.7060584439950831,
        0.7238462672514074,
        0.7361293666503008,
        0.7089987439267775,
        0.6760775187436272,
        0.6756533068769118
    ],
    "val_accuracy": [
        0.175,
        0.175,
        0.25441176470588234,
        0.18823529411764706,
        0.18382352941176472,
        0.21691176470588236,
        0.2625,
        0.35661764705882354,
        0.2595588235294118,
        0.35294117647058826,
        0.28088235294117647,
        0.27205882352941174,
        0.3235294117647059,
        0.31176470588235294,
        0.32426470588235295,
        0.31176470588235294,
        0.3139705882352941,
        0.22279411764705884,
        0.2595588235294118,
        0.23676470588235293,
        0.2551470588235294,
        0.3191176470588235,
        0.3014705882352941
    ]
}