{
    "train_loss": [
        0.600674794903442,
        0.5430777437095322,
        0.5198337361216545,
        0.5094130429536549,
        0.4981956633725273,
        0.49034523229990434,
        0.4864715162053037,
        0.4781782495330519,
        0.4768990448384143,
        0.4677039113507342,
        0.4675981845539897,
        0.46161406348223116,
        0.4602786337039364,
        0.4542249935442832,
        0.4537361096868764,
        0.4492576523725666,
        0.447155008231526,
        0.44427614675751376,
        0.44327398823268377,
        0.4409681737089335,
        0.4374367432362998
    ],
    "val_loss": [
        0.4955978726639467,
        0.4965295142987195,
        0.5054816445883583,
        0.5058099322459277,
        0.5196587401277879,
        0.5247557569952572,
        0.5298410233329324,
        0.533915635768105,
        0.5282963111120111,
        0.5275292803259457,
        0.539333027601242,
        0.5374426634872661,
        0.5412103579324834,
        0.5326476952608894,
        0.5236550289041856,
        0.5317022158819087,
        0.543058675176957,
        0.525900091493831,
        0.5135109191431718,
        0.5225274987080518,
        0.5004800023401484
    ],
    "val_accuracy": [
        0.5375,
        0.5375,
        0.5375,
        0.5375,
        0.3816176470588235,
        0.4073529411764706,
        0.38235294117647056,
        0.3735294117647059,
        0.4375,
        0.43014705882352944,
        0.3889705882352941,
        0.3889705882352941,
        0.40441176470588236,
        0.5404411764705882,
        0.5389705882352941,
        0.5367647058823529,
        0.5080882352941176,
        0.538235294117647,
        0.5397058823529411,
        0.5397058823529411,
        0.5397058823529411
    ]
}