{
    "train_loss": [
        0.6067165094275483,
        0.5399277574942157,
        0.5156968911523048,
        0.5091742477708348,
        0.49726724491267116,
        0.4886881692171507,
        0.4813616018287081,
        0.47145624374153283,
        0.46756465784346174,
        0.4538705238171576,
        0.4504793856209609,
        0.4469861806772662,
        0.44377865104995373,
        0.44145814571754044,
        0.431455965245242,
        0.43091614690582025,
        0.4287177678486156,
        0.424934010959123,
        0.41921866324805557,
        0.41705674874290133,
        0.41579145529081407,
        0.4167568545641054,
        0.41006793353623244,
        0.40856976843023873,
        0.40785455275423144,
        0.4055370179336781
    ],
    "val_loss": [
        0.47774620722321903,
        0.48501895701183995,
        0.48604963386760036,
        0.48409763539538664,
        0.4844472415306989,
        0.47552231620339785,
        0.47687176115372604,
        0.48449308556668896,
        0.49828150272369387,
        0.4851236820220947,
        0.5046684464987586,
        0.48536041869836694,
        0.497855318293852,
        0.5011665175942813,
        0.4957748795256895,
        0.5102933746926924,
        0.516832557145287,
        0.5029912324512706,
        0.5229190686169792,
        0.5144460723680608,
        0.5406816857702592,
        0.5280374989790075,
        0.5212752983850591,
        0.5419529055847842,
        0.5453861948321848,
        0.5518450277693131
    ],
    "val_accuracy": [
        0.575,
        0.575,
        0.575,
        0.575,
        0.575,
        0.575,
        0.575,
        0.5742647058823529,
        0.5279411764705882,
        0.5742647058823529,
        0.4727941176470588,
        0.575,
        0.5463235294117647,
        0.5308823529411765,
        0.5433823529411764,
        0.4661764705882353,
        0.4522058823529412,
        0.49558823529411766,
        0.4566176470588235,
        0.4772058823529412,
        0.42058823529411765,
        0.44926470588235295,
        0.46838235294117647,
        0.4610294117647059,
        0.43529411764705883,
        0.43161764705882355
    ]
}