{
    "train_loss": [
        0.5939488138584111,
        0.5333264775524865,
        0.5139458313683011,
        0.4978879796254714,
        0.4910739564046954,
        0.48179413047650005,
        0.47242541601326293,
        0.468394118280995,
        0.46047360810223004,
        0.4557824351929671,
        0.4508962467904912,
        0.44444904806992863,
        0.4383816895204664,
        0.43870153677779317,
        0.43338486695329087,
        0.4303034659450417,
        0.4263710224421214,
        0.4230387373919913,
        0.41773638778076266,
        0.41291339189702314,
        0.4142064646577204,
        0.41142860548385723,
        0.40805761972503946,
        0.40764814218049805
    ],
    "val_loss": [
        0.47453944087028505,
        0.5117359487449422,
        0.5662995107033674,
        0.436132705562255,
        0.5178568300078897,
        0.5386279660112717,
        0.5146927149856791,
        0.5566642515799578,
        0.5002731547636144,
        0.5961098004789913,
        0.5409522901563083,
        0.601355306891834,
        0.5726851564996382,
        0.6522228311089908,
        0.628358065030154,
        0.6148304644752951,
        0.6416287927066578,
        0.6262335745727314,
        0.6442987014265621,
        0.6055405385353986,
        0.6315594813402962,
        0.63228440284729,
        0.6147193572100471,
        0.6211750016492956
    ],
    "val_accuracy": [
        0.7404411764705883,
        0.26029411764705884,
        0.2375,
        0.7507352941176471,
        0.3286764705882353,
        0.23970588235294119,
        0.4125,
        0.35661764705882354,
        0.4441176470588235,
        0.34705882352941175,
        0.41911764705882354,
        0.3786764705882353,
        0.3948529411764706,
        0.34044117647058825,
        0.3786764705882353,
        0.39558823529411763,
        0.3830882352941177,
        0.3985294117647059,
        0.3977941176470588,
        0.39705882352941174,
        0.39558823529411763,
        0.3926470588235294,
        0.3977941176470588,
        0.39558823529411763
    ]
}