{
    "train_loss": [
        0.5834788591715327,
        0.5342692004484043,
        0.5152755830371589,
        0.5050238114177135,
        0.4947903866830625,
        0.48938343394220923,
        0.48122573913189404,
        0.47753183773735114,
        0.46812384478878555,
        0.46601338187853497,
        0.45879534080363155,
        0.45446610879479793,
        0.4510689899063947,
        0.4472652453340982,
        0.44216212183237075,
        0.4430829502250019,
        0.43952311308760394,
        0.4359968568149366,
        0.4339031602206983,
        0.43195923028285044,
        0.42879659387103297,
        0.4244015456814515,
        0.4220972892485167,
        0.41991160287145984,
        0.4176315898435158,
        0.4160079044208192,
        0.41506085272943766,
        0.4119576718723565,
        0.41163420287663477,
        0.4097330684463183,
        0.4086347233046565,
        0.4067917825098623,
        0.40554420775488803,
        0.4035425529406782,
        0.4059976472143541,
        0.40093137475482205,
        0.4024446594610549,
        0.3989243844360636,
        0.3996496710599515,
        0.39995418329510773,
        0.3987718042313007,
        0.39665903577156236,
        0.3956324578900086,
        0.3969376168883683,
        0.3951792733449685,
        0.39460571708909253,
        0.39390572936911333,
        0.39342736106431275,
        0.3922596516316397,
        0.3916618138290288,
        0.39017971471736307,
        0.38968255247986106
    ],
    "val_loss": [
        0.5168962334885316,
        0.4844745762207929,
        0.46951688492999355,
        0.5050304002621595,
        0.49773651361465454,
        0.5012448552776786,
        0.47672985476606033,
        0.5063610634383033,
        0.5095087458105648,
        0.4775319870780496,
        0.46589860775891473,
        0.48484671606737023,
        0.46278517106000117,
        0.459403161090963,
        0.4380738549372729,
        0.45564409634646247,
        0.43608443105922023,
        0.44736951870076797,
        0.42516903842196746,
        0.4419833877507378,
        0.4354372105177711,
        0.405028417355874,
        0.39634891590651344,
        0.40623364992001476,
        0.40716682076454164,
        0.3941002027076833,
        0.39973380916258866,
        0.38617906921050127,
        0.39044339744483725,
        0.38783879700829,
        0.3932360184543273,
        0.3822815183330985,
        0.3841526217320386,
        0.39999167165335486,
        0.39723484638859247,
        0.3890102561782388,
        0.38302495830199296,
        0.3957945069845985,
        0.414019915636848,
        0.3878378694548326,
        0.41070422933382145,
        0.403830172735102,
        0.40752892073462993,
        0.3986671321532306,
        0.403103210996179,
        0.40499216265538157,
        0.4006078732364318,
        0.42829041831633624,
        0.4066139282549129,
        0.41379781733540927,
        0.41528201821972344,
        0.43447730839252474
    ],
    "val_accuracy": [
        0.325,
        0.6764705882352942,
        0.675,
        0.3610294117647059,
        0.49558823529411766,
        0.4411764705882353,
        0.6191176470588236,
        0.42720588235294116,
        0.4375,
        0.5941176470588235,
        0.6227941176470588,
        0.5727941176470588,
        0.6183823529411765,
        0.6125,
        0.6272058823529412,
        0.6220588235294118,
        0.6323529411764706,
        0.6242647058823529,
        0.6264705882352941,
        0.6264705882352941,
        0.6272058823529412,
        0.6272058823529412,
        0.6294117647058823,
        0.6264705882352941,
        0.6235294117647059,
        0.6272058823529412,
        0.6242647058823529,
        0.6316176470588235,
        0.6264705882352941,
        0.6323529411764706,
        0.6286764705882353,
        0.6330882352941176,
        0.6316176470588235,
        0.6352941176470588,
        0.6279411764705882,
        0.6286764705882353,
        0.6301470588235294,
        0.6345588235294117,
        0.625,
        0.625,
        0.6264705882352941,
        0.6338235294117647,
        0.6316176470588235,
        0.6352941176470588,
        0.6338235294117647,
        0.6294117647058823,
        0.6345588235294117,
        0.6279411764705882,
        0.6242647058823529,
        0.6316176470588235,
        0.6345588235294117,
        0.6286764705882353
    ]
}