{
    "0": {
        "precision": 0.6666666666666666,
        "recall": 0.013071895424836602,
        "f1-score": 0.02564102564102564,
        "support": 153.0
    },
    "1": {
        "precision": 0.7769571639586411,
        "recall": 0.9981024667931688,
        "f1-score": 0.8737541528239202,
        "support": 527.0
    },
    "accuracy": 0.7764705882352941,
    "macro avg": {
        "precision": 0.7218119153126539,
        "recall": 0.5055871811090027,
        "f1-score": 0.44969758923247294,
        "support": 680.0
    },
    "weighted avg": {
        "precision": 0.7521418020679469,
        "recall": 0.7764705882352941,
        "f1-score": 0.6829286992077689,
        "support": 680.0
    }
}