{
    "0": {
        "precision": 0.4594594594594595,
        "recall": 0.3888888888888889,
        "f1-score": 0.42123893805309737,
        "support": 306.0
    },
    "1": {
        "precision": 0.5558194774346793,
        "recall": 0.6256684491978609,
        "f1-score": 0.5886792452830188,
        "support": 374.0
    },
    "accuracy": 0.5191176470588236,
    "macro avg": {
        "precision": 0.5076394684470694,
        "recall": 0.5072786690433749,
        "f1-score": 0.5049590916680581,
        "support": 680.0
    },
    "weighted avg": {
        "precision": 0.5124574693458304,
        "recall": 0.5191176470588236,
        "f1-score": 0.5133311070295541,
        "support": 680.0
    }
}