{
    "0": {
        "precision": 0.5714285714285714,
        "recall": 0.15294117647058825,
        "f1-score": 0.24129930394431554,
        "support": 340.0
    },
    "1": {
        "precision": 0.5110356536502547,
        "recall": 0.8852941176470588,
        "f1-score": 0.6480086114101185,
        "support": 340.0
    },
    "accuracy": 0.5191176470588236,
    "macro avg": {
        "precision": 0.5412321125394131,
        "recall": 0.5191176470588235,
        "f1-score": 0.444653957677217,
        "support": 680.0
    },
    "weighted avg": {
        "precision": 0.5412321125394131,
        "recall": 0.5191176470588236,
        "f1-score": 0.444653957677217,
        "support": 680.0
    }
}