{
    "0": {
        "precision": 0.525,
        "recall": 1.0,
        "f1-score": 0.6885245901639344,
        "support": 357.0
    },
    "1": {
        "precision": 0.0,
        "recall": 0.0,
        "f1-score": 0.0,
        "support": 323.0
    },
    "accuracy": 0.525,
    "macro avg": {
        "precision": 0.2625,
        "recall": 0.5,
        "f1-score": 0.3442622950819672,
        "support": 680.0
    },
    "weighted avg": {
        "precision": 0.275625,
        "recall": 0.525,
        "f1-score": 0.3614754098360656,
        "support": 680.0
    }
}