{
    "train_loss": [
        0.5802410230778231,
        0.5323477233400439,
        0.5188030854310139,
        0.513893596547665,
        0.5119223918064986,
        0.5071204791564753,
        0.5044251565886015,
        0.5046643113145733,
        0.5010753942598211,
        0.5001755835986373,
        0.5006563204349858,
        0.49804432043934815,
        0.49738473048304566,
        0.4984265190539974,
        0.49633411133643424,
        0.49404813263675956,
        0.494916970599996,
        0.49322553524876583,
        0.49107334572489897,
        0.4904105542319836,
        0.4891305942346554,
        0.48861428581842103,
        0.4880881889031665,
        0.48903549750252523,
        0.48621923522193833,
        0.48383281248630866,
        0.4840077114577341,
        0.4829640610383289,
        0.4822938645240104,
        0.4825269360943596,
        0.48026036903409675,
        0.4805962473449141,
        0.4771801397351935,
        0.4781895356603188,
        0.48009267986410914,
        0.48115084035561817,
        0.4806581760397052,
        0.47682684199644787,
        0.47623125550770523,
        0.47517367365336655,
        0.47123334933035443,
        0.47449732027431524,
        0.4741795057117349,
        0.4738858110243731,
        0.4740633248102547,
        0.4721530868275331,
        0.4733769758503036,
        0.4737480948467066,
        0.4698344306190415,
        0.47344643125439634,
        0.4701013204484883,
        0.47221744579843955,
        0.4711766192228487,
        0.4676920544392992,
        0.4673002251304022
    ],
    "val_loss": [
        0.5120151002378859,
        0.5089860008313105,
        0.5064362220510223,
        0.5068293693502979,
        0.5056304578950419,
        0.5060580415133189,
        0.503523111696074,
        0.5028971417768467,
        0.5015169667774404,
        0.5025103115118467,
        0.5020837988373796,
        0.5022825679835483,
        0.5013482999166793,
        0.5005530535116703,
        0.49949531953715715,
        0.49933962991251746,
        0.4988099671679841,
        0.4973815106428586,
        0.4976947619717502,
        0.4975825421203523,
        0.4968604159778392,
        0.4972212972372947,
        0.49615203893396276,
        0.4963910133528286,
        0.4964366482912436,
        0.49551910620469314,
        0.49454965975862986,
        0.49417340120620273,
        0.49362822326682726,
        0.4936640772241107,
        0.49309242194926245,
        0.4932378747406796,
        0.4933446183712525,
        0.49249877661642943,
        0.49188001021830996,
        0.49290280246875695,
        0.4920924824370435,
        0.49270137650726814,
        0.49223685388028976,
        0.49278303769213205,
        0.4921996999069078,
        0.49227190511466484,
        0.49224571539805484,
        0.49201407076339043,
        0.4924919187317233,
        0.49206274430427327,
        0.49328433797204285,
        0.49291144902184164,
        0.4927922906960256,
        0.49268699115550024,
        0.4925188229986902,
        0.4920611534951001,
        0.4926088166660106,
        0.49227027674398477,
        0.4921031523738387
    ],
    "val_accuracy": [
        0.5113256591162273,
        0.5053843297437802,
        0.4987003341997772,
        0.4968436687708875,
        0.500185666542889,
        0.4968436687708875,
        0.506126995915336,
        0.5090976606015596,
        0.5116969922020052,
        0.5131823245451169,
        0.5124396583735611,
        0.5113256591162273,
        0.5120683252877831,
        0.5098403267731155,
        0.5165243223171184,
        0.5198663200891199,
        0.519494987003342,
        0.5243223171184552,
        0.5217229855180097,
        0.5168956554028964,
        0.5220943186037876,
        0.5198663200891199,
        0.5161529892313406,
        0.5220943186037876,
        0.5150389899740067,
        0.5131823245451169,
        0.5146676568882287,
        0.519494987003342,
        0.5139249907166729,
        0.5235796509468994,
        0.5295209803193465,
        0.5339769773486818,
        0.5376903082064612,
        0.5376903082064612,
        0.5421463052357965,
        0.5428889714073524,
        0.5425176383215744,
        0.5425176383215744,
        0.5417749721500186,
        0.5354623096917935,
        0.539175640549573,
        0.5384329743780171,
        0.5417749721500186,
        0.5473449684366877,
        0.5373189751206833,
        0.5417749721500186,
        0.5380616412922391,
        0.5410323059784626,
        0.5376903082064612,
        0.539175640549573,
        0.5428889714073524,
        0.5414036390642406,
        0.5369476420349053,
        0.5417749721500186,
        0.5417749721500186
    ]
}