{
    "0": {
        "precision": 0.5279347143753923,
        "recall": 0.6328066215199398,
        "f1-score": 0.5756331279945243,
        "support": 1329.0
    },
    "1": {
        "precision": 0.5563636363636364,
        "recall": 0.44868035190615835,
        "f1-score": 0.4967532467532468,
        "support": 1364.0
    },
    "accuracy": 0.5395469736353509,
    "macro avg": {
        "precision": 0.5421491753695143,
        "recall": 0.5407434867130491,
        "f1-score": 0.5361931873738855,
        "support": 2693.0
    },
    "weighted avg": {
        "precision": 0.5423339158577409,
        "recall": 0.5395469736353509,
        "f1-score": 0.5356805999540108,
        "support": 2693.0
    }
}