{
    "0": {
        "precision": 0.4970014992503748,
        "recall": 0.49887133182844245,
        "f1-score": 0.49793466015771687,
        "support": 1329.0
    },
    "1": {
        "precision": 0.5099337748344371,
        "recall": 0.5080645161290323,
        "f1-score": 0.5089974293059126,
        "support": 1364.0
    },
    "accuracy": 0.5035276643148905,
    "macro avg": {
        "precision": 0.5034676370424059,
        "recall": 0.5034679239787374,
        "f1-score": 0.5034660447318148,
        "support": 2693.0
    },
    "weighted avg": {
        "precision": 0.5035516752238843,
        "recall": 0.5035276643148905,
        "f1-score": 0.503537934245403,
        "support": 2693.0
    }
}