{
    "train_loss": [
        0.5215484212844743,
        0.48854052610353593,
        0.46586798856017786,
        0.4492705904562539,
        0.43462883072708725,
        0.41470956980088436,
        0.39787625603446175,
        0.37900969803059864,
        0.36801431574132465,
        0.36015249529016125,
        0.3490754125315115,
        0.3408046623845713,
        0.3289414539318019,
        0.33117854072276603,
        0.30522218784061045,
        0.29907876229204167,
        0.2940194926677494,
        0.2880480270832777,
        0.2896557610926278,
        0.28540454357178935,
        0.272487150744424,
        0.2704366500908082,
        0.26382247496122885,
        0.25990593831541886,
        0.250593640046929,
        0.25360298064460446,
        0.25616012359841156,
        0.25081124139625,
        0.2507870103309461,
        0.23659852303462017,
        0.24324736560464177,
        0.2256515642645162,
        0.23415401385704038,
        0.22878250501913214,
        0.23748763078191412
    ],
    "val_loss": [
        0.5030182817978646,
        0.4976320907251159,
        0.5104854880873837,
        0.5278556039973871,
        0.49735936033191963,
        0.5180943572699134,
        0.500136346959356,
        0.5650814335737655,
        0.5210909036113255,
        0.5276967678497086,
        0.5686570948629237,
        0.5197208150109248,
        0.5686477765218535,
        0.5483668993658094,
        0.49354631553834943,
        0.5470959757690999,
        0.5353739201577742,
        0.5348944423803642,
        0.5297936601425285,
        0.533060621637017,
        0.5081502163588111,
        0.528772823178946,
        0.5374151935328298,
        0.5339617400027034,
        0.5423338024029091,
        0.5182794639423712,
        0.5455895021780214,
        0.5296390652656555,
        0.5234681532454135,
        0.5396337509155273,
        0.5194367804189226,
        0.5304742989255421,
        0.5441275928447495,
        0.5107096297972238,
        0.5507793822395268
    ],
    "val_accuracy": [
        0.47097378277153557,
        0.5280898876404494,
        0.49063670411985016,
        0.46629213483146065,
        0.5149812734082397,
        0.4803370786516854,
        0.50187265917603,
        0.4438202247191011,
        0.4794007490636704,
        0.47846441947565543,
        0.43726591760299627,
        0.49250936329588013,
        0.4438202247191011,
        0.4616104868913858,
        0.5252808988764045,
        0.45224719101123595,
        0.4700374531835206,
        0.4700374531835206,
        0.4850187265917603,
        0.4737827715355805,
        0.499063670411985,
        0.48314606741573035,
        0.4653558052434457,
        0.47097378277153557,
        0.45692883895131087,
        0.4868913857677903,
        0.4559925093632959,
        0.47191011235955055,
        0.4756554307116105,
        0.46441947565543074,
        0.4859550561797753,
        0.47191011235955055,
        0.45786516853932585,
        0.4943820224719101,
        0.45692883895131087
    ]
}