{
    "train_loss": [
        0.5049413374616104,
        0.48442148916350986,
        0.4591309928778306,
        0.4284124520507831,
        0.4137298872748625,
        0.40054889428384094,
        0.38957684147126465,
        0.37548645433870337,
        0.3615757914133442,
        0.3484652545122267,
        0.3425222633099093,
        0.3236519200275245,
        0.31446688564367664,
        0.3079237108236378,
        0.2994862077305618,
        0.28952294848497634,
        0.2783658961286244,
        0.2731982915146837,
        0.26157656943118107,
        0.25835591446138123,
        0.2491225964272196,
        0.24328298995144737
    ],
    "val_loss": [
        0.5483270576640741,
        0.48309898732313467,
        0.5506270710212081,
        0.5224057453781811,
        0.5486077577320497,
        0.5574448428936859,
        0.5390481935508216,
        0.6251112907680113,
        0.5613752034173083,
        0.5251693569902164,
        0.5989401402758129,
        0.5373118706603548,
        0.577763371947986,
        0.5467698453967251,
        0.5964837283340853,
        0.626303438820056,
        0.5383694292004428,
        0.5504807220466101,
        0.5698790892736235,
        0.5515482959462635,
        0.5936862630630607,
        0.5582064416871142
    ],
    "val_accuracy": [
        0.33146067415730335,
        0.549625468164794,
        0.4344569288389513,
        0.45692883895131087,
        0.4166666666666667,
        0.4438202247191011,
        0.4410112359550562,
        0.39232209737827717,
        0.43164794007490637,
        0.4812734082397004,
        0.4054307116104869,
        0.47659176029962547,
        0.4307116104868914,
        0.448501872659176,
        0.41385767790262173,
        0.3848314606741573,
        0.4700374531835206,
        0.4606741573033708,
        0.4307116104868914,
        0.45880149812734083,
        0.4035580524344569,
        0.44662921348314605
    ]
}