{
    "train_loss": [
        0.5006657756104761,
        0.49487736346770306,
        0.48755813739737686,
        0.4747826472837098,
        0.46410513532404996,
        0.4529037537623425,
        0.43753980033251705,
        0.4237188341666241,
        0.4049976141477118,
        0.39817198521020464,
        0.3950680244942101,
        0.3805959786383473,
        0.37503049093849805,
        0.3650612853619517,
        0.3581842992378741,
        0.35459427389563347,
        0.343987865046579,
        0.32717350593635014,
        0.31610170569346874,
        0.30765092792559645,
        0.30040766253155105,
        0.29016868317005584,
        0.27748111243150675,
        0.27367005460724536,
        0.2643492365978202,
        0.2636334078500465,
        0.25673221390770407,
        0.24985413692739544
    ],
    "val_loss": [
        0.47850569593372627,
        0.5061057926113925,
        0.48369461653837514,
        0.4750064131039292,
        0.47627594978062077,
        0.5074149134443767,
        0.48552433901758335,
        0.45845135801763676,
        0.5096225293714609,
        0.48109044290300623,
        0.5093172072474637,
        0.4943367861100097,
        0.5007128555383256,
        0.5115083851921025,
        0.5048210096003404,
        0.5058219988844288,
        0.5342015815314962,
        0.48035837821106414,
        0.4998688555475491,
        0.4981582267070884,
        0.4958346479419452,
        0.5043523144810947,
        0.4923373534163432,
        0.490687311140459,
        0.4849116586482347,
        0.5029024657473635,
        0.5235754440524685,
        0.5202311902348675
    ],
    "val_accuracy": [
        0.548689138576779,
        0.43352059925093633,
        0.547752808988764,
        0.5823970037453183,
        0.5711610486891385,
        0.5,
        0.5449438202247191,
        0.5571161048689138,
        0.4953183520599251,
        0.5449438202247191,
        0.5046816479400749,
        0.5290262172284644,
        0.5121722846441947,
        0.49625468164794007,
        0.5149812734082397,
        0.5131086142322098,
        0.4812734082397004,
        0.5374531835205992,
        0.5308988764044944,
        0.5159176029962547,
        0.5159176029962547,
        0.49625468164794007,
        0.5149812734082397,
        0.5224719101123596,
        0.5168539325842697,
        0.5037453183520599,
        0.4850187265917603,
        0.49157303370786515
    ]
}