{
    "train_loss": [
        0.5008039438902442,
        0.4940097615567606,
        0.4747638808035139,
        0.45880046420132936,
        0.43489160877999977,
        0.42363090685276844,
        0.4053259094926848,
        0.39554330856720016,
        0.3793280110207956,
        0.36724404862789967,
        0.3625473753729863,
        0.3483375279205059,
        0.33961655833383103,
        0.32923799341739113,
        0.32530521559737513,
        0.31457008927393315,
        0.3144817487406197,
        0.3035931638094471,
        0.2955467844131722,
        0.28536819330235913,
        0.28197740137910665,
        0.2814182353887095,
        0.27572149987707834,
        0.26921046420987416,
        0.26715567867869316,
        0.2534398983107574,
        0.25850646238106845,
        0.24608435818869898,
        0.24498126954674276,
        0.24267909750203365,
        0.2465603271944087,
        0.2335980350930077,
        0.2335213553577439,
        0.23250074008368513
    ],
    "val_loss": [
        0.4307587689428187,
        0.49454412309091483,
        0.5479846338727581,
        0.5522493266347629,
        0.5552372105086028,
        0.45285868644714355,
        0.5087599905569162,
        0.5333931245910588,
        0.5823826714238124,
        0.47248910300767244,
        0.5658233170189074,
        0.48928782788675224,
        0.5051337155833173,
        0.41856233975780543,
        0.4562931883690962,
        0.44467131771258456,
        0.5679969436197139,
        0.4502225705047152,
        0.497457414420683,
        0.4956132787377087,
        0.45228889406617007,
        0.4863084043139842,
        0.508219971808035,
        0.4852725305219195,
        0.5156306726719017,
        0.49414681454203024,
        0.5150030526652265,
        0.5455845647783422,
        0.47449516938693487,
        0.4422220581058246,
        0.4803126425440632,
        0.44996256214469227,
        0.5149013320011879,
        0.46299362093655033
    ],
    "val_accuracy": [
        0.7340823970037453,
        0.4868913857677903,
        0.3895131086142322,
        0.4157303370786517,
        0.45224719101123595,
        0.5543071161048689,
        0.4812734082397004,
        0.45131086142322097,
        0.4288389513108614,
        0.5337078651685393,
        0.4241573033707865,
        0.5168539325842697,
        0.4934456928838951,
        0.6020599250936329,
        0.5411985018726592,
        0.550561797752809,
        0.4297752808988764,
        0.5533707865168539,
        0.5074906367041199,
        0.5084269662921348,
        0.549625468164794,
        0.5149812734082397,
        0.4850187265917603,
        0.5196629213483146,
        0.4859550561797753,
        0.5056179775280899,
        0.49719101123595505,
        0.450374531835206,
        0.5243445692883895,
        0.5664794007490637,
        0.5224719101123596,
        0.5580524344569289,
        0.4868913857677903,
        0.545880149812734
    ]
}