{
    "train_loss": [
        0.510203167115999,
        0.4954249609060802,
        0.4793565373450394,
        0.45777356142325026,
        0.43722813307497016,
        0.42428608492202285,
        0.4029804561519029,
        0.38590056631574987,
        0.36752663447649153,
        0.3553332445285132,
        0.33470027290933857,
        0.3163764665359283,
        0.3025640586228786,
        0.2873727305177831,
        0.2754349831599912,
        0.2641762544196176,
        0.24734799771017058,
        0.24846726841451716,
        0.23922131426972473,
        0.2340279527286771,
        0.22486162494821668,
        0.21931038330081093,
        0.20940479432151526,
        0.21239059971823238
    ],
    "val_loss": [
        0.5980891465251126,
        0.5010400183165251,
        0.4286595538480958,
        0.4180390172040285,
        0.5116482821863089,
        0.5627833400199662,
        0.4992790257752831,
        0.5736947050735132,
        0.543948226900243,
        0.5556125093751879,
        0.5681964372521016,
        0.5067285535050862,
        0.5227191812956511,
        0.5198955842808112,
        0.5159875652683314,
        0.5930040047239902,
        0.5409476954990359,
        0.5593940548932375,
        0.5825660202040601,
        0.5603535795834527,
        0.5516505174672426,
        0.5573508939636287,
        0.5508808024338822,
        0.583133145944396
    ],
    "val_accuracy": [
        0.2940074906367041,
        0.4737827715355805,
        0.647003745318352,
        0.6629213483146067,
        0.4868913857677903,
        0.40636704119850187,
        0.5215355805243446,
        0.42134831460674155,
        0.4747191011235955,
        0.44756554307116103,
        0.4438202247191011,
        0.5102996254681648,
        0.4943820224719101,
        0.4943820224719101,
        0.49063670411985016,
        0.4147940074906367,
        0.46722846441947563,
        0.45786516853932585,
        0.4241573033707865,
        0.4559925093632959,
        0.45880149812734083,
        0.44662921348314605,
        0.4559925093632959,
        0.42134831460674155
    ]
}