{
    "0": {
        "precision": 0.19753086419753085,
        "recall": 0.24242424242424243,
        "f1-score": 0.21768707482993196,
        "support": 132.0
    },
    "1": {
        "precision": 0.7311827956989247,
        "recall": 0.6766169154228856,
        "f1-score": 0.7028423772609819,
        "support": 402.0
    },
    "accuracy": 0.5692883895131086,
    "macro avg": {
        "precision": 0.4643568299482278,
        "recall": 0.459520578923564,
        "f1-score": 0.46026472604545693,
        "support": 534.0
    },
    "weighted avg": {
        "precision": 0.5992688351030746,
        "recall": 0.5692883895131086,
        "f1-score": 0.5829163474465651,
        "support": 534.0
    }
}