{
    "0": {
        "precision": 0.2717391304347826,
        "recall": 0.36231884057971014,
        "f1-score": 0.3105590062111801,
        "support": 138.0
    },
    "1": {
        "precision": 0.7485714285714286,
        "recall": 0.6616161616161617,
        "f1-score": 0.7024128686327078,
        "support": 396.0
    },
    "accuracy": 0.5842696629213483,
    "macro avg": {
        "precision": 0.5101552795031056,
        "recall": 0.5119675010979359,
        "f1-score": 0.5064859374219439,
        "support": 534.0
    },
    "weighted avg": {
        "precision": 0.6253451043338684,
        "recall": 0.5842696629213483,
        "f1-score": 0.6011472637372567,
        "support": 534.0
    }
}