{
    "train_loss": [
        0.3703587665168228,
        0.31895553827981543,
        0.3006815869172723,
        0.2900186731889554,
        0.27235627887545855,
        0.26514105220481116,
        0.25399743739501046,
        0.2429020553247474,
        0.23341540754537174,
        0.22817068144041278,
        0.21220955113492587,
        0.20536111040106078,
        0.19561974643385363,
        0.1858844968711356,
        0.17218627200864167,
        0.15909902000589593,
        0.15006348238496928,
        0.1429653873355472,
        0.1340790008002682,
        0.1234316385789604,
        0.1247367304006903,
        0.11336428746001266,
        0.11157082563360378
    ],
    "val_loss": [
        0.33764552978368906,
        0.33085597994235844,
        0.31982012230616347,
        0.3231286942958832,
        0.333312618961701,
        0.32663180530071256,
        0.35655295619597804,
        0.3506617190746161,
        0.3527770026372029,
        0.34360913909398594,
        0.35907573745800897,
        0.39023976234289315,
        0.35523593013103194,
        0.3714185904998046,
        0.36092626131497896,
        0.38249896994003885,
        0.36135706557677344,
        0.3768796819906968,
        0.3678240008079089,
        0.4134067562910227,
        0.3632845553068014,
        0.3853951094242243,
        0.3727524216358478
    ],
    "val_accuracy": [
        0.5399610136452242,
        0.5487329434697856,
        0.5614035087719298,
        0.5740740740740741,
        0.5653021442495126,
        0.5662768031189084,
        0.5116959064327485,
        0.5399610136452242,
        0.5497076023391813,
        0.557504873294347,
        0.550682261208577,
        0.5604288499025342,
        0.5623781676413255,
        0.5389863547758285,
        0.5662768031189084,
        0.5214424951267057,
        0.5701754385964912,
        0.5389863547758285,
        0.5389863547758285,
        0.44834307992202727,
        0.5370370370370371,
        0.49902534113060426,
        0.5165692007797271
    ]
}