{
    "train_loss": [
        0.3681277339328588,
        0.3149922044244722,
        0.29895904868957135,
        0.28406375750957297,
        0.27345039762179674,
        0.2622256837350385,
        0.2529542644432083,
        0.24295450718022507,
        0.23307985728352915,
        0.22143241061542748,
        0.2131383282781111,
        0.20322615615588682,
        0.19239043638631992,
        0.1808609135361961,
        0.1691508314604889,
        0.157720309895996,
        0.14889307676702157,
        0.14114861181621885,
        0.13762282948317694,
        0.13325096133386113,
        0.12512541918903008,
        0.12093362302051908
    ],
    "val_loss": [
        0.33644954264163973,
        0.3286122659078011,
        0.3294367668720392,
        0.33386030380542464,
        0.33421907470776485,
        0.3311109198973729,
        0.34743608832359313,
        0.35229697617200706,
        0.35270561025692865,
        0.3492017897275778,
        0.37055963346591364,
        0.37008930765665493,
        0.36891394532643834,
        0.38095233944746165,
        0.41390359906049873,
        0.3700729448061723,
        0.3767034993721889,
        0.3798218433673565,
        0.37361908967678364,
        0.3824129283428192,
        0.38022052164261155,
        0.38155434269171495
    ],
    "val_accuracy": [
        0.5458089668615984,
        0.5526315789473685,
        0.5604288499025342,
        0.5555555555555556,
        0.550682261208577,
        0.5536062378167641,
        0.5282651072124757,
        0.5409356725146199,
        0.5565302144249513,
        0.5604288499025342,
        0.5565302144249513,
        0.5565302144249513,
        0.5311890838206628,
        0.5389863547758285,
        0.4346978557504873,
        0.5458089668615984,
        0.5243664717348928,
        0.5126705653021443,
        0.5360623781676414,
        0.4922027290448343,
        0.5126705653021443,
        0.5009746588693957
    ]
}