{
    "train_loss": [
        0.5284293668885385,
        0.5086188063432207,
        0.4957483798339408,
        0.4867303435766963,
        0.4771220110929929,
        0.46706231726014585,
        0.4590026814647703,
        0.4508933273349743,
        0.44996444958611104,
        0.43614446850627586,
        0.43663875096784927,
        0.42953721184292737,
        0.4328164740768319,
        0.4260122053528542,
        0.42051678714769947,
        0.4208532187616263,
        0.4157715893856645,
        0.4127896904353764,
        0.4055293049691037,
        0.41113499516884683,
        0.4046795586350538,
        0.40103705168214093,
        0.4026012077520858,
        0.40299095438964316,
        0.400506778035507,
        0.3958312623554069,
        0.3979566895932181,
        0.39797557025186475,
        0.39697353586221745,
        0.39699032037488874,
        0.3913610596440862,
        0.3904239193677311,
        0.3949372748065527,
        0.3945611978582945,
        0.39362488949565083,
        0.39017351363639974,
        0.3839334036517084,
        0.39104978403737467,
        0.38378316507889676,
        0.3885200370851876,
        0.3868196482767834,
        0.3848930495992192,
        0.3847236538273525,
        0.3842984871296374,
        0.3839263339935994,
        0.38024189073601666,
        0.3864803196441743,
        0.38244206659847096,
        0.3814968764781952,
        0.3777734780540833,
        0.37778490386145286
    ],
    "val_loss": [
        0.4963964075953872,
        0.4944068690141042,
        0.47392031925695915,
        0.4512961608392221,
        0.4400498061268418,
        0.42820797043818015,
        0.4140460362037023,
        0.41225956755655785,
        0.4083463786928742,
        0.40924116593820076,
        0.38576263034785235,
        0.4008772885909787,
        0.390783910618888,
        0.3953425071305699,
        0.38396997341403255,
        0.38833937644958494,
        0.3796970694153397,
        0.3819545691763913,
        0.3789988783774553,
        0.38640177581045365,
        0.3870593978299035,
        0.38878840384659946,
        0.39679066047624306,
        0.38744698409680967,
        0.38286570034645223,
        0.3806704120503532,
        0.3811000868126198,
        0.37566423774869356,
        0.38253287430162786,
        0.3822551961298342,
        0.36947620475181825,
        0.3877385728889041,
        0.37668316143530384,
        0.37704543730726947,
        0.39391243132176224,
        0.38002441045310764,
        0.38992415771440225,
        0.3843884022699462,
        0.3801405861697815,
        0.40015446184961884,
        0.37106649268556524,
        0.37639171635663066,
        0.3753523721187203,
        0.3779425441114991,
        0.376626768928987,
        0.3725839417841699,
        0.38266655460551935,
        0.38702526456779907,
        0.3828885750638114,
        0.39882044670758426,
        0.39474297750879217
    ],
    "val_accuracy": [
        0.5267566309911587,
        0.5067473243369008,
        0.5686365751512331,
        0.6100511865984178,
        0.5905072126570498,
        0.5979525360632852,
        0.6100511865984178,
        0.6133085155886459,
        0.611447184737087,
        0.6161005118659841,
        0.6319218241042345,
        0.6156351791530945,
        0.6230805025593299,
        0.614704513727315,
        0.6286644951140065,
        0.6263378315495579,
        0.6323871568171242,
        0.6342484876686831,
        0.6295951605397859,
        0.6263378315495579,
        0.6254071661237784,
        0.6258724988366682,
        0.6119125174499768,
        0.6254071661237784,
        0.6263378315495579,
        0.6337831549557934,
        0.6319218241042345,
        0.6365751512331317,
        0.6328524895300139,
        0.6309911586784551,
        0.6421591437878083,
        0.6300604932526757,
        0.636109818520242,
        0.6319218241042345,
        0.6151698464402048,
        0.6309911586784551,
        0.6179618427175431,
        0.6240111679851094,
        0.6300604932526757,
        0.6091205211726385,
        0.6449511400651465,
        0.6347138203815729,
        0.6337831549557934,
        0.6305258259655654,
        0.6333178222429037,
        0.6342484876686831,
        0.6309911586784551,
        0.6212191717077711,
        0.6277338296882271,
        0.608189855746859,
        0.6161005118659841
    ]
}