{
    "train_loss": [
        0.34913250769158743,
        0.3298080816343137,
        0.32381468637328203,
        0.3208840803645464,
        0.31758776504242003,
        0.315014318153552,
        0.3116325349601326,
        0.3112241350375261,
        0.3067223577531859,
        0.3034599801445749,
        0.30006472975131604,
        0.29977131087028563,
        0.2962341376721627,
        0.2947715129485854,
        0.2927046952486502,
        0.28836843110476024,
        0.2869604329074867,
        0.28432671360468587,
        0.28231993607509925,
        0.27919116117611004,
        0.27666264123026035,
        0.2753868373219605,
        0.27230457242592765,
        0.2713706329001063,
        0.2704045972007722,
        0.27044842221161736,
        0.26742631904346004,
        0.26577604431586505,
        0.2636481091264157,
        0.26325054608778264,
        0.2628967241322484,
        0.2612664331084096,
        0.2605005818408287,
        0.25975554355271596,
        0.2561342819133621,
        0.2585609924729464,
        0.2556634024075497,
        0.2537794508300867,
        0.2539434906979479,
        0.2527594477634022,
        0.2531422064114174,
        0.25194358680730666,
        0.24960656994627609,
        0.24906338574473497,
        0.24794708332952822,
        0.2458986719700613,
        0.24316012775271784,
        0.24148056547045127
    ],
    "val_loss": [
        0.31073043644428255,
        0.3095548658416821,
        0.31625215262174605,
        0.3107596578506323,
        0.3090340045782236,
        0.31262391003278583,
        0.3132350558271775,
        0.3097071798948141,
        0.30931704697700646,
        0.31082740196814906,
        0.30583328627623046,
        0.3080378067034941,
        0.3103047109567202,
        0.3066985996869894,
        0.3091470858225456,
        0.30937740733990304,
        0.3086644860414358,
        0.30843724860594823,
        0.3077981994702266,
        0.3059298960062174,
        0.3099337181219688,
        0.30793503110225384,
        0.3087704096849148,
        0.30852257173794967,
        0.3074710339307785,
        0.30551313987145057,
        0.30499319617564863,
        0.3033818115408604,
        0.3087920028429765,
        0.3063576631821119,
        0.3077238305256917,
        0.30813878361995406,
        0.3075196699454234,
        0.3110949193055813,
        0.3117663018978559,
        0.3099622687468162,
        0.3077433200982901,
        0.30911052777216985,
        0.31127496522206527,
        0.3119495194691878,
        0.315536430478096,
        0.316021515085147,
        0.3108208452279751,
        0.3191328280247175,
        0.32037165462970735,
        0.316384422320586,
        0.3219457053221189,
        0.3224912423353929
    ],
    "val_accuracy": [
        0.5467836257309941,
        0.5467836257309941,
        0.5467836257309941,
        0.5467836257309941,
        0.5467836257309941,
        0.5458089668615984,
        0.5458089668615984,
        0.5448343079922028,
        0.5487329434697856,
        0.5477582846003899,
        0.5477582846003899,
        0.5467836257309941,
        0.5428849902534113,
        0.543859649122807,
        0.543859649122807,
        0.5467836257309941,
        0.5467836257309941,
        0.5467836257309941,
        0.5389863547758285,
        0.5419103313840156,
        0.5360623781676414,
        0.5389863547758285,
        0.5282651072124757,
        0.5399610136452242,
        0.5409356725146199,
        0.5331384015594542,
        0.5321637426900585,
        0.530214424951267,
        0.5224171539961013,
        0.5214424951267057,
        0.5029239766081871,
        0.5116959064327485,
        0.5087719298245614,
        0.49610136452241715,
        0.49902534113060426,
        0.5009746588693957,
        0.5165692007797271,
        0.49122807017543857,
        0.4980506822612086,
        0.5019493177387915,
        0.5077972709551657,
        0.4980506822612086,
        0.5214424951267057,
        0.5,
        0.5077972709551657,
        0.5077972709551657,
        0.5009746588693957,
        0.49902534113060426
    ]
}