{
    "0.0": {
        "precision": 0.560251798561151,
        "recall": 0.8874643874643875,
        "f1-score": 0.6868798235942668,
        "support": 702.0
    },
    "1.0": {
        "precision": 0.1875,
        "recall": 0.010416666666666666,
        "f1-score": 0.019736842105263157,
        "support": 288.0
    },
    "2.0": {
        "precision": 0.37012987012987014,
        "recall": 0.1952054794520548,
        "f1-score": 0.2556053811659193,
        "support": 292.0
    },
    "accuracy": 0.5327613104524181,
    "macro avg": {
        "precision": 0.37262722289700706,
        "recall": 0.36436217786103625,
        "f1-score": 0.32074068228848307,
        "support": 1282.0
    },
    "weighted avg": {
        "precision": 0.4332095824242201,
        "recall": 0.5327613104524181,
        "f1-score": 0.43877583306547546,
        "support": 1282.0
    }
}