{
    "0.0": {
        "precision": 0.5776330076004343,
        "recall": 0.7589158345221113,
        "f1-score": 0.655980271270037,
        "support": 701.0
    },
    "1.0": {
        "precision": 0.0,
        "recall": 0.0,
        "f1-score": 0.0,
        "support": 288.0
    },
    "2.0": {
        "precision": 0.32222222222222224,
        "recall": 0.3972602739726027,
        "f1-score": 0.3558282208588957,
        "support": 292.0
    },
    "accuracy": 0.5058548009367682,
    "macro avg": {
        "precision": 0.29995174327421886,
        "recall": 0.38539203616490464,
        "f1-score": 0.3372694973763109,
        "support": 1281.0
    },
    "weighted avg": {
        "precision": 0.3895469377180276,
        "recall": 0.5058548009367682,
        "f1-score": 0.44008119488766084,
        "support": 1281.0
    }
}