{
    "train_loss": [
        0.5516775095393892,
        0.5243848589803443,
        0.5166330213491628,
        0.5054735560293142,
        0.5088306768781188,
        0.502312320160728,
        0.5060951027566987,
        0.4976669170952946,
        0.49337630154769546,
        0.4945777141289904,
        0.49496612934707906,
        0.4973540917641855,
        0.49359401595385777,
        0.48740523054420604,
        0.48892451521289143,
        0.4860370358979771,
        0.4865537392610759,
        0.4854272490291926,
        0.48161716612777267,
        0.4799026548862457,
        0.47802353163675076,
        0.48112393786452406,
        0.4810964909592116,
        0.4818156697502026,
        0.4778999205614101,
        0.4767686705713327,
        0.47806870489451236,
        0.47553357516410033,
        0.47288961493210985,
        0.4681854558128842,
        0.47657249325272666,
        0.4700477645231809,
        0.46368168819846445,
        0.4676443443477498,
        0.47009765740074866,
        0.46239267556653546,
        0.4674421821026444,
        0.46725787368813004,
        0.46401777019390483,
        0.4638380627067103,
        0.4618809131873136,
        0.4619211497678922,
        0.4606879486169429,
        0.4603399222641322,
        0.4594741820255456,
        0.4568053166990335,
        0.4577441961434535,
        0.45773160664332396,
        0.4538039670169698
    ],
    "val_loss": [
        0.5069161401345179,
        0.5058727764166319,
        0.506932904628607,
        0.5086252611417037,
        0.5095319912983821,
        0.5103999931078691,
        0.5069845355474032,
        0.5056365434940044,
        0.5069940796265235,
        0.5077218812245589,
        0.5067796198221354,
        0.5087667364340562,
        0.5066024821538192,
        0.503334646500074,
        0.5022869050502777,
        0.5001948425403008,
        0.4997574879572942,
        0.5002653291592232,
        0.5019124333675091,
        0.500224181321951,
        0.49793188205132116,
        0.4982250222792992,
        0.4982099670630235,
        0.5012291830319625,
        0.5002058185063876,
        0.4985905578503242,
        0.49776469331521256,
        0.49673926967840926,
        0.49550991012499884,
        0.5027271527510423,
        0.5008786077682789,
        0.49971756384922905,
        0.495879564835475,
        0.49708717923897966,
        0.500197609112813,
        0.5008958115027501,
        0.4994577903013963,
        0.49934372076621425,
        0.4989359823557047,
        0.4991735660112821,
        0.5001728663077721,
        0.49943029697124774,
        0.5019944264338567,
        0.5017235095684345,
        0.5013299960356492,
        0.49914807631419256,
        0.4961987555027008,
        0.5015509353234218,
        0.5024498458092029
    ],
    "val_accuracy": [
        0.3820662768031189,
        0.46296296296296297,
        0.4697855750487329,
        0.45419103313840153,
        0.4473684210526316,
        0.442495126705653,
        0.44834307992202727,
        0.4619883040935672,
        0.4600389863547758,
        0.46296296296296297,
        0.46393762183235865,
        0.4649122807017544,
        0.4746588693957115,
        0.48148148148148145,
        0.4834307992202729,
        0.49415204678362573,
        0.49902534113060426,
        0.48830409356725146,
        0.48927875243664715,
        0.5009746588693957,
        0.5185185185185185,
        0.5146198830409356,
        0.5058479532163743,
        0.4980506822612086,
        0.5058479532163743,
        0.51364522417154,
        0.5116959064327485,
        0.5116959064327485,
        0.5107212475633528,
        0.48830409356725146,
        0.49610136452241715,
        0.4980506822612086,
        0.5146198830409356,
        0.5155945419103314,
        0.5077972709551657,
        0.5116959064327485,
        0.51364522417154,
        0.5194931773879142,
        0.5233918128654971,
        0.5243664717348928,
        0.5253411306042886,
        0.5224171539961013,
        0.5126705653021443,
        0.5116959064327485,
        0.5146198830409356,
        0.5175438596491229,
        0.530214424951267,
        0.5165692007797271,
        0.51364522417154
    ]
}