{
    "train_loss": [
        0.5832881889591327,
        0.5336545673064413,
        0.5297226347675213,
        0.5142064482145916,
        0.508252024478306,
        0.5084714495033198,
        0.5059730133224773,
        0.5015520598157982,
        0.49880750261979295,
        0.4985563910076384,
        0.4924942039685442,
        0.49709041614752975,
        0.4983161274408329,
        0.49304854163544715,
        0.49219376210532434,
        0.48948965475738393,
        0.4893703899976146,
        0.48961919770075407,
        0.4888406089275559,
        0.4852619822314709,
        0.4833839001683141,
        0.481651465672289,
        0.48914834116235634,
        0.482593943962472,
        0.47912031325990756,
        0.48282575900154995,
        0.47771882769689394,
        0.4760713899411218,
        0.47762027899653925,
        0.46974472537895157,
        0.4766225742466877,
        0.47874190817678597,
        0.4769656637500476,
        0.47388950489849024,
        0.47458917453798943,
        0.4686090872122373,
        0.47279614537437525,
        0.46706825959889187,
        0.4705273424614372,
        0.47151197053793537,
        0.46584304564261025,
        0.4743708763163903,
        0.466058575349047,
        0.46772937278527055,
        0.4651189289685619,
        0.46218533839793563,
        0.4669666145578285,
        0.4617436097536473,
        0.4590649015641626,
        0.46263967394139727,
        0.46113117254538344,
        0.45988019181124734,
        0.4576927406250397,
        0.46411226129945304,
        0.4505808766866695,
        0.45915100219621824,
        0.45225004343628195,
        0.45409950321120335,
        0.4550431103720141,
        0.4530574470930706,
        0.44717254063297557,
        0.45192513111009763,
        0.44874445689206865,
        0.45110553434129397,
        0.4566410151175681,
        0.4465535603506717,
        0.4496476515869185,
        0.4472501057420852,
        0.4449821696805127,
        0.450992740819909,
        0.4465060370161354,
        0.44753374822566966,
        0.448281767051344,
        0.44590730301906606,
        0.44528110368403395,
        0.44569382502164456,
        0.4401981815092825,
        0.44306550739128464,
        0.4438344467582041,
        0.43936373233106096
    ],
    "val_loss": [
        0.5090517906042246,
        0.5168859669795403,
        0.5172945187642024,
        0.5178273352292868,
        0.5117472222218147,
        0.5114234667557936,
        0.5109315097332001,
        0.5135254428936885,
        0.5091129059974964,
        0.5092815940196698,
        0.5094533448035901,
        0.5078983201430394,
        0.5099405485850114,
        0.5038063480303838,
        0.5045260085509373,
        0.5028665863550627,
        0.5039871325859657,
        0.5011056867929605,
        0.503695312830118,
        0.5046455777608432,
        0.5021501839160919,
        0.4971289643874535,
        0.49874089406086847,
        0.5030345426155971,
        0.49872052119328425,
        0.4984731770478762,
        0.4993800979394179,
        0.500494208244177,
        0.4961023688316345,
        0.4985908118578104,
        0.4969259390464196,
        0.49816795129042407,
        0.4989750609948085,
        0.49717041345743035,
        0.4974946338396806,
        0.501439768075943,
        0.5040270122197958,
        0.4968071694557483,
        0.4993507724541884,
        0.5037378714634821,
        0.4899968940478105,
        0.4941152792710524,
        0.498653447169524,
        0.49668613443007836,
        0.4971680031372951,
        0.4933824406220363,
        0.4919448270247533,
        0.49284204336313103,
        0.4966132695858295,
        0.49533539551955,
        0.49971542816895703,
        0.4967152178287506,
        0.491529931471898,
        0.4915784109097261,
        0.4929036060204873,
        0.494387581715217,
        0.4977961893265064,
        0.4981078537610861,
        0.48584908888890194,
        0.4848505065991328,
        0.4919179778832656,
        0.4954183711455418,
        0.49225419232478507,
        0.49474611832545357,
        0.49432065303509054,
        0.49488068910745475,
        0.4945633085874411,
        0.4878872596300565,
        0.49552833071121805,
        0.49756898559056795,
        0.493471755202,
        0.4857297571805807,
        0.4925034571152467,
        0.48921203934229335,
        0.49437060952186584,
        0.4972063082915086,
        0.4967859820677684,
        0.49555144585095917,
        0.4917479991912842,
        0.49521825726215657
    ],
    "val_accuracy": [
        0.3684210526315789,
        0.4064327485380117,
        0.44639376218323584,
        0.45321637426900585,
        0.48148148148148145,
        0.47173489278752434,
        0.47173489278752434,
        0.4473684210526316,
        0.4649122807017544,
        0.4649122807017544,
        0.46393762183235865,
        0.4756335282651072,
        0.46588693957115007,
        0.5077972709551657,
        0.5,
        0.5038986354775828,
        0.49610136452241715,
        0.5048732943469786,
        0.48830409356725146,
        0.48635477582846004,
        0.48635477582846004,
        0.5263157894736842,
        0.5146198830409356,
        0.4873294346978557,
        0.50682261208577,
        0.5116959064327485,
        0.5038986354775828,
        0.4951267056530214,
        0.5224171539961013,
        0.5009746588693957,
        0.5097465886939572,
        0.49902534113060426,
        0.4951267056530214,
        0.5146198830409356,
        0.5077972709551657,
        0.4834307992202729,
        0.47076023391812866,
        0.5097465886939572,
        0.5048732943469786,
        0.4922027290448343,
        0.5428849902534113,
        0.5311890838206628,
        0.5058479532163743,
        0.5107212475633528,
        0.5107212475633528,
        0.5272904483430799,
        0.5311890838206628,
        0.530214424951267,
        0.5126705653021443,
        0.5175438596491229,
        0.5,
        0.52046783625731,
        0.5224171539961013,
        0.5311890838206628,
        0.5321637426900585,
        0.5243664717348928,
        0.5077972709551657,
        0.5029239766081871,
        0.5497076023391813,
        0.5536062378167641,
        0.530214424951267,
        0.5185185185185185,
        0.5272904483430799,
        0.52046783625731,
        0.5272904483430799,
        0.5185185185185185,
        0.5253411306042886,
        0.5458089668615984,
        0.5126705653021443,
        0.5,
        0.5253411306042886,
        0.5487329434697856,
        0.5331384015594542,
        0.5341130604288499,
        0.5194931773879142,
        0.5116959064327485,
        0.5175438596491229,
        0.5175438596491229,
        0.5292397660818714,
        0.51364522417154
    ]
}