{
    "train_loss": [
        0.6405501343266813,
        0.5435501230245381,
        0.5199784932798044,
        0.5094771090615002,
        0.5114277301496164,
        0.5077101569299753,
        0.5032039692980705,
        0.5025038335020142,
        0.4990228071722681,
        0.4920390441238536,
        0.4927243337121313,
        0.4979145146174238,
        0.4876013263801619,
        0.4887793610206229,
        0.48857812023576286,
        0.48705561588265306,
        0.4873268495749876,
        0.4888427012917623,
        0.4899863314766415,
        0.48522550815102683,
        0.4847819081620674,
        0.4823596386206632,
        0.4805892078862714,
        0.4759555977548478,
        0.48149459606650247,
        0.4761187068988822,
        0.47490519974273065,
        0.4735210910008822,
        0.4746584144630873,
        0.4686187224925598,
        0.4676714997760133,
        0.472104258619981,
        0.46839540783380496,
        0.4764361035272565,
        0.47296428025802434,
        0.4671869915344812,
        0.4668238731477991,
        0.46218632394178755,
        0.47038377485523336,
        0.466271988573791,
        0.4589844346046448
    ],
    "val_loss": [
        0.5508140802383423,
        0.5242671471375685,
        0.5130816138707675,
        0.5034130266079536,
        0.5008504289847154,
        0.4967234024634728,
        0.49614268862284144,
        0.49666423568358786,
        0.4932377090820899,
        0.49497595750368556,
        0.4909750048930828,
        0.4956863646323864,
        0.49593206827457137,
        0.4951727303174826,
        0.48987710980268623,
        0.4931378433337578,
        0.49853153182910037,
        0.4937120240468245,
        0.4979517620343428,
        0.49529144580547624,
        0.48917474242357106,
        0.4940801941431486,
        0.49582292483403134,
        0.4988804872219379,
        0.49209498992333045,
        0.4951481392750373,
        0.4939078862850483,
        0.4962983236863063,
        0.4951543542054983,
        0.49153970388265755,
        0.4930241332604335,
        0.49925309603030865,
        0.4947610639608823,
        0.4927341291537652,
        0.49374263561688936,
        0.49070120820632346,
        0.4901087219898517,
        0.497442548091595,
        0.4919932278303,
        0.4915081166304075,
        0.4908933258973635
    ],
    "val_accuracy": [
        0.347953216374269,
        0.43664717348927873,
        0.46588693957115007,
        0.49902534113060426,
        0.5126705653021443,
        0.5311890838206628,
        0.5331384015594542,
        0.5253411306042886,
        0.5409356725146199,
        0.5243664717348928,
        0.543859649122807,
        0.5185185185185185,
        0.5194931773879142,
        0.5272904483430799,
        0.5389863547758285,
        0.5282651072124757,
        0.51364522417154,
        0.52046783625731,
        0.5243664717348928,
        0.52046783625731,
        0.5341130604288499,
        0.5107212475633528,
        0.5116959064327485,
        0.5,
        0.5214424951267057,
        0.5087719298245614,
        0.5155945419103314,
        0.5116959064327485,
        0.5107212475633528,
        0.5194931773879142,
        0.5146198830409356,
        0.49902534113060426,
        0.5107212475633528,
        0.5116959064327485,
        0.5116959064327485,
        0.5233918128654971,
        0.52046783625731,
        0.5019493177387915,
        0.51364522417154,
        0.5155945419103314,
        0.5097465886939572
    ]
}