{
    "0": {
        "precision": 0.3443708609271523,
        "recall": 0.48148148148148145,
        "f1-score": 0.4015444015444015,
        "support": 432.0
    },
    "1": {
        "precision": 0.6691285081240768,
        "recall": 0.5335689045936396,
        "f1-score": 0.5937090432503277,
        "support": 849.0
    },
    "accuracy": 0.5160031225604996,
    "macro avg": {
        "precision": 0.5067496845256145,
        "recall": 0.5075251930375605,
        "f1-score": 0.4976267223973646,
        "support": 1281.0
    },
    "weighted avg": {
        "precision": 0.5596083648070812,
        "recall": 0.5160031225604996,
        "f1-score": 0.5289041055321699,
        "support": 1281.0
    }
}