{
    "train_loss": [
        0.49050680468455143,
        0.4397587592785175,
        0.41321145138580806,
        0.3952422172718545,
        0.3789802107488547,
        0.3634805673774951,
        0.3490167294927034,
        0.33723858923237615,
        0.3253320521367691,
        0.30843933015396224,
        0.2945413874189552,
        0.2766387655998282,
        0.2669533394258608,
        0.2570516407193972,
        0.24413416381213565,
        0.23275862937381783,
        0.2174481390871422,
        0.20891100227389087,
        0.1986908129515778,
        0.19418894029950384,
        0.17729332969147277,
        0.17646171197886798,
        0.16796898620004394,
        0.1616982738706965,
        0.1518271251144835
    ],
    "val_loss": [
        0.47251030604044597,
        0.44494989933790985,
        0.4259144829379188,
        0.4263123331246553,
        0.41191333134969077,
        0.4238408282951072,
        0.4230632927682665,
        0.48221789885450295,
        0.43057057526376513,
        0.43034305815343504,
        0.4361315655487555,
        0.4380042442569026,
        0.4803042511145274,
        0.44698227500474014,
        0.43939419587453205,
        0.45461521810955474,
        0.4356752167145411,
        0.4381497951569381,
        0.46569080308631616,
        0.4411966573309015,
        0.44911299060892174,
        0.4429797750932199,
        0.44301798785174334,
        0.4416778590944078,
        0.4400360928641425
    ],
    "val_accuracy": [
        0.5351326198231736,
        0.6058631921824105,
        0.6161005118659841,
        0.6300604932526757,
        0.6379711493718009,
        0.6249418334108888,
        0.6221498371335505,
        0.5993485342019544,
        0.6151698464402048,
        0.6281991624011168,
        0.608189855746859,
        0.591903210795719,
        0.5923685435086087,
        0.5914378780828292,
        0.611447184737087,
        0.5946952070730572,
        0.6021405304792927,
        0.5979525360632852,
        0.5718939041414611,
        0.5988832014890647,
        0.5844578873894835,
        0.5793392275476966,
        0.591903210795719,
        0.5863192182410424,
        0.5728245695672406
    ]
}