{
    "train_loss": [
        0.48936328247522304,
        0.4442074342489834,
        0.4147309931942606,
        0.39561074583909056,
        0.378369139234718,
        0.3676103377534497,
        0.35333246972513555,
        0.3348050040213701,
        0.3217396173746355,
        0.31524873977855183,
        0.3007206633206337,
        0.28845972394011454,
        0.27221896005771296,
        0.2631822870327876,
        0.2545963639841778,
        0.23784572045057642,
        0.2297659672556385,
        0.21782859782722985,
        0.2132134621514576,
        0.19888475396792882,
        0.19008651471907093,
        0.18092276677304403,
        0.16956659506257651,
        0.16510672733261628,
        0.15665776698524247
    ],
    "val_loss": [
        0.4538364253662251,
        0.44624685490572896,
        0.42348038333433646,
        0.41767721065768487,
        0.411713135904736,
        0.4398498488797082,
        0.4623192502392663,
        0.4213041606876585,
        0.4135365185914216,
        0.4199111449497717,
        0.4239395022392273,
        0.4291441844569312,
        0.437742104684865,
        0.43259961251859314,
        0.45831859001406916,
        0.43051395040971263,
        0.45505152146021527,
        0.42828195084024356,
        0.4278818448384603,
        0.42657358668468615,
        0.4600641186590548,
        0.4438426364351202,
        0.4493231340690895,
        0.4334694806072447,
        0.43336881774443164
    ],
    "val_accuracy": [
        0.6095858538855281,
        0.6105165193113076,
        0.6179618427175431,
        0.6351791530944625,
        0.6356444858073522,
        0.6202885062819916,
        0.614704513727315,
        0.6212191717077711,
        0.6216845044206608,
        0.6337831549557934,
        0.6170311772917636,
        0.6100511865984178,
        0.5942298743601675,
        0.6095858538855281,
        0.5942298743601675,
        0.596556537924616,
        0.5816658911121452,
        0.6249418334108888,
        0.6077245230339693,
        0.6105165193113076,
        0.5830618892508144,
        0.6086551884597488,
        0.5728245695672406,
        0.5923685435086087,
        0.6002791996277338
    ]
}