{
    "0": {
        "precision": 0.6301775147928994,
        "recall": 0.5977549111318989,
        "f1-score": 0.6135381661065771,
        "support": 1069.0
    },
    "1": {
        "precision": 0.6211453744493393,
        "recall": 0.6527777777777778,
        "f1-score": 0.636568848758465,
        "support": 1080.0
    },
    "accuracy": 0.6254071661237784,
    "macro avg": {
        "precision": 0.6256614446211193,
        "recall": 0.6252663444548383,
        "f1-score": 0.625053507432521,
        "support": 2149.0
    },
    "weighted avg": {
        "precision": 0.6256383283940884,
        "recall": 0.6254071661237784,
        "f1-score": 0.6251124505477307,
        "support": 2149.0
    }
}