{
    "0": {
        "precision": 0.6272401433691757,
        "recall": 0.65237651444548,
        "f1-score": 0.6395614435815441,
        "support": 1073.0
    },
    "1": {
        "precision": 0.6389157792836399,
        "recall": 0.6133828996282528,
        "f1-score": 0.6258890469416786,
        "support": 1076.0
    },
    "accuracy": 0.6328524895300139,
    "macro avg": {
        "precision": 0.6330779613264077,
        "recall": 0.6328797070368664,
        "f1-score": 0.6327252452616113,
        "support": 2149.0
    },
    "weighted avg": {
        "precision": 0.6330861109094098,
        "recall": 0.6328524895300139,
        "f1-score": 0.6327157019414812,
        "support": 2149.0
    }
}