{
    "0": {
        "precision": 0.6236345580933466,
        "recall": 0.5756186984417965,
        "f1-score": 0.5986653956148713,
        "support": 1091.0
    },
    "1": {
        "precision": 0.5945709281961471,
        "recall": 0.6417769376181475,
        "f1-score": 0.6172727272727273,
        "support": 1058.0
    },
    "accuracy": 0.608189855746859,
    "macro avg": {
        "precision": 0.6091027431447469,
        "recall": 0.608697818029972,
        "f1-score": 0.6079690614437994,
        "support": 2149.0
    },
    "weighted avg": {
        "precision": 0.6093258933975638,
        "recall": 0.608189855746859,
        "f1-score": 0.6078261945418195,
        "support": 2149.0
    }
}