{
    "train_loss": [
        0.5057899990010337,
        0.47520326623217163,
        0.44766426706915774,
        0.4179747807396699,
        0.38494094820804775,
        0.3483206164150584,
        0.32084750268925627,
        0.2886384844967996,
        0.26821701261523395,
        0.24470211109528406,
        0.22595588410455344,
        0.2060477466025751,
        0.191860572784575,
        0.1804745123377922,
        0.19610273496068614,
        0.17603996384313053,
        0.14585798556919355,
        0.13992525244642884,
        0.13000010000982495,
        0.12951135486716917,
        0.12343148032220944,
        0.11290187133058953,
        0.11259223504303381,
        0.1031624145676567,
        0.09890850156851183,
        0.10057667038794195,
        0.09571388560679245,
        0.08776491010790743,
        0.0856057623289643,
        0.0830452138563906,
        0.07831398069223959,
        0.07602354619734294,
        0.069829228845328,
        0.07048474320971439,
        0.06869133528063444,
        0.06561852173368543,
        0.07019330184959603,
        0.05881037185268259,
        0.059231170974613084,
        0.05755638042670507,
        0.05039106801663428,
        0.054414583659475255,
        0.056824770713465915,
        0.053548006608212594,
        0.04896569772173977,
        0.048717909729055334,
        0.04249298178858185,
        0.042428643593993565,
        0.03918331367924387,
        0.04025435226320139,
        0.04140421563806453,
        0.04248437745502506,
        0.03874783141961562,
        0.03326972800950382,
        0.03680670348933254,
        0.03528270454730615,
        0.03483064912042172,
        0.031555171730584385,
        0.04149518570530725,
        0.03614173514903626,
        0.028680149480488963,
        0.029907336561391218,
        0.029671149041903225,
        0.03329541831356635,
        0.031065472760840027,
        0.029227634341006493,
        0.029628883896701107,
        0.027210071984067417,
        0.027773570061487965,
        0.028373100488572982,
        0.02642561968163314,
        0.025055086147627713,
        0.02355395675319532,
        0.024247073301052444,
        0.02712280427293752,
        0.023827550262183375,
        0.025479415601283924,
        0.025121646485223848,
        0.02241960087091859,
        0.022147264752437123,
        0.02110826666173099
    ],
    "val_loss": [
        0.4793305615471168,
        0.4993634488094937,
        0.5152642974122004,
        0.4788530404594811,
        0.508904420686039,
        0.48734344491227105,
        0.5484233561225913,
        0.4889357027343728,
        0.5359455309808254,
        0.5173224530775439,
        0.5115312762897123,
        0.49796569770710036,
        0.48263092762367293,
        0.48688961091366684,
        0.5010732016102835,
        0.48172985491427506,
        0.4823776415803216,
        0.47576882131397724,
        0.49272186241366644,
        0.4831071306358684,
        0.4884503517638553,
        0.4935731958936561,
        0.5094289117577401,
        0.48685617761855776,
        0.4942468569021333,
        0.4985808310183612,
        0.4984961035238071,
        0.5015671651133082,
        0.4996165234426206,
        0.4996471017260443,
        0.47892429146238347,
        0.4922510236501694,
        0.4820357553491538,
        0.4788393703373996,
        0.4797576339068738,
        0.501628652215004,
        0.4988661205226725,
        0.47567785234952514,
        0.47946259193122387,
        0.47118991342457855,
        0.4888535881076347,
        0.4898811085149646,
        0.491424023851075,
        0.4722385002638806,
        0.47550882890143176,
        0.4913826213133606,
        0.47613181021403184,
        0.4906876476650888,
        0.47428742195056245,
        0.4684146718037399,
        0.47945629415864294,
        0.49997345121069386,
        0.487112676047466,
        0.48054587248374114,
        0.4714186903597279,
        0.5030873019925572,
        0.4848701568659056,
        0.4774118061600761,
        0.4738486711443825,
        0.512839480557225,
        0.4616959693587639,
        0.4712972953407602,
        0.48264833886853675,
        0.48003466105596587,
        0.48315343768759206,
        0.46746560131114995,
        0.4730539323592728,
        0.46756143867969513,
        0.4797914437103001,
        0.46307563062079926,
        0.4811658418991349,
        0.47657371346246113,
        0.4831266100095077,
        0.4621782714331692,
        0.472387248988856,
        0.48224802230569447,
        0.48269883035258815,
        0.47382779080759396,
        0.4642126661810008,
        0.47884226869791746,
        0.48061210357330064
    ],
    "val_accuracy": [
        0.5415482954545454,
        0.5131392045454546,
        0.5060369318181818,
        0.5553977272727273,
        0.5085227272727273,
        0.5184659090909091,
        0.4992897727272727,
        0.5465198863636364,
        0.48970170454545453,
        0.5561079545454546,
        0.5138494318181818,
        0.5181107954545454,
        0.55078125,
        0.5266335227272727,
        0.5166903409090909,
        0.5497159090909091,
        0.5461647727272727,
        0.5518465909090909,
        0.5223721590909091,
        0.5280539772727273,
        0.5323153409090909,
        0.5163352272727273,
        0.5024857954545454,
        0.5298295454545454,
        0.5152698863636364,
        0.5106534090909091,
        0.5198863636363636,
        0.5074573863636364,
        0.5074573863636364,
        0.5145596590909091,
        0.5355113636363636,
        0.5227272727272727,
        0.5379971590909091,
        0.52734375,
        0.5291193181818182,
        0.5092329545454546,
        0.5088778409090909,
        0.5376420454545454,
        0.5358664772727273,
        0.5458096590909091,
        0.5188210227272727,
        0.5152698863636364,
        0.52734375,
        0.5408380681818182,
        0.5348011363636364,
        0.5248579545454546,
        0.5308948863636364,
        0.5227272727272727,
        0.5408380681818182,
        0.5415482954545454,
        0.5294744318181818,
        0.5042613636363636,
        0.5266335227272727,
        0.5316051136363636,
        0.5330255681818182,
        0.5031960227272727,
        0.5252130681818182,
        0.5269886363636364,
        0.5348011363636364,
        0.4939630681818182,
        0.5479403409090909,
        0.5433238636363636,
        0.5266335227272727,
        0.5269886363636364,
        0.5209517045454546,
        0.5333806818181818,
        0.5340909090909091,
        0.5376420454545454,
        0.5276988636363636,
        0.5422585227272727,
        0.5330255681818182,
        0.5308948863636364,
        0.5188210227272727,
        0.5522017045454546,
        0.5344460227272727,
        0.5230823863636364,
        0.5291193181818182,
        0.5383522727272727,
        0.5490056818181818,
        0.5323153409090909,
        0.5245028409090909
    ]
}