{
    "train_loss": [
        0.5024649938480336,
        0.47130488940405924,
        0.4438855993070813,
        0.41228289150101155,
        0.3786828317429741,
        0.34511928500061156,
        0.3158781821795443,
        0.29306293140262457,
        0.2658843923395364,
        0.2505618183747263,
        0.23143663015275348,
        0.215543651935712,
        0.20305172591367354,
        0.19119174637441003,
        0.18207393306945024,
        0.16914450454787125,
        0.15876724205511603,
        0.1478453233179986,
        0.14220181264993897,
        0.1331987489919745,
        0.12160097659574322,
        0.1147597731452447,
        0.10341886359880963,
        0.09988944820636643
    ],
    "val_loss": [
        0.5056003020568327,
        0.49679599854756484,
        0.49344147504730657,
        0.4922294628552415,
        0.5188407113944943,
        0.5360020358454097,
        0.5487705311653289,
        0.5195440118285742,
        0.49813503230159933,
        0.5023192489011721,
        0.5068421519615434,
        0.5112217256630008,
        0.5417014331641522,
        0.5006069197234783,
        0.500387317924337,
        0.4966982069679282,
        0.4981442107395692,
        0.5276920661668886,
        0.4948281093754552,
        0.4977493243799968,
        0.5094608063386246,
        0.5097797434269027,
        0.5146070276810364,
        0.5070397811518474
    ],
    "val_accuracy": [
        0.4971590909090909,
        0.5134943181818182,
        0.5106534090909091,
        0.5245028409090909,
        0.5,
        0.5003551136363636,
        0.4911221590909091,
        0.5003551136363636,
        0.5358664772727273,
        0.5209517045454546,
        0.5110085227272727,
        0.4978693181818182,
        0.48686079545454547,
        0.5191761363636364,
        0.5177556818181818,
        0.5241477272727273,
        0.5234375,
        0.48473011363636365,
        0.5216619318181818,
        0.5216619318181818,
        0.5010653409090909,
        0.4968039772727273,
        0.4982244318181818,
        0.5003551136363636
    ]
}