{
    "0": {
        "precision": 0.4749034749034749,
        "recall": 0.4659090909090909,
        "f1-score": 0.47036328871892924,
        "support": 1584.0
    },
    "1": {
        "precision": 0.5696846388606307,
        "recall": 0.5785123966942148,
        "f1-score": 0.5740645822655048,
        "support": 1936.0
    },
    "accuracy": 0.5278409090909091,
    "macro avg": {
        "precision": 0.5222940568820528,
        "recall": 0.5222107438016529,
        "f1-score": 0.5222139354922171,
        "support": 3520.0
    },
    "weighted avg": {
        "precision": 0.5270331150799106,
        "recall": 0.5278409090909091,
        "f1-score": 0.5273990001695459,
        "support": 3520.0
    }
}