{
    "0": {
        "precision": 0.46397694524495675,
        "recall": 0.4065656565656566,
        "f1-score": 0.43337819650067294,
        "support": 1584.0
    },
    "1": {
        "precision": 0.5590994371482176,
        "recall": 0.6157024793388429,
        "f1-score": 0.5860373647984267,
        "support": 1936.0
    },
    "accuracy": 0.5215909090909091,
    "macro avg": {
        "precision": 0.5115381911965872,
        "recall": 0.5111340679522498,
        "f1-score": 0.5097077806495498,
        "support": 3520.0
    },
    "weighted avg": {
        "precision": 0.5162943157917502,
        "recall": 0.5215909090909091,
        "f1-score": 0.5173407390644374,
        "support": 3520.0
    }
}