{
    "0": {
        "precision": 0.4834558823529412,
        "recall": 0.33207070707070707,
        "f1-score": 0.3937125748502994,
        "support": 1584.0
    },
    "1": {
        "precision": 0.5649671052631579,
        "recall": 0.7097107438016529,
        "f1-score": 0.6291208791208791,
        "support": 1936.0
    },
    "accuracy": 0.5397727272727273,
    "macro avg": {
        "precision": 0.5242114938080495,
        "recall": 0.52089072543618,
        "f1-score": 0.5114167269855893,
        "support": 3520.0
    },
    "weighted avg": {
        "precision": 0.5282870549535603,
        "recall": 0.5397727272727273,
        "f1-score": 0.5231871421991182,
        "support": 3520.0
    }
}