,accuracy,f1_score,precision,recall,fold
0,0.3258426966292135,0.16015996952961342,0.10617346294659766,0.3258426966292135,1.0
1,0.33707865168539325,0.16995562269851758,0.11362201742204267,0.33707865168539325,2.0
2,0.33707865168539325,0.16995562269851758,0.11362201742204267,0.33707865168539325,3.0
3,0.33707865168539325,0.16995562269851758,0.11362201742204267,0.33707865168539325,4.0
4,0.33707865168539325,0.16995562269851758,0.11362201742204267,0.33707865168539325,5.0
5,0.33707865168539325,0.16995562269851758,0.11362201742204267,0.33707865168539325,6.0
6,0.33707865168539325,0.16995562269851758,0.11362201742204267,0.33707865168539325,7.0
7,0.33707865168539325,0.16995562269851758,0.11362201742204267,0.33707865168539325,8.0
8,0.33707865168539325,0.16995562269851758,0.11362201742204267,0.33707865168539325,9.0
9,0.3258426966292135,0.16015996952961342,0.10617346294659766,0.3258426966292135,10.0
10,0.33707865168539325,0.16995562269851758,0.11362201742204267,0.33707865168539325,11.0
11,0.33707865168539325,0.16995562269851758,0.11362201742204267,0.33707865168539325,12.0
mean,0.33520599250936334,0.16832301383703355,0.11238059167613514,0.33520599250936334,6.5
std,0.00418739321629173,0.00365062439494682,0.0027759123568675565,0.00418739321629173,3.452052529534663
