{
    "train_loss": [
        0.5193470282129722,
        0.5091159549089942,
        0.5016009178492102,
        0.501474143372904,
        0.5039320787580887,
        0.5027734564082458,
        0.4998580483516844,
        0.5003370904096283,
        0.5011912952555289,
        0.5005553365934013,
        0.49833481164261845,
        0.5027048830348666,
        0.49705790092449376,
        0.4973996110481791,
        0.497338060459288,
        0.4970149259756107,
        0.4961074727006478,
        0.4934500718470847,
        0.4943106759892832,
        0.4884844461289963,
        0.4886479020708858,
        0.4861962151999521,
        0.48301458642034245,
        0.48444301716171867,
        0.4780222095475338,
        0.4824105377244477,
        0.475938870529137,
        0.4698661687940654,
        0.46738831501195927,
        0.46615984917867304,
        0.46214728361309165,
        0.46135955482426255,
        0.4609370748595436,
        0.4594748574908417,
        0.4579576934328174,
        0.4521195600528528,
        0.4571058914803042,
        0.45697357813910683,
        0.4505258466642682,
        0.4500100335862377,
        0.4511854714096183,
        0.44524638071508693,
        0.44865457335911174,
        0.44655297525448373,
        0.44740882946713134,
        0.44471668140722975,
        0.45286557783584785,
        0.4452703469755626,
        0.4418523143128593,
        0.45030225760275777,
        0.438865070413835,
        0.43618943989276887,
        0.4398240039844324,
        0.4434260802693886,
        0.4416620293171099,
        0.4379985139806672,
        0.4387881780024802,
        0.4404394703336281,
        0.43899539921543385,
        0.43043529016546683,
        0.4332383439682498,
        0.4364204708302375,
        0.4300061213793141,
        0.43292167053954433,
        0.4320505474168475,
        0.434656358030763,
        0.4374850546369458,
        0.4313977142076681,
        0.42654768821626604,
        0.4330384808306647,
        0.4357763519381533
    ],
    "val_loss": [
        0.5001800952578438,
        0.5001550181024879,
        0.49989598001954116,
        0.5002088712517326,
        0.5000164080300981,
        0.4996384756099543,
        0.5011511845348855,
        0.4992921461720438,
        0.4979321092543517,
        0.4987825583776779,
        0.49738391563737183,
        0.49709262033186014,
        0.49540832233146803,
        0.4937489496532982,
        0.49416496062419824,
        0.49115483136572075,
        0.490661609102283,
        0.4879714225876261,
        0.4862693853279543,
        0.48129655288521356,
        0.4771788532917316,
        0.47485057154350735,
        0.47211038449106835,
        0.4722341006324136,
        0.4713648732244616,
        0.4631903358465116,
        0.4625347223154892,
        0.46196050051401355,
        0.4655653463136515,
        0.4672361106209501,
        0.45650727081404635,
        0.46426659610849863,
        0.46116433297035964,
        0.4641143771318289,
        0.4592230521010224,
        0.463963378286926,
        0.46086781414655537,
        0.4586069095416887,
        0.46149711363767026,
        0.4656941918050044,
        0.45959635660845854,
        0.4642714032760033,
        0.45872918899948073,
        0.47802845913277575,
        0.46080884205166406,
        0.4625332570640293,
        0.46132697103291576,
        0.45923867610079294,
        0.4569887455398514,
        0.47134472271041755,
        0.45224230317674446,
        0.4758449882797941,
        0.47319324499756626,
        0.47434700857958145,
        0.45227263462261336,
        0.46020185012789167,
        0.4583400550502292,
        0.4612676607081171,
        0.46656392955568415,
        0.46609800040016514,
        0.46078190480816295,
        0.46119497610619786,
        0.4605282504530348,
        0.46120789197422346,
        0.4644958710176705,
        0.462539455153533,
        0.46123489525896555,
        0.4557905938674712,
        0.47167901139287555,
        0.46090355612469847,
        0.45608896687185974
    ],
    "val_accuracy": [
        0.49461567025621983,
        0.4957296695135537,
        0.493501670998886,
        0.49498700334199774,
        0.4957296695135537,
        0.5079836613442258,
        0.49498700334199774,
        0.5057556628295581,
        0.5098403267731155,
        0.5057556628295581,
        0.5090976606015596,
        0.5098403267731155,
        0.5105829929446714,
        0.5113256591162273,
        0.5135536576308949,
        0.5113256591162273,
        0.5090976606015596,
        0.5198663200891199,
        0.519494987003342,
        0.5213516524322317,
        0.5350909766060156,
        0.5350909766060156,
        0.5406609728926848,
        0.5339769773486818,
        0.5399183067211288,
        0.5462309691793539,
        0.5469736353509098,
        0.5484589676940216,
        0.5410323059784626,
        0.5358336427775715,
        0.5532862978091347,
        0.5402896398069068,
        0.5466023022651318,
        0.5410323059784626,
        0.5451169699220201,
        0.5425176383215744,
        0.5443743037504641,
        0.5488303007797994,
        0.5462309691793539,
        0.538804307463795,
        0.5473449684366877,
        0.539175640549573,
        0.5469736353509098,
        0.5239509840326773,
        0.5451169699220201,
        0.5432603044931303,
        0.5458596360935759,
        0.5473449684366877,
        0.5525436316375789,
        0.53249164500557,
        0.5525436316375789,
        0.5284069810620127,
        0.5317489788340141,
        0.5295209803193465,
        0.5521722985518009,
        0.5458596360935759,
        0.5466023022651318,
        0.5414036390642406,
        0.5362049758633495,
        0.5376903082064612,
        0.5443743037504641,
        0.5428889714073524,
        0.5443743037504641,
        0.5436316375789083,
        0.5376903082064612,
        0.5406609728926848,
        0.5440029706646862,
        0.5492016338655774,
        0.5306349795766803,
        0.5443743037504641,
        0.5503156331229112
    ]
}