{
    "0": {
        "precision": 0.5523114355231143,
        "recall": 0.5116453794139745,
        "f1-score": 0.531201248049922,
        "support": 1331.0
    },
    "1": {
        "precision": 0.5547945205479452,
        "recall": 0.5947136563876652,
        "f1-score": 0.5740609496810772,
        "support": 1362.0
    },
    "accuracy": 0.5536576308949127,
    "macro avg": {
        "precision": 0.5535529780355297,
        "recall": 0.5531795179008199,
        "f1-score": 0.5526310988654997,
        "support": 2693.0
    },
    "weighted avg": {
        "precision": 0.5535672698357099,
        "recall": 0.5536576308949127,
        "f1-score": 0.5528777848570641,
        "support": 2693.0
    }
}