{
    "0": {
        "precision": 0.5263157894736842,
        "recall": 0.6325301204819277,
        "f1-score": 0.5745554035567716,
        "support": 1328.0
    },
    "1": {
        "precision": 0.5551504102096627,
        "recall": 0.4461538461538462,
        "f1-score": 0.49471974004874086,
        "support": 1365.0
    },
    "accuracy": 0.5380616412922391,
    "macro avg": {
        "precision": 0.5407330998416735,
        "recall": 0.539341983317887,
        "f1-score": 0.5346375718027563,
        "support": 2693.0
    },
    "weighted avg": {
        "precision": 0.5409311839425334,
        "recall": 0.5380616412922391,
        "f1-score": 0.5340891277719733,
        "support": 2693.0
    }
}