{
    "train_loss": [
        0.6250754500307688,
        0.5821350306999392,
        0.5507321956681042,
        0.5389988588123786,
        0.5295966324282856,
        0.5197828234695807,
        0.5125392192747534,
        0.5078143366953222,
        0.4960555373168573,
        0.49033899336326414,
        0.48641030235988336,
        0.4764958141780481,
        0.47153315006232843,
        0.4696305200821016,
        0.4660417963818806,
        0.4587446813176318,
        0.4565508948593605,
        0.45489223061538325,
        0.4532326077542654,
        0.44439336773825855,
        0.4345986366271973,
        0.44013606164513563,
        0.4398882394883691,
        0.43633572895352435,
        0.43296174370661017,
        0.4298725072930499,
        0.4251917155777536,
        0.4227575017184746,
        0.4213857249515813,
        0.42022383096741467,
        0.4218495902491779,
        0.4157458618646715,
        0.4116868813590306,
        0.4090160936117172,
        0.4067953753762129,
        0.40846314691915747,
        0.39969400552714746,
        0.4047841294509609,
        0.40074944815984587,
        0.3964529613169228,
        0.3913454047063502,
        0.39003276476045934,
        0.3919671869132577,
        0.3864778156687574,
        0.38381427526474,
        0.38724358219925953,
        0.383857052500655,
        0.3809213910160995,
        0.3843772409892664,
        0.3808036623931513,
        0.3755817551438401,
        0.37794825361996165,
        0.37335992746236846,
        0.3752370478903375,
        0.3730634536685013,
        0.3734607114297588,
        0.3727407328239301,
        0.36687141533305007,
        0.37060203901151334,
        0.3671523475065464,
        0.36647150712769205,
        0.3643042215486852,
        0.3605641170972731,
        0.36178448243838984,
        0.3568769568350257,
        0.3566904473595503,
        0.36260395638826415,
        0.35802331356013695,
        0.35687003768071895,
        0.3561870218777075,
        0.353158079923653,
        0.35432484382536356,
        0.3515253525681612,
        0.3560072816726638,
        0.3535694207360105,
        0.35039366701754127,
        0.3466135254720362,
        0.3478478115506288,
        0.34827204114053306,
        0.34872170824830123,
        0.34735190868377686
    ],
    "val_loss": [
        0.5010321424557612,
        0.493604694879972,
        0.49625942477813134,
        0.5039852559566498,
        0.48964046973448533,
        0.47776946608836834,
        0.48326662549605737,
        0.47658924735509434,
        0.45824418801527755,
        0.4513998366319216,
        0.4413806282556974,
        0.43937462659982535,
        0.4332026169850276,
        0.42236950535040635,
        0.4301646296794598,
        0.41289149660330554,
        0.42613554780299845,
        0.40342965859633223,
        0.40281246763009293,
        0.3959745159515968,
        0.40361549510405614,
        0.396532207268935,
        0.3989808719891768,
        0.40002520038531375,
        0.3769929619935843,
        0.3906142594722601,
        0.3736739830328868,
        0.3887385987318479,
        0.37623395071579857,
        0.3949911484351525,
        0.3714942700587786,
        0.37906187979074624,
        0.3833414077758789,
        0.3737448247579428,
        0.35732719393876883,
        0.3757665077081093,
        0.35837841217334454,
        0.35463100029872013,
        0.3691325400884335,
        0.3829260635834474,
        0.3417827723117975,
        0.33562449446091286,
        0.3585268843632478,
        0.35167560371068807,
        0.3385106902856093,
        0.33948338685127405,
        0.3344837468404036,
        0.3464382951076214,
        0.3310676260636403,
        0.3320292956553973,
        0.33410393481071177,
        0.3269631764063468,
        0.31453112627451235,
        0.330191563642942,
        0.33105086924938054,
        0.34904270584766683,
        0.3239646206681545,
        0.3590103674393434,
        0.3293507910691775,
        0.3113912322200262,
        0.3090987708706122,
        0.3184402314516214,
        0.3452578114775511,
        0.3303938904633889,
        0.3256351454899861,
        0.3178157572562878,
        0.3272880151294745,
        0.32218644458513995,
        0.3345938919255367,
        0.31210750570664036,
        0.3290056608044184,
        0.3393816102009553,
        0.3436277893873361,
        0.3455664912095437,
        0.320597369567706,
        0.33520777718378947,
        0.3392370182161148,
        0.3265945838047908,
        0.3440319502582917,
        0.34558045887030087,
        0.33207890460124384
    ],
    "val_accuracy": [
        0.47855750487329435,
        0.5750487329434698,
        0.5555555555555556,
        0.44541910331384016,
        0.557504873294347,
        0.615009746588694,
        0.564327485380117,
        0.543859649122807,
        0.5925925925925926,
        0.5867446393762183,
        0.6140350877192983,
        0.6101364522417154,
        0.6384015594541911,
        0.6647173489278753,
        0.6198830409356725,
        0.6598440545808967,
        0.6081871345029239,
        0.6812865497076024,
        0.6920077972709552,
        0.6939571150097466,
        0.6617933723196882,
        0.6890838206627681,
        0.6608187134502924,
        0.6598440545808967,
        0.6988304093567251,
        0.6793372319688109,
        0.7105263157894737,
        0.6764132553606238,
        0.695906432748538,
        0.6598440545808967,
        0.7017543859649122,
        0.6871345029239766,
        0.6783625730994152,
        0.6861598440545809,
        0.7017543859649122,
        0.6793372319688109,
        0.7056530214424951,
        0.7095516569200779,
        0.6793372319688109,
        0.6715399610136452,
        0.7095516569200779,
        0.7173489278752436,
        0.682261208576998,
        0.6842105263157895,
        0.7066276803118908,
        0.7046783625730995,
        0.6978557504873294,
        0.682261208576998,
        0.6968810916179338,
        0.6978557504873294,
        0.6968810916179338,
        0.6968810916179338,
        0.7095516569200779,
        0.6929824561403509,
        0.6988304093567251,
        0.6783625730994152,
        0.6920077972709552,
        0.6744639376218323,
        0.6890838206627681,
        0.6998050682261209,
        0.7056530214424951,
        0.6939571150097466,
        0.6793372319688109,
        0.7007797270955166,
        0.6968810916179338,
        0.7066276803118908,
        0.7007797270955166,
        0.6988304093567251,
        0.6871345029239766,
        0.7037037037037037,
        0.6929824561403509,
        0.6920077972709552,
        0.6812865497076024,
        0.6666666666666666,
        0.6920077972709552,
        0.6871345029239766,
        0.6949317738791423,
        0.6949317738791423,
        0.6842105263157895,
        0.6734892787524367,
        0.6871345029239766
    ]
}