{
    "0": {
        "precision": 0.5669144981412639,
        "recall": 0.594541910331384,
        "f1-score": 0.5803996194100857,
        "support": 513.0
    },
    "1": {
        "precision": 0.7204301075268817,
        "recall": 0.6970091027308193,
        "f1-score": 0.7085261070720423,
        "support": 769.0
    },
    "accuracy": 0.65600624024961,
    "macro avg": {
        "precision": 0.6436723028340728,
        "recall": 0.6457755065311017,
        "f1-score": 0.644462863241064,
        "support": 1282.0
    },
    "weighted avg": {
        "precision": 0.6589999143795947,
        "recall": 0.65600624024961,
        "f1-score": 0.6572555234756431,
        "support": 1282.0
    }
}