{
    "train_loss": [
        0.48621485407272597,
        0.43155640812866997,
        0.4077946571737195,
        0.39960097444304626,
        0.38924870004304096,
        0.37592143723458954,
        0.3699027976493516,
        0.35789754131193935,
        0.3469741372733215,
        0.3356264611227851,
        0.318558734736184,
        0.30914924297321356,
        0.29542522498390134,
        0.2826857591668765,
        0.2639596452268117,
        0.2518325121137514,
        0.24108177133534323,
        0.2286115313926192,
        0.21770865346588777,
        0.20436195826582743,
        0.1956528736786409,
        0.18766584267551628,
        0.18222282876214532,
        0.1700301519290587,
        0.16538857540897015,
        0.1562657896280764,
        0.14808984930839456,
        0.13956557411516302,
        0.13616555865610425,
        0.12447983204153927,
        0.1217861844128684,
        0.11033167788963855,
        0.10701736572244616,
        0.10559811093733071,
        0.09977425182419436,
        0.09274080003859798,
        0.0930730197400425,
        0.08491109895773909,
        0.08106776248467595,
        0.08360428464535083,
        0.08501612454611196,
        0.07541822606290689,
        0.07150176291961514,
        0.07143183013920389,
        0.07031459627937424,
        0.06539855279961224,
        0.06698862954890994,
        0.06351149103127456
    ],
    "val_loss": [
        0.5762784975416521,
        0.5418522350928363,
        0.5306731031221502,
        0.5571758466608384,
        0.493136868056129,
        0.5131306301144992,
        0.5744129668263828,
        0.43618051760336934,
        0.5032926818903755,
        0.5374038503450506,
        0.47563171421780304,
        0.4135845755829531,
        0.4155484841150396,
        0.4775421987561619,
        0.5022012268795687,
        0.5284656514139736,
        0.4175358302452985,
        0.47853485451025124,
        0.536753883081324,
        0.47830450324451224,
        0.47595756334417005,
        0.41939431411378525,
        0.5181150590672212,
        0.4579175202285542,
        0.4416183317408842,
        0.5282384704141055,
        0.4828761027139776,
        0.37584647746647104,
        0.4100797201780712,
        0.3998397526495597,
        0.47284444535479825,
        0.4666207490598454,
        0.4507323507000418,
        0.5229069958714878,
        0.5101634798681035,
        0.44271277294439426,
        0.4595129833501928,
        0.4754386833485435,
        0.43310118072173176,
        0.5058034451568828,
        0.4396090518025791,
        0.5191487596315496,
        0.488593411971541,
        0.4635553721119376,
        0.49355243759996753,
        0.45228515565395355,
        0.4446057850823683,
        0.4906157826676088
    ],
    "val_accuracy": [
        0.3713235294117647,
        0.4147058823529412,
        0.4360294117647059,
        0.44632352941176473,
        0.4985294117647059,
        0.46838235294117647,
        0.45588235294117646,
        0.5882352941176471,
        0.49117647058823527,
        0.4698529411764706,
        0.5330882352941176,
        0.6205882352941177,
        0.6073529411764705,
        0.5213235294117647,
        0.5007352941176471,
        0.48455882352941176,
        0.6205882352941177,
        0.5301470588235294,
        0.4860294117647059,
        0.5338235294117647,
        0.5426470588235294,
        0.6154411764705883,
        0.4838235294117647,
        0.5617647058823529,
        0.575735294117647,
        0.49264705882352944,
        0.525,
        0.6477941176470589,
        0.6110294117647059,
        0.6183823529411765,
        0.5308823529411765,
        0.5441176470588235,
        0.5654411764705882,
        0.47794117647058826,
        0.4948529411764706,
        0.5639705882352941,
        0.5647058823529412,
        0.5338235294117647,
        0.5786764705882353,
        0.5080882352941176,
        0.5735294117647058,
        0.5,
        0.5176470588235295,
        0.5477941176470589,
        0.5205882352941177,
        0.5514705882352942,
        0.5691176470588235,
        0.5125
    ]
}