{
    "train_loss": [
        0.483031668086521,
        0.44403069586050314,
        0.416595295828874,
        0.4002801356745548,
        0.3887769630697907,
        0.3745971599318942,
        0.36212318791229214,
        0.353897518212678,
        0.33815310697575085,
        0.32218407695410684,
        0.3095370632336765,
        0.2978861227631569,
        0.280263935273788,
        0.2677831455943037,
        0.25099982458059905,
        0.23951792423842383,
        0.22428818360948172,
        0.21126895655618338,
        0.20257267588596853,
        0.18866069545877762,
        0.17779537991422123,
        0.16948988166500312,
        0.16143163137870734,
        0.1485417543864641,
        0.1450412800260743
    ],
    "val_loss": [
        0.4876257121562958,
        0.4965728065546821,
        0.4760482710950515,
        0.5098463349482593,
        0.4695947264923769,
        0.47206032626769123,
        0.4707035962273093,
        0.4971808836740606,
        0.5232978333445156,
        0.5237271428108216,
        0.502819275856018,
        0.5427379162872539,
        0.5513376379714293,
        0.5357922220931334,
        0.5566323872874764,
        0.4886107802391052,
        0.4779827200314578,
        0.5311919598018422,
        0.5214741321171031,
        0.6279617418261135,
        0.5408252982532277,
        0.535664442356895,
        0.5589210920474108,
        0.5315801147152396,
        0.5668450162691229
    ],
    "val_accuracy": [
        0.5838235294117647,
        0.4985294117647059,
        0.5507352941176471,
        0.5433823529411764,
        0.5352941176470588,
        0.5654411764705882,
        0.5389705882352941,
        0.5375,
        0.5058823529411764,
        0.4838235294117647,
        0.5727941176470588,
        0.4551470588235294,
        0.4426470588235294,
        0.4661764705882353,
        0.43308823529411766,
        0.5316176470588235,
        0.538235294117647,
        0.4625,
        0.4808823529411765,
        0.3941176470588235,
        0.46838235294117647,
        0.46911764705882353,
        0.44632352941176473,
        0.47794117647058826,
        0.4338235294117647
    ]
}