{
    "train_loss": [
        0.47365088720060583,
        0.4263321384427628,
        0.40757550738283976,
        0.3887843072126453,
        0.38177283528154404,
        0.37253580108021,
        0.3666204945716689,
        0.35306302994345695,
        0.3433488089585266,
        0.3270373696194371,
        0.317708777308752,
        0.3095595384565529,
        0.29074382260681736,
        0.2824875657925091,
        0.2706537368360925,
        0.2556673242993977,
        0.2399558219788731,
        0.23574941485352371,
        0.22066467160571984,
        0.20843283856668526,
        0.19746388511165328,
        0.1912247608753218,
        0.1791443818949175,
        0.16423711804568095,
        0.15686274938369335,
        0.1624540109757256,
        0.14567159103070673,
        0.13736713790723187,
        0.1303621746611672,
        0.12500126640973747,
        0.11467751783533277,
        0.11474141821073257,
        0.10487922544076726,
        0.09725179950348228,
        0.10017775373770323,
        0.08944093570977017,
        0.09292130135509655,
        0.08693736974575861,
        0.08302943022012854,
        0.0737334294874527,
        0.0807600555770495,
        0.06695221697434711,
        0.07139857466244132,
        0.07368527949846165,
        0.06483772686636151,
        0.05674282572983544,
        0.05889309349435347,
        0.060472323829173176,
        0.06055912955389651,
        0.05631682118055997,
        0.05139003224196977,
        0.05135910546380109,
        0.0502156064922107,
        0.04766023164576042,
        0.04988451271382387,
        0.04812105318933317,
        0.04681845743662037
    ],
    "val_loss": [
        0.533346154759912,
        0.5444575628813575,
        0.5176928313339457,
        0.5430583911783555,
        0.5236379181637484,
        0.5541413647287032,
        0.531518020700006,
        0.5132331427405862,
        0.5240127384662628,
        0.54436235462918,
        0.5323693513870239,
        0.5144971402252422,
        0.514135010803447,
        0.4790833939524258,
        0.5509662224965937,
        0.5010156294878791,
        0.5275720403474919,
        0.4924466080525342,
        0.4701700631309958,
        0.4986984529915978,
        0.5283539084827199,
        0.4826914636527791,
        0.5080906906548668,
        0.5082847823114957,
        0.47772214850958655,
        0.5035505170331281,
        0.4996591091156006,
        0.4913313479984508,
        0.48911026015001186,
        0.48927104245213904,
        0.48421892523765564,
        0.469575438078712,
        0.4927449668154997,
        0.5905333571574267,
        0.4591263003209058,
        0.5244726458016564,
        0.4580365447437062,
        0.5119960465851952,
        0.5096633146790898,
        0.53882977401509,
        0.5403401739457074,
        0.4670598936431548,
        0.5622956679147832,
        0.5050024775897756,
        0.5064994151101393,
        0.48136664804290324,
        0.5072853866745444,
        0.5280344195225659,
        0.5132822639801923,
        0.5512039387927335,
        0.542073670204948,
        0.5014828783624312,
        0.49668660234002504,
        0.5201506158884834,
        0.5436342747772441,
        0.5600409363999086,
        0.510725696998484
    ],
    "val_accuracy": [
        0.44338235294117645,
        0.43676470588235294,
        0.47058823529411764,
        0.4713235294117647,
        0.47058823529411764,
        0.4536764705882353,
        0.46911764705882353,
        0.5102941176470588,
        0.4919117647058823,
        0.4808823529411765,
        0.47794117647058826,
        0.4852941176470588,
        0.5080882352941176,
        0.5367647058823529,
        0.4698529411764706,
        0.5066176470588235,
        0.4904411764705882,
        0.5316176470588235,
        0.5485294117647059,
        0.525,
        0.48308823529411765,
        0.5463235294117647,
        0.5051470588235294,
        0.5058823529411764,
        0.5375,
        0.5125,
        0.5345588235294118,
        0.5264705882352941,
        0.5198529411764706,
        0.5264705882352941,
        0.5294117647058824,
        0.5448529411764705,
        0.5198529411764706,
        0.4147058823529412,
        0.5595588235294118,
        0.4786764705882353,
        0.5470588235294118,
        0.4985294117647059,
        0.4919117647058823,
        0.4661764705882353,
        0.4698529411764706,
        0.5433823529411764,
        0.44485294117647056,
        0.5029411764705882,
        0.4985294117647059,
        0.5220588235294118,
        0.5044117647058823,
        0.4786764705882353,
        0.4875,
        0.45808823529411763,
        0.46838235294117647,
        0.5029411764705882,
        0.5066176470588235,
        0.4838235294117647,
        0.4625,
        0.44779411764705884,
        0.49558823529411766
    ]
}