{
    "train_loss": [
        0.48938065988310214,
        0.43985086513097965,
        0.41147805885835126,
        0.39930420876309825,
        0.3923480799703887,
        0.3818736765325735,
        0.37340188368655847,
        0.36671000719070435,
        0.35360041602946923,
        0.34336583062032006,
        0.33401009485577093,
        0.31879671601254783,
        0.31291635942896395,
        0.2984953675733989,
        0.2899387600152877,
        0.27522514674937326,
        0.26557267993165734,
        0.2555368421703244,
        0.2399332804733106,
        0.23571029522915207,
        0.2241366327498138,
        0.2131199177586291,
        0.19988123121919435,
        0.189169445023107,
        0.18183772338396814,
        0.17118392653014672,
        0.1601059038958481,
        0.1573821407708635,
        0.14862574763489111,
        0.13948121605117164,
        0.13306029120154167,
        0.1289224661649034,
        0.12249944501658946,
        0.11726793272500974,
        0.11468024406005796,
        0.10498685856458198,
        0.1002492526608506,
        0.10184048295341895,
        0.09236596518625435,
        0.08894629231052535,
        0.0837790397570678,
        0.08360147590420701,
        0.07729755430237244,
        0.07208715766175179,
        0.07091190290163484,
        0.06832591526988638,
        0.06341231830323046,
        0.059316477721981835,
        0.062178994227420584,
        0.05873997266474143,
        0.057154827519502654,
        0.05422085249258808
    ],
    "val_loss": [
        0.5351863391259137,
        0.48778757838641895,
        0.5053000450134277,
        0.5334834337234498,
        0.46932640005560483,
        0.5166582097025478,
        0.5265102260253008,
        0.4497413859647863,
        0.478250213580973,
        0.489580332181033,
        0.5273184152210459,
        0.46157517433166506,
        0.5441890334381777,
        0.48863573600264154,
        0.4976959210984847,
        0.5011592595016255,
        0.5252780612777261,
        0.4909146645489861,
        0.4795577915275798,
        0.5472537471967585,
        0.48499184706631826,
        0.49016718478763804,
        0.4651049294892479,
        0.4463597872677971,
        0.5362357840818517,
        0.4722562081673566,
        0.4472407369052663,
        0.46098251447958105,
        0.537136914098964,
        0.4471045055810143,
        0.4437956506715101,
        0.41410865117521845,
        0.5258331814232995,
        0.49180136954083165,
        0.48882119445239797,
        0.4829565977349001,
        0.524059332819546,
        0.481240469567916,
        0.509614460959154,
        0.45705891269094806,
        0.4344882912495557,
        0.486189765439314,
        0.4858761652427561,
        0.4620553223525777,
        0.48396881731117475,
        0.47684213694404154,
        0.4327795328462825,
        0.44894565957434035,
        0.4292978526914821,
        0.46336047631852767,
        0.478080909392413,
        0.45478375992354225
    ],
    "val_accuracy": [
        0.3897058823529412,
        0.5125,
        0.5058823529411764,
        0.47794117647058826,
        0.5654411764705882,
        0.48161764705882354,
        0.4970588235294118,
        0.5830882352941177,
        0.549264705882353,
        0.5308823529411765,
        0.4727941176470588,
        0.5625,
        0.4860294117647059,
        0.5441176470588235,
        0.5191176470588236,
        0.5191176470588236,
        0.5110294117647058,
        0.5257352941176471,
        0.538235294117647,
        0.4985294117647059,
        0.5352941176470588,
        0.5367647058823529,
        0.5514705882352942,
        0.5772058823529411,
        0.4823529411764706,
        0.5404411764705882,
        0.5705882352941176,
        0.5529411764705883,
        0.4838235294117647,
        0.5639705882352941,
        0.5691176470588235,
        0.6036764705882353,
        0.4875,
        0.5264705882352941,
        0.5279411764705882,
        0.5227941176470589,
        0.4948529411764706,
        0.5213235294117647,
        0.4970588235294118,
        0.5544117647058824,
        0.5786764705882353,
        0.5205882352941177,
        0.5220588235294118,
        0.5573529411764706,
        0.5316176470588235,
        0.538235294117647,
        0.5727941176470588,
        0.5602941176470588,
        0.5911764705882353,
        0.5433823529411764,
        0.5345588235294118,
        0.5595588235294118
    ]
}