{
    "train_loss": [
        0.48638621471860083,
        0.4392970245703425,
        0.4156376638287417,
        0.401411064032169,
        0.39437113145079505,
        0.3824135330828717,
        0.36947835749881924,
        0.35169665164955577,
        0.33949816514392794,
        0.32729771218929193,
        0.31187010623275124,
        0.29857541425326956,
        0.2846136497563719,
        0.27086606949517367,
        0.2611060218535704,
        0.24614942970160905,
        0.23069203355036008,
        0.22653232866586162,
        0.209228660060367,
        0.1983553489414871,
        0.18724635131846223,
        0.18075344059773912,
        0.17162817013142678,
        0.16074171664221637,
        0.15486641552507271,
        0.14571238425757277,
        0.1357633462065418,
        0.12893259427281706,
        0.12777490587353504,
        0.12233814649132606,
        0.10705103038443023,
        0.10893235090874173
    ],
    "val_loss": [
        0.5046926954213311,
        0.5199632041594562,
        0.49721873718149523,
        0.4750379295910106,
        0.44607077170820797,
        0.46526291615822735,
        0.4403663161922904,
        0.4593821150415084,
        0.4808564445551704,
        0.43844323964679943,
        0.44771724939346313,
        0.41960960872033065,
        0.4602589600226458,
        0.4386778526446399,
        0.4488893144270953,
        0.46361104565508227,
        0.45325920844779294,
        0.46814661446739647,
        0.4514889247277204,
        0.451641531902201,
        0.47196450058151695,
        0.4739259288591497,
        0.48343866853153006,
        0.44055130692089306,
        0.4315982429420247,
        0.4534594658543082,
        0.4774493992328644,
        0.4636029492406284,
        0.4625302213079789,
        0.451549517231829,
        0.45567890090100904,
        0.4913318115122178
    ],
    "val_accuracy": [
        0.47205882352941175,
        0.46691176470588236,
        0.5125,
        0.55,
        0.5661764705882353,
        0.5683823529411764,
        0.5852941176470589,
        0.5764705882352941,
        0.5727941176470588,
        0.5948529411764706,
        0.586764705882353,
        0.6110294117647059,
        0.5882352941176471,
        0.5926470588235294,
        0.5830882352941177,
        0.5727941176470588,
        0.5772058823529411,
        0.5529411764705883,
        0.5904411764705882,
        0.5705882352941176,
        0.5441176470588235,
        0.5455882352941176,
        0.5345588235294118,
        0.5830882352941177,
        0.5845588235294118,
        0.5602941176470588,
        0.5419117647058823,
        0.5544117647058824,
        0.5477941176470589,
        0.5647058823529412,
        0.5544117647058824,
        0.5183823529411765
    ]
}