{
    "train_loss": [
        0.48400476235564394,
        0.4373081668522885,
        0.4150035414758689,
        0.40404862637567046,
        0.3927093998286197,
        0.3808082407063777,
        0.36980926889692595,
        0.3617326679452024,
        0.34725315945081586,
        0.33506378098682993,
        0.3196922322311024,
        0.3057900275973597,
        0.292301423663255,
        0.28060666986867144,
        0.27208679155892274,
        0.257246718708143,
        0.24193692190123864,
        0.23662480178347514,
        0.22865475695764664,
        0.21402488833926495,
        0.20496703713837236,
        0.19583607029796826,
        0.18644723312763295,
        0.18015570679169282
    ],
    "val_loss": [
        0.4897877644090092,
        0.4952839995131773,
        0.542026241386638,
        0.47249392586595873,
        0.47683444268563213,
        0.4852039544021382,
        0.4765740710146287,
        0.4768615059992846,
        0.49302230582517736,
        0.5264763395575917,
        0.5205842807012446,
        0.47924538815722745,
        0.48573120551950794,
        0.4806544296881732,
        0.5101544871049769,
        0.49400571058778203,
        0.5079439089578741,
        0.5147504788987777,
        0.49695497050004844,
        0.4827877468922559,
        0.4955800620948567,
        0.5049631462377661,
        0.4922888718983706,
        0.5012082017519894
    ],
    "val_accuracy": [
        0.5139705882352941,
        0.5044117647058823,
        0.5007352941176471,
        0.5477941176470589,
        0.525,
        0.525,
        0.5397058823529411,
        0.5389705882352941,
        0.5125,
        0.49926470588235294,
        0.5183823529411765,
        0.5352941176470588,
        0.5191176470588236,
        0.5367647058823529,
        0.5279411764705882,
        0.5088235294117647,
        0.5301470588235294,
        0.5080882352941176,
        0.5176470588235295,
        0.5235294117647059,
        0.5066176470588235,
        0.5080882352941176,
        0.5183823529411765,
        0.5147058823529411
    ]
}