{
    "train_loss": [
        0.48239200402086024,
        0.4358124233016344,
        0.41629709189647457,
        0.40062574517689764,
        0.39189365394761627,
        0.3863421259360893,
        0.37217499016322825,
        0.3609372978084184,
        0.34858164588146123,
        0.34277270762162787,
        0.32507406128715505,
        0.3103454915858875,
        0.3013856070249623,
        0.28665801318727924,
        0.27217586263085825,
        0.26040821659416424,
        0.2517303947556613,
        0.23697115432157695,
        0.22924092769437118,
        0.21412973976302369,
        0.20481951154095362,
        0.19787909389934807,
        0.18618926983268647,
        0.17619731953814394,
        0.17288615461729026,
        0.16011123631927082,
        0.1548390319379412,
        0.14840970465745137,
        0.14459036489675905,
        0.13915038589863948,
        0.1287325249514847,
        0.121732453246981,
        0.11931907419823226,
        0.10939834718055721,
        0.11064205618685466,
        0.09907374513622756,
        0.09756446971827856,
        0.09347260488063747,
        0.09203490025923816,
        0.08423194114838341,
        0.08223879781212205,
        0.07976469533616601,
        0.08051332677903113,
        0.07724893464912831
    ],
    "val_loss": [
        0.4881804262890535,
        0.6162069744923535,
        0.4481291164370144,
        0.5086895585060119,
        0.4832021096173455,
        0.5670245387974907,
        0.621699848245172,
        0.47895085671368764,
        0.5322517885881312,
        0.6071545842815848,
        0.39130746652098264,
        0.4675502969938166,
        0.42198920916108523,
        0.4902335172190386,
        0.41661949245368735,
        0.5111466418294346,
        0.400963814293637,
        0.4355526764603222,
        0.3909034380141427,
        0.40519268372479605,
        0.446707740075448,
        0.4519182497964186,
        0.3553223567850449,
        0.3462952710249845,
        0.4633611403843936,
        0.40170962494962353,
        0.36958983750904306,
        0.4575811275664498,
        0.47335549733218024,
        0.4661832753349753,
        0.4648114576059229,
        0.45245840514407437,
        0.36648855279473697,
        0.5529951456715079,
        0.5073224507710513,
        0.4455072984975927,
        0.4234411597251892,
        0.4828945750699324,
        0.4150803565979004,
        0.3638641664210488,
        0.4307998932459775,
        0.38713257417959324,
        0.4058630049228668,
        0.43364828614627615
    ],
    "val_accuracy": [
        0.4985294117647059,
        0.33455882352941174,
        0.5580882352941177,
        0.48676470588235293,
        0.5007352941176471,
        0.40955882352941175,
        0.37573529411764706,
        0.5257352941176471,
        0.4661764705882353,
        0.4117647058823529,
        0.6573529411764706,
        0.5705882352941176,
        0.6169117647058824,
        0.5375,
        0.6286764705882353,
        0.5264705882352941,
        0.6397058823529411,
        0.600735294117647,
        0.6522058823529412,
        0.6367647058823529,
        0.5683823529411764,
        0.5794117647058824,
        0.6823529411764706,
        0.6955882352941176,
        0.5544117647058824,
        0.6316176470588235,
        0.6647058823529411,
        0.5698529411764706,
        0.5470588235294118,
        0.5639705882352941,
        0.5522058823529412,
        0.5647058823529412,
        0.6617647058823529,
        0.45073529411764707,
        0.5154411764705882,
        0.5698529411764706,
        0.5897058823529412,
        0.5375,
        0.6022058823529411,
        0.6566176470588235,
        0.5948529411764706,
        0.625,
        0.6161764705882353,
        0.5852941176470589
    ]
}