{
    "train_loss": [
        0.477417399838976,
        0.44237133807627566,
        0.419691579335148,
        0.4068151635865595,
        0.3941316603892069,
        0.3863984582304762,
        0.37140003713344333,
        0.36218889835192813,
        0.34705064155654874,
        0.3342211359874112,
        0.3194833398346755,
        0.3053321237517867,
        0.2979642189497516,
        0.2798624587559739,
        0.2657932908137318,
        0.25131546854009923,
        0.24277867102372627,
        0.22767315961432572,
        0.21574019684015452,
        0.20420822196057808,
        0.19323563238723213,
        0.19290651324444325
    ],
    "val_loss": [
        0.5245356685975019,
        0.5203332325991462,
        0.5812114133554347,
        0.5919561757760889,
        0.5928311737144695,
        0.5898612215238459,
        0.5758921788019292,
        0.6073148464455324,
        0.6008070872110479,
        0.6517177213640774,
        0.5435577872921439,
        0.5554807550766889,
        0.6106632786638596,
        0.6070183760979596,
        0.5891517211409176,
        0.6423552534159492,
        0.595396480139564,
        0.595747298002243,
        0.6376166480429032,
        0.5725350800682517,
        0.5603451258995954,
        0.6090501529328963
    ],
    "val_accuracy": [
        0.4139705882352941,
        0.4227941176470588,
        0.3801470588235294,
        0.3897058823529412,
        0.3845588235294118,
        0.3941176470588235,
        0.40808823529411764,
        0.4,
        0.3845588235294118,
        0.38529411764705884,
        0.42426470588235293,
        0.43823529411764706,
        0.39044117647058824,
        0.39558823529411763,
        0.4161764705882353,
        0.39926470588235297,
        0.41911764705882354,
        0.39705882352941174,
        0.3889705882352941,
        0.4360294117647059,
        0.44338235294117645,
        0.4139705882352941
    ]
}