{
    "train_loss": [
        0.47946484614145696,
        0.4422284883968711,
        0.41650083063119486,
        0.4020474762872555,
        0.39859646946239624,
        0.3855295870124241,
        0.3778517827702564,
        0.3637613042543252,
        0.35101602808908705,
        0.33710058673283455,
        0.3282073225533025,
        0.3134094865134593,
        0.3009849212477716,
        0.2865935538089677,
        0.2766893302743737,
        0.2607198791940178,
        0.2524499636304895,
        0.23885889449433378,
        0.2275155001345358,
        0.21436962134310944,
        0.2050266581173406,
        0.19396269679619643,
        0.18314054796702406,
        0.17544206647414648
    ],
    "val_loss": [
        0.47245449283543756,
        0.48939663101645076,
        0.4643368742045234,
        0.4639821031514336,
        0.4936265408992767,
        0.5284032257164226,
        0.5012751116472132,
        0.47682764460058774,
        0.520938165398205,
        0.5157067326938405,
        0.49717485413831825,
        0.4845121134729946,
        0.49898349292138044,
        0.5001572861390955,
        0.5070666222011342,
        0.5398850854705362,
        0.532035359915565,
        0.5407147519728717,
        0.4896172888138715,
        0.5376859380918391,
        0.5463684190722072,
        0.5299916674109066,
        0.5512358181616839,
        0.5522657618803136
    ],
    "val_accuracy": [
        0.5522058823529412,
        0.5360294117647059,
        0.575735294117647,
        0.5632352941176471,
        0.49779411764705883,
        0.46176470588235297,
        0.5080882352941176,
        0.5448529411764705,
        0.4727941176470588,
        0.49117647058823527,
        0.5080882352941176,
        0.5257352941176471,
        0.5036764705882353,
        0.5058823529411764,
        0.4963235294117647,
        0.4573529411764706,
        0.47352941176470587,
        0.46397058823529413,
        0.5161764705882353,
        0.4698529411764706,
        0.4551470588235294,
        0.4786764705882353,
        0.44485294117647056,
        0.44485294117647056
    ]
}