{
    "0": {
        "precision": 0.2956521739130435,
        "recall": 0.15384615384615385,
        "f1-score": 0.20238095238095238,
        "support": 221.0
    },
    "1": {
        "precision": 0.6690265486725664,
        "recall": 0.8235294117647058,
        "f1-score": 0.73828125,
        "support": 459.0
    },
    "accuracy": 0.6058823529411764,
    "macro avg": {
        "precision": 0.48233936129280497,
        "recall": 0.48868778280542985,
        "f1-score": 0.47033110119047616,
        "support": 680.0
    },
    "weighted avg": {
        "precision": 0.5476798768757215,
        "recall": 0.6058823529411764,
        "f1-score": 0.5641136532738096,
        "support": 680.0
    }
}