{
    "0": {
        "precision": 0.6764705882352942,
        "recall": 0.35294117647058826,
        "f1-score": 0.4638655462184874,
        "support": 391.0
    },
    "1": {
        "precision": 0.4684873949579832,
        "recall": 0.7716262975778547,
        "f1-score": 0.5830065359477125,
        "support": 289.0
    },
    "accuracy": 0.5308823529411765,
    "macro avg": {
        "precision": 0.5724789915966386,
        "recall": 0.5622837370242215,
        "f1-score": 0.5234360410830999,
        "support": 680.0
    },
    "weighted avg": {
        "precision": 0.5880777310924369,
        "recall": 0.5308823529411765,
        "f1-score": 0.514500466853408,
        "support": 680.0
    }
}