{
    "0": {
        "precision": 0.37916666666666665,
        "recall": 0.38235294117647056,
        "f1-score": 0.3807531380753138,
        "support": 238.0
    },
    "1": {
        "precision": 0.6659090909090909,
        "recall": 0.6628959276018099,
        "f1-score": 0.6643990929705216,
        "support": 442.0
    },
    "accuracy": 0.5647058823529412,
    "macro avg": {
        "precision": 0.5225378787878787,
        "recall": 0.5226244343891402,
        "f1-score": 0.5225761155229177,
        "support": 680.0
    },
    "weighted avg": {
        "precision": 0.5655492424242424,
        "recall": 0.5647058823529412,
        "f1-score": 0.5651230087571989,
        "support": 680.0
    }
}