{
    "0": {
        "precision": 0.42857142857142855,
        "recall": 0.03529411764705882,
        "f1-score": 0.06521739130434782,
        "support": 255.0
    },
    "1": {
        "precision": 0.6267071320182094,
        "recall": 0.971764705882353,
        "f1-score": 0.7619926199261993,
        "support": 425.0
    },
    "accuracy": 0.6205882352941177,
    "macro avg": {
        "precision": 0.527639280294819,
        "recall": 0.5035294117647059,
        "f1-score": 0.4136050056152735,
        "support": 680.0
    },
    "weighted avg": {
        "precision": 0.5524062432256666,
        "recall": 0.6205882352941177,
        "f1-score": 0.500701909193005,
        "support": 680.0
    }
}