{
    "0": {
        "precision": 0.27439024390243905,
        "recall": 0.24064171122994651,
        "f1-score": 0.2564102564102564,
        "support": 187.0
    },
    "1": {
        "precision": 0.7248062015503876,
        "recall": 0.7586206896551724,
        "f1-score": 0.7413280475718533,
        "support": 493.0
    },
    "accuracy": 0.6161764705882353,
    "macro avg": {
        "precision": 0.4995982227264133,
        "recall": 0.49963120044255943,
        "f1-score": 0.49886915199105486,
        "support": 680.0
    },
    "weighted avg": {
        "precision": 0.6009418131972017,
        "recall": 0.6161764705882353,
        "f1-score": 0.6079756550024141,
        "support": 680.0
    }
}