{
    "0.0": {
        "precision": 0.6262403528114664,
        "recall": 0.8102710413694721,
        "f1-score": 0.7064676616915423,
        "support": 701.0
    },
    "1.0": {
        "precision": 0.0,
        "recall": 0.0,
        "f1-score": 0.0,
        "support": 288.0
    },
    "2.0": {
        "precision": 0.4358288770053476,
        "recall": 0.5582191780821918,
        "f1-score": 0.4894894894894895,
        "support": 292.0
    },
    "accuracy": 0.570647931303669,
    "macro avg": {
        "precision": 0.35402307660560467,
        "recall": 0.456163406483888,
        "f1-score": 0.3986523837270106,
        "support": 1281.0
    },
    "weighted avg": {
        "precision": 0.4420425600362213,
        "recall": 0.570647931303669,
        "f1-score": 0.49817701934168784,
        "support": 1281.0
    }
}