{
    "0.0": {
        "precision": 0.5837651122625216,
        "recall": 0.9629629629629629,
        "f1-score": 0.7268817204301076,
        "support": 702.0
    },
    "1.0": {
        "precision": 0.08064516129032258,
        "recall": 0.034722222222222224,
        "f1-score": 0.04854368932038835,
        "support": 288.0
    },
    "2.0": {
        "precision": 0.0,
        "recall": 0.0,
        "f1-score": 0.0,
        "support": 292.0
    },
    "accuracy": 0.5351014040561622,
    "macro avg": {
        "precision": 0.2214700911842814,
        "recall": 0.3325617283950617,
        "f1-score": 0.25847513658349863,
        "support": 1282.0
    },
    "weighted avg": {
        "precision": 0.33777606494532225,
        "recall": 0.5351014040561622,
        "f1-score": 0.40893256651030213,
        "support": 1282.0
    }
}