{
    "train_loss": [
        0.47361929442399364,
        0.4339625219570046,
        0.4175125974357326,
        0.4043088492959045,
        0.39406742893184143,
        0.38546007604298005,
        0.3805142215320042,
        0.3758106943578815,
        0.36965946501671676,
        0.36548737166727896,
        0.36208653073770264,
        0.35971364586852317,
        0.3554455144856855,
        0.35351569549585893,
        0.35114156467177937,
        0.3493182835388817,
        0.34731274070929846,
        0.34551656226383093,
        0.34445169112611057,
        0.34282705653149426,
        0.34112039743071776,
        0.3403031767602775,
        0.33886893950031444,
        0.33812436501053084,
        0.33714187986826977,
        0.3362849464646209,
        0.33561680681285666,
        0.3351157895750382,
        0.33475659050022644,
        0.33439059312953506,
        0.33409305179237925,
        0.3338874355701117,
        0.33374608553129176,
        0.33364054897298845,
        0.33352032234502393,
        0.33344018211792475,
        0.33338091015023646,
        0.3333740691805995,
        0.33337307619890105,
        0.3333705686453569,
        0.3333654977950543,
        0.3333615215117749,
        0.33336032922085734,
        0.33335620263882254,
        0.3333544698466494,
        0.33335536540148664,
        0.3333511769375532,
        0.3333483870045291,
        0.33335240239716846,
        0.3333493379065365,
        0.33334615519672534,
        0.33334654114175083,
        0.3333467419361355,
        0.33334626460392214,
        0.3333442892347063,
        0.333344916469631,
        0.33334477904231047,
        0.33334401873655095,
        0.33334442171147494,
        0.3333422032701613,
        0.33334275802900626,
        0.33334304931947956,
        0.33334210851659807,
        0.3333424894120606,
        0.333343037438155,
        0.33334142286516105,
        0.3333439802212573,
        0.3333422347556713
    ],
    "val_loss": [
        0.4017730435328697,
        0.38589494797720836,
        0.37107132931253806,
        0.36621978878974915,
        0.3620831984192578,
        0.3570304486288953,
        0.3568749650200801,
        0.35096445101410595,
        0.3474452766909528,
        0.34786120902246503,
        0.3461703382321258,
        0.34731580116855565,
        0.3433966205191256,
        0.3425971576526983,
        0.34116551546908136,
        0.33900160442537336,
        0.33924166658031407,
        0.33720768343156843,
        0.3379818926106638,
        0.33710289446275626,
        0.3370921358243743,
        0.33586402215174777,
        0.3360926566728905,
        0.33522443095249915,
        0.3349466653012518,
        0.33443671865249747,
        0.33422694944623693,
        0.3338504749447552,
        0.33390080350548473,
        0.33367164099394386,
        0.3335117662130897,
        0.3335390771502879,
        0.33350154090283524,
        0.33345623069734714,
        0.33337309867588444,
        0.333348249766364,
        0.3333637202853587,
        0.3333522450568071,
        0.33336226397485874,
        0.3333566655863577,
        0.33335283665514703,
        0.3333806408875024,
        0.3333872636752342,
        0.3333444622025561,
        0.3333598321943141,
        0.3333608792788947,
        0.3333457557123099,
        0.3333349779470643,
        0.33334309440940174,
        0.33333721623491885,
        0.33334972164524135,
        0.33334948589552693,
        0.33335251149846545,
        0.3333409410804065,
        0.33335920545592235,
        0.3333487248242791,
        0.33335443219142175,
        0.33335660731614525,
        0.33334201752249876,
        0.3333466982663567,
        0.3333444670954747,
        0.33335100047623933,
        0.333342310652804,
        0.33333682791510627,
        0.33333663798090235,
        0.3333479441813569,
        0.33333942827893726,
        0.33334109365050474
    ],
    "val_accuracy": [
        0.33707865168539325,
        0.33707865168539325,
        0.33707865168539325,
        0.33707865168539325,
        0.33614232209737827,
        0.3445692883895131,
        0.3258426966292135,
        0.33707865168539325,
        0.33052434456928836,
        0.33707865168539325,
        0.3389513108614232,
        0.33707865168539325,
        0.33052434456928836,
        0.34737827715355807,
        0.32865168539325845,
        0.3258426966292135,
        0.33614232209737827,
        0.3258426966292135,
        0.3464419475655431,
        0.34269662921348315,
        0.33707865168539325,
        0.33052434456928836,
        0.3389513108614232,
        0.33707865168539325,
        0.33707865168539325,
        0.33707865168539325,
        0.33707865168539325,
        0.33052434456928836,
        0.33707865168539325,
        0.33707865168539325,
        0.33707865168539325,
        0.33707865168539325,
        0.33707865168539325,
        0.33707865168539325,
        0.33707865168539325,
        0.33052434456928836,
        0.33707865168539325,
        0.33707865168539325,
        0.3258426966292135,
        0.3258426966292135,
        0.3258426966292135,
        0.33707865168539325,
        0.33707865168539325,
        0.33707865168539325,
        0.33707865168539325,
        0.33707865168539325,
        0.33707865168539325,
        0.33707865168539325,
        0.33707865168539325,
        0.3258426966292135,
        0.33707865168539325,
        0.3258426966292135,
        0.3258426966292135,
        0.3258426966292135,
        0.33707865168539325,
        0.3258426966292135,
        0.33707865168539325,
        0.33707865168539325,
        0.33707865168539325,
        0.3258426966292135,
        0.33707865168539325,
        0.33707865168539325,
        0.3258426966292135,
        0.33707865168539325,
        0.33707865168539325,
        0.3258426966292135,
        0.33707865168539325,
        0.33707865168539325
    ]
}