{
    "train_loss": [
        0.46412395322045613,
        0.4314913192262681,
        0.4101948469778232,
        0.40077609269325914,
        0.3900798878994495,
        0.3826538564952901,
        0.3749303297941075,
        0.37022528735506177,
        0.36486935783858315,
        0.3616156996880655,
        0.35733572173356215,
        0.3539537180499777,
        0.35181419170180034,
        0.3487998311503781,
        0.34662479340436053,
        0.3448332698638257,
        0.34286724689394926,
        0.3410575927491996,
        0.3395637284679666,
        0.33825198697093317,
        0.33706365788101755,
        0.33586344459524187,
        0.3348686704999981,
        0.33401383355606434,
        0.33352937690443374,
        0.333411253765968,
        0.33340601350777965,
        0.3333996379890315,
        0.3333987711473953,
        0.33339472110089274,
        0.33339074541167957,
        0.33338591060369116,
        0.3333794679554594,
        0.33337696564950026,
        0.33337022200771343,
        0.333368229212555,
        0.3333663062201782,
        0.33336319004578446,
        0.33335685324035214,
        0.33335572144517867,
        0.33335232051504016,
        0.3333486493837794,
        0.33334863255190295,
        0.33334630391130415,
        0.33334512647204223,
        0.3333449962725275,
        0.3333428694164238,
        0.3333361374579395,
        0.33333530487412233,
        0.3333359636935681,
        0.3333354199249483,
        0.3333354965594916,
        0.333335118139305,
        0.3333353906176811,
        0.33333602824876474,
        0.3333352093284708,
        0.3333351218027134,
        0.33333526843806044,
        0.3333349598206555,
        0.3333352965571952,
        0.33333543438055985,
        0.3333350574455388,
        0.33333501071232896,
        0.33333492635492473,
        0.333335186159888
    ],
    "val_loss": [
        0.37206767121357703,
        0.3602667237395671,
        0.3520430869130946,
        0.3525836770214252,
        0.3470260002719822,
        0.347759656496902,
        0.3464838889107775,
        0.34226299355279155,
        0.343031083914771,
        0.33992164793299207,
        0.34189751477383856,
        0.33941784234189276,
        0.339528811066898,
        0.33866207590743674,
        0.3371446430683136,
        0.3370956338163632,
        0.3361246714841074,
        0.33620213483696554,
        0.3354287796945714,
        0.33493062987256406,
        0.33465803247779163,
        0.3339058783516955,
        0.33365539072164846,
        0.3334968223500608,
        0.3333991356750033,
        0.33336424516208135,
        0.33338503028029826,
        0.3333790293380396,
        0.3333687497608697,
        0.33337597571202177,
        0.33336106209612604,
        0.3333671773547557,
        0.33335798445032605,
        0.3333566304463059,
        0.33335148398555925,
        0.33340509258099454,
        0.33337300170713396,
        0.33334620675044274,
        0.3333537965568144,
        0.3333451263050535,
        0.3333395741768737,
        0.33333689330229116,
        0.33334731744296514,
        0.3333399273566346,
        0.33333421109327627,
        0.3333408018546318,
        0.33335035994871337,
        0.3333354454431961,
        0.3333352902042332,
        0.3333348111430211,
        0.33333644715707694,
        0.3333361366791512,
        0.33333570165420645,
        0.3333360183594832,
        0.3333364231372947,
        0.33333489343301576,
        0.3333358448832782,
        0.3333356798584782,
        0.3333344744212592,
        0.33333552773319075,
        0.3333368492660238,
        0.3333354654596813,
        0.3333344375019643,
        0.3333350446686816,
        0.3333347568761057
    ],
    "val_accuracy": [
        0.33707865168539325,
        0.33707865168539325,
        0.3202247191011236,
        0.3389513108614232,
        0.33707865168539325,
        0.33707865168539325,
        0.3258426966292135,
        0.3249063670411985,
        0.33707865168539325,
        0.33707865168539325,
        0.33707865168539325,
        0.33707865168539325,
        0.3333333333333333,
        0.33707865168539325,
        0.33707865168539325,
        0.33707865168539325,
        0.3352059925093633,
        0.3389513108614232,
        0.3258426966292135,
        0.30430711610486894,
        0.33707865168539325,
        0.33707865168539325,
        0.3258426966292135,
        0.33707865168539325,
        0.33707865168539325,
        0.33707865168539325,
        0.33707865168539325,
        0.3258426966292135,
        0.33707865168539325,
        0.3258426966292135,
        0.33707865168539325,
        0.33707865168539325,
        0.33707865168539325,
        0.33707865168539325,
        0.33707865168539325,
        0.33707865168539325,
        0.33707865168539325,
        0.33707865168539325,
        0.33707865168539325,
        0.33707865168539325,
        0.3258426966292135,
        0.3258426966292135,
        0.33707865168539325,
        0.33707865168539325,
        0.33707865168539325,
        0.3258426966292135,
        0.33707865168539325,
        0.33707865168539325,
        0.33707865168539325,
        0.33707865168539325,
        0.33707865168539325,
        0.3258426966292135,
        0.3258426966292135,
        0.33707865168539325,
        0.3258426966292135,
        0.33707865168539325,
        0.33707865168539325,
        0.33707865168539325,
        0.33707865168539325,
        0.33707865168539325,
        0.33707865168539325,
        0.3258426966292135,
        0.33707865168539325,
        0.33707865168539325,
        0.33707865168539325
    ]
}