{
    "train_loss": [
        0.4600330417932466,
        0.42562494652215827,
        0.4055864479256627,
        0.3963206447042104,
        0.384867478446707,
        0.3793482872536808,
        0.3724294404848866,
        0.3671053339080557,
        0.3627220095194059,
        0.35782807798084626,
        0.3544763781105561,
        0.35171300479740003,
        0.349040995800614,
        0.34704233572332566,
        0.3448215957693879,
        0.3427836066266627,
        0.3411308595310414,
        0.33938571157249503,
        0.338086758242097,
        0.33718366965502994,
        0.33621805203317406,
        0.3355087495325412,
        0.3347352033239662,
        0.33421052779470173,
        0.33393090478209564,
        0.33368671712685266,
        0.33350384750239476,
        0.3334097838481003,
        0.3334017379141329,
        0.333393941884025,
        0.33338904004556397,
        0.3333859674360269,
        0.33337992449535486,
        0.3333798817225865,
        0.3333726649070499,
        0.3333712410293148,
        0.3333683159462241,
        0.3333613192322246,
        0.3333613607178495,
        0.33335410093152246,
        0.33335640808672606,
        0.3333529775522872,
        0.3333478222455693,
        0.33334847809468393,
        0.33334769293715394,
        0.3333474701623188,
        0.33334608984944036,
        0.3333444321076339,
        0.33334500835187414,
        0.33334543895087765,
        0.3333440836877918,
        0.3333418992072641,
        0.33334222564665583,
        0.3333354523015577,
        0.33333528457685957,
        0.33333533031995904,
        0.3333353517063432,
        0.33333530774544246,
        0.3333349947715519,
        0.3333352471506873,
        0.3333355479462202,
        0.33333534556765887,
        0.3333352081403384,
        0.33333510942633365,
        0.33333485140356905,
        0.3333351029906162,
        0.33333570527475936,
        0.3333353383398531,
        0.333335105069848,
        0.3333350119994724,
        0.3333351385355788,
        0.3333351802192257,
        0.33333498586055843,
        0.3333352042789079
    ],
    "val_loss": [
        0.3941715163971061,
        0.3706674771522408,
        0.36524942650723813,
        0.3571603124711051,
        0.35395019089997704,
        0.34663257314198054,
        0.3482295973087425,
        0.34719266286536826,
        0.34444424510002136,
        0.3427480579312168,
        0.34067352093867403,
        0.33951586751795526,
        0.33934039322297965,
        0.33825850931566154,
        0.33737593266501353,
        0.3367568419050814,
        0.3352851863227673,
        0.3354316198114139,
        0.33505744008875604,
        0.3347393883698022,
        0.3344182109654839,
        0.3340245752192255,
        0.3338112844460046,
        0.33353036597593505,
        0.33355359799826323,
        0.33347022399973514,
        0.33338737665717283,
        0.33338204204146543,
        0.3334006102227453,
        0.33335760102343204,
        0.3333554170024929,
        0.33335353278402075,
        0.3333626349470509,
        0.33336101316694006,
        0.3333601235453762,
        0.3333724523658183,
        0.33334891609291534,
        0.3333547035259987,
        0.33335451270217326,
        0.3333702305359627,
        0.3333483471799253,
        0.33333898124410144,
        0.33334973810324026,
        0.33334208824741307,
        0.33335786657546884,
        0.33334203398049767,
        0.33334835918981637,
        0.3333398206020469,
        0.3333453015605016,
        0.3333434342448391,
        0.3333394909972575,
        0.33334278704515147,
        0.33334537317503743,
        0.3333337907470874,
        0.33333504288943844,
        0.3333342693634887,
        0.33333790079871223,
        0.3333348796438815,
        0.33333534936406717,
        0.333335535294974,
        0.333335580220863,
        0.33333570209901725,
        0.33333570877117896,
        0.3333340976665269,
        0.3333347226256755,
        0.3333351398581889,
        0.3333358186394421,
        0.3333351007148401,
        0.33333404250998994,
        0.33333599923261953,
        0.33333505000641095,
        0.3333349628234977,
        0.3333361113249366,
        0.33333547391108614
    ],
    "val_accuracy": [
        0.32209737827715357,
        0.3258426966292135,
        0.3258426966292135,
        0.3258426966292135,
        0.3258426966292135,
        0.3258426966292135,
        0.3258426966292135,
        0.3258426966292135,
        0.3258426966292135,
        0.3258426966292135,
        0.3258426966292135,
        0.3249063670411985,
        0.3258426966292135,
        0.3258426966292135,
        0.3258426966292135,
        0.3258426966292135,
        0.3267790262172285,
        0.3258426966292135,
        0.3258426966292135,
        0.3258426966292135,
        0.33707865168539325,
        0.33801498127340823,
        0.33707865168539325,
        0.33801498127340823,
        0.33707865168539325,
        0.33707865168539325,
        0.33707865168539325,
        0.33707865168539325,
        0.33707865168539325,
        0.33707865168539325,
        0.3258426966292135,
        0.33707865168539325,
        0.33707865168539325,
        0.33707865168539325,
        0.33707865168539325,
        0.33707865168539325,
        0.33707865168539325,
        0.3258426966292135,
        0.33707865168539325,
        0.33707865168539325,
        0.33707865168539325,
        0.33707865168539325,
        0.3389513108614232,
        0.33707865168539325,
        0.33707865168539325,
        0.33707865168539325,
        0.33707865168539325,
        0.33707865168539325,
        0.33707865168539325,
        0.33707865168539325,
        0.33707865168539325,
        0.33707865168539325,
        0.3258426966292135,
        0.3258426966292135,
        0.33707865168539325,
        0.33707865168539325,
        0.33707865168539325,
        0.3258426966292135,
        0.3258426966292135,
        0.33707865168539325,
        0.33707865168539325,
        0.3258426966292135,
        0.33707865168539325,
        0.33707865168539325,
        0.33707865168539325,
        0.3258426966292135,
        0.3258426966292135,
        0.33707865168539325,
        0.33707865168539325,
        0.33707865168539325,
        0.33707865168539325,
        0.33707865168539325,
        0.33707865168539325,
        0.33707865168539325
    ]
}