{
    "train_loss": [
        0.6400596218449729,
        0.5273147491776213,
        0.5094423053215961,
        0.5049227490717051,
        0.49508757700725475,
        0.49207831998260654,
        0.4868206606835735,
        0.48550936275598955,
        0.4793154251818754,
        0.47441298426414025,
        0.4689061161206693,
        0.4666363444863533,
        0.4640681187717282,
        0.4633382133075169,
        0.46004362009009536,
        0.4618301018160217,
        0.4516128576531702,
        0.4520002052492025,
        0.44558820712323094,
        0.44536552185914957,
        0.4466292277282598,
        0.4413765628727115
    ],
    "val_loss": [
        0.499969998402382,
        0.49845208249874967,
        0.5017753657120377,
        0.5054200562968183,
        0.5085881984055932,
        0.511239648754917,
        0.5145398600777583,
        0.5162495156722282,
        0.5198229956093119,
        0.524500738773773,
        0.5290440605647528,
        0.5281081933583787,
        0.5323466867653291,
        0.5328540517323053,
        0.5348594753599879,
        0.5345290160890835,
        0.5357665214965592,
        0.5352617564486034,
        0.5367793218413396,
        0.5350954118949264,
        0.5347654810592309,
        0.5369749585194374
    ],
    "val_accuracy": [
        0.48314606741573035,
        0.5187265917602997,
        0.5046816479400749,
        0.4737827715355805,
        0.45692883895131087,
        0.47191011235955055,
        0.46348314606741575,
        0.46629213483146065,
        0.46254681647940077,
        0.4550561797752809,
        0.4419475655430712,
        0.4606741573033708,
        0.47284644194756553,
        0.4803370786516854,
        0.48314606741573035,
        0.49625468164794007,
        0.4953183520599251,
        0.5037453183520599,
        0.50187265917603,
        0.5102996254681648,
        0.5224719101123596,
        0.5205992509363296
    ]
}