{
    "train_loss": [
        0.6113152252149212,
        0.5191331021776495,
        0.4965889421544334,
        0.4837852793839551,
        0.46381848253482993,
        0.45334869126478833,
        0.45072484478469965,
        0.4403271645076515,
        0.436407290456831,
        0.42792963219243424,
        0.4244571823713391,
        0.4215991685325785,
        0.4187388325384421,
        0.4151737450282703,
        0.4121574251226677,
        0.40944845471964325,
        0.4048599377852078,
        0.4056791697823724,
        0.40618072086295415,
        0.39898092137981755,
        0.4032983261254407
    ],
    "val_loss": [
        0.4696249143401189,
        0.47743073817509324,
        0.49616173888320353,
        0.5159917771816254,
        0.5430777842429146,
        0.5669356486690578,
        0.5759756071354026,
        0.5788400515691557,
        0.5936942305137862,
        0.5883327082021913,
        0.5880493766336299,
        0.594591194569175,
        0.597414520249438,
        0.5855618706390039,
        0.5876625420442269,
        0.5915426545178712,
        0.5896751426938754,
        0.5985705042952922,
        0.5936006267568958,
        0.5974723545473013,
        0.5901362015240228
    ],
    "val_accuracy": [
        0.6947565543071161,
        0.6254681647940075,
        0.5730337078651685,
        0.5337078651685393,
        0.5355805243445693,
        0.5112359550561798,
        0.5121722846441947,
        0.49719101123595505,
        0.499063670411985,
        0.5093632958801498,
        0.5037453183520599,
        0.49812734082397003,
        0.4934456928838951,
        0.4868913857677903,
        0.4859550561797753,
        0.49157303370786515,
        0.49250936329588013,
        0.49063670411985016,
        0.4737827715355805,
        0.47846441947565543,
        0.47097378277153557
    ]
}