{
    "train_loss": [
        0.5449939342667756,
        0.5119493767185118,
        0.4955185277080073,
        0.4818127010632487,
        0.4858900965417473,
        0.469046997647841,
        0.4615531812593775,
        0.4635348296859889,
        0.4544354639585736,
        0.44918646858733835,
        0.4468192115281392,
        0.4438473820975683,
        0.44325610575745406,
        0.4361766479837084,
        0.43696346112246653,
        0.432098690456557,
        0.4351979005105287,
        0.4350331159471308,
        0.42811970224658263,
        0.429276839911359,
        0.4244907242291182
    ],
    "val_loss": [
        0.4879622793019707,
        0.5072221684811721,
        0.5093808610047867,
        0.5185113046596299,
        0.5088721153451435,
        0.5057487719094576,
        0.5007134088829382,
        0.5095620195367443,
        0.5181577841737377,
        0.5137103404571761,
        0.5266199343240083,
        0.5274756715368869,
        0.5322984950755959,
        0.5246367668037983,
        0.5337183275329533,
        0.5407098264836553,
        0.5482794406698711,
        0.5527700981987056,
        0.5499718024659512,
        0.5535860106126586,
        0.5561776694966786
    ],
    "val_accuracy": [
        0.602996254681648,
        0.47191011235955055,
        0.46441947565543074,
        0.4400749063670412,
        0.4616104868913858,
        0.4812734082397004,
        0.5,
        0.4681647940074906,
        0.4410112359550562,
        0.46348314606741575,
        0.41198501872659177,
        0.4110486891385768,
        0.4035580524344569,
        0.4147940074906367,
        0.39325842696629215,
        0.3801498127340824,
        0.3717228464419476,
        0.37265917602996257,
        0.37734082397003743,
        0.3717228464419476,
        0.36142322097378277
    ]
}