{
    "train_loss": [
        0.5695859717471259,
        0.513698868950208,
        0.5019442122607004,
        0.49280929764111836,
        0.48535427082152593,
        0.47814620832602184,
        0.47314847693556833,
        0.4683756233680816,
        0.4680821847347986,
        0.4580679108699163,
        0.4598336732103711,
        0.45730537190323783,
        0.4534167464290346,
        0.44761542677879335,
        0.45102143514724,
        0.4462525549389067,
        0.44340524290289196,
        0.44355967271895635,
        0.43926272562571933,
        0.438389053940773,
        0.4384420326777867,
        0.4329795110793341,
        0.43330828320412407
    ],
    "val_loss": [
        0.5172821158793435,
        0.5019200324122586,
        0.4996435833511068,
        0.5001813778236731,
        0.5046711150389999,
        0.5144805289916138,
        0.5250822118858793,
        0.5388724083331093,
        0.5470532419076607,
        0.5486698662167164,
        0.5563509975796315,
        0.5625936815987772,
        0.5653874696190677,
        0.565523930449984,
        0.5707059075583273,
        0.5725280455688933,
        0.562581189977589,
        0.5623128983511854,
        0.5620194455580925,
        0.5649174300592337,
        0.559640701137372,
        0.5675177663119871,
        0.5724972108406807
    ],
    "val_accuracy": [
        0.41760299625468167,
        0.5,
        0.5074906367041199,
        0.5177902621722846,
        0.5046816479400749,
        0.4756554307116105,
        0.4559925093632959,
        0.4438202247191011,
        0.43820224719101125,
        0.43726591760299627,
        0.4363295880149813,
        0.4344569288389513,
        0.43352059925093633,
        0.4353932584269663,
        0.4363295880149813,
        0.44662921348314605,
        0.45224719101123595,
        0.45131086142322097,
        0.44662921348314605,
        0.45131086142322097,
        0.45131086142322097,
        0.44756554307116103,
        0.4438202247191011
    ]
}