{
    "train_loss": [
        0.6772509028745252,
        0.5507689736610235,
        0.5189380430898001,
        0.505008360396984,
        0.5009791895400646,
        0.49989736468292945,
        0.49611280657524287,
        0.4905492370904878,
        0.4935063872226449,
        0.4759987151900003,
        0.47652989806130874,
        0.4746351711971815,
        0.4643459424029949,
        0.46434525237527,
        0.456645153151002,
        0.4519455502199572,
        0.4452944467234057,
        0.44462872549544935,
        0.44719262372615726,
        0.44089540215425715,
        0.43704194717629014,
        0.4364595872025157,
        0.4381677274094071,
        0.4333432423513989,
        0.4283518344856972,
        0.42880452386168544,
        0.4302048853663511,
        0.4270251251930414,
        0.4285748187885728,
        0.4219961805399074,
        0.42132658320803973,
        0.42156982726828995,
        0.4191637549289437,
        0.4191780217165171,
        0.4137412844702255,
        0.41537574862324916,
        0.41023713419603747
    ],
    "val_loss": [
        0.5114691212995729,
        0.5149496811539379,
        0.512624891391441,
        0.5084034987350008,
        0.5043475676828356,
        0.5022183469871977,
        0.5018170004460349,
        0.4979209237134279,
        0.4990136107402061,
        0.4925803875745232,
        0.4898869800033854,
        0.49012025568022655,
        0.48821767942229316,
        0.4879954039160885,
        0.4873159950348868,
        0.4888470782272851,
        0.4862538811875813,
        0.48801971771823827,
        0.49268680544041876,
        0.4904822155610839,
        0.48940622939992307,
        0.49139248034847316,
        0.49433064416273315,
        0.4940358080081086,
        0.49170202239235833,
        0.4921309605463227,
        0.49646265871489226,
        0.4932480538958934,
        0.4877467662540834,
        0.48878753763526234,
        0.49309516264431513,
        0.4949660452444162,
        0.4917011020788506,
        0.4913714617045958,
        0.49418217166146233,
        0.4927437296554224,
        0.49283051668708006
    ],
    "val_accuracy": [
        0.4307116104868914,
        0.45318352059925093,
        0.4691011235955056,
        0.4681647940074906,
        0.48220973782771537,
        0.5,
        0.4943820224719101,
        0.5252808988764045,
        0.5187265917602997,
        0.5449438202247191,
        0.5514981273408239,
        0.5571161048689138,
        0.5627340823970037,
        0.5692883895131086,
        0.5646067415730337,
        0.5552434456928839,
        0.5646067415730337,
        0.5617977528089888,
        0.5543071161048689,
        0.5636704119850188,
        0.5692883895131086,
        0.5655430711610487,
        0.5608614232209738,
        0.5730337078651685,
        0.5683520599250936,
        0.5561797752808989,
        0.5402621722846442,
        0.5674157303370787,
        0.5664794007490637,
        0.5730337078651685,
        0.5664794007490637,
        0.5617977528089888,
        0.5655430711610487,
        0.5683520599250936,
        0.5533707865168539,
        0.5514981273408239,
        0.549625468164794
    ]
}