{
    "train_loss": [
        0.8663818123924287,
        0.6006083311628999,
        0.5332637628331719,
        0.5131072691367375,
        0.49800736342722945,
        0.4841263232389426,
        0.47536621091276776,
        0.47714278398707693,
        0.4667886571023474,
        0.45680376170087156,
        0.456399641590989,
        0.44398911303504374,
        0.44181802732815884,
        0.4345488521073369,
        0.4327973787715326,
        0.4306122347774347,
        0.4295060952422035,
        0.4266545408370584,
        0.4206104937678056,
        0.4178073341915716,
        0.4147952118602531,
        0.41172865138261644,
        0.41267107569330463
    ],
    "val_loss": [
        0.5185799772170052,
        0.5084484152829469,
        0.49196202452503035,
        0.5129868766265129,
        0.5182154312062619,
        0.5287935462460589,
        0.538673419560959,
        0.5298395441539252,
        0.535648320593051,
        0.547042423664634,
        0.5421451637104376,
        0.5540155643847451,
        0.5500778667072752,
        0.5361825120982839,
        0.5545097629525768,
        0.542351410904927,
        0.5488357059101561,
        0.5486867570165378,
        0.5364140152041592,
        0.5384656471102985,
        0.548980409084861,
        0.5390038574809459,
        0.5352813779418149
    ],
    "val_accuracy": [
        0.43820224719101125,
        0.5131086142322098,
        0.552434456928839,
        0.47752808988764045,
        0.4616104868913858,
        0.4363295880149813,
        0.4054307116104869,
        0.4363295880149813,
        0.41385767790262173,
        0.3857677902621723,
        0.3960674157303371,
        0.3661048689138577,
        0.3782771535580524,
        0.41947565543071164,
        0.3801498127340824,
        0.4035580524344569,
        0.3848314606741573,
        0.3848314606741573,
        0.4157303370786517,
        0.4091760299625468,
        0.3904494382022472,
        0.4157303370786517,
        0.4166666666666667
    ]
}