{
    "0": {
        "precision": 0.3126760563380282,
        "recall": 0.6491228070175439,
        "f1-score": 0.4220532319391635,
        "support": 171.0
    },
    "1": {
        "precision": 0.664804469273743,
        "recall": 0.3278236914600551,
        "f1-score": 0.43911439114391143,
        "support": 363.0
    },
    "accuracy": 0.4307116104868914,
    "macro avg": {
        "precision": 0.4887402628058856,
        "recall": 0.4884732492387995,
        "f1-score": 0.43058381154153746,
        "support": 534.0
    },
    "weighted avg": {
        "precision": 0.5520442471538793,
        "recall": 0.4307116104868914,
        "f1-score": 0.43365098623003145,
        "support": 534.0
    }
}