{
    "0": {
        "precision": 0.6588235294117647,
        "recall": 0.1712538226299694,
        "f1-score": 0.27184466019417475,
        "support": 327.0
    },
    "1": {
        "precision": 0.39643652561247217,
        "recall": 0.8599033816425121,
        "f1-score": 0.5426829268292683,
        "support": 207.0
    },
    "accuracy": 0.43820224719101125,
    "macro avg": {
        "precision": 0.5276300275121184,
        "recall": 0.5155786021362407,
        "f1-score": 0.40726379351172154,
        "support": 534.0
    },
    "weighted avg": {
        "precision": 0.5571117133322636,
        "recall": 0.43820224719101125,
        "f1-score": 0.3768325275976661,
        "support": 534.0
    }
}