{
    "train_loss": [
        0.5952472269336051,
        0.5419226897280284,
        0.5249841710263381,
        0.5122678386846647,
        0.5063263537091683,
        0.5024994572932414,
        0.5004316412646305,
        0.49944720955842326,
        0.5000243638712099,
        0.4996511848621655,
        0.4961062238889067,
        0.49985180524036366,
        0.495801171944018,
        0.49659596634826597,
        0.4928120537373379,
        0.4953464109431921,
        0.4930479604632707,
        0.4941221450226932,
        0.49025604312925386,
        0.4887436466145396,
        0.4885884111433077,
        0.48759704201368737,
        0.4845187406309061,
        0.4884351979014471,
        0.48709361620856845,
        0.4855407967491819,
        0.4831798972191914,
        0.4834561027549145,
        0.4808774595467595,
        0.4814061287647496,
        0.4812402840647753,
        0.4793187788810475,
        0.48213358743361917,
        0.47808469167734824,
        0.4755309334083869,
        0.4769275037195527,
        0.474811979894447,
        0.47669686046187987,
        0.4755343992343928,
        0.47283871026588403,
        0.4741125231692707,
        0.47432383268026757,
        0.4749977308541586
    ],
    "val_loss": [
        0.5031624668362465,
        0.5001824916425076,
        0.4995116423815489,
        0.5083132384514267,
        0.4966575008901683,
        0.5097094030881469,
        0.5126016402447765,
        0.5008648273281076,
        0.4899360520595854,
        0.4903527699749578,
        0.48971519162031735,
        0.49272802573713387,
        0.506814202463085,
        0.5091817065734755,
        0.4943715911358595,
        0.49715032665566966,
        0.5081416658041152,
        0.5094955956394022,
        0.5149059703742916,
        0.49194180067967286,
        0.508429225703532,
        0.4867617953568697,
        0.47996518354524265,
        0.4949555586684834,
        0.5002080310474742,
        0.49109874140809884,
        0.4944143378260461,
        0.49776417829773645,
        0.4831146304918961,
        0.49451001242480497,
        0.48872571997344494,
        0.4846031064675613,
        0.4885442101142623,
        0.4925627383318814,
        0.49306756545874203,
        0.48906575194136664,
        0.4854875217107209,
        0.48379883068529045,
        0.4852268421514468,
        0.4814613898369399,
        0.4967954959720373,
        0.5055838689546693,
        0.49913920292800124
    ],
    "val_accuracy": [
        0.44886363636363635,
        0.49751420454545453,
        0.5120738636363636,
        0.42578125,
        0.5543323863636364,
        0.43394886363636365,
        0.4357244318181818,
        0.4737215909090909,
        0.5681818181818182,
        0.5568181818181818,
        0.5553977272727273,
        0.5323153409090909,
        0.4580965909090909,
        0.4559659090909091,
        0.5202414772727273,
        0.5092329545454546,
        0.4733664772727273,
        0.4655539772727273,
        0.46342329545454547,
        0.5102982954545454,
        0.4772727272727273,
        0.5358664772727273,
        0.5404829545454546,
        0.5046164772727273,
        0.5021306818181818,
        0.5170454545454546,
        0.5049715909090909,
        0.50390625,
        0.5348011363636364,
        0.5003551136363636,
        0.5149147727272727,
        0.5266335227272727,
        0.5163352272727273,
        0.5088778409090909,
        0.5095880681818182,
        0.5113636363636364,
        0.51953125,
        0.5223721590909091,
        0.5181107954545454,
        0.52734375,
        0.5067471590909091,
        0.4992897727272727,
        0.5085227272727273
    ]
}