{
    "train_loss": [
        0.5919713733192278,
        0.5372803740091435,
        0.5196475250295088,
        0.507317507306801,
        0.5067201405514858,
        0.49995231693097464,
        0.505318078304173,
        0.49903522906995973,
        0.4998327100615271,
        0.49915629162613256,
        0.49538322208520763,
        0.49587505185146363,
        0.4960293896707748,
        0.49145803064456167,
        0.4930243462771924,
        0.4918458431909399,
        0.4911080327177287,
        0.4891183270834921,
        0.48764781079228614,
        0.49030781921639865,
        0.4847320493354224
    ],
    "val_loss": [
        0.4803714684464715,
        0.4850027940490029,
        0.4887743011455644,
        0.49025247364558955,
        0.4875515743412755,
        0.4830943823538043,
        0.4999124328182502,
        0.4929623580114408,
        0.4861920421773737,
        0.4849503416229378,
        0.4914702612229369,
        0.5093107917769388,
        0.4877302225001834,
        0.5010380214926872,
        0.4890676313503222,
        0.4994736456058242,
        0.49475852061401715,
        0.49969067492268304,
        0.4995253687216477,
        0.4907625050029971,
        0.4869795262136243
    ],
    "val_accuracy": [
        0.5749289772727273,
        0.5745738636363636,
        0.5745738636363636,
        0.57421875,
        0.5738636363636364,
        0.5749289772727273,
        0.4900568181818182,
        0.5504261363636364,
        0.5731534090909091,
        0.5706676136363636,
        0.5365767045454546,
        0.4509943181818182,
        0.5369318181818182,
        0.4833096590909091,
        0.5184659090909091,
        0.49360795454545453,
        0.4992897727272727,
        0.4889914772727273,
        0.49360795454545453,
        0.5134943181818182,
        0.5255681818181818
    ]
}