{
    "0": {
        "precision": 0.47836734693877553,
        "recall": 0.3917112299465241,
        "f1-score": 0.43072399852995225,
        "support": 1496.0
    },
    "1": {
        "precision": 0.6034858387799564,
        "recall": 0.6842885375494071,
        "f1-score": 0.6413521648529752,
        "support": 2024.0
    },
    "accuracy": 0.5599431818181818,
    "macro avg": {
        "precision": 0.540926592859366,
        "recall": 0.5379998837479656,
        "f1-score": 0.5360380816914637,
        "support": 3520.0
    },
    "weighted avg": {
        "precision": 0.5503104797474545,
        "recall": 0.5599431818181818,
        "f1-score": 0.5518351941656904,
        "support": 3520.0
    }
}