{
    "0": {
        "precision": 0.45944192083062946,
        "recall": 0.4732620320855615,
        "f1-score": 0.4662495884096148,
        "support": 1496.0
    },
    "1": {
        "precision": 0.6018191005558363,
        "recall": 0.5884387351778656,
        "f1-score": 0.5950537097177118,
        "support": 2024.0
    },
    "accuracy": 0.5394886363636363,
    "macro avg": {
        "precision": 0.5306305106932329,
        "recall": 0.5308503836317136,
        "f1-score": 0.5306516490636632,
        "support": 3520.0
    },
    "weighted avg": {
        "precision": 0.5413087991726234,
        "recall": 0.5394886363636363,
        "f1-score": 0.5403119581617706,
        "support": 3520.0
    }
}