{
    "0": {
        "precision": 0.45515911282545807,
        "recall": 0.37341772151898733,
        "f1-score": 0.41025641025641024,
        "support": 1264.0
    },
    "1": {
        "precision": 0.6810310108739428,
        "recall": 0.7495567375886525,
        "f1-score": 0.7136526693395231,
        "support": 2256.0
    },
    "accuracy": 0.6144886363636364,
    "macro avg": {
        "precision": 0.5680950618497005,
        "recall": 0.5614872295538199,
        "f1-score": 0.5619545397979666,
        "support": 3520.0
    },
    "weighted avg": {
        "precision": 0.5999224656656232,
        "recall": 0.6144886363636364,
        "f1-score": 0.6047058308505872,
        "support": 3520.0
    }
}