{
    "train_loss": [
        0.4732427926964584,
        0.43011413696517914,
        0.40436137933595523,
        0.38789114962802285,
        0.3855871757286847,
        0.37524233868090207,
        0.36348928399010244,
        0.35353913840940565,
        0.3394097644947843,
        0.33431292689065867,
        0.3210244099531684,
        0.3093125401531972,
        0.29729270877746433,
        0.2864835896096301,
        0.27230730468413505,
        0.25900126389386663,
        0.24688657224925864,
        0.23272874864148455,
        0.21894298982261415,
        0.205063508674004,
        0.19005983520959532
    ],
    "val_loss": [
        0.4504908975432901,
        0.5345119399182937,
        0.5447121157365686,
        0.5059707887032453,
        0.5261089584406684,
        0.4894728520337273,
        0.5275599910932429,
        0.48736937221358806,
        0.48862506046014675,
        0.5277744387879091,
        0.4758437086554135,
        0.4525027310147005,
        0.4573141578365775,
        0.5133428040672751,
        0.5308306746623095,
        0.5458821685875164,
        0.5074802921098821,
        0.4945399372016682,
        0.4924765250262092,
        0.5129203126711004,
        0.4540587593527401
    ],
    "val_accuracy": [
        0.6352941176470588,
        0.40147058823529413,
        0.4102941176470588,
        0.47058823529411764,
        0.45808823529411763,
        0.4889705882352941,
        0.4522058823529412,
        0.5095588235294117,
        0.5183823529411765,
        0.43676470588235294,
        0.5470588235294118,
        0.5889705882352941,
        0.5830882352941177,
        0.4536764705882353,
        0.44338235294117645,
        0.4323529411764706,
        0.4632352941176471,
        0.5117647058823529,
        0.5066176470588235,
        0.5022058823529412,
        0.5801470588235295
    ]
}