{
    "train_loss": [
        0.47160748439160455,
        0.42227952615683984,
        0.39762395992206284,
        0.37817763677619304,
        0.37048556618860634,
        0.3594797910918453,
        0.343940927588533,
        0.33483963453042015,
        0.32782015343542803,
        0.3172026271104171,
        0.29824740790111587,
        0.28604779639941785,
        0.2771548977927631,
        0.26323015807293476,
        0.2550395423115049,
        0.23884901996949418,
        0.2305363612767824,
        0.22238393386080194,
        0.20348969166111902,
        0.19663335286629263,
        0.18733235727494024,
        0.17769264712046892,
        0.17286686460141434,
        0.15475800016784583,
        0.15137771557835958,
        0.1465914486982664,
        0.1355306411921122,
        0.12962178096736998,
        0.11902231173639986,
        0.1153711189132993,
        0.10957846360505162
    ],
    "val_loss": [
        0.5037318797672496,
        0.539045192564235,
        0.5111201675499186,
        0.4876669126398423,
        0.49100653459044064,
        0.48586158787502964,
        0.47356000717948465,
        0.4773514151573181,
        0.4989081926205579,
        0.48416362369761745,
        0.46469730138778687,
        0.4925430062939139,
        0.509670438485987,
        0.4844870437594021,
        0.4853583872318268,
        0.49407477203537437,
        0.49774453955538134,
        0.4861602092490477,
        0.4971377611160278,
        0.4942212408079821,
        0.48215564454303067,
        0.48555941721972296,
        0.49070045264328227,
        0.4951802443055546,
        0.506973803393981,
        0.4882541437359417,
        0.49040550519438353,
        0.4778865644160439,
        0.49244386834256787,
        0.5036041131790947,
        0.4933107470764833
    ],
    "val_accuracy": [
        0.5139705882352941,
        0.4632352941176471,
        0.4823529411764706,
        0.5338235294117647,
        0.5257352941176471,
        0.5257352941176471,
        0.5404411764705882,
        0.5205882352941177,
        0.5264705882352941,
        0.5367647058823529,
        0.5558823529411765,
        0.5345588235294118,
        0.5169117647058824,
        0.5316176470588235,
        0.5375,
        0.5213235294117647,
        0.5191176470588236,
        0.5463235294117647,
        0.5110294117647058,
        0.525,
        0.5389705882352941,
        0.5294117647058824,
        0.5294117647058824,
        0.5257352941176471,
        0.5051470588235294,
        0.5227941176470589,
        0.5213235294117647,
        0.5345588235294118,
        0.5272058823529412,
        0.5161764705882353,
        0.5257352941176471
    ]
}