{
    "train_loss": [
        0.4783015283576229,
        0.4302734293697173,
        0.4044658840486878,
        0.38766288014880396,
        0.37941623879106423,
        0.36652194690286066,
        0.3571843521375405,
        0.34757924390989436,
        0.3304768427422172,
        0.325503767974544,
        0.3126439129835681,
        0.300233942139567,
        0.28973548639761776,
        0.274687689987191,
        0.261335354285282,
        0.2545121405077608,
        0.2347727761195417,
        0.22614974431824267,
        0.21173252226752148,
        0.20035772422949474,
        0.18808907390686502,
        0.17676791721268703,
        0.16482544282549305,
        0.16337055327338085,
        0.14845514198797838,
        0.14120973878000911,
        0.1295822479026882
    ],
    "val_loss": [
        0.48303097381311305,
        0.4261162931428236,
        0.40739938178483176,
        0.3877163631074569,
        0.39930855666889864,
        0.3778620078283198,
        0.3504267344579977,
        0.37572201280032885,
        0.3588304958799306,
        0.4143060557982501,
        0.3767335725181243,
        0.4108434589470134,
        0.3671935539035236,
        0.4371568055713878,
        0.40861578531125015,
        0.42074891223626976,
        0.3720557964899961,
        0.3954303774763556,
        0.38534980083213133,
        0.40265162481981165,
        0.43421517557957595,
        0.3778095636297675,
        0.384434257885989,
        0.39006332369411695,
        0.3929708475575728,
        0.3933081057141809,
        0.3896610414280611
    ],
    "val_accuracy": [
        0.5698529411764706,
        0.65,
        0.638235294117647,
        0.6522058823529412,
        0.6397058823529411,
        0.6735294117647059,
        0.6727941176470589,
        0.6588235294117647,
        0.6654411764705882,
        0.6580882352941176,
        0.6558823529411765,
        0.6683823529411764,
        0.6779411764705883,
        0.6522058823529412,
        0.6580882352941176,
        0.6514705882352941,
        0.6676470588235294,
        0.6522058823529412,
        0.6602941176470588,
        0.6786764705882353,
        0.6073529411764705,
        0.6551470588235294,
        0.6558823529411765,
        0.6441176470588236,
        0.6433823529411765,
        0.638235294117647,
        0.6360294117647058
    ]
}