{
    "train_loss": [
        0.48643118598394924,
        0.44274732118679416,
        0.41844870892560315,
        0.40537396130255526,
        0.3912819540516163,
        0.3803540126213597,
        0.37334305689566666,
        0.3640614230470318,
        0.3485120322244863,
        0.3415462249476049,
        0.3271600139948229,
        0.31341061076252824,
        0.302981800153955,
        0.29264245770819897,
        0.2792101254583233,
        0.2666553036413259,
        0.2549203588342708,
        0.24458257376682013,
        0.234544877622587,
        0.2221068398664809,
        0.2087384645646024
    ],
    "val_loss": [
        0.334444765308324,
        0.6145515042192796,
        0.5855028545155244,
        0.5742853543337654,
        0.7471200024380403,
        0.6020691864630755,
        0.816809417219723,
        0.5914391559713027,
        0.6384221441605512,
        0.7000672263257643,
        0.7101319852997275,
        0.7243190183359034,
        0.6870037871248582,
        0.6919270809958963,
        0.6234034576836754,
        0.5896630844649147,
        0.7023798865430495,
        0.7165587954661425,
        0.6045209839063532,
        0.5635771064197316,
        0.6426270635689006
    ],
    "val_accuracy": [
        0.8169117647058823,
        0.2161764705882353,
        0.42205882352941176,
        0.34852941176470587,
        0.19338235294117648,
        0.3713235294117647,
        0.19705882352941176,
        0.3220588235294118,
        0.3220588235294118,
        0.2088235294117647,
        0.2647058823529412,
        0.24632352941176472,
        0.27941176470588236,
        0.30367647058823527,
        0.35294117647058826,
        0.3735294117647059,
        0.25,
        0.2661764705882353,
        0.3830882352941177,
        0.41544117647058826,
        0.32279411764705884
    ]
}