{
    "train_loss": [
        0.47941926596189327,
        0.42621692414948537,
        0.4049200026796114,
        0.38647097998047036,
        0.37825020715568647,
        0.36617366098854914,
        0.35610452899629197,
        0.3472410514309566,
        0.33658491298171617,
        0.3247534186802099,
        0.310104829385851,
        0.30291569767689747,
        0.29021585451859,
        0.27415155755314274,
        0.265101175133312,
        0.25206606368343515,
        0.23880011819161975,
        0.224898962627795,
        0.2101688699190875,
        0.1994481697396444,
        0.18706199384443525
    ],
    "val_loss": [
        0.48855122432989234,
        0.5106484069543726,
        0.5598173348342671,
        0.4943826230133281,
        0.4928356847342323,
        0.5038780412253212,
        0.5207024980993832,
        0.5179526739260729,
        0.5312450128443101,
        0.540197013055577,
        0.5286603878526127,
        0.5307053643114427,
        0.5673120211152469,
        0.5332261614939746,
        0.5294918144450468,
        0.570930314765257,
        0.5254321564646328,
        0.5375840218628154,
        0.5358117917004753,
        0.5755714181591483,
        0.5481082611224231
    ],
    "val_accuracy": [
        0.5308823529411765,
        0.47573529411764703,
        0.4426470588235294,
        0.5007352941176471,
        0.5102941176470588,
        0.49117647058823527,
        0.49264705882352944,
        0.4801470588235294,
        0.46911764705882353,
        0.46176470588235297,
        0.4838235294117647,
        0.49558823529411766,
        0.4514705882352941,
        0.4713235294117647,
        0.4808823529411765,
        0.45,
        0.4772058823529412,
        0.4632352941176471,
        0.4713235294117647,
        0.4522058823529412,
        0.4551470588235294
    ]
}