{
    "0": {
        "precision": 0.49110320284697506,
        "recall": 0.3689839572192513,
        "f1-score": 0.4213740458015267,
        "support": 374.0
    },
    "1": {
        "precision": 0.40852130325814534,
        "recall": 0.5326797385620915,
        "f1-score": 0.4624113475177305,
        "support": 306.0
    },
    "accuracy": 0.4426470588235294,
    "macro avg": {
        "precision": 0.44981225305256023,
        "recall": 0.45083184789067143,
        "f1-score": 0.4418926966596286,
        "support": 680.0
    },
    "weighted avg": {
        "precision": 0.45394134803200165,
        "recall": 0.4426470588235294,
        "f1-score": 0.43984083157381837,
        "support": 680.0
    }
}