{
    "0": {
        "precision": 0.483695652173913,
        "recall": 0.23796791443850268,
        "f1-score": 0.31899641577060933,
        "support": 374.0
    },
    "1": {
        "precision": 0.4254032258064516,
        "recall": 0.6895424836601307,
        "f1-score": 0.5261845386533666,
        "support": 306.0
    },
    "accuracy": 0.4411764705882353,
    "macro avg": {
        "precision": 0.4545494389901823,
        "recall": 0.4637551990493167,
        "f1-score": 0.42259047721198795,
        "support": 680.0
    },
    "weighted avg": {
        "precision": 0.45746406030855535,
        "recall": 0.4411764705882353,
        "f1-score": 0.41223107106785006,
        "support": 680.0
    }
}