{
    "0": {
        "precision": 0.58,
        "recall": 0.11372549019607843,
        "f1-score": 0.1901639344262295,
        "support": 255.0
    },
    "1": {
        "precision": 0.6412698412698413,
        "recall": 0.9505882352941176,
        "f1-score": 0.7658767772511849,
        "support": 425.0
    },
    "accuracy": 0.6367647058823529,
    "macro avg": {
        "precision": 0.6106349206349206,
        "recall": 0.532156862745098,
        "f1-score": 0.47802035583870717,
        "support": 680.0
    },
    "weighted avg": {
        "precision": 0.6182936507936508,
        "recall": 0.6367647058823529,
        "f1-score": 0.5499844611918265,
        "support": 680.0
    }
}