{
    "0": {
        "precision": 0.9090909090909091,
        "recall": 0.018975332068311195,
        "f1-score": 0.03717472118959108,
        "support": 527.0
    },
    "1": {
        "precision": 0.22720478325859492,
        "recall": 0.9934640522875817,
        "f1-score": 0.36982968369829683,
        "support": 153.0
    },
    "accuracy": 0.23823529411764705,
    "macro avg": {
        "precision": 0.568147846174752,
        "recall": 0.5062196921779465,
        "f1-score": 0.20350220244394396,
        "support": 680.0
    },
    "weighted avg": {
        "precision": 0.7556665307786383,
        "recall": 0.23823529411764705,
        "f1-score": 0.11202208775404986,
        "support": 680.0
    }
}