{
    "0": {
        "precision": 0.29411764705882354,
        "recall": 0.6951871657754011,
        "f1-score": 0.4133545310015898,
        "support": 187.0
    },
    "1": {
        "precision": 0.7605042016806722,
        "recall": 0.3671399594320487,
        "f1-score": 0.4952120383036936,
        "support": 493.0
    },
    "accuracy": 0.4573529411764706,
    "macro avg": {
        "precision": 0.5273109243697479,
        "recall": 0.5311635626037249,
        "f1-score": 0.4542832846526417,
        "support": 680.0
    },
    "weighted avg": {
        "precision": 0.6322478991596638,
        "recall": 0.4573529411764706,
        "f1-score": 0.47270122379561497,
        "support": 680.0
    }
}