{
    "0": {
        "precision": 0.375,
        "recall": 0.058823529411764705,
        "f1-score": 0.1016949152542373,
        "support": 255.0
    },
    "1": {
        "precision": 0.625,
        "recall": 0.9411764705882353,
        "f1-score": 0.7511737089201878,
        "support": 425.0
    },
    "accuracy": 0.6102941176470589,
    "macro avg": {
        "precision": 0.5,
        "recall": 0.5,
        "f1-score": 0.4264343120872125,
        "support": 680.0
    },
    "weighted avg": {
        "precision": 0.53125,
        "recall": 0.6102941176470589,
        "f1-score": 0.5076191612954564,
        "support": 680.0
    }
}