{
    "train_loss": [
        0.5202437975601844,
        0.5054212636766378,
        0.5051071781164024,
        0.5023837881130084,
        0.5012138452794817,
        0.5014279575027221,
        0.5006211055301086,
        0.49929350729574234,
        0.4982115184354503,
        0.4946005399464167,
        0.4952716285025167,
        0.4919163822779181,
        0.48964351715400206,
        0.48340616560818855,
        0.4809730610652277,
        0.47717312689413105,
        0.4741508231874098,
        0.4703172430308939,
        0.4697025150757784,
        0.4620986808810318,
        0.46244993120954747,
        0.4590215757576346,
        0.4591954487109045,
        0.46302824935369324,
        0.46003876940200206,
        0.45759860479343706,
        0.4521817443315049,
        0.45266634708608106,
        0.45272541288395374,
        0.4540497152951726,
        0.4514656726902688,
        0.44844234995326104,
        0.4471388555235333,
        0.44674391817976855,
        0.44583623170504094,
        0.44689253099829135,
        0.4454314997670246,
        0.4393654055936992,
        0.4439761354037893,
        0.4406879429754458,
        0.4411847141228224,
        0.43676857672936736,
        0.43728684462301914,
        0.43394421110724846,
        0.43791997802187826,
        0.43904906650732833,
        0.4351185418883262,
        0.4351844541162078,
        0.4380752988203227,
        0.43056378685242946,
        0.4384319827919118,
        0.4315406544515264,
        0.4327387047441382,
        0.43004898545686265,
        0.434780618530965,
        0.42755079072469854
    ],
    "val_loss": [
        0.497953833937645,
        0.4916189077496529,
        0.4981191942095757,
        0.49177479922771455,
        0.5029205688834191,
        0.49818325638771055,
        0.485011343061924,
        0.5026162046194077,
        0.5002529248595238,
        0.47889718890190125,
        0.47185595214366916,
        0.4965973079204559,
        0.4841765248775482,
        0.4442716303467751,
        0.45258001536130904,
        0.4322929276525974,
        0.43564762830734255,
        0.4505495661497116,
        0.42913856729865074,
        0.43553821116685865,
        0.4541142216324806,
        0.44788109958171846,
        0.44203471824526785,
        0.4580672159790993,
        0.43847005486488344,
        0.44502628445625303,
        0.4534983748197556,
        0.4304553465545177,
        0.4609581099450588,
        0.4526266938447952,
        0.4464524355530739,
        0.44044159054756166,
        0.44349839597940444,
        0.44347440257668497,
        0.43376132190227507,
        0.4257220311462879,
        0.43169433519244194,
        0.43561882853507994,
        0.4510835376381874,
        0.455162223726511,
        0.4431209653615952,
        0.43817716866731643,
        0.4455658279359341,
        0.44069131046533583,
        0.4387925586104393,
        0.43327635258436203,
        0.45182714238762856,
        0.4533830288052559,
        0.4281395910680294,
        0.44362098291516305,
        0.4503484793007374,
        0.45763285115361213,
        0.44037763968110083,
        0.4457439050078392,
        0.4704350320994854,
        0.4639773687720299
    ],
    "val_accuracy": [
        0.55375,
        0.55125,
        0.55,
        0.55125,
        0.45,
        0.528125,
        0.553125,
        0.465625,
        0.499375,
        0.544375,
        0.563125,
        0.4975,
        0.53625,
        0.575,
        0.57625,
        0.58875,
        0.58625,
        0.570625,
        0.5875,
        0.58,
        0.573125,
        0.560625,
        0.566875,
        0.560625,
        0.579375,
        0.57125,
        0.56125,
        0.585625,
        0.543125,
        0.55625,
        0.561875,
        0.575,
        0.570625,
        0.565625,
        0.579375,
        0.58625,
        0.583125,
        0.581875,
        0.56375,
        0.554375,
        0.569375,
        0.5725,
        0.566875,
        0.56625,
        0.570625,
        0.584375,
        0.555,
        0.560625,
        0.59125,
        0.565625,
        0.555625,
        0.5475,
        0.575,
        0.5625,
        0.533125,
        0.5375
    ]
}