{
    "train_loss": [
        0.5147777997262296,
        0.5030634812444275,
        0.4998862188113363,
        0.5018416285514832,
        0.5016906374379209,
        0.501081997748704,
        0.5015028220868251,
        0.4994464558816096,
        0.5010580752328125,
        0.4990120464598226,
        0.4975263329277262,
        0.492049478334293,
        0.4905013438553838,
        0.48520984872739914,
        0.4838621547347621,
        0.47908304466141594,
        0.4730103526547638,
        0.4729285944623557,
        0.46962169719021224,
        0.46961854943755077,
        0.4641794690611767,
        0.4614316897782666,
        0.4592761108226943,
        0.4599049756227181,
        0.45918469880408014,
        0.45207853158663586,
        0.452235952594824,
        0.4508421165204188,
        0.4524062234930128,
        0.44864004179399614,
        0.4458429729729368,
        0.4496560338993519,
        0.44390203842991277,
        0.4419370883040958,
        0.44180536733733283,
        0.44207242978246586,
        0.4391551617467613,
        0.44095483601790425,
        0.44271015807201985,
        0.4398528051655195,
        0.4443691948526784,
        0.44998641472462325
    ],
    "val_loss": [
        0.4977499517798424,
        0.505641544163227,
        0.4965873104333878,
        0.49809439688920976,
        0.5009581643342972,
        0.5107478645443916,
        0.4881370225548744,
        0.49329755038022993,
        0.49787317842245105,
        0.5038560566306114,
        0.4827398979663849,
        0.47975834995508193,
        0.48383600026369095,
        0.4698835401237011,
        0.4903095871210098,
        0.47260720044374466,
        0.4820759503543377,
        0.4778510321676731,
        0.4720680868625641,
        0.4917312517762184,
        0.4664707706868649,
        0.4371631017327309,
        0.47981848791241644,
        0.47424285739660266,
        0.4762188699841499,
        0.4433661288022995,
        0.4396439841389656,
        0.4428857457637787,
        0.4467696537077427,
        0.4563073971867561,
        0.46541654005646704,
        0.4501809211075306,
        0.4654517124593258,
        0.4434825620055199,
        0.44833976566791534,
        0.47207186177372934,
        0.46187645331025123,
        0.46467059433460234,
        0.4752089177072048,
        0.46619155824184416,
        0.4633730633556843,
        0.4587209625542164
    ],
    "val_accuracy": [
        0.548125,
        0.45125,
        0.55,
        0.539375,
        0.475625,
        0.45,
        0.55,
        0.5475,
        0.499375,
        0.483125,
        0.535,
        0.54375,
        0.533125,
        0.534375,
        0.515,
        0.5325,
        0.5225,
        0.525625,
        0.53,
        0.50875,
        0.53625,
        0.57125,
        0.51875,
        0.5325,
        0.52625,
        0.568125,
        0.565,
        0.568125,
        0.561875,
        0.548125,
        0.534375,
        0.559375,
        0.53875,
        0.564375,
        0.55875,
        0.53,
        0.5375,
        0.53625,
        0.526875,
        0.535625,
        0.538125,
        0.54375
    ]
}