{
    "train_loss": [
        0.5117171439162472,
        0.5061284884374742,
        0.5001665768567581,
        0.5018288040021707,
        0.5009442587344967,
        0.5002890101650305,
        0.4969975003024988,
        0.49246290733939724,
        0.4911428187325684,
        0.48921786267855016,
        0.48494462646238984,
        0.4840753590154369,
        0.47558170658105997,
        0.47257835889420313,
        0.4688650582617486,
        0.4659773569009457,
        0.4617067282485683,
        0.4627795802570923,
        0.45863249249625626,
        0.4593603331443162,
        0.45207522441769205,
        0.45020188764173386,
        0.4491582316613337,
        0.45501592452065986,
        0.4419840412878851,
        0.4444910328116333,
        0.44678107360650227,
        0.44300419383230266,
        0.43981698697421984,
        0.442435430016434,
        0.4450306575374994,
        0.4418406957771346,
        0.4387191698390838,
        0.4337125186683142,
        0.43487034847861844,
        0.4362518342092023,
        0.43809939277799503,
        0.4341577895552094,
        0.43156641519557665,
        0.43364247566426706,
        0.4361215750027818,
        0.4314093800664645
    ],
    "val_loss": [
        0.5000173139572144,
        0.5041644695401192,
        0.5056631192564964,
        0.501552047431469,
        0.4943244829773903,
        0.5110307422280311,
        0.5130573043227196,
        0.5030644804239273,
        0.505702910721302,
        0.4878238621354103,
        0.5129376745223999,
        0.49253040611743926,
        0.5189833444356918,
        0.48670964911580084,
        0.4870526871085167,
        0.4733020336925983,
        0.47710512414574624,
        0.4660960853099823,
        0.4941823947429657,
        0.5193754282593727,
        0.49481518894433973,
        0.46008583560585975,
        0.5047785103321075,
        0.4935212782025337,
        0.5038252940773964,
        0.4919382146000862,
        0.49295077234506607,
        0.5131267517805099,
        0.4651019160449505,
        0.4835177744925022,
        0.5021508595347405,
        0.4702051369845867,
        0.49287296533584596,
        0.48354716658592223,
        0.4786189928650856,
        0.46278297461569307,
        0.48735462114214895,
        0.5308257028460502,
        0.5017588098347187,
        0.5150228883326053,
        0.5039054995775223,
        0.4923191532492638
    ],
    "val_accuracy": [
        0.4925,
        0.449375,
        0.45,
        0.47625,
        0.534375,
        0.4475,
        0.45375,
        0.485,
        0.47875,
        0.516875,
        0.474375,
        0.498125,
        0.469375,
        0.51875,
        0.515,
        0.533125,
        0.530625,
        0.538125,
        0.50375,
        0.47875,
        0.50375,
        0.545625,
        0.493125,
        0.50625,
        0.49125,
        0.509375,
        0.504375,
        0.485,
        0.53875,
        0.519375,
        0.496875,
        0.5375,
        0.505,
        0.519375,
        0.523125,
        0.54,
        0.51375,
        0.461875,
        0.49625,
        0.48125,
        0.493125,
        0.506875
    ]
}