{
    "train_loss": [
        0.515111726348163,
        0.5033536555125699,
        0.5033753619556538,
        0.5024542056329069,
        0.49974844995995016,
        0.5024863252862852,
        0.5001894438824458,
        0.5010931955094923,
        0.49926393161043087,
        0.49733307040922825,
        0.4920145799193466,
        0.4872872305543799,
        0.4832834063566219,
        0.4794273484868613,
        0.4770996874187425,
        0.46972249453527887,
        0.47308851574596605,
        0.46747611353271884,
        0.46570045505350793,
        0.46200757570434037,
        0.4565532681886216,
        0.45242263559709517,
        0.458307717487826,
        0.4562514500485526,
        0.45138735706694644,
        0.4553219261225204,
        0.4483165082004335,
        0.4461288932994095,
        0.4477003847820717,
        0.4472714695317006,
        0.44773702344350647,
        0.44307721600546474,
        0.4433809095481683,
        0.437342952078546,
        0.4400185900473455,
        0.44162037097222623,
        0.440082392601939,
        0.4412130064608758,
        0.43721033445401497,
        0.43698905441496105,
        0.44079083260039836,
        0.4354340527315586,
        0.437615051952719,
        0.4367968921424353,
        0.4375520397870861,
        0.43623263035949905,
        0.43073323503223776,
        0.4337686639954472,
        0.4313554289571026,
        0.4355520730478722,
        0.43544363142454134,
        0.43353746276327043,
        0.43117842878165996,
        0.4341900066674104,
        0.43674820110811824,
        0.42450857978118095,
        0.4303882910494219,
        0.4339952080919032,
        0.43160247628451787,
        0.4329874351533533,
        0.42817945039411737
    ],
    "val_loss": [
        0.4833059558272362,
        0.4881239897012711,
        0.49271723330020906,
        0.5016155356168747,
        0.4923963886499405,
        0.4860408899188042,
        0.4973680084943771,
        0.49597027868032456,
        0.5120970863103866,
        0.488070176243782,
        0.510925714969635,
        0.5087036442756653,
        0.4717119210958481,
        0.5343441569805145,
        0.521157503426075,
        0.5116779893636704,
        0.5125379291176796,
        0.5061500990390777,
        0.4873520815372467,
        0.48504731953144076,
        0.501230845451355,
        0.4661001995205879,
        0.505339748263359,
        0.5050207284092904,
        0.5007716557383537,
        0.4805563086271286,
        0.4985237464308739,
        0.45482408195734025,
        0.5103700223565102,
        0.48875042885541914,
        0.49893800616264344,
        0.5014437276124954,
        0.4708488529920578,
        0.49644640505313875,
        0.52096454590559,
        0.47893220841884615,
        0.5093018394708634,
        0.5310357493162156,
        0.4913587900996208,
        0.48047843590378764,
        0.4203378447890282,
        0.4861779490113258,
        0.49072432160377505,
        0.5120973205566406,
        0.5221774759888649,
        0.49680038809776306,
        0.5000423154234886,
        0.48149678885936736,
        0.48794066488742827,
        0.456569457501173,
        0.46116656333208084,
        0.47229483410716055,
        0.42549905970692636,
        0.44760175853967665,
        0.46795023396611213,
        0.4863987167179584,
        0.4325032763183117,
        0.4792084400355816,
        0.46627294555306437,
        0.46617423847317696,
        0.49970390751957894
    ],
    "val_accuracy": [
        0.55,
        0.55,
        0.55,
        0.449375,
        0.55,
        0.549375,
        0.55875,
        0.57375,
        0.44875,
        0.550625,
        0.47125,
        0.479375,
        0.544375,
        0.465,
        0.4675,
        0.4775,
        0.47375,
        0.4925,
        0.514375,
        0.5225,
        0.498125,
        0.53625,
        0.491875,
        0.493125,
        0.4975,
        0.5225,
        0.501875,
        0.556875,
        0.4875,
        0.5125,
        0.5,
        0.494375,
        0.538125,
        0.50125,
        0.47375,
        0.524375,
        0.48625,
        0.459375,
        0.50625,
        0.520625,
        0.59625,
        0.515625,
        0.51,
        0.484375,
        0.471875,
        0.5025,
        0.498125,
        0.518125,
        0.51125,
        0.553125,
        0.545,
        0.52875,
        0.583125,
        0.56375,
        0.536875,
        0.51375,
        0.575,
        0.523125,
        0.541875,
        0.53875,
        0.500625
    ]
}