{
    "train_loss": [
        0.517795128118225,
        0.5050002444208714,
        0.503454659765924,
        0.5040647362407885,
        0.5010403086567483,
        0.5016817686850564,
        0.4983496198180126,
        0.49907815062511734,
        0.49690791166316695,
        0.495535108115938,
        0.4928556447837785,
        0.48762746488141734,
        0.48351328334613153,
        0.48231220339473924,
        0.4787673749421772,
        0.47774383429198236,
        0.47152161448322544,
        0.4700986289838601,
        0.4678915691306019,
        0.4650360088947921,
        0.46285986750446567,
        0.46015152948641636,
        0.4536033233529643,
        0.4556463999009272,
        0.45650719494847525,
        0.45540406107902526,
        0.4528040370223118,
        0.44804882290419085,
        0.45037989320113647,
        0.45350903724020686,
        0.4479562847934968,
        0.4415372512319632,
        0.44467651424003624,
        0.4431831165363914,
        0.44388570757637247,
        0.4374412867583727,
        0.4432391225245961,
        0.44096698644217,
        0.4404665908269715,
        0.4385256710456826,
        0.43403577400229826,
        0.4399090666345686,
        0.43708007082953093,
        0.4362042874620672,
        0.4339161740409003,
        0.4346450574042504,
        0.4342348176659199
    ],
    "val_loss": [
        0.49357873141765596,
        0.49778036326169967,
        0.5083763283491135,
        0.4971423003077507,
        0.49840287417173385,
        0.4962950372695923,
        0.4816761589050293,
        0.47583288699388504,
        0.4952016463875771,
        0.4864677628874779,
        0.4829228255152702,
        0.4734091153740883,
        0.4643717674911022,
        0.47986050516366957,
        0.48554112046957015,
        0.5115954497456551,
        0.511914764046669,
        0.4653778913617134,
        0.48473300725221635,
        0.49646145045757295,
        0.4793343111872673,
        0.49884201526641847,
        0.5198636630177498,
        0.5043330624699592,
        0.47567739263176917,
        0.4878411482274532,
        0.45016161173582075,
        0.5043772527575493,
        0.48480587437748907,
        0.5009644238650799,
        0.48035929769277574,
        0.5034401559829712,
        0.4682727240025997,
        0.47348225966095925,
        0.4860361808538437,
        0.4506156697869301,
        0.47534418150782587,
        0.5132499523460865,
        0.5104703372716903,
        0.46893769338727,
        0.515699090063572,
        0.47431219309568406,
        0.48601354032754895,
        0.5172383534908295,
        0.46687584042549135,
        0.4814223822951317,
        0.48269876942038537
    ],
    "val_accuracy": [
        0.554375,
        0.55375,
        0.45,
        0.56375,
        0.51875,
        0.540625,
        0.558125,
        0.563125,
        0.51125,
        0.54625,
        0.5375,
        0.541875,
        0.5475,
        0.540625,
        0.51625,
        0.475625,
        0.485,
        0.543125,
        0.529375,
        0.50625,
        0.530625,
        0.49875,
        0.475,
        0.4925,
        0.5275,
        0.519375,
        0.555625,
        0.49,
        0.514375,
        0.49375,
        0.525625,
        0.49875,
        0.5375,
        0.534375,
        0.51375,
        0.55875,
        0.52875,
        0.483125,
        0.485,
        0.535625,
        0.48,
        0.530625,
        0.51625,
        0.476875,
        0.53625,
        0.518125,
        0.515625
    ]
}