{
    "0": {
        "precision": 0.34210526315789475,
        "recall": 0.10833333333333334,
        "f1-score": 0.16455696202531644,
        "support": 360.0
    },
    "1": {
        "precision": 0.532069970845481,
        "recall": 0.8295454545454546,
        "f1-score": 0.6483126110124334,
        "support": 440.0
    },
    "accuracy": 0.505,
    "macro avg": {
        "precision": 0.43708761700168786,
        "recall": 0.468939393939394,
        "f1-score": 0.40643478651887494,
        "support": 800.0
    },
    "weighted avg": {
        "precision": 0.4465858523860672,
        "recall": 0.505,
        "f1-score": 0.4306225689682308,
        "support": 800.0
    }
}