{
    "0": {
        "precision": 0.4605263157894737,
        "recall": 0.5833333333333334,
        "f1-score": 0.5147058823529411,
        "support": 360.0
    },
    "1": {
        "precision": 0.563953488372093,
        "recall": 0.4409090909090909,
        "f1-score": 0.49489795918367346,
        "support": 440.0
    },
    "accuracy": 0.505,
    "macro avg": {
        "precision": 0.5122399020807833,
        "recall": 0.5121212121212122,
        "f1-score": 0.5048019207683073,
        "support": 800.0
    },
    "weighted avg": {
        "precision": 0.5174112607099143,
        "recall": 0.505,
        "f1-score": 0.5038115246098439,
        "support": 800.0
    }
}