{
    "0": {
        "precision": 0.5382716049382716,
        "recall": 0.6055555555555555,
        "f1-score": 0.5699346405228758,
        "support": 360.0
    },
    "1": {
        "precision": 0.640506329113924,
        "recall": 0.575,
        "f1-score": 0.6059880239520958,
        "support": 440.0
    },
    "accuracy": 0.58875,
    "macro avg": {
        "precision": 0.5893889670260979,
        "recall": 0.5902777777777777,
        "f1-score": 0.5879613322374858,
        "support": 800.0
    },
    "weighted avg": {
        "precision": 0.5945007032348805,
        "recall": 0.5887499999999999,
        "f1-score": 0.5897640014089468,
        "support": 800.0
    }
}