{
    "0": {
        "precision": 0.48507462686567165,
        "recall": 0.3611111111111111,
        "f1-score": 0.4140127388535032,
        "support": 360.0
    },
    "1": {
        "precision": 0.5676691729323309,
        "recall": 0.6863636363636364,
        "f1-score": 0.6213991769547325,
        "support": 440.0
    },
    "accuracy": 0.54,
    "macro avg": {
        "precision": 0.5263718998990012,
        "recall": 0.5237373737373737,
        "f1-score": 0.5177059579041179,
        "support": 800.0
    },
    "weighted avg": {
        "precision": 0.5305016272023342,
        "recall": 0.54,
        "f1-score": 0.5280752798091792,
        "support": 800.0
    }
}