{
    "0": {
        "precision": 0.5274261603375527,
        "recall": 0.6944444444444444,
        "f1-score": 0.5995203836930456,
        "support": 360.0
    },
    "1": {
        "precision": 0.6625766871165644,
        "recall": 0.4909090909090909,
        "f1-score": 0.5639686684073107,
        "support": 440.0
    },
    "accuracy": 0.5825,
    "macro avg": {
        "precision": 0.5950014237270586,
        "recall": 0.5926767676767677,
        "f1-score": 0.5817445260501781,
        "support": 800.0
    },
    "weighted avg": {
        "precision": 0.6017589500660091,
        "recall": 0.5825,
        "f1-score": 0.5799669402858915,
        "support": 800.0
    }
}