{
    "train_loss": [
        0.5023911601618717,
        0.4753367777804882,
        0.4531208215401187,
        0.42962017589145235,
        0.39979402543159953,
        0.3702121676234474,
        0.33810170007030865,
        0.3074953491227669,
        0.2820777204650187,
        0.26748999412122526,
        0.2410817169567995,
        0.22550965049113447,
        0.20687240033644683,
        0.1966242122284153,
        0.18708193187999447,
        0.17497176842121354,
        0.16412479425644316,
        0.15884571282835733,
        0.14742894018864075,
        0.14229653214502055,
        0.13431041528258408,
        0.13107794156809996
    ],
    "val_loss": [
        0.490275239944458,
        0.46813623905181884,
        0.47962359875440597,
        0.5041168209910393,
        0.5015559455752373,
        0.5072052729129791,
        0.49700532913208006,
        0.49049796372652055,
        0.4862692803144455,
        0.48520048081874845,
        0.4840543666481972,
        0.495613597035408,
        0.49296454757452013,
        0.49701715290546417,
        0.47598993688821795,
        0.4752804121375084,
        0.4790833014249802,
        0.4758777305483818,
        0.48994596511125565,
        0.4935110375285149,
        0.48349074631929395,
        0.4696344029903412
    ],
    "val_accuracy": [
        0.538125,
        0.549375,
        0.555625,
        0.555625,
        0.51375,
        0.5475,
        0.55625,
        0.545,
        0.540625,
        0.5475,
        0.551875,
        0.528125,
        0.535,
        0.52125,
        0.5375,
        0.549375,
        0.54,
        0.54375,
        0.53,
        0.52625,
        0.52125,
        0.551875
    ]
}