{
    "train_loss": [
        0.5023902557398143,
        0.4812552679700461,
        0.45769059671993145,
        0.4309321185650184,
        0.40161004962279784,
        0.3699465186972367,
        0.3420845572885714,
        0.3141222169350462,
        0.2910539471615128,
        0.26717829444603614,
        0.24863020487521825,
        0.2292308294982241,
        0.21457572067864458,
        0.19834293096560485,
        0.18842148775594275,
        0.17739383382232565,
        0.16177826949466043,
        0.1548892059695651,
        0.1463637997227454,
        0.1413933709699508,
        0.12934833808600554,
        0.12488474546555887,
        0.11584644159465506
    ],
    "val_loss": [
        0.47472931146621705,
        0.4838274970650673,
        0.47244668632745745,
        0.47678702503442766,
        0.4855915093421936,
        0.486985539495945,
        0.4853311687707901,
        0.49454361498355864,
        0.4979421490430832,
        0.4850765955448151,
        0.48279467344284055,
        0.49519531935453415,
        0.4931038051843643,
        0.48195826679468157,
        0.47955882668495176,
        0.48667274832725527,
        0.48876217275857925,
        0.47836930394172666,
        0.4867436483502388,
        0.4772899353504181,
        0.4745043852925301,
        0.48572428405284884,
        0.48330053627491
    ],
    "val_accuracy": [
        0.549375,
        0.54,
        0.559375,
        0.5575,
        0.568125,
        0.539375,
        0.5425,
        0.56625,
        0.5625,
        0.57375,
        0.554375,
        0.5325,
        0.53375,
        0.549375,
        0.553125,
        0.543125,
        0.525,
        0.551875,
        0.540625,
        0.54125,
        0.540625,
        0.539375,
        0.531875
    ]
}