{
    "train_loss": [
        0.5041852505234947,
        0.47451353247402706,
        0.4492155664148386,
        0.42177890279488256,
        0.38837786776977673,
        0.35674588016250675,
        0.32649427871955067,
        0.3001814263083084,
        0.275548782927251,
        0.2538273376069571,
        0.23385620755061767,
        0.21530741907176915,
        0.20164638959002076,
        0.19014771711408046,
        0.17566851401886746,
        0.16714099541045072,
        0.16006301439296433,
        0.1456647631107715,
        0.13855280077074006,
        0.13477516905431858,
        0.1262771939150771,
        0.12329536739366445
    ],
    "val_loss": [
        0.505811288356781,
        0.4780333459377289,
        0.5146537905931473,
        0.5092013466358185,
        0.5139528232812881,
        0.5130090087652206,
        0.5258097285032273,
        0.5049342969059945,
        0.5264223182201385,
        0.5118846568465233,
        0.5250201386213302,
        0.5189515009522438,
        0.517219985127449,
        0.5173137155175209,
        0.49888899087905886,
        0.5186712783575058,
        0.49496976226568223,
        0.5125226619839668,
        0.535521904528141,
        0.5180285447835922,
        0.49970007210969924,
        0.5044629934430123
    ],
    "val_accuracy": [
        0.49125,
        0.54125,
        0.479375,
        0.478125,
        0.524375,
        0.519375,
        0.494375,
        0.5375,
        0.49375,
        0.505625,
        0.5125,
        0.489375,
        0.49,
        0.51375,
        0.52375,
        0.488125,
        0.53125,
        0.499375,
        0.486875,
        0.499375,
        0.51625,
        0.51375
    ]
}