{
    "train_loss": [
        0.5027082177282077,
        0.47756654902508383,
        0.45181196192551776,
        0.42456576219427655,
        0.3960894670402795,
        0.36380726900714183,
        0.33231757989055233,
        0.30669255545961926,
        0.28150389468112186,
        0.2643252055547391,
        0.24387862149037812,
        0.2264867948161231,
        0.21208018142926066,
        0.1915428859884279,
        0.1762917301111054,
        0.1653470675673401,
        0.1528113449526112,
        0.14186839488776107,
        0.1325761615358598,
        0.1161774104973029,
        0.10807168567389773
    ],
    "val_loss": [
        0.47627112448215486,
        0.5099021506309509,
        0.4915639221668243,
        0.5146803057193756,
        0.5082639828324318,
        0.5237990429997444,
        0.5251868849992752,
        0.5075388666987419,
        0.5326095801591874,
        0.5065273010730743,
        0.5067887929081917,
        0.5227064177393913,
        0.5056522604823113,
        0.5037095519900322,
        0.4978973051905632,
        0.4991017037630081,
        0.49461926877498624,
        0.4882526797056198,
        0.5198790633678436,
        0.5023916575312615,
        0.4958976918458939
    ],
    "val_accuracy": [
        0.55625,
        0.48875,
        0.514375,
        0.495625,
        0.50375,
        0.48625,
        0.49875,
        0.521875,
        0.495,
        0.533125,
        0.515625,
        0.493125,
        0.52375,
        0.526875,
        0.524375,
        0.535625,
        0.52375,
        0.52625,
        0.49375,
        0.504375,
        0.526875
    ]
}