{
    "train_loss": [
        0.5021056044519994,
        0.47833881733710304,
        0.4515498964061514,
        0.4247571251894298,
        0.3950559723098376,
        0.3624377280473709,
        0.32973874735901926,
        0.3056684432148236,
        0.27783992497893106,
        0.25740708154544495,
        0.23490414234281284,
        0.21869522449914475,
        0.2035949160829622,
        0.20761144828726674,
        0.1788125063505089,
        0.17014067916319384,
        0.15911680691772037,
        0.14832695181432523,
        0.1365536449466184,
        0.128848103808555,
        0.11897823567453183,
        0.1143809426161978
    ],
    "val_loss": [
        0.51264338940382,
        0.4900442609190941,
        0.5259889909625053,
        0.5134649750590324,
        0.5012435126304626,
        0.5120442992448807,
        0.52195809841156,
        0.5063266080617904,
        0.5143015792965889,
        0.5065674591064453,
        0.512353952229023,
        0.5283173912763596,
        0.5027794834971427,
        0.531308431327343,
        0.5200647234916687,
        0.514379375576973,
        0.5137285986542701,
        0.5146112471818924,
        0.5132666802406312,
        0.5224877521395683,
        0.5290632778406144,
        0.5095652586221695
    ],
    "val_accuracy": [
        0.50375,
        0.540625,
        0.515,
        0.479375,
        0.525625,
        0.494375,
        0.53375,
        0.503125,
        0.49875,
        0.52125,
        0.489375,
        0.484375,
        0.519375,
        0.486875,
        0.494375,
        0.501875,
        0.49625,
        0.489375,
        0.486875,
        0.483125,
        0.480625,
        0.506875
    ]
}