{
    "train_loss": [
        0.5040942735142178,
        0.47676769599579927,
        0.4514025852345584,
        0.42971879493074805,
        0.39691169410072574,
        0.3681025388470867,
        0.3392798953411872,
        0.3111565789981195,
        0.28589226528566486,
        0.2666384359375078,
        0.2471122771152976,
        0.22621417205061828,
        0.2101441448804928,
        0.1966057024155444,
        0.18455799034638712,
        0.17184384262178376,
        0.1608694713976648,
        0.14679971840123685,
        0.13762709104962517,
        0.12544887708990196,
        0.12450279156889832,
        0.11051767776061219
    ],
    "val_loss": [
        0.4879089516401291,
        0.47316786348819734,
        0.48564393997192384,
        0.507505786716938,
        0.5285952788591385,
        0.48197371810674666,
        0.49492732137441636,
        0.4991148442029953,
        0.5115820476412773,
        0.4989143145084381,
        0.5175022247433663,
        0.5142309981584549,
        0.5216972562670708,
        0.510797501206398,
        0.5224500301480294,
        0.5033280783891678,
        0.5112112683057785,
        0.49889073222875596,
        0.5111991196870804,
        0.48117484271526334,
        0.4955412444472313,
        0.5050636199116707
    ],
    "val_accuracy": [
        0.531875,
        0.56625,
        0.531875,
        0.514375,
        0.503125,
        0.543125,
        0.540625,
        0.5175,
        0.500625,
        0.533125,
        0.505,
        0.50875,
        0.508125,
        0.51,
        0.4925,
        0.526875,
        0.5025,
        0.525625,
        0.494375,
        0.5475,
        0.5275,
        0.50625
    ]
}