{
    "train_loss": [
        0.5008675403065151,
        0.47620931494305707,
        0.4500117695471,
        0.41914471719000074,
        0.389918257879932,
        0.35501508974192436,
        0.32752588429646184,
        0.29696205233969886,
        0.2750254287182936,
        0.25376490251711237,
        0.23481749234318036,
        0.2200952379501354,
        0.2073297483792082,
        0.19165601642333974,
        0.17940703944156045,
        0.16624377622590428,
        0.16110796264389105,
        0.1457762474422915,
        0.1370479667918724,
        0.13154924131102033,
        0.1233869726982033,
        0.11197355986948598,
        0.10673421420026244,
        0.10161059940157578,
        0.09006928235336005,
        0.09339077663961907,
        0.0837831729554642,
        0.07947685866894429,
        0.07328722163032718,
        0.07226898485674844,
        0.06853676767072134,
        0.06061227694262712,
        0.056003913126493755,
        0.059798667952418325,
        0.06151172068209676,
        0.05309222679563433,
        0.04822845568346698,
        0.04874678198792781,
        0.045281855099731025,
        0.0427502988832213,
        0.041167865574839174
    ],
    "val_loss": [
        0.5029497283697129,
        0.48779283672571183,
        0.5090650922060013,
        0.546114230453968,
        0.5730989742279052,
        0.49487127155065536,
        0.5090932795405387,
        0.5346647515892983,
        0.508352892100811,
        0.5303686109185218,
        0.5078860092163086,
        0.5168403309583663,
        0.5045463341474533,
        0.5026429879665375,
        0.5406006702780723,
        0.49531608998775484,
        0.5373746249079704,
        0.5100007486343384,
        0.5068787649273873,
        0.49351173907518386,
        0.48566469073295593,
        0.5219669005274773,
        0.5422343370318413,
        0.510288903415203,
        0.5292864924669266,
        0.49905114829540254,
        0.5143042568862438,
        0.5193913492560387,
        0.4944388070702553,
        0.4994576506316662,
        0.5290702059864998,
        0.5131533993780613,
        0.5237828195095062,
        0.5100820046663285,
        0.4971559730172157,
        0.5229205948114395,
        0.5228066118061543,
        0.49286161467432976,
        0.5040660655498505,
        0.5192807821929455,
        0.5188762257993221
    ],
    "val_accuracy": [
        0.52625,
        0.544375,
        0.499375,
        0.465,
        0.47375,
        0.53,
        0.51375,
        0.496875,
        0.518125,
        0.489375,
        0.5325,
        0.50625,
        0.52375,
        0.526875,
        0.478125,
        0.523125,
        0.47625,
        0.505,
        0.51625,
        0.5275,
        0.528125,
        0.490625,
        0.46875,
        0.508125,
        0.48625,
        0.516875,
        0.494375,
        0.489375,
        0.51625,
        0.519375,
        0.483125,
        0.500625,
        0.48625,
        0.5025,
        0.514375,
        0.478125,
        0.493125,
        0.515,
        0.49875,
        0.491875,
        0.49375
    ]
}