{
    "0": {
        "precision": 0.4968553459119497,
        "recall": 0.21944444444444444,
        "f1-score": 0.3044315992292871,
        "support": 360.0
    },
    "1": {
        "precision": 0.5616224648985959,
        "recall": 0.8181818181818182,
        "f1-score": 0.666049953746531,
        "support": 440.0
    },
    "accuracy": 0.54875,
    "macro avg": {
        "precision": 0.5292389054052729,
        "recall": 0.5188131313131313,
        "f1-score": 0.48524077648790903,
        "support": 800.0
    },
    "weighted avg": {
        "precision": 0.5324772613546052,
        "recall": 0.54875,
        "f1-score": 0.5033216942137713,
        "support": 800.0
    }
}