{
    "0": {
        "precision": 0.4987405541561713,
        "recall": 0.55,
        "f1-score": 0.523117569352708,
        "support": 360.0
    },
    "1": {
        "precision": 0.598014888337469,
        "recall": 0.5477272727272727,
        "f1-score": 0.571767497034401,
        "support": 440.0
    },
    "accuracy": 0.54875,
    "macro avg": {
        "precision": 0.5483777212468202,
        "recall": 0.5488636363636363,
        "f1-score": 0.5474425331935545,
        "support": 800.0
    },
    "weighted avg": {
        "precision": 0.553341437955885,
        "recall": 0.54875,
        "f1-score": 0.5498750295776391,
        "support": 800.0
    }
}