{
    "0": {
        "precision": 0.4110032362459547,
        "recall": 0.3527777777777778,
        "f1-score": 0.3796711509715994,
        "support": 360.0
    },
    "1": {
        "precision": 0.5254582484725051,
        "recall": 0.5863636363636363,
        "f1-score": 0.5542427497314716,
        "support": 440.0
    },
    "accuracy": 0.48125,
    "macro avg": {
        "precision": 0.4682307423592299,
        "recall": 0.469570707070707,
        "f1-score": 0.4669569503515355,
        "support": 800.0
    },
    "weighted avg": {
        "precision": 0.47395349297055744,
        "recall": 0.48125,
        "f1-score": 0.47568553028952915,
        "support": 800.0
    }
}