{
    "train_loss": [
        0.5197900762726174,
        0.5049179271232374,
        0.5049561483803953,
        0.5016477434794502,
        0.5017656593924702,
        0.49938041122980636,
        0.5015691323298039,
        0.501170268706461,
        0.4998264527778224,
        0.4987994287863816,
        0.4947492355241044,
        0.49412841357216974,
        0.49211985595745616,
        0.4876434745469896,
        0.48654650328773086,
        0.488788443184135,
        0.4777259747359422,
        0.48023333846785055,
        0.4735932434623194,
        0.47253002949280315,
        0.4684217558933957,
        0.46725910304501506,
        0.46258127527071696,
        0.46452959293112306,
        0.45429297558741993,
        0.4580014012938384,
        0.4592786218860362,
        0.45203610264355004,
        0.45245572292052283,
        0.45278187780318285,
        0.45721758199431517,
        0.4502925567218278,
        0.44920042221720263,
        0.4487362211145977,
        0.44656644995776146,
        0.4472085405141115,
        0.44338945398973945,
        0.4432117485690235,
        0.44483527353051866,
        0.44611386139646614,
        0.44020831452147796,
        0.43772073055036587,
        0.43915263214840156,
        0.43958981386800805,
        0.4379465115062966,
        0.43806902064692854,
        0.43569536234187606,
        0.4328761186708908,
        0.4342845243466373,
        0.4322370536957342,
        0.4336107187157515,
        0.4309670732052314,
        0.43065538445469176,
        0.4281547560660851,
        0.426713545225782,
        0.424824741549126,
        0.4258018161843319,
        0.42830854914344774,
        0.4267928044284039,
        0.4382755199982093,
        0.4296455568643195,
        0.42673266485407213,
        0.4282351427868304,
        0.42227550064868263,
        0.4233295414043535,
        0.42029910586257974,
        0.4238970328011725,
        0.4224575799659337,
        0.4200549611250068,
        0.41838370995725144,
        0.4231056192391875,
        0.42442256826354136,
        0.4229984516001279,
        0.42112695069817624,
        0.42148117743211216,
        0.42132441262428716,
        0.42298612881931336,
        0.414950028209403,
        0.422820026442261,
        0.4127018949072255,
        0.41710344104483577,
        0.4129316630671815
    ],
    "val_loss": [
        0.5107259052991867,
        0.5174924749135971,
        0.4972360163927078,
        0.5029223865270614,
        0.522971558868885,
        0.49920531153678893,
        0.5143685615062714,
        0.49429040402173996,
        0.5021225222945214,
        0.5070055982470513,
        0.4764264065027237,
        0.479683358669281,
        0.4722451809048653,
        0.46146692633628844,
        0.4692072197794914,
        0.48260723233222963,
        0.4425524152815342,
        0.46141940921545027,
        0.4482823048532009,
        0.46842407166957856,
        0.4723420262336731,
        0.4497273913025856,
        0.4548767352104187,
        0.46410043418407443,
        0.46983972787857053,
        0.4782801795005798,
        0.4510601034760475,
        0.4680408577620983,
        0.48434204518795015,
        0.46704230695962906,
        0.44895764231681823,
        0.45399692535400393,
        0.4448388347029686,
        0.45054573655128477,
        0.43812989503145217,
        0.46911219030618667,
        0.45797974228858945,
        0.4540528252720833,
        0.4527712886035442,
        0.4633843433856964,
        0.4592771500349045,
        0.44468152180314063,
        0.43447050169110296,
        0.44179464638233185,
        0.43932918161153794,
        0.440716467499733,
        0.45220027208328245,
        0.45719410598278043,
        0.46886330619454386,
        0.454779643714428,
        0.4545238348841667,
        0.45644660979509355,
        0.4521688923239708,
        0.44841491401195527,
        0.45209965735673907,
        0.46271988362073896,
        0.4450587357580662,
        0.4378668457269669,
        0.4291807052493095,
        0.4389582112431526,
        0.4752341169118881,
        0.42440492048859596,
        0.45631496742367744,
        0.4352737832069397,
        0.4432545821368694,
        0.4581454756855965,
        0.4799925830960274,
        0.45426218867301943,
        0.44293399080634116,
        0.4512386286258698,
        0.44258010655641555,
        0.43911603689193723,
        0.4433289860188961,
        0.4444034540653229,
        0.4383905927836895,
        0.4519114762544632,
        0.44554038360714915,
        0.45106385052204134,
        0.45161826074123385,
        0.45725012332201004,
        0.4414328297972679,
        0.46446006402373313
    ],
    "val_accuracy": [
        0.425,
        0.425,
        0.568125,
        0.42625,
        0.425625,
        0.52375,
        0.425,
        0.565625,
        0.4825,
        0.459375,
        0.555,
        0.555625,
        0.555625,
        0.558125,
        0.55,
        0.53125,
        0.565,
        0.546875,
        0.556875,
        0.534375,
        0.538125,
        0.55875,
        0.553125,
        0.544375,
        0.53625,
        0.5275,
        0.55875,
        0.536875,
        0.5225,
        0.534375,
        0.56,
        0.555,
        0.56375,
        0.558125,
        0.57125,
        0.535625,
        0.546875,
        0.5525,
        0.5525,
        0.545625,
        0.544375,
        0.561875,
        0.56875,
        0.568125,
        0.5675,
        0.5625,
        0.56,
        0.546875,
        0.539375,
        0.548125,
        0.55375,
        0.5525,
        0.5525,
        0.554375,
        0.551875,
        0.53875,
        0.56375,
        0.5675,
        0.57875,
        0.569375,
        0.528125,
        0.58,
        0.549375,
        0.57125,
        0.56625,
        0.545,
        0.5225,
        0.55375,
        0.563125,
        0.555625,
        0.559375,
        0.568125,
        0.56,
        0.5625,
        0.57,
        0.551875,
        0.559375,
        0.551875,
        0.551875,
        0.5425,
        0.564375,
        0.536875
    ]
}