{
    "train_loss": [
        0.5172058207785138,
        0.5041613411711584,
        0.5031499001059202,
        0.5035046299569087,
        0.49980734004685196,
        0.4996164112840549,
        0.49823912321635994,
        0.49667791764039804,
        0.49380969459024987,
        0.4919010274997442,
        0.4885667246019486,
        0.4856899649199873,
        0.4836998817206609,
        0.48385125262164835,
        0.4782420069643176,
        0.47728863118751214,
        0.47007826180888873,
        0.4700623722654758,
        0.4667231650783284,
        0.46299847912522824,
        0.46104667398451576,
        0.46354579305884863,
        0.4578775920637763,
        0.4611770942585893,
        0.4557231105679628,
        0.4556184097349939,
        0.4544515197008553,
        0.451114041435689,
        0.4538091889739332,
        0.447270972396035,
        0.4424571771875466,
        0.44580597159369745,
        0.44644736072583363,
        0.44279297293707875,
        0.4406448224245912,
        0.44242513718286364,
        0.43970267439611477,
        0.43767794051972947,
        0.43975552527399936,
        0.43531474679487175,
        0.4348989613907467,
        0.4331990802974099,
        0.4372335574451354,
        0.43282427825033665,
        0.43567445418696005,
        0.4366509830118111,
        0.4340683426707983,
        0.4320655681819904,
        0.429503937334855,
        0.42875954805698135,
        0.4296570988833019,
        0.43073525707615484,
        0.42594011148234995
    ],
    "val_loss": [
        0.48737258404493333,
        0.4911296609044075,
        0.4889553114771843,
        0.5014395287632942,
        0.4844858813285828,
        0.4951078978180885,
        0.483784481883049,
        0.48151791989803316,
        0.5007116082310676,
        0.516598810851574,
        0.4676165968179703,
        0.46635159850120544,
        0.5229273968935013,
        0.4717268642783165,
        0.46940943896770476,
        0.5079471281170845,
        0.4655369731783867,
        0.45488488525152204,
        0.4647743226587772,
        0.4632913939654827,
        0.4939663001894951,
        0.4560683625936508,
        0.4742212490737438,
        0.4630723476409912,
        0.48342321038246155,
        0.461831322312355,
        0.4770305147767067,
        0.46554907932877543,
        0.4679781484603882,
        0.47002086371183394,
        0.4856627170741558,
        0.466726034283638,
        0.44507210537791253,
        0.48037165746092797,
        0.4968195785582066,
        0.4655990029871464,
        0.483372406065464,
        0.47296923384070394,
        0.49217824459075926,
        0.4986457216739655,
        0.5004529991745948,
        0.4593918713927269,
        0.47431120932102205,
        0.464386890232563,
        0.5136349380016327,
        0.48887078449130056,
        0.45068224251270295,
        0.4718149009346962,
        0.4893068405985832,
        0.48793319284915926,
        0.464798080176115,
        0.4681570230424404,
        0.48046874552965163
    ],
    "val_accuracy": [
        0.575,
        0.575,
        0.575,
        0.456875,
        0.575,
        0.5475,
        0.5825,
        0.576875,
        0.486875,
        0.463125,
        0.57125,
        0.55875,
        0.4675,
        0.54125,
        0.53625,
        0.485,
        0.541875,
        0.554375,
        0.539375,
        0.544375,
        0.505625,
        0.5575,
        0.524375,
        0.544375,
        0.5175,
        0.546875,
        0.520625,
        0.54,
        0.546875,
        0.539375,
        0.516875,
        0.5375,
        0.560625,
        0.523125,
        0.501875,
        0.54,
        0.52,
        0.529375,
        0.51125,
        0.50125,
        0.49875,
        0.546875,
        0.53,
        0.538125,
        0.485,
        0.511875,
        0.5575,
        0.534375,
        0.5125,
        0.515,
        0.545,
        0.539375,
        0.523125
    ]
}