{
    "train_loss": [
        0.5220621268790547,
        0.5053186211181749,
        0.5028975951937166,
        0.50417703113491,
        0.5024380040640878,
        0.5007296266901021,
        0.5033283851081782,
        0.49996901281399303,
        0.5004975070605183,
        0.4998592851997012,
        0.5002398013625995,
        0.5013704952774661,
        0.4975229569959759,
        0.49976879749262687,
        0.4949584240001617,
        0.4925481142605295,
        0.4872077344594025,
        0.48673976880341474,
        0.48213684599440876,
        0.4792821693169598,
        0.47644102514380277,
        0.4751861093215423,
        0.47271468814941914,
        0.4711774914424018,
        0.4688786960916944,
        0.46567390831464,
        0.4669971390452125,
        0.4607735160037433,
        0.46293380386242183,
        0.45991087850588974,
        0.4608421150115457,
        0.454289989343079,
        0.45643456125318416,
        0.4541202519494708,
        0.4542249161012397,
        0.45183745906273326,
        0.4496762460964446,
        0.4500217319530721,
        0.4475235515228002,
        0.453213001592177,
        0.4481190823682464,
        0.4472786526721303,
        0.4397314062692446,
        0.44701365259761855,
        0.44850310967257706,
        0.4466983017576213,
        0.4423744351704522,
        0.44131022236208517,
        0.4399831824668563,
        0.4424448974319909,
        0.44112449602251597,
        0.4432829936394597,
        0.43823017216850035,
        0.4344982128258389,
        0.43533173795457525
    ],
    "val_loss": [
        0.5133104577660561,
        0.5125916936993599,
        0.5108375552296639,
        0.4958541342616081,
        0.518767526447773,
        0.49315937995910647,
        0.48858091086149213,
        0.48096216410398485,
        0.5064004397392273,
        0.5199300527572632,
        0.5099089965224266,
        0.4960410135984421,
        0.5248872467875481,
        0.5068667063117027,
        0.48755438208580015,
        0.47759557217359544,
        0.4959907251596451,
        0.4706843614578247,
        0.4805904564261436,
        0.4692961096763611,
        0.4739864790439606,
        0.47167647421360015,
        0.4790704095363617,
        0.4728890484571457,
        0.4717974478006363,
        0.4795885071158409,
        0.47356751531362534,
        0.4862301023304462,
        0.4658100190758705,
        0.4745833994448185,
        0.465388313382864,
        0.460120956748724,
        0.468990425914526,
        0.4584407824277878,
        0.4557028584182262,
        0.4590254344046116,
        0.46961964458227157,
        0.4723817044496536,
        0.46931882843375206,
        0.46284070864319804,
        0.49030726224184035,
        0.47177264660596846,
        0.46747841268777846,
        0.4732260048389435,
        0.48842295378446576,
        0.4934688960015774,
        0.46452912271022795,
        0.4686213894188404,
        0.46044276893138886,
        0.4627588529884815,
        0.47187973886728285,
        0.4801911501586437,
        0.4892765116691589,
        0.48659200489521026,
        0.46060112953186033
    ],
    "val_accuracy": [
        0.425,
        0.425,
        0.425,
        0.575,
        0.425,
        0.575,
        0.575,
        0.575,
        0.425,
        0.425,
        0.42375,
        0.5525,
        0.425,
        0.460625,
        0.54875,
        0.533125,
        0.5275,
        0.535625,
        0.531875,
        0.536875,
        0.53375,
        0.5375,
        0.523125,
        0.533125,
        0.53,
        0.523125,
        0.53,
        0.515625,
        0.545,
        0.526875,
        0.5375,
        0.545625,
        0.539375,
        0.5475,
        0.551875,
        0.546875,
        0.53125,
        0.533125,
        0.5375,
        0.545625,
        0.505,
        0.529375,
        0.535,
        0.530625,
        0.515,
        0.51,
        0.54125,
        0.5375,
        0.545,
        0.539375,
        0.53875,
        0.5225,
        0.50875,
        0.51,
        0.54625
    ]
}