{
    "train_loss": [
        0.5141221380764895,
        0.5020535712563755,
        0.5004374302628607,
        0.5022813809463883,
        0.5020600406840297,
        0.5016132088580935,
        0.4995796019488042,
        0.49834008149728914,
        0.4998315892892309,
        0.4976912514850645,
        0.4956680803679594,
        0.4926515630271175,
        0.49180052167560795,
        0.48558693795953645,
        0.4865277244681769,
        0.4816720764161927,
        0.4828349152340157,
        0.47987686794730694,
        0.47441405518957885,
        0.47380500515498736,
        0.4721614160196911,
        0.47257259530522444,
        0.46755956428697204,
        0.4634942692510857,
        0.46588802658537826,
        0.4658825821473752,
        0.46182778431563687,
        0.4596791376203003,
        0.45740979791867853,
        0.4543246978912318,
        0.4562720937082673,
        0.4547839956081445,
        0.4541527642361303,
        0.45357072264841286,
        0.45249685108440346,
        0.4536007277962595,
        0.4472840889218715,
        0.45415930995846737,
        0.4488933183769188
    ],
    "val_loss": [
        0.5045718872547149,
        0.4866822236776352,
        0.5006979647278785,
        0.4947317609190941,
        0.4815081763267517,
        0.49561109602451325,
        0.48452393054962156,
        0.5172601547837258,
        0.5030139780044556,
        0.5066214185953141,
        0.5166582491993904,
        0.4847256740927696,
        0.5234484136104584,
        0.5018089598417282,
        0.4833266606926918,
        0.4785402126610279,
        0.48422963961958887,
        0.5019692394137383,
        0.4524608154594898,
        0.4827336883544922,
        0.46030829057097433,
        0.47122874081134797,
        0.45579310014843943,
        0.4692487570643425,
        0.4678556051850319,
        0.4863356798887253,
        0.4649193687736988,
        0.4742743735015392,
        0.47221405908465386,
        0.4876915630698204,
        0.4791660256683826,
        0.4598361602425575,
        0.4730277106165886,
        0.4747042627632618,
        0.48426984637975695,
        0.47371002823114394,
        0.47491575419902804,
        0.49749664455652237,
        0.48524293035268784
    ],
    "val_accuracy": [
        0.425,
        0.575,
        0.4725,
        0.574375,
        0.575,
        0.554375,
        0.56875,
        0.43625,
        0.490625,
        0.471875,
        0.46875,
        0.51875,
        0.489375,
        0.50375,
        0.516875,
        0.53,
        0.52375,
        0.493125,
        0.55,
        0.518125,
        0.544375,
        0.54375,
        0.556875,
        0.529375,
        0.538125,
        0.520625,
        0.54375,
        0.52375,
        0.533125,
        0.513125,
        0.526875,
        0.545,
        0.53375,
        0.531875,
        0.520625,
        0.53,
        0.52875,
        0.49625,
        0.51625
    ]
}