{
    "train_loss": [
        0.5174722220785547,
        0.504572556049812,
        0.504168054586885,
        0.5020885606213371,
        0.5011088669963992,
        0.501130339790984,
        0.5017673085526665,
        0.5000784163280289,
        0.5002307555463055,
        0.49804658870590796,
        0.4960064095361988,
        0.49478387662974915,
        0.4959261603653431,
        0.4906348147899798,
        0.48634409779074167,
        0.48373082995709804,
        0.48505626537717217,
        0.47929880129966407,
        0.4775423986265565,
        0.474567135261132,
        0.47340004079707776,
        0.46954556288990645,
        0.4680056005052411,
        0.46589596042096026,
        0.46463964281990977,
        0.4627460556123221,
        0.4620664763716188,
        0.4595748969160094,
        0.4595249739318791,
        0.4572751649314224,
        0.4515294574274875,
        0.4509882799506483,
        0.45270472940168166,
        0.45259985371981515,
        0.45012977132850357,
        0.4478546543655419,
        0.4435123884220525,
        0.44514051725221154
    ],
    "val_loss": [
        0.5084221261739731,
        0.5006505858898163,
        0.5060591971874238,
        0.49842106938362124,
        0.5115260982513428,
        0.5143092167377472,
        0.5029570138454438,
        0.5032791489362717,
        0.5121679040789604,
        0.5070209687948227,
        0.4927144455909729,
        0.5170026195049285,
        0.49667292684316633,
        0.49855163335800173,
        0.47749812453985213,
        0.46892321288585664,
        0.4567720386385918,
        0.4560140435397625,
        0.4960953116416931,
        0.4922584241628647,
        0.4840129667520523,
        0.46547106981277464,
        0.48418496966362,
        0.47483245596289636,
        0.4645315669476986,
        0.4688099281489849,
        0.4743055820465088,
        0.4786295303702354,
        0.48234628468751906,
        0.4949586521089077,
        0.4880852341651917,
        0.4825282581150532,
        0.5190166223049164,
        0.4751352050900459,
        0.48241602182388305,
        0.502992337346077,
        0.5090011420845986,
        0.48780529588460925
    ],
    "val_accuracy": [
        0.425,
        0.49375,
        0.425,
        0.563125,
        0.425,
        0.423125,
        0.47875,
        0.48,
        0.435,
        0.478125,
        0.50125,
        0.471875,
        0.505,
        0.506875,
        0.528125,
        0.540625,
        0.545625,
        0.55125,
        0.506875,
        0.5125,
        0.509375,
        0.53875,
        0.525625,
        0.528125,
        0.544375,
        0.53625,
        0.536875,
        0.525,
        0.530625,
        0.51,
        0.511875,
        0.525,
        0.469375,
        0.52625,
        0.52,
        0.490625,
        0.489375,
        0.511875
    ]
}