{
    "0": {
        "precision": 0.5064935064935064,
        "recall": 0.22941176470588234,
        "f1-score": 0.3157894736842105,
        "support": 340.0
    },
    "1": {
        "precision": 0.5944272445820433,
        "recall": 0.8347826086956521,
        "f1-score": 0.6943942133815552,
        "support": 460.0
    },
    "accuracy": 0.5775,
    "macro avg": {
        "precision": 0.5504603755377748,
        "recall": 0.5320971867007672,
        "f1-score": 0.5050918435328828,
        "support": 800.0
    },
    "weighted avg": {
        "precision": 0.5570554058944152,
        "recall": 0.5775,
        "f1-score": 0.5334871990101837,
        "support": 800.0
    }
}