{
    "0": {
        "precision": 0.5565217391304348,
        "recall": 0.18823529411764706,
        "f1-score": 0.2813186813186813,
        "support": 340.0
    },
    "1": {
        "precision": 0.5970802919708029,
        "recall": 0.8891304347826087,
        "f1-score": 0.714410480349345,
        "support": 460.0
    },
    "accuracy": 0.59125,
    "macro avg": {
        "precision": 0.5768010155506189,
        "recall": 0.5386828644501278,
        "f1-score": 0.49786458083401314,
        "support": 800.0
    },
    "weighted avg": {
        "precision": 0.5798429070136464,
        "recall": 0.59125,
        "f1-score": 0.530346465761313,
        "support": 800.0
    }
}