{
    "0": {
        "precision": 0.44165170556552963,
        "recall": 0.7235294117647059,
        "f1-score": 0.5484949832775919,
        "support": 340.0
    },
    "1": {
        "precision": 0.6131687242798354,
        "recall": 0.3239130434782609,
        "f1-score": 0.4238975817923186,
        "support": 460.0
    },
    "accuracy": 0.49375,
    "macro avg": {
        "precision": 0.5274102149226825,
        "recall": 0.5237212276214833,
        "f1-score": 0.4861962825349553,
        "support": 800.0
    },
    "weighted avg": {
        "precision": 0.5402739913262554,
        "recall": 0.49375,
        "f1-score": 0.4768514774235598,
        "support": 800.0
    }
}