{
    "0": {
        "precision": 0.6666666666666666,
        "recall": 0.0058823529411764705,
        "f1-score": 0.011661807580174927,
        "support": 340.0
    },
    "1": {
        "precision": 0.5759096612296111,
        "recall": 0.9978260869565218,
        "f1-score": 0.7303102625298329,
        "support": 460.0
    },
    "accuracy": 0.57625,
    "macro avg": {
        "precision": 0.6212881639481389,
        "recall": 0.5018542199488492,
        "f1-score": 0.3709860350550039,
        "support": 800.0
    },
    "weighted avg": {
        "precision": 0.6144813885403597,
        "recall": 0.57625,
        "f1-score": 0.42488466917622825,
        "support": 800.0
    }
}