{
    "0": {
        "precision": 0.4460431654676259,
        "recall": 0.18235294117647058,
        "f1-score": 0.2588726513569937,
        "support": 340.0
    },
    "1": {
        "precision": 0.5794251134644478,
        "recall": 0.8326086956521739,
        "f1-score": 0.6833184656556646,
        "support": 460.0
    },
    "accuracy": 0.55625,
    "macro avg": {
        "precision": 0.5127341394660369,
        "recall": 0.5074808184143222,
        "f1-score": 0.4710955585063291,
        "support": 800.0
    },
    "weighted avg": {
        "precision": 0.5227377855657984,
        "recall": 0.55625,
        "f1-score": 0.5029289945787295,
        "support": 800.0
    }
}