{
    "0": {
        "precision": 0.5044642857142857,
        "recall": 0.3323529411764706,
        "f1-score": 0.40070921985815605,
        "support": 340.0
    },
    "1": {
        "precision": 0.6059027777777778,
        "recall": 0.758695652173913,
        "f1-score": 0.6737451737451737,
        "support": 460.0
    },
    "accuracy": 0.5775,
    "macro avg": {
        "precision": 0.5551835317460317,
        "recall": 0.5455242966751918,
        "f1-score": 0.5372271968016649,
        "support": 800.0
    },
    "weighted avg": {
        "precision": 0.5627914186507936,
        "recall": 0.5775,
        "f1-score": 0.5577048933431912,
        "support": 800.0
    }
}